# Transfer functions T_i(k) for adiabatic (AD) mode (normalized to initial curvature=1) at redshift z=5.4
# for k=1.03944e-05 to 328.77 h/Mpc,
# number of wavenumbers equal to 605
# d_i   stands for (delta rho_i/rho_i)(k,z) with above normalization 
# d_tot stands for (delta rho_tot/rho_tot)(k,z) with rho_Lambda NOT included in rho_tot
# (note that this differs from the transfer function output from CAMB/CMBFAST, which gives the same
#  quantities divided by -k^2 with k in Mpc^-1; use format=camb to match CAMB)
# t_i   stands for theta_i(k,z) with above normalization 
# t_tot stands for (sum_i [rho_i+p_i] theta_i)/(sum_i [rho_i+p_i]))(k,z)
#
#    1:k (h/Mpc)              2:d_g                    3:d_b                    4:d_cdm                  5:d_ur                   6:d_tot                  7:phi                    8:psi                    9:h                     10:h_prime               11:eta                   12:eta_prime             13:t_g                   14:t_b                   15:t_ur                  16:t_tot              
       1.039441571510e-05      -2.613525513554e-04      -1.960326931818e-04      -1.960326946471e-04      -2.613522467068e-04      -1.961552858581e-04       6.000831366987e-01       5.989201093443e-01       3.920653892942e-04       1.253829782082e-07       9.999988399240e-01      -9.142153505235e-11      -1.176465883642e-11      -1.755276025607e-15      -1.201514243461e-11      -2.995293778632e-14 
       1.088428943559e-05      -2.865647703501e-04      -2.149455546587e-04      -2.149455564204e-04      -2.865644040850e-04      -2.150799701102e-04       6.000830587877e-01       5.989200469190e-01       4.298911128408e-04       1.374796862113e-07       9.999987280025e-01      -1.002411167169e-10      -1.414413507849e-11      -2.110330444063e-15      -1.444528354599e-11      -3.601111693322e-14 
       1.139725019325e-05      -3.142088923041e-04      -2.356830911434e-04      -2.356830932614e-04      -3.142084519588e-04      -2.358304690505e-04       6.000829737135e-01       5.989199786217e-01       4.713661865229e-04       1.507434595226e-07       9.999986052857e-01      -1.099114173029e-10      -1.700486880528e-11      -2.537169006942e-15      -1.736692625823e-11      -4.329457697002e-14 
       1.193438604663e-05      -3.445194365295e-04      -2.584213433586e-04      -2.584213459051e-04      -3.445189071193e-04      -2.585829331620e-04       6.000828809387e-01       5.989199042744e-01       5.168426918101e-04       1.652868937150e-07       9.999984707282e-01      -1.205145465724e-10      -2.044418737138e-11      -3.050342365720e-15      -2.087947329779e-11      -5.205112214826e-14 
       1.249683633289e-05      -3.777535260240e-04      -2.833533353890e-04      -2.833533384506e-04      -3.777528895408e-04      -2.835305068397e-04       6.000827788406e-01       5.989198222698e-01       5.667066769012e-04       1.812334477909e-07       9.999983231923e-01      -1.321404522150e-10      -2.457911047454e-11      -3.667286533208e-15      -2.510243207941e-11      -6.257867820930e-14 
       1.308579408449e-05      -4.141930654059e-04      -3.106907143006e-04      -3.106907179814e-04      -4.141923002011e-04      -3.108849690200e-04       6.000826667653e-01       5.989197321369e-01       6.213814359628e-04       1.987184911768e-07       9.999981614210e-01      -1.448877220968e-10      -2.955031985569e-11      -4.408961276122e-15      -3.017947586237e-11      -7.523541375736e-14 
       1.370250855978e-05      -4.541471257149e-04      -3.406655461797e-04      -3.406655506049e-04      -4.541462057519e-04      -3.408785303257e-04       6.000825439062e-01       5.989196335608e-01       6.813311012098e-04       2.178904533761e-07       9.999979840425e-01      -1.588646751617e-10      -3.552693030415e-11      -5.300734955394e-15      -3.628333389290e-11      -9.045193226467e-14 
       1.434828789286e-05      -4.979545591721e-04      -3.735322861585e-04      -3.735322914788e-04      -4.979534531516e-04      -3.737658043022e-04       6.000824092397e-01       5.989195254446e-01       7.470645829576e-04       2.389120838934e-07       9.999977895525e-01      -1.741896596160e-10      -4.271228325829e-11      -6.372831058883e-15      -4.362166576255e-11      -1.087459135319e-13 
       1.502450186827e-05      -5.459868647949e-04      -4.095699383632e-04      -4.095699447596e-04      -5.459855350895e-04      -4.098259686896e-04       6.000822616500e-01       5.989194069717e-01       8.191398895192e-04       2.619618337724e-07       9.999975762990e-01      -1.909927786939e-10      -5.135082426575e-11      -7.661756427465e-15      -5.244412318816e-11      -1.307397256566e-13 
       1.573258482650e-05      -5.986513290473e-04      -4.490844243214e-04      -4.490844320115e-04      -5.986497304167e-04      -4.493651352815e-04       6.000820998362e-01       5.989192771424e-01       8.981688640230e-04       2.872353703880e-07       9.999973424722e-01      -2.094165172972e-10      -6.173642682454e-11      -9.211412278676e-15      -6.305084148731e-11      -1.571815872954e-13 
       1.647403870647e-05      -6.563944674120e-04      -4.924111797047e-04      -4.924111889500e-04      -6.563925454941e-04      -4.927189482527e-04       6.000819222355e-01       5.989191342142e-01       9.848223779000e-04       3.149472384928e-07       9.999970860880e-01      -2.296173309064e-10      -7.422244426929e-11      -1.107406614588e-14      -7.580264750365e-11      -1.889710174596e-13 
       1.725043623124e-05      -7.197057969599e-04      -5.399180023573e-04      -5.399180134726e-04      -7.197034863640e-04      -5.402554339253e-04       6.000817277990e-01       5.989189782164e-01       1.079836026945e-03       3.453326807527e-07       9.999968049691e-01      -2.517662267365e-10      -8.923354321503e-11      -1.331385753604e-14      -9.113332780862e-11      -2.271894236903e-13 
       1.806342424406e-05      -7.891219670720e-04      -5.920081728723e-04      -5.920081862356e-04      -7.891191891934e-04      -5.923781232407e-04       6.000815141547e-01       5.989188066009e-01       1.184016372471e-03       3.786496360547e-07       9.999964967316e-01      -2.760517611787e-10      -1.072804065537e-10      -1.600648329914e-14      -1.095643830897e-10      -2.731368758288e-13 
       1.891472720151e-05      -8.652312910338e-04      -6.491238802221e-04      -6.491238962883e-04      -8.652279513608e-04      -6.495294794684e-04       6.000812802230e-01       5.989186190388e-01       1.298247792577e-03       4.151809267479e-07       9.999961587599e-01      -3.026783399550e-10      -1.289768449240e-10      -1.924417772637e-14      -1.317227572469e-10      -3.283763101970e-13 
       1.980615083129e-05      -9.486787029088e-04      -7.117499719563e-04      -7.117499912719e-04      -9.486746878870e-04      -7.121946506693e-04       6.000810228160e-01       5.989184120114e-01       1.423499982544e-03       4.552366624388e-07       9.999957881812e-01      -3.318724238781e-10      -1.550609903144e-10      -2.313563413615e-14      -1.583621518604e-10      -3.947866437156e-13 
       2.073958596245e-05      -1.040171201894e-03      -7.804180761719e-04      -7.804180993945e-04      -1.040166374879e-03      -7.809055941508e-04       6.000807425256e-01       5.989181873801e-01       1.560836198789e-03       4.991568663379e-07       9.999953818570e-01      -3.638830128353e-10      -1.864198670126e-10      -2.781523579789e-14      -1.903886583825e-10      -4.746267540991e-13 
       2.171701253604e-05      -1.140483791680e-03      -8.557111034940e-04      -8.557111314132e-04      -1.140477988586e-03      -8.562455811464e-04       6.000804342693e-01       5.989179397879e-01       1.711422262826e-03       5.473143714207e-07       9.999949363348e-01      -3.989790898499e-10      -2.241202395474e-10      -3.344011069999e-14      -2.288915465942e-10      -5.706121034249e-13 
       2.274050380486e-05      -1.250466016593e-03      -9.382682049347e-04      -9.382682385002e-04      -1.250459040064e-03      -9.388541576416e-04       6.000800960085e-01       5.989176680810e-01       1.876536477000e-03       6.001179758228e-07       9.999944478367e-01      -4.374599050337e-10      -2.694442156900e-10      -4.020253219861e-14      -2.751803029204e-10      -6.860071883101e-13 
       2.381223073113e-05      -1.371049099719e-03      -1.028790193526e-03      -1.028790233880e-03      -1.371040712431e-03      -1.029432569231e-03       6.000797252326e-01       5.989173705827e-01       2.057580467760e-03       6.580159160866e-07       9.999939122158e-01      -4.796501834476e-10      -3.239330576596e-10      -4.833374167138e-14      -3.308291249525e-10      -8.247364019266e-13 
       2.493446659134e-05      -1.503253764907e-03      -1.128045492415e-03      -1.128045540934e-03      -1.503243681698e-03      -1.128749712737e-03       6.000793186902e-01       5.989170439749e-01       2.256091081867e-03       7.214996723434e-07       9.999933249264e-01      -5.259078946599e-10      -3.894400628705e-10      -5.810707108866e-14      -3.977304251501e-10      -9.915174083231e-13 
       2.610959179822e-05      -1.648198803660e-03      -1.236876657664e-03      -1.236876715991e-03      -1.648186681648e-03      -1.237648662838e-03       6.000788730008e-01       5.989166861413e-01       2.473753431982e-03       7.911081394472e-07       9.999926809884e-01      -5.766250785894e-10      -4.681924811420e-10      -6.985789406538e-14      -4.781591328691e-10      -1.192021552570e-12 
       2.734009894987e-05      -1.807110453674e-03      -1.356207529983e-03      -1.356207600106e-03      -1.807095880657e-03      -1.357053828018e-03       6.000783842539e-01       5.989162939113e-01       2.712415200212e-03       8.674322009428e-07       9.999919749346e-01      -6.322308541980e-10      -5.628679996184e-10      -8.398637068661e-14      -5.748499725603e-10      -1.433066381219e-12 
       2.862859811694e-05      -1.981332666131e-03      -1.487051076761e-03      -1.487051161066e-03      -1.981315146642e-03      -1.487978797122e-03       6.000778483826e-01       5.989158636963e-01       2.974102322133e-03       9.511197437486e-07       9.999912007787e-01      -6.931952697019e-10      -6.766857979032e-10      -1.009704050695e-13      -6.910903779559e-10      -1.722847290372e-12 
       2.997782237893e-05      -2.172338341711e-03      -1.630517989002e-03      -1.630518090357e-03      -2.172317280148e-03      -1.631534941274e-03       6.000772608271e-01       5.989153919303e-01       3.261036180714e-03       1.042881157797e-06       9.999903519518e-01      -7.600360320444e-10      -8.135152830383e-10      -1.213880289262e-13      -8.308321256458e-10      -2.071215926423e-12 
       3.139063362138e-05      -2.381741628270e-03      -1.787826109088e-03      -1.787826230940e-03      -2.381716308735e-03      -1.788940847035e-03       6.000766166312e-01       5.989148746452e-01       3.575652461879e-03       1.143495364845e-06       9.999894212506e-01      -8.333183079005e-10      -9.780078510027e-10      -1.459332934746e-13      -9.988255267521e-10      -2.490014678261e-12 
       3.287002860635e-05      -2.611311374852e-03      -1.960310766845e-03      -1.960310913339e-03      -2.611280936654e-03      -1.961532658330e-03       6.000759102216e-01       5.989143074024e-01       3.920621826677e-03       1.253816429680e-06       9.999884007847e-01      -9.136621779490e-10      -1.175754602782e-09      -1.754411434304e-13      -1.200780717586e-09      -2.993478658028e-12 
       3.441914532896e-05      -2.862985850387e-03      -2.149436114081e-03      -2.149436290201e-03      -2.862949259020e-03      -2.150775417359e-03       6.000751357661e-01       5.989136854554e-01       4.298872580402e-03       1.374780807475e-06       9.999872818920e-01      -1.001744870667e-09      -1.413476541081e-09      -2.109127704346e-13      -1.443561440093e-09      -3.598718990614e-12 
       3.604126967346e-05      -3.138888835601e-03      -2.356807548670e-03      -2.356807760403e-03      -3.138844847901e-03      -2.358275495574e-03       6.000742864990e-01       5.989130034022e-01       4.713615520807e-03       1.507415293556e-06       9.999860550896e-01      -1.098314699141e-09      -1.699252108660e-09      -2.535553551203e-13      -1.735418004815e-09      -4.326303626633e-12 
       3.773984238309e-05      -3.441347228974e-03      -2.584185344460e-03      -2.584185599012e-03      -3.441294349778e-03      -2.585794231090e-03       6.000733555695e-01       5.989122559880e-01       5.168371198024e-03       1.652845733017e-06       9.999847099774e-01      -1.204182229556e-09      -2.042790939359e-09      -3.048228449048e-13      -2.086267153600e-09      -5.200954613586e-12 
       3.951846635827e-05      -3.772910269592e-03      -2.833499583329e-03      -2.833499889355e-03      -3.772846702889e-03      -2.835262868803e-03       6.000723346821e-01       5.989114363523e-01       5.666999778710e-03       1.812306581255e-06       9.999832351368e-01      -1.320246547492e-09      -2.455764620122e-09      -3.664568466607e-13      -2.508028343954e-09      -6.252387302374e-12 
       4.138091429893e-05      -4.136370569324e-03      -3.106866543582e-03      -3.106866911483e-03      -4.136294156303e-03      -3.108798957542e-03       6.000712154408e-01       5.989105372729e-01       6.213733822965e-03       1.987151372217e-06       9.999816180727e-01      -1.447485628692e-09      -2.952203320798e-09      -4.405290284072e-13      -3.015027973789e-09      -7.516316721125e-12 
       4.333113670686e-05      -4.534787061722e-03      -3.406606652093e-03      -3.406607094387e-03      -4.534695206687e-03      -3.408724311651e-03       6.000699882691e-01       5.989095518001e-01       6.813214188774e-03       2.178864210541e-06       9.999798450797e-01      -1.586973136336e-09      -3.548964607336e-09      -5.295857225382e-13      -3.624484856413e-09      -9.035669664579e-12 
       4.537327026525e-05      -4.971510074562e-03      -3.735264179781e-03      -3.735264711514e-03      -4.971399657881e-03      -3.737584716570e-03       6.000686426915e-01       5.989084715018e-01       7.470529423028e-03       2.389072361426e-06       9.999779011157e-01      -1.739885283871e-09      -4.266311656040e-09      -6.366603970039e-13      -4.357093521704e-09      -1.086203789852e-11 
       4.751164661317e-05      -5.450208692272e-03      -4.095628833742e-03      -4.095629472986e-03      -5.450075966169e-03      -4.098171531866e-03       6.000671674857e-01       5.989072867750e-01       8.191258945973e-03       2.619560056579e-06       9.999757697160e-01      -1.907509834904e-09      -5.128601658932e-09      -7.653526289317e-13      -5.237725205178e-09      -1.305742502290e-11 
       4.975080153356e-05      -5.974900603504e-03      -4.490759424703e-03      -4.490760193194e-03      -5.974741063097e-03      -4.493545370379e-03       6.000655500470e-01       5.989059877863e-01       8.981520386387e-03       2.872283637070e-06       9.999734328159e-01      -2.091258978859e-09      -6.165100777949e-09      -9.200497710523e-13      -6.296269528001e-09      -1.569634660178e-11 
       5.209548457420e-05      -6.549984650026e-03      -4.924009826144e-03      -4.924010749997e-03      -6.549792882934e-03      -4.927062069762e-03       6.000637767040e-01       5.989045632512e-01       9.848021499993e-03       3.149388147664e-06       9.999708706192e-01      -2.292678414303e-09      -7.410984498897e-09      -1.105970347147e-12      -7.568645832540e-09      -1.886834994587e-11 
       5.455066912219e-05      -7.180276298679e-03      -5.399057428232e-03      -5.399058538865e-03      -7.180045798060e-03      -5.402401159733e-03       6.000618323472e-01       5.989030016274e-01       1.079811707773e-02       3.453225537692e-06       9.999680614125e-01      -2.513461959635e-09      -8.908512474890e-09      -1.329487879931e-12      -9.098017530771e-09      -2.268104334108e-11 
       5.712156295313e-05      -7.871046268183e-03      -5.919934342782e-03      -5.919935677952e-03      -7.870769216046e-03      -5.923597081038e-03       6.000597006917e-01       5.989012896941e-01       1.183987135590e-02       3.786374609961e-06       9.999649814164e-01      -2.755463182616e-09      -1.070847307229e-08      -1.598190610336e-12      -1.093625096387e-08      -2.726373269881e-11 
       5.981361927751e-05      -8.628062571181e-03      -6.491061610325e-03      -6.491063215398e-03      -8.627729576471e-03      -6.495073407383e-03       6.000573636730e-01       5.988994125194e-01       1.298212643080e-02       4.151662897253e-06       9.999616045458e-01      -3.020712349034e-09      -1.287189745414e-08      -1.921129411736e-12      -1.314566655557e-08      -3.277178495474e-11 
       6.263254830773e-05      -9.457636237541e-03      -7.117286704028e-03      -7.117288633553e-03      -9.457236014696e-03      -7.121680364995e-03       6.000548014097e-01       5.988973543171e-01       1.423457726711e-02       4.552190647967e-06       9.999579022133e-01      -3.311432448214e-09      -1.547210430959e-08      -2.309285964937e-12      -1.580114188557e-08      -3.939187469771e-11 
       6.558432937020e-05      -1.036667099034e-02      -7.803924655484e-03      -7.803926975021e-03      -1.036618998191e-02      -7.808735974623e-03       6.000519923215e-01       5.988950976459e-01       1.560785395004e-02       4.991357116889e-06       9.999538430930e-01      -3.630057390511e-09      -1.859718698669e-08      -2.775799218056e-12      -1.899263635766e-08      -4.734827801320e-11 
       6.867522358831e-05      -1.136271717195e-02      -8.556803135047e-03      -8.556805923386e-03      -1.136213909111e-02      -8.562071148748e-03       6.000489124884e-01       5.988926231922e-01       1.711361184677e-02       5.472889397356e-06       9.999493928475e-01      -3.979249508003e-09      -2.235297575885e-08      -3.336451671765e-12      -2.282822141952e-08      -5.691042622696e-11 
       7.191178716309e-05      -1.245403023502e-02      -9.382311888629e-03      -9.382315240498e-03      -1.245333551342e-02      -9.388079145707e-03       6.000455361487e-01       5.988899107271e-01       1.876463048100e-02       6.000874019311e-06       9.999445138141e-01      -4.361924406329e-09      -2.686658104213e-08      -4.010407305515e-12      -2.743771736370e-08      -6.840197863144e-11 
       7.530088527984e-05      -1.364963405832e-02      -1.028745692542e-02      -1.028746095467e-02      -1.364879919696e-02      -1.029376977488e-02       6.000418347349e-01       5.988869366765e-01       2.057492190934e-02       6.579791605194e-06       9.999391647724e-01      -4.781266049172e-09      -3.229072127966e-08      -4.820278987368e-12      -3.297705814110e-08      -8.221169388186e-11 
       7.884970667002e-05      -1.495938947228e-02      -1.127991992855e-02      -1.127992477200e-02      -1.495838624370e-02      -1.128682882487e-02       6.000377767995e-01       5.988836758123e-01       2.255984954400e-02       7.214554858560e-06       9.999333004992e-01      -5.240766070841e-09      -3.880879280252e-08      -5.793505690972e-12      -3.963352628602e-08      -9.880649393296e-11 
       8.256577885962e-05      -1.639406824107e-02      -1.236812340118e-02      -1.236812922321e-02      -1.639286275569e-02      -1.237568322677e-02       6.000333283133e-01       5.988801010436e-01       2.473625844643e-02       7.910550201988e-06       9.999268714577e-01      -5.744238052285e-09      -4.664103179634e-08      -6.963219961587e-12      -4.763203379203e-08      -1.187471314070e-10 
       8.645698413597e-05      -1.796543288598e-02      -1.356130207810e-02      -1.356130907636e-02      -1.796398443106e-02      -1.356957248222e-02       6.000284516710e-01       5.988761816990e-01       2.712261815273e-02       8.673683432486e-06       9.999198233947e-01      -6.295850064454e-09      -5.605193514571e-08      -8.368706164438e-12      -5.724265370509e-08      -1.427069336317e-10 
       9.053157626715e-05      -1.968632249028e-02      -1.486958120972e-02      -1.486958962163e-02      -1.968458220505e-02      -1.487862696212e-02       6.000231058114e-01       5.988718846010e-01       2.973917924327e-02       9.510429773791e-06       9.999120967855e-01      -6.900159390726e-09      -6.735906837135e-08      -1.005733856859e-11      -6.878964792852e-08      -1.714943581873e-10 
       9.479819800938e-05      -2.157074497842e-02      -1.630406238895e-02      -1.630407249996e-02      -2.156865418768e-02      -1.631395374682e-02       6.000172456793e-01       5.988671739750e-01       3.260814499993e-02       1.042788874629e-05       9.999036265026e-01      -7.562146699523e-09      -8.094359977144e-08      -1.208676131547e-11      -8.266229226412e-08      -2.060799758981e-10 
       9.926589943941e-05      -2.363397586573e-02      -1.787691765917e-02      -1.787692981198e-02      -2.363146417309e-02      -1.788773074341e-02       6.000108220583e-01       5.988620094885e-01       3.575385962396e-02       1.143384429295e-05       9.998943411095e-01      -8.287249138512e-09      -9.726319476916e-08      -1.452473541872e-11      -9.932784153290e-08      -2.476287675933e-10 
       1.039441571510e-04      -2.589266391100e-02      -1.960149263889e-02      -1.960150724579e-02      -2.588964677576e-02      -1.961330981740e-02       6.000037807418e-01       5.988563476630e-01       3.920301449157e-02       1.253683073393e-05       9.998841624341e-01      -9.081404927261e-09      -1.168670036051e-07      -1.745378687332e-11      -1.193470653787e-07      -2.975388936491e-10 
       1.088428943559e-04      -2.836494340887e-02      -2.149241961709e-02      -2.149243717298e-02      -2.836131943601e-02      -2.150532988681e-02       5.999960627597e-01       5.988501407996e-01       4.298487434595e-02       1.374620501334e-05       9.998730047573e-01      -9.951095011901e-09      -1.404140425170e-07      -2.097249385760e-11      -1.433928449020e-07      -3.574880854049e-10 
       1.139725019325e-04      -3.107055362095e-02      -2.356574149358e-02      -2.356576259311e-02      -3.106620115917e-02      -2.357984085712e-02       5.999876033083e-01       5.988433364913e-01       4.713152518621e-02       1.507222593227e-05       9.998607742772e-01      -1.090338834977e-08      -1.686949371392e-07      -2.519918604480e-11      -1.722724374186e-07      -4.294891347141e-10 
       1.193438604663e-04      -3.403096483606e-02      -2.583904765908e-02      -2.583907301689e-02      -3.402573796464e-02      -2.585443948495e-02       5.999783314848e-01       5.988358773950e-01       5.167814603377e-02       1.652614097120e-05       9.998473682282e-01      -1.194599278817e-08      -2.026580217060e-07      -3.027592843707e-11      -2.069541080705e-07      -5.159563337621e-10 
       1.249683633289e-04      -3.726951096197e-02      -2.833162293833e-02      -2.833165341263e-02      -3.726323470122e-02      -2.834841829278e-02       5.999681697196e-01       5.988277007261e-01       5.666330682526e-02       1.812028146078e-05       9.998326740916e-01      -1.308730693383e-08      -2.434405503667e-07      -3.637311111615e-11      -2.485989800480e-07      -6.197849015955e-10 
       1.308579408449e-04      -4.081152813369e-02      -3.106461083677e-02      -3.106464745804e-02      -4.080399276242e-02      -3.108292877294e-02       5.999570328794e-01       5.988187371957e-01       6.212929491607e-02       1.986816689783e-05       9.998165685949e-01      -1.433647688623e-08      -2.924061168598e-07      -4.369378580916e-11      -2.985990958237e-07      -7.444459025097e-10 
       1.370250855978e-04      -4.468449887404e-02      -3.406119250313e-02      -3.406123650969e-02      -4.467545295226e-02      -3.408116028974e-02       5.999448282419e-01       5.988089122184e-01       6.812247301938e-02       2.178461925725e-05       9.997989168949e-01      -1.570345705155e-08      -3.511887389664e-07      -5.248544206629e-11      -3.586228906098e-07      -8.940997584973e-10 
       1.434828789286e-04      -4.891820029779e-02      -3.734678285025e-02      -3.734683573019e-02      -4.890734244164e-02      -3.736853611467e-02       5.999314540489e-01       5.987981431941e-01       7.469367146039e-02       2.388588829113e-05       9.997795714043e-01      -1.719907017014e-08      -4.217465213859e-07      -6.304251950322e-11      -4.306694628193e-07      -1.073731470302e-09 
       1.502450186827e-04      -5.354485480028e-02      -4.094924551590e-02      -4.094930905306e-02      -5.353182437574e-02      -4.097292826924e-02       5.999167988232e-01       5.987863386695e-01       8.189861810612e-02       2.618978883173e-05       9.997583704915e-01      -1.883507586517e-08      -5.064255965863e-07      -7.571168667852e-11      -5.171333096891e-07      -1.289312159774e-09 
       1.573258482650e-04      -5.859928339813e-02      -4.489912847725e-02      -4.489920481710e-02      -5.858364822966e-02      -4.492489299947e-02       5.999007412217e-01       5.987734010694e-01       8.979840963421e-02       2.871585123219e-05       9.997351373455e-01      -2.062423982139e-08      -6.080338242164e-07      -9.092289309149e-11      -6.208814936092e-07      -1.547991798936e-09 
       1.647403870647e-04      -6.411905525570e-02      -4.922992221767e-02      -4.923001393353e-02      -6.410029830682e-02      -4.925792873825e-02       5.998831478766e-01       5.987592209395e-01       9.846002786706e-02       3.148548627110e-05       9.997096785546e-01      -2.258040166093e-08      -7.299334930184e-07      -1.091751379155e-10      -7.453455304245e-07      -1.858327977814e-09 
       1.725043623124e-04      -7.014463465157e-02      -5.397834270904e-02      -5.397845289054e-02      -7.012213734786e-02      -5.400875884856e-02       5.998638736252e-01       5.987436801177e-01       1.079569057811e-01       3.452216576592e-05       9.996817826600e-01      -2.471855281427e-08      -8.761464676225e-07      -1.310749955617e-10      -8.946307140488e-07      -2.230559170559e-09 
       1.806342424406e-04      -7.671951839957e-02      -5.918464142567e-02      -5.918477377981e-02      -7.669254105463e-02      -5.921764132181e-02       5.998427594563e-01       5.987266487287e-01       1.183695475596e-01       3.785162052885e-05       9.996512183478e-01      -2.705490758073e-08      -1.051482335541e-06      -1.573470300020e-10      -1.073646025571e-06      -2.676928651160e-09 
       1.891472720151e-04      -8.389035986073e-02      -6.489294511806e-02      -6.489310409294e-02      -8.385801862670e-02      -6.492870816307e-02       5.998196318194e-01       5.987079847078e-01       1.297862081859e-01       4.150205716969e-05       9.996177326741e-01      -2.960698512092e-08      -1.261689726566e-06      -1.888564540179e-10      -1.288258346837e-06      -3.212069417238e-09 
       1.980615083129e-04      -9.170707418745e-02      -7.115162803634e-02      -7.115181897346e-02      -9.166831286377e-02      -7.119033713352e-02       5.997943010212e-01       5.986875325798e-01       1.423036379469e-01       4.550439567221e-05       9.995810493240e-01      -3.239367810643e-08      -1.513635133987e-06      -2.266397078709e-10      -1.545475287751e-06      -3.853460316478e-09 
       2.073958596245e-04      -1.002229135642e-01      -7.801371982623e-02      -7.801394912419e-02      -1.001764725051e-01      -7.805555902947e-02       5.997665604921e-01       5.986651226627e-01       1.560278982484e-01       4.989252954195e-05       9.995408664311e-01      -3.543530049340e-08      -1.815515898939e-06      -2.719345620647e-10      -1.853661584223e-06      -4.621966848203e-09 
       2.171701253604e-04      -1.094945112929e-01      -8.553735225131e-02      -8.553762758832e-02      -1.094388871738e-01      -8.558250369139e-02       5.997361843005e-01       5.986405689327e-01       1.710752551766e-01       5.470361082520e-05       9.994968542179e-01      -3.875370989192e-08      -2.177110282624e-06      -3.262188444812e-10      -2.222794831916e-06      -5.542478477755e-09 
       2.274050380486e-04      -1.195818728030e-01      -9.378624867020e-02      -9.378657925295e-02      -1.195152739509e-01      -9.383488856434e-02       5.997029262117e-01       5.986136679625e-01       1.875731585059e-01       5.997836222740e-05       9.994486528634e-01      -4.237231841376e-08      -2.610074864861e-06      -3.912483331787e-10      -2.664767198440e-06      -6.644662674625e-09 
       2.381223073113e-04      -1.305483087026e-01      -1.028302601698e-01      -1.028306570314e-01      -1.304686021803e-01      -1.028825537343e-01       5.996665182480e-01       5.985841983498e-01       2.056613140628e-01       6.576141879738e-05       9.993958694803e-01      -4.631615631281e-08      -3.128290504441e-06      -4.691397832408e-10      -3.193740567141e-06      -7.963852555525e-09 
       2.493446659134e-04      -1.424602926239e-01      -1.127459526203e-01      -1.127464289842e-01      -1.423649401894e-01      -1.128020476616e-01       5.996266678564e-01       5.985519172791e-01       2.254928579684e-01       7.210170224606e-05       9.993380755156e-01      -5.061190025076e-08      -3.748273913392e-06      -5.624051690069e-10      -3.826563730638e-06      -9.542087258370e-09 
       2.610959179822e-04      -1.553872194579e-01      -1.236172498413e-01      -1.236178215430e-01      -1.552732052836e-01      -1.236772687284e-01       5.995830571202e-01       5.985165597665e-01       2.472356430861e-01       7.905283057555e-05       9.992748042145e-01      -5.528791165002e-08      -4.489659668546e-06      -6.740127001190e-10      -4.583261246820e-06      -1.142933395684e-08 
       2.734009894987e-04      -1.694010508236e-01      -1.355361374882e-01      -1.355368234912e-01      -1.692647952791e-01      -1.356001672073e-01       5.995353396392e-01       5.984778362797e-01       2.710736469825e-01       8.667356649525e-05       9.992055462342e-01      -6.037420052655e-08      -5.375758095847e-06      -8.075034627374e-10      -5.487604346339e-06      -1.368491465030e-08 
       2.862859811694e-04      -1.845758158313e-01      -1.486034341192e-01      -1.486042571321e-01      -1.844130745074e-01      -1.486715140179e-01       5.994831394911e-01       5.984354320399e-01       2.972085142643e-01       9.502830832312e-05       9.991297476387e-01      -6.590238630569e-08      -6.434204444128e-06      -9.671432374792e-10      -6.567776125689e-06      -1.637916978616e-08 
       2.997782237893e-04      -2.009869373362e-01      -1.629296349743e-01      -1.629306221596e-01      -2.007926864618e-01      -1.630017417245e-01       5.994260478739e-01       5.983890021886e-01       3.258612443191e-01       1.041876270226e-04       9.990468052534e-01      -7.190565237305e-08      -7.697730633675e-06      -1.157896235719e-09      -7.857143021593e-06      -1.959538395290e-08 
       3.139063362138e-04      -2.187103549330e-01      -1.786358356851e-01      -1.786370195294e-01      -2.184786575053e-01      -1.787118649875e-01       5.993636213317e-01       5.983381713764e-01       3.572740390587e-01       1.142288538901e-04       9.989560632070e-01      -7.841859007056e-08      -9.205031701226e-06      -1.385680603354e-09      -9.395146470331e-06      -2.343201850516e-08 
       3.287002860635e-04      -2.378214048045e-01      -1.958547432076e-01      -1.958561625549e-01      -2.375452542494e-01      -1.959344876160e-01       5.992953794890e-01       5.982825313939e-01       3.917123251098e-01       1.252367234071e-04       9.988568090812e-01      -8.547699060549e-08      -1.100177053994e-05      -1.657576918853e-09      -1.122832831722e-05      -2.800527810629e-08 
       3.441914532896e-04      -2.583934059947e-01      -2.147317818073e-01      -2.147334830697e-01      -2.580645518249e-01      -2.148149039598e-01       5.992208018729e-01       5.982216370532e-01       4.294669661394e-01       1.373040763495e-04       9.987482692741e-01      -9.311762899129e-08      -1.314174166532e-05      -1.981915350717e-09      -1.341150359519e-05      -3.345204398288e-08 
       3.604126967346e-04      -2.804959163579e-01      -2.354263030844e-01      -2.354283416662e-01      -2.801046666404e-01      -2.355123035518e-01       5.991393252189e-01       5.981550030921e-01       4.708566833324e-01       1.505326285215e-04       9.986296042604e-01      -1.013779419451e-07      -1.568819271572e-05      -2.368398997396e-09      -1.600909350336e-05      -3.993320991553e-08 
       3.773984238309e-04      -3.041926091521e-01      -2.581129099024e-01      -2.581153519166e-01      -3.037276008386e-01      -2.582010887884e-01       5.990503422159e-01       5.980821035667e-01       5.162307038332e-01       1.650338115701e-04       9.984999058676e-01      -1.102955074922e-07      -1.871528451262e-05      -2.828603714482e-09      -1.909662994319e-05      -4.763745739272e-08 
       3.951846635827e-04      -3.295386976035e-01      -2.829829031482e-01      -2.829858274231e-01      -3.289866511184e-01      -2.830723143722e-01       5.989531969044e-01       5.980023655962e-01       5.659716548462e-01       1.809296912645e-04       9.983581897329e-01      -1.199075497501e-07      -2.230977697577e-05      -3.375978884919e-09      -2.276243741258e-05      -5.678546786229e-08 
       4.138091429893e-04      -3.565778902806e-01      -3.102458646370e-01      -3.102493651526e-01      -3.559233213212e-01      -3.103352618610e-01       5.988471838040e-01       5.979151688916e-01       6.204987303053e-01       1.983539717292e-04       9.982033928259e-01      -1.302501583563e-07      -2.657282788110e-05      -4.026607876734e-09      -2.710949622556e-05      -6.763460621952e-08 
       4.333113670686e-04      -3.853387694057e-01      -3.401313864934e-01      -3.401355751265e-01      -3.845636935178e-01      -3.402191592600e-01       5.987315441777e-01       5.978198395016e-01       6.802711502531e-01       2.174530920076e-04       9.980343673067e-01      -1.413575247190e-07      -3.162206243518e-05      -4.798965015098e-09      -3.225747887657e-05      -8.048402460860e-08 
       4.537327026525e-04      -4.158305998491e-01      -3.728909613392e-01      -3.728959711526e-01      -4.149142074465e-01      -3.729750602318e-01       5.986054642983e-01       5.977156477958e-01       7.457919423052e-01       2.383874239838e-04       9.978498762897e-01      -1.532608500751e-07      -3.759371396058e-05      -5.714642476004e-09      -3.834494296032e-05      -9.568018291422e-08 
       4.751164661317e-04      -4.480385023351e-01      -4.088000471413e-01      -4.088060362180e-01      -4.469568156925e-01      -4.088778964544e-01       5.984680732678e-01       5.976018045073e-01       8.176120724361e-01       2.613325801273e-04       9.976485888457e-01      -1.659870702346e-07      -4.464492822158e-05      -6.798696375622e-09      -4.553164639795e-05      -1.136226774240e-07 
       4.975080153356e-04      -4.819179808162e-01      -4.481603220227e-01      -4.481674781794e-01      -4.806434963412e-01      -4.482287186580e-01       5.983184411733e-01       5.974774571033e-01       8.963349563588e-01       2.864808412046e-04       9.974290754873e-01      -1.795573975452e-07      -5.295612122257e-05      -8.080253750899e-09      -5.400093067485e-05      -1.347702580535e-07 
       5.209548457420e-04      -5.173887811025e-01      -4.913021465534e-01      -4.913106923605e-01      -5.158901338253e-01      -4.913571430434e-01       5.981555774693e-01       5.973416856544e-01       9.826213847209e-01       3.140427142482e-04       9.971898037307e-01      -1.939856091119e-07      -6.273335781723e-05      -9.592875686094e-09      -6.396208994016e-05      -1.596468241779e-07 
       5.455066912219e-04      -5.543281647002e-01      -5.385872506840e-01      -5.385974497222e-01      -5.525698171644e-01      -5.386240216083e-01       5.979784300952e-01       5.971934989239e-01       1.077194899444e+00       3.442486319303e-04       9.969291340552e-01      -2.092760703931e-07      -7.421063869557e-05      -1.137456038973e-08      -7.565260953343e-05      -1.888470952590e-07 
       5.712156295313e-04      -5.925637311556e-01      -5.904116651459e-01      -5.904238295193e-01      -5.905056560516e-01      -5.904243556271e-01       5.977858853120e-01       5.970318319555e-01       1.180847659039e+00       3.773508065484e-04       9.966453168306e-01      -2.254214343031e-07      -8.765172740757e-05      -1.346978550859e-08      -8.934011468065e-05      -2.230416239199e-07 
       5.981361927751e-04      -6.318657424216e-01      -6.472089204846e-01      -6.472234185056e-01      -6.294632921389e-01      -6.471904745624e-01       5.975767683935e-01       5.968555417606e-01       1.294446837011e+00       4.136252510319e-04       9.963364899635e-01      -2.424001183778e-07      -1.033518206119e-04      -1.592810227806e-08      -1.053238184807e-04      -2.629805258848e-07 
       6.263254830773e-04      -6.719395514904e-01      -7.094535308461e-01      -7.094707970734e-01      -6.691433744325e-01      -7.093955011195e-01       5.973498435626e-01       5.966634034220e-01       1.418941594147e+00       4.533739814986e-04       9.960006752290e-01      -2.601736636534e-07      -1.216382530730e-04      -1.880482612546e-08      -1.239351980036e-04      -3.094953218492e-07 
       6.558432937020e-04      -7.124182183753e-01      -7.776647960204e-01      -7.776853419652e-01      -7.091743716213e-01      -7.775571330076e-01       5.971038184455e-01       5.964541102157e-01       1.555370683930e+00       4.969274190180e-04       9.956357803459e-01      -2.786835780633e-07      -1.428700329782e-04      -2.216281637927e-08      -1.455375630018e-04      -3.634980878744e-07 
       6.867522358831e-04      -7.528559459215e-01      -8.524109371584e-01      -8.524353643174e-01      -7.491062701879e-01      -8.522417607350e-01       5.968373449780e-01       5.962262685249e-01       1.704870728635e+00       5.446470036278e-04       9.952395956955e-01      -2.978483177020e-07      -1.674361587773e-04      -2.607107225258e-08      -1.705241057228e-04      -4.259767538522e-07 
       7.191178716309e-04      -7.927230233905e-01      -9.343136066866e-01      -9.343426208460e-01      -7.884058344642e-01      -9.340689608811e-01       5.965490260898e-01       5.959783989527e-01       1.868685241692e+00       5.969280445478e-04       9.948097991813e-01      -3.175601143427e-07      -1.957517886579e-04      -3.060523422432e-08      -1.993139602830e-04      -4.979854897071e-07 
       7.530088527984e-04      -8.314031082182e-01      -1.024052790066e+00      -1.024087217656e+00      -8.264543445466e-01      -1.023716385629e+00       5.962374187834e-01       5.957089330787e-01       2.048174435311e+00       6.542028203826e-04       9.943439551095e-01      -3.376819197582e-07      -2.282520710015e-04      -3.584609131093e-08      -2.323457334790e-04      -5.806287367411e-07 
       7.884970667002e-04      -8.681941760854e-01      -1.122372148852e+00      -1.122412956430e+00      -8.625488922560e-01      -1.121925100481e+00       5.959010455035e-01       5.954162189708e-01       2.244825912861e+00       7.169439605230e-04       9.938395253460e-01      -3.580446893993e-07      -2.653824636614e-04      -4.188256686480e-08      -2.700679506984e-04      -6.750375940920e-07 
       8.256577885962e-04      -9.023138853972e-01      -1.230084817344e+00      -1.230133132395e+00      -8.959086043881e-01      -1.229505381856e+00       5.955383966045e-01       5.950985165661e-01       2.460266264789e+00       7.856681167128e-04       9.932938665464e-01      -3.784452753149e-07      -3.075863968170e-04      -4.880385934312e-08      -3.129258656944e-04      -7.823368645432e-07 
       8.645698413597e-04      -9.329118490659e-01      -1.348079722240e+00      -1.348136859299e+00      -9.256872553805e-01      -1.347343052665e+00       5.951479463565e-01       5.947540086422e-01       2.696273718597e+00       8.609399729725e-04       9.927042485164e-01      -3.986451735527e-07      -3.552875700279e-04      -5.670465428875e-08      -3.613441925943e-04      -9.036020425485e-07 
       9.053157626715e-04      -9.590889410869e-01      -1.477328433318e+00      -1.477395916201e+00      -9.509940017999e-01      -1.476406354180e+00       5.947281561468e-01       5.943807985304e-01       2.954791832401e+00       9.433765937842e-04       9.920678523390e-01      -4.183706939167e-07      -4.088694557242e-04      -6.567301355708e-08      -4.157055100253e-04      -1.039805032479e-06 
       9.479819800938e-04      -9.799281553936e-01      -1.618892609751e+00      -1.618972209276e+00      -9.709239069624e-01      -1.617753449068e+00       5.942774897533e-01       5.939769224898e-01       3.237944418553e+00       1.033652170617e-03       9.913817882535e-01      -4.373149268919e-07      -4.686484221035e-04      -7.579878633983e-08      -4.763244772326e-04      -1.191749376349e-06 
       9.926589943941e-04      -9.945349317104e-01      -1.773932091979e+00      -1.774025857764e+00      -9.845998301411e-01      -1.772540569971e+00       5.937944211789e-01       5.935403560488e-01       3.548051715528e+00       1.132503177758e-03       9.906431028729e-01      -4.551421767547e-07      -5.348453282421e-04      -8.715984137810e-08      -5.434185637632e-04      -1.359996170362e-06 
       1.039441571510e-03      -1.002091545533e+00      -1.943713675198e+00      -1.943823977182e+00      -9.912268753406e-01      -1.942030886835e+00       5.932774440752e-01       5.930690255212e-01       3.887647954364e+00       1.240733986738e-03       9.898487909645e-01      -4.714953422074e-07      -6.075536282295e-04      -9.982029132779e-08      -6.170768513710e-04      -1.544784737726e-06 
       1.088428943559e-03      -1.001924349720e+00      -2.129620627330e+00      -2.129750203089e+00      -9.901597859184e-01      -2.127604138198e+00       5.927250770796e-01       5.925608194351e-01       4.259500406178e+00       1.359222967757e-03       9.889958023478e-01      -4.860068704412e-07      -6.867082737726e-04      -1.138238787948e-07      -6.972296184697e-04      -1.745954520161e-06 
       1.139725019325e-03      -9.935840122338e-01      -2.333163026374e+00      -2.333315035841e+00      -9.809824140918e-01      -2.330767105366e+00       5.921358701468e-01       5.920136061234e-01       4.666630071682e+00       1.488929138353e-03       9.880810551990e-01      -4.983138872511e-07      -7.720588409630e-04      -1.291896712888e-07      -7.836228873809e-04      -1.962878651177e-06 
       1.193438604663e-03      -9.769356255655e-01      -2.555988935196e+00      -2.556167025478e+00      -9.635965508423e-01      -2.553164942850e+00       5.915083971294e-01       5.914252438187e-01       5.112334050957e+00       1.630899366363e-03       9.871014299663e-01      -5.080776784965e-07      -8.631533463086e-04      -1.459039435834e-07      -8.758038664956e-04      -2.194423871699e-06 
       1.249683633289e-03      -9.522541392863e-01      -2.799896564749e+00      -2.800104946093e+00      -9.383147780858e-01      -2.796593505261e+00       5.908412549922e-01       5.907936045852e-01       5.600209892187e+00       1.786276230958e-03       9.860537811854e-01      -5.150076728030e-07      -9.593399994326e-04      -1.639142621725e-07      -9.731251208285e-04      -2.438956456920e-06 
       1.308579408449e-03      -9.203175662940e-01      -3.066847341729e+00      -3.067090883461e+00      -9.059487911359e-01      -3.063012578410e+00       5.901330319179e-01       5.901165748369e-01       6.134181766922e+00       1.956306489328e-03       9.849349040453e-01      -5.188893957400e-07      -1.059795730023e-03      -1.831364628109e-07      -1.074777043735e-03      -2.694418676872e-06 
       1.370250855978e-03      -8.824833246489e-01      -3.358980204230e+00      -3.359264559111e+00      -8.678807394992e-01      -3.354560311475e+00       5.893822979981e-01       5.893920864824e-01       6.718529118221e+00       2.142350345628e-03       9.837415459943e-01      -5.196149914633e-07      -1.163595729012e-03      -2.034394213240e-07      -1.179859347443e-03      -2.958502309667e-06 
       1.434828789286e-03      -8.407353260521e-01      -3.678626952825e+00      -3.678958691474e+00      -8.261011249944e-01      -3.673568629061e+00       5.885875566921e-01       5.886181157664e-01       7.357917382949e+00       2.345891403267e-03       9.824703620407e-01      -5.172147396970e-07      -1.269828814849e-03      -2.246797227515e-07      -1.287502061770e-03      -3.228948326978e-06 
       1.502450186827e-03      -7.976762518138e-01      -4.028328831368e+00      -4.028715641773e+00      -7.831931198820e-01      -4.022579815021e+00       5.877471923908e-01       5.877926837290e-01       8.057431283545e+00       2.568547418383e-03       9.811178704096e-01      -5.118855077231e-07      -1.377776301160e-03      -2.466863367727e-07      -1.397043947511e-03      -3.503991320717e-06 
       1.573258482650e-03      -7.564473537768e-01      -4.410854491494e+00      -4.411305411843e+00      -7.422412471880e-01      -4.404364312242e+00       5.868594127452e-01       5.869138530197e-01       8.822610823686e+00       2.812081905614e-03       9.796804068664e-01      -5.040126602893e-07      -1.487147496537e-03      -2.693155015074e-07      -1.508270142525e-03      -3.782959220324e-06 
       1.647403870647e-03      -7.205493367688e-01      -4.829219524069e+00      -4.829745244199e+00      -7.066433259875e-01      -4.821939932148e+00       5.859222034938e-01       5.859797340020e-01       9.659490488398e+00       3.078416706262e-03       9.781541033283e-01      -4.941791110188e-07      -1.598373554181e-03      -2.924693109568e-07      -1.621699871376e-03      -4.067004767569e-06 
       1.725043623124e-03      -6.935489909082e-01      -5.286706917074e+00      -5.287320171272e+00      -6.798107411211e-01      -5.278591795595e+00       5.849332070700e-01       5.849884041660e-01       1.057464034254e+01       3.369645085423e-03       9.765347395831e-01      -4.831556488006e-07      -1.712928755084e-03      -3.161628710163e-07      -1.738898449541e-03      -4.359909988162e-06 
       1.806342424406e-03      -6.786657895382e-01      -5.786889847988e+00      -5.787605895502e+00      -6.647559730192e-01      -5.777894381162e+00       5.838897049491e-01       5.839379121233e-01       1.157521179100e+01       3.688046205266e-03       9.748177625422e-01      -4.718660495188e-07      -1.833638957594e-03      -3.405745151849e-07      -1.862765747743e-03      -4.668845002345e-06 
       1.891472720151e-03      -6.782550857031e-01      -6.333655625281e+00      -6.334492839294e+00      -6.635880846234e-01      -6.323734552507e+00       5.827885453173e-01       5.828261979770e-01       1.266898567859e+01       4.036100175303e-03       9.729981982015e-01      -4.613218876802e-07      -1.964901507330e-03      -3.660996666765e-07      -1.997727563613e-03      -5.004897252085e-06 
       1.980615083129e-03      -6.932399873432e-01      -6.931231451684e+00      -6.932212076756e+00      -6.769698806250e-01      -6.920336368209e+00       5.816261156495e-01       5.816510196842e-01       1.386442415351e+01       4.416504185277e-03       9.710706215751e-01      -4.525255528205e-07      -2.112716282825e-03      -3.934338543565e-07      -2.149733010202e-03      -5.383127833149e-06 
       2.073958596245e-03      -7.225757338628e-01      -7.584211950873e+00      -7.585362955499e+00      -7.036288333991e-01      -7.572287667310e+00       5.803983431484e-01       5.804098617347e-01       1.517072591100e+01       4.832189507130e-03       9.690291367374e-01      -4.463444509918e-07      -2.284419588821e-03      -4.235784655489e-07      -2.325948709172e-03      -5.821866466915e-06 
       2.171701253604e-03      -7.628850855612e-01      -8.297588780863e+00      -8.298942949836e+00      -7.400540739433e-01      -8.284569191805e+00       5.791007696599e-01       5.790998699397e-01       1.659788589967e+01       5.286339805277e-03       9.668674459146e-01      -4.433682881971e-07      -2.488006836353e-03      -4.578550544239e-07      -2.534054582812e-03      -6.340992692535e-06 
       2.274050380486e-03      -8.084246263131e-01      -9.076781977702e+00      -9.078379016511e+00      -7.805389859780e-01      -9.062585876809e+00       5.777286427748e-01       5.777177608997e-01       1.815675803302e+01       5.782410505443e-03       9.645789131136e-01      -4.437644529789e-07      -2.730995579712e-03      -4.977953289550e-07      -2.781103297792e-03      -6.959071972777e-06 
       2.381223073113e-03      -8.515626782400e-01      -9.927673068113e+00      -9.929560986947e+00      -8.177242240598e-01      -9.912201082889e+00       5.762770620326e-01       5.762597623307e-01       1.985912197389e+01       6.324148865981e-03       9.621566372693e-01      -4.471953442759e-07      -3.018873620284e-03      -5.450593990687e-07      -3.072020014733e-03      -7.689515109509e-06 
       2.493446659134e-03      -8.838777425203e-01      -1.085664127525e+01      -1.085887785025e+01      -8.437387480201e-01      -1.083977489263e+01       5.747412073590e-01       5.747216435363e-01       2.171775570051e+01       6.915618257143e-03       9.595937735239e-01      -4.527713070798e-07      -3.353378715331e-03      -6.011186527393e-07      -3.407998651221e-03      -8.536345842306e-06 
       2.610959179822e-03      -8.978851356601e-01      -1.187060016372e+01      -1.187325455503e+01      -8.518983724280e-01      -1.185220403719e+01       5.731164730680e-01       5.730987027549e-01       2.374650911006e+01       7.561219395758e-03       9.568834524149e-01      -4.590850377987e-07      -3.731060328795e-03      -6.670284356346e-07      -3.785263584340e-03      -9.490772763524e-06 
       2.734009894987e-03      -8.891744716161e-01      -1.297703851533e+01      -1.298019301934e+01      -8.387152888210e-01      -1.295696672108e+01       5.713986801591e-01       5.713859342865e-01       2.596038603867e+01       8.265718713776e-03       9.540191079517e-01      -4.645706531192e-07      -4.142813075529e-03      -7.430917618982e-07      -4.194860161087e-03      -1.053023178732e-05 
       2.862859811694e-03      -8.584597161591e-01      -1.418406292860e+01      -1.418781497809e+01      -8.057028711684e-01      -1.416216900938e+01       5.695841585756e-01       5.695782125369e-01       2.837562995619e+01       9.034277490187e-03       9.509945680952e-01      -4.675812292049e-07      -4.575151567873e-03      -8.286487230304e-07      -4.624170921530e-03      -1.162178613495e-05 
       2.997782237893e-03      -8.127810619678e-01      -1.550044189020e+01      -1.550490650109e+01      -7.602369607157e-01      -1.547659118684e+01       5.676696693466e-01       5.676704845510e-01       3.100981300219e+01       9.872479805979e-03       9.478038646991e-01      -4.671477649666e-07      -5.013801592871e-03      -9.221095396884e-07      -5.060592326858e-03      -1.273119681495e-05 
       3.139063362138e-03      -7.649869092029e-01      -1.693565361227e+01      -1.694096644884e+01      -7.146878557478e-01      -1.690973478650e+01       5.656522423763e-01       5.656580243119e-01       3.388193289768e+01       1.078636700622e-02       9.444412055856e-01      -4.630823113612e-07      -5.449497699790e-03      -1.021303116406e-06      -5.497093410454e-03      -1.383722834957e-05 
       3.287002860635e-03      -7.308340382862e-01      -1.849993714910e+01      -1.850625852945e+01      -6.833319394090e-01      -1.847186881694e+01       5.635289092629e-01       5.635366470855e-01       3.701251705890e+01       1.178247106449e-02       9.409007413236e-01      -4.562338387404e-07      -5.884713360988e-03      -1.124278196006e-06      -5.938225647370e-03      -1.494786708579e-05 
       3.441914532896e-03      -7.237799976230e-01      -2.020434256159e+01      -2.021186285553e+01      -6.773281920246e-01      -2.017407137467e+01       5.612962791930e-01       5.613026908079e-01       4.042372571107e+01       1.286784810107e-02       9.371761825376e-01      -4.484845282351e-07      -6.338593261264e-03      -1.230333216812e-06      -6.403873498735e-03      -1.611161200778e-05 
       3.604126967345e-03      -7.487593655288e-01      -2.206078535770e+01      -2.206973210514e+01      -6.992081244434e-01      -2.202827429842e+01       5.589502733030e-01       5.589529092053e-01       4.413946421027e+01       1.405011066724e-02       9.332605517640e-01      -4.421260346986e-07      -6.846354601832e-03      -1.341197727506e-06      -6.927371473344e-03      -1.741486015292e-05 
       3.773984238305e-03      -7.975874932125e-01      -2.408210515738e+01      -2.409275165341e+01      -7.394787388166e-01      -2.404731524968e+01       5.564861018060e-01       5.564842236709e-01       4.818550330683e+01       1.533746302491e-02       9.291462554580e-01      -4.389624625963e-07      -7.450030699819e-03      -1.461562412588e-06      -7.545641323374e-03      -1.895823901976e-05 
       3.951846635814e-03      -8.493343131553e-01      -2.628212013754e+01      -2.629479619275e+01      -7.782481256876e-01      -2.624499553897e+01       5.538983917498e-01       5.538932252011e-01       5.258959238551e+01       1.673873469637e-02       9.248251930517e-01      -4.394955745640e-07      -8.180741616909e-03      -1.598571168110e-06      -8.282566867718e-03      -2.081333620614e-05 
       4.138091429848e-03      -8.779385284081e-01      -2.867568811667e+01      -2.869079118143e+01      -7.933359101277e-01      -2.863615605974e+01       5.511816886292e-01       5.511758274647e-01       5.738158236285e+01       1.826341403073e-02       9.202891633745e-01      -4.424693058433e-07      -9.038775910596e-03      -1.759847144194e-06      -9.132523244693e-03      -2.297610484492e-05 
       4.333113670534e-03      -8.658807798999e-01      -3.127877417654e+01      -3.129678147324e+01      -7.727620683804e-01      -3.123677037204e+01       5.483311331804e-01       5.483272427146e-01       6.259356294648e+01       1.992169488775e-02       9.155306141569e-01      -4.451912096548e-07      -9.984151328049e-03      -1.950510839669e-06      -1.005593374316e-02      -2.534786338706e-05 
       4.537327026042e-03      -8.175278563962e-01      -3.410849448125e+01      -3.412997560589e+01      -7.249961428122e-01      -3.406401150641e+01       5.453424577891e-01       5.453418581041e-01       6.825995121177e+01       2.172450850991e-02       9.105423166890e-01      -4.449109045751e-07      -1.095145147287e-02      -2.170463870141e-06      -1.099759026110e-02      -2.777545793334e-05 
       4.751164659838e-03      -7.620968880910e-01      -3.718322260936e+01      -3.720885308038e+01      -6.781682685035e-01      -3.713636160553e+01       5.422125818953e-01       5.422145249676e-01       7.441770616076e+01       2.368359982104e-02       9.053184382447e-01      -4.405214923408e-07      -1.189224192941e-02      -2.414127115379e-06      -1.192645454856e-02      -3.015454058466e-05 
       4.975080148993e-03      -7.386546415465e-01      -4.052259072507e+01      -4.055317021110e+01      -6.636339431299e-01      -4.047358782427e+01       5.389379891958e-01       5.389402056939e-01       8.110634042220e+01       2.581153499678e-02       8.998522710919e-01      -4.335933195665e-07      -1.282521027457e-02      -2.674078807039e-06      -1.287444395671e-02      -3.254392990803e-05 
       5.209548445017e-03      -7.672141340363e-01      -4.414760602919e+01      -4.418408209069e+01      -6.909753481525e-01      -4.409681198222e+01       5.355148331401e-01       5.355151637360e-01       8.836816418138e+01       2.812177680211e-02       8.941370138605e-01      -4.275843485017e-07      -1.385160584319e-02      -2.947807340757e-06      -1.393647440879e-02      -3.518973393924e-05 
       5.455066878190e-03      -8.260549337044e-01      -4.808066873163e+01      -4.812417072048e+01      -7.341929478736e-01      -4.802850124391e+01       5.319380393987e-01       5.319360681384e-01       9.624834144096e+01       3.062869181582e-02       8.881645845721e-01      -4.253005574586e-07      -1.509844503233e-02      -3.243539076051e-06      -1.520851513477e-02      -3.837929904314e-05 
       5.712156205140e-03      -8.611951053549e-01      -5.234565372848e+01      -5.239753471199e+01      -7.484289927103e-01      -5.229257959421e+01       5.282021530948e-01       5.281994835134e-01       1.047950694240e+02       3.334759613007e-02       8.819267364133e-01      -4.263105153806e-07      -1.660660807414e-02      -3.579315607070e-06      -1.669584832700e-02      -4.218197303497e-05 
       5.981361696754e-03      -8.333512415965e-01      -5.696794824718e+01      -5.702982945279e+01      -7.126426100924e-01      -5.691455225406e+01       5.243021787692e-01       5.243009100970e-01       1.140596589056e+02       3.629477830752e-02       8.754156893467e-01      -4.268994495813e-07      -1.826138827780e-02      -3.973010035730e-06      -1.828383681613e-02      -4.631446866701e-05 
       6.263254258196e-03      -7.653398524358e-01      -6.197448767205e+01      -6.204830580790e+01      -6.589471090203e-01      -6.192161905695e+01       5.202341727618e-01       5.202348296570e-01       1.240966116158e+02       3.948753655962e-02       8.686245756908e-01      -4.234921470078e-07      -1.987958076752e-02      -4.429630907986e-06      -1.984522156903e-02      -5.037624449303e-05 
       6.558431562524e-03      -7.302231082271e-01      -6.739383225010e+01      -6.748188568453e+01      -6.449109616907e-01      -6.734271604167e+01       5.159950301887e-01       5.159960852194e-01       1.349637713691e+02       4.294424342473e-02       8.615473891047e-01      -4.167073360512e-07      -2.142980442264e-02      -4.939031901470e-06      -2.141360503497e-02      -5.435185321477e-05 
       6.867519160582e-03      -7.686427386281e-01      -7.325615824124e+01      -7.336116558412e+01      -6.825712815769e-01      -7.320837113685e+01       5.115808635875e-01       5.115805988370e-01       1.467223311682e+02       4.668434832063e-02       8.541772415369e-01      -4.111191783211e-07      -2.314378902119e-02      -5.491268455079e-06      -2.320197332586e-02      -5.879881189625e-05 
       7.191171496729e-03      -8.239240600362e-01      -7.959330605765e+01      -7.971848800691e+01      -7.116274920573e-01      -7.955067871844e+01       5.069867761285e-01       5.069854262373e-01       1.594369760138e+02       5.072839837322e-02       8.465064838285e-01      -4.096751472644e-07      -2.527934245416e-02      -6.097142369850e-06      -2.535153575136e-02      -6.424654044332e-05 
       7.530072704257e-03      -8.050373086301e-01      -8.643861192350e+01      -8.658780400180e+01      -6.783590443456e-01      -8.640328691054e+01       5.022070825234e-01       5.022063912804e-01       1.731756080036e+02       5.509793083826e-02       8.385263643399e-01      -4.092976896647e-07      -2.773179050960e-02      -6.788129288717e-06      -2.769299272054e-02      -7.037665780470e-05 
       7.884936964503e-03      -7.269113035765e-01      -9.382707267317e+01      -9.400484259485e+01      -6.264463561875e-01      -9.380179149795e+01       4.972381464960e-01       4.972387318385e-01       1.880096851897e+02       5.981559793533e-02       8.302307043053e-01      -4.049918130117e-07      -3.010896028816e-02      -7.588988830276e-06      -2.997029341318e-02      -7.635004287017e-05 
       8.256508074902e-03      -7.068311292133e-01      -1.017950652506e+02      -1.020068375212e+02      -6.361287876112e-01      -1.017834136952e+02       4.920767290615e-01       4.920772043548e-01       2.040136750425e+02       6.490501670970e-02       8.216133202829e-01      -3.979073169853e-07      -3.238164675654e-02      -8.498168074828e-06      -3.232107716332e-02      -8.225451838273e-05 
       8.645557666719e-03      -7.654500228455e-01      -1.103803479821e+02      -1.106325176407e+02      -6.765142314567e-01      -1.103866588773e+02       4.867189647370e-01       4.867184262935e-01       2.212650352815e+02       7.039076335097e-02       8.126676601123e-01      -3.937809430399e-07      -3.507685405566e-02      -9.509022581687e-06      -3.512996246689e-02      -8.926124350902e-05 
       9.052881226195e-03      -7.680559357726e-01      -1.196216731688e+02      -1.199217936183e+02      -6.520904211110e-01      -1.196509581794e+02       4.811599269734e-01       4.811595027452e-01       2.398435872367e+02       7.629812157084e-02       8.033862195570e-01      -3.923936942458e-07      -3.835468706015e-02      -1.064436383095e-05      -3.829040522351e-02      -9.751935948241e-05 
       9.479290692733e-03      -6.855800674272e-01      -1.295583766435e+02      -1.299153754480e+02      -6.018708115640e-01      -1.296167231191e+02       4.753959774664e-01       4.753964396881e-01       2.598307508959e+02       8.265286437873e-02       7.937630719429e-01      -3.877071675377e-07      -4.157193996417e-02      -1.194376717600e-05      -4.135889001520e-02      -1.056322256940e-04 
       9.925601939390e-03      -6.780426610908e-01      -1.402299091086e+02      -1.406543289306e+02      -6.245331117786e-01      -1.403249421341e+02       4.694252598447e-01       4.694254869044e-01       2.813086578612e+02       8.948092763907e-02       7.837943654355e-01      -3.806209195935e-07      -4.464591215115e-02      -1.342725961283e-05      -4.459927833523e-02      -1.137113376262e-04 
       1.039261492092e-02      -7.254345022289e-01      -1.516745832245e+02      -1.521788109564e+02      -6.389371903875e-01      -1.518153325957e+02       4.632452112871e-01       4.632449010915e-01       3.043576219129e+02       9.680779533030e-02       7.734758553161e-01      -3.769006981925e-07      -4.840998212487e-02      -1.510649529510e-05      -4.844352196306e-02      -1.234555525909e-04 
       1.088108379590e-02      -7.036073874337e-01      -1.639292287981e+02      -1.645277524916e+02      -6.030284761474e-01      -1.641262385452e+02       4.568533498693e-01       4.568532713781e-01       3.290555049832e+02       1.046580088376e-01       7.628051504776e-01      -3.735169456805e-07      -5.258303361938e-02      -1.700904449373e-05      -5.246807429567e-02      -1.340766084121e-04 
       1.139167407410e-02      -6.513489367195e-01      -1.770260891727e+02      -1.777358214214e+02      -5.943452520133e-01      -1.772919922626e+02       4.502506207024e-01       4.502506717659e-01       3.554716428427e+02       1.130536839750e-01       7.517839760116e-01      -3.667342631514e-07      -5.652801028951e-02      -1.917339249511e-05      -5.649858414038e-02      -1.443326337475e-04 
       1.192490411388e-02      -6.505922040406e-01      -1.909909549316e+02      -1.918315733640e+02      -5.862495768540e-01      -1.913407337562e+02       4.434434222843e-01       4.434434032272e-01       3.836631467280e+02       1.220118237503e-01       7.404175126271e-01      -3.617684199844e-07      -6.102864808813e-02      -2.164608735767e-05      -6.101367416403e-02      -1.560058160310e-04 
       1.248106954268e-02      -6.393914379179e-01      -2.058411703912e+02      -2.068353505777e+02      -5.763889686849e-01      -2.062922211421e+02       4.364348822864e-01       4.364348883741e-01       4.136707011553e+02       1.315457357487e-01       7.287156832220e-01      -3.563661078878e-07      -6.579293395594e-02      -2.445592864188e-05      -6.577086935488e-02      -1.683490465493e-04 
       1.306015192574e-02      -6.296838848604e-01      -2.215808116213e+02      -2.227544649245e+02      -5.674024702024e-01      -2.221532627932e+02       4.292361157549e-01       4.292361108622e-01       4.455089298491e+02       1.416599286540e-01       7.166966881249e-01      -3.508638984487e-07      -7.084683376805e-02      -2.761486678748e-05      -7.082975601462e-02      -1.814882283311e-04 
       1.366171767776e-02      -6.184187206069e-01      -2.381978722014e+02      -2.395803393048e+02      -5.572482600234e-01      -2.389147523962e+02       4.218637731108e-01       4.218637741056e-01       4.791606786096e+02       1.523477659060e-01       7.043867306424e-01      -3.452920470513e-07      -7.619629289638e-02      -3.119595014200e-05      -7.617412521557e-02      -1.954266894512e-04 
       1.428481967396e-02      -6.073959632178e-01      -2.556587663060e+02      -2.572828449533e+02      -5.474126752766e-01      -2.565460794535e+02       4.143387634838e-01       4.143387633809e-01       5.145656899066e+02       1.635903639852e-01       6.918221329950e-01      -3.395455684265e-07      -8.181576267807e-02      -3.522762817466e-05      -8.179506377549e-02      -2.101126693943e-04 
       1.492792100706e-02      -5.961986634526e-01      -2.739061983668e+02      -2.758079813354e+02      -5.372831568962e-01      -2.749928260024e+02       4.066888575464e-01       4.066888575103e-01       5.516159626709e+02       1.753534849887e-01       6.790498820733e-01      -3.337250290782e-07      -8.769732303995e-02      -3.974763468133e-05      -8.767678757517e-02      -2.255313541127e-04 
       1.558886502105e-02      -5.848390495492e-01      -2.928585473955e+02      -2.950770254718e+02      -5.270599254138e-01      -2.941759620145e+02       3.989492233772e-01       3.989492234074e-01       5.901540509436e+02       1.875863366915e-01       6.661279209858e-01      -3.278732818503e-07      -9.381327247979e-02      -4.478103445667e-05      -9.379315366670e-02      -2.416162957181e-04 
       1.626491417422e-02      -5.734208674097e-01      -3.124103127820e+02      -3.149867916924e+02      -5.167671894352e-01      -3.139921321684e+02       3.911600850180e-01       3.911600850046e-01       6.299735833848e+02       2.002230019118e-01       6.531233533089e-01      -3.219712700398e-07      -1.001312233025e-01      -5.034572858162e-05      -1.001115050415e-01      -2.582899737715e-04 
       1.695286934301e-02      -5.619877405903e-01      -3.324359233672e+02      -3.354133211813e+02      -5.064653221967e-01      -3.343173572178e+02       3.833643352358e-01       3.833643352401e-01       6.708266423625e+02       2.131844042664e-01       6.401077488350e-01      -3.160640119849e-07      -1.066115316790e-01      -5.645244407330e-05      -1.065922012249e-01      -2.754546670296e-04 
       1.764926168430e-02      -5.506113194350e-01      -3.527984862790e+02      -3.562202045222e+02      -4.962138849081e-01      -3.550154079856e+02       3.756066176904e-01       3.756066176903e-01       7.124404090445e+02       2.263836942971e-01       6.271556561226e-01      -3.101869644619e-07      -1.132107815902e-01      -6.308767188420e-05      -1.131918465388e-01      -2.929997473445e-04 
       1.835058760363e-02      -5.393520528880e-01      -3.733570498256e+02      -3.772662681059e+02      -4.860675882749e-01      -3.759454107653e+02       3.679288732580e-01       3.679288732573e-01       7.545325362118e+02       2.397310423392e-01       6.143370915840e-01      -3.043752827010e-07      -1.198840697789e-01      -7.024503884075e-05      -1.198655214758e-01      -3.108119169534e-04 
       1.905354355797e-02      -5.282649164859e-01      -3.939768478172e+02      -3.984155663436e+02      -4.760767431947e-01      -3.969718603843e+02       3.603687855687e-01       3.603687855690e-01       7.968311326872e+02       2.531400421677e-01       6.017149679377e-01      -2.986484208384e-07      -1.265881874060e-01      -7.789186763191e-05      -1.265700209897e-01      -3.287779740332e-04 
       1.975521843946e-02      -5.173956538629e-01      -4.145361678739e+02      -4.195445857089e+02      -4.662821298271e-01      -4.179717580023e+02       3.529572896766e-01       3.529572896766e-01       8.390891714179e+02       2.665322594043e-01       5.893409305588e-01      -2.930381908633e-07      -1.332839212565e-01      -8.600037260460e-05      -1.332661296848e-01      -3.467955000773e-04 
       2.045321634933e-02      -5.067800587459e-01      -4.349330460504e+02      -4.405488492600e+02      -4.567160583235e-01      -4.388412173841e+02       3.457188156494e-01       3.457188156494e-01       8.810976985201e+02       2.798414408415e-01       5.772557614090e-01      -2.875515037696e-07      -1.399381463531e-01      -9.452091146388e-05      -1.399207204434e-01      -3.647738640989e-04 
       2.114570368999e-02      -4.964419917605e-01      -4.550852822712e+02      -4.613435782382e+02      -4.474000803313e-01      -4.594960238002e+02       3.386696264261e-01       3.386696264261e-01       9.226871564763e+02       2.930138799703e-01       5.654866113701e-01      -2.821862462270e-07      -1.465240096847e-01      -1.034127717021e-04      -1.465069399777e-01      -3.826395211821e-04 
       2.183139227336e-02      -4.863959099668e-01      -4.749315930960e+02      -4.818647846150e+02      -4.383471986066e-01      -4.798727339826e+02       3.318195229771e-01       3.318195229771e-01       9.637295692300e+02       3.060091006701e-01       5.540498325420e-01      -2.769940898128e-07      -1.530212738679e-01      -1.126374682774e-04      -1.530045503318e-01      -4.003358225716e-04 
       2.250947928866e-02      -4.766491470273e-01      -4.944309976126e+02      -5.020684780054e+02      -4.295640195379e-01      -4.999279126321e+02       3.251735191726e-01       3.251735191726e-01       1.004136956011e+03       3.187994092514e-01       5.429538042355e-01      -2.719376068857e-07      -1.594160923453e-01      -1.221560342057e-04      -1.593997046278e-01      -4.178220261407e-04 
       2.317956563857e-02      -4.672005355857e-01      -5.135559574102e+02      -5.219247823864e+02      -4.210494986180e-01      -5.196321068188e+02       3.187308003896e-01       3.187308003896e-01       1.043849564773e+03       3.313660115277e-01       5.321971618364e-01      -2.670283746666e-07      -1.656990679539e-01      -1.319350681803e-04      -1.656830057641e-01      -4.350693900848e-04 
       2.384156963309e-02      -4.580466406703e-01      -5.322951239847e+02      -5.414194557925e+02      -4.128005359863e-01      -5.389715555969e+02       3.124890216251e-01       3.124890216251e-01       1.082838911585e+03       3.437001297000e-01       5.217759928823e-01      -2.622506436924e-07      -1.718658116751e-01      -1.419337079092e-04      -1.718500648494e-01      -4.520605264918e-04 
       2.449564690182e-02      -4.491791140065e-01      -5.506450882717e+02      -5.605467130908e+02      -4.048096160556e-01      -5.579408577401e+02       3.064424407703e-01       3.064424407703e-01       1.121093426182e+03       3.557982838587e-01       5.116806941582e-01      -2.576254104188e-07      -1.779145832719e-01      -1.521158157257e-04      -1.778991419295e-01      -4.687854146687e-04 
       2.514212195473e-02      -4.405880782031e-01      -5.686106200773e+02      -5.793091793685e+02      -3.970678317061e-01      -5.765429701245e+02       3.005843516780e-01       3.005843516780e-01       1.158618358737e+03       3.676623753839e-01       5.019000821158e-01      -2.531294577188e-07      -1.838463330960e-01      -1.624527958425e-04      -1.838311876921e-01      -4.852419417648e-04 
       2.578143298704e-02      -4.322624985839e-01      -5.862021691910e+02      -5.977151122217e+02      -3.895652277679e-01      -5.947864790255e+02       2.949072830624e-01       2.949072830624e-01       1.195430224443e+03       3.792979119310e-01       4.924217046151e-01      -2.488717435243e-07      -1.896638145997e-01      -1.729247917308e-04      -1.896489559655e-01      -5.014338808111e-04 
       2.641408926964e-02      -4.241915370460e-01      -6.034343931438e+02      -6.157771079504e+02      -3.822920858954e-01      -6.126842807115e+02       2.894036112598e-01       2.894036112598e-01       1.231554215901e+03       3.907129400800e-01       4.832327453284e-01      -2.445254677949e-07      -1.953710506769e-01      -1.834869228374e-04      -1.953564700399e-01      -5.173642502801e-04 
       2.704063940089e-02      -4.163628556307e-01      -6.203235777674e+02      -6.335095120201e+02      -3.752372190651e-01      -6.302509983550e+02       2.840652413058e-01       2.840652413058e-01       1.267019024040e+03       4.019170201668e-01       4.743198122620e-01      -2.403773579650e-07      -2.009728211029e-01      -1.941325444089e-04      -2.009585100834e-01      -5.330439601147e-04 
       2.766164838054e-02      -4.087663330272e-01      -6.368891124019e+02      -6.509298412508e+02      -3.683915819887e-01      -6.475044098843e+02       2.788849399944e-01       2.788849399944e-01       1.301859682502e+03       4.129212160877e-01       4.656707013506e-01      -2.363751069824e-07      -2.064746574413e-01      -2.048392526474e-04      -2.064606080439e-01      -5.484833302976e-04 
       2.827768155684e-02      -4.013912139019e-01      -6.531516125912e+02      -6.680564891667e+02      -3.617454009048e-01      -6.644632231577e+02       2.738556935461e-01       2.738556935461e-01       1.336112978333e+03       4.237377242446e-01       4.572738293680e-01      -2.325011750418e-07      -2.118826575631e-01      -2.155417747344e-04      -2.118688621223e-01      -5.636873672946e-04 
       2.888929376710e-02      -3.942270747768e-01      -6.691293807634e+02      -6.849065794228e+02      -3.552893681080e-01      -6.811447147519e+02       2.689700641900e-01       2.689700641900e-01       1.369813158846e+03       4.343772582736e-01       4.491166484395e-01      -2.286463182782e-07      -2.172021778846e-01      -2.262670035677e-04      -2.171886291368e-01      -5.786736884992e-04 
       2.949702230981e-02      -3.872651207888e-01      -6.848453690773e+02      -7.015005367252e+02      -3.490154757737e-01      -6.975696678536e+02       2.642223938023e-01       2.642223938023e-01       1.403001073450e+03       4.448533780760e-01       4.411898449293e-01      -2.250052039724e-07      -2.224399980938e-01      -2.369663952017e-04      -2.224266890380e-01      -5.934516299607e-04 
       3.010138268639e-02      -3.804965320846e-01      -7.003186342278e+02      -7.178561369572e+02      -3.429158549801e-01      -7.137560260676e+02       2.596063249542e-01       2.596063249542e-01       1.435712273914e+03       4.551771897169e-01       4.334826717758e-01      -2.212793617862e-07      -2.276016708814e-01      -2.476206463751e-04      -2.275885948584e-01      -6.080320510848e-04 
       3.070286630818e-02      -3.739126568757e-01      -7.155688370607e+02      -7.339915681676e+02      -3.369826561142e-01      -7.297221745334e+02       2.551162110286e-01       2.551162110286e-01       1.467983136335e+03       4.653606522555e-01       4.259857986314e-01      -2.177319295569e-07      -2.326931755035e-01      -2.582343886436e-04      -2.326803261278e-01      -6.224306318517e-04 
       3.130193957039e-02      -3.675077423964e-01      -7.306202666134e+02      -7.499281501819e+02      -3.312107006497e-01      -7.454898592418e+02       2.507480612899e-01       2.507480612899e-01       1.499856300364e+03       4.754175683270e-01       4.186925390951e-01      -2.142542723326e-07      -2.377214130789e-01      -2.687231409095e-04      -2.377087841635e-01      -6.366513731340e-04 
       3.189904385593e-02      -3.612736448498e-01      -7.454897745189e+02      -7.656818254780e+02      -3.255926462541e-01      -7.610751354818e+02       2.464963707437e-01       2.464963707437e-01       1.531363650956e+03       4.853582185938e-01       4.115937191276e-01      -2.110003577194e-07      -2.426915236581e-01      -2.791083269538e-04      -2.426791092969e-01      -6.507104933154e-04 
       3.249459615342e-02      -3.552047216307e-01      -7.601978141575e+02      -7.812710746469e+02      -3.201234602805e-01      -7.764967588941e+02       2.423570587815e-01       2.423570587815e-01       1.562542149294e+03       4.951942885205e-01       4.046824360038e-01      -2.075690818985e-07      -2.476093497549e-01      -2.893576836254e-04      -2.475971442603e-01      -6.646175407320e-04 
       3.308899006411e-02      -3.492963222306e-01      -7.747682389937e+02      -7.967170942299e+02      -3.147988736829e-01      -7.917763033876e+02       2.383272914472e-01       2.383272914472e-01       1.593434188460e+03       5.049399193615e-01       3.979540893604e-01      -2.044494814523e-07      -2.524819618734e-01      -2.994367758476e-04      -2.524699596807e-01      -6.783847938033e-04 
       3.368259703912e-02      -3.435425119624e-01      -7.892175960569e+02      -8.120351481044e+02      -3.096136141360e-01      -8.069292056486e+02       2.344026862278e-01       2.344026862278e-01       1.624070296209e+03       5.146045421897e-01       3.914012325133e-01      -2.011345737708e-07      -2.573140753100e-01      -3.093113421453e-04      -2.573022710949e-01      -6.920186694642e-04 
       3.427576773646e-02      -3.379387706574e-01      -8.035675298185e+02      -8.272445244713e+02      -3.045635413416e-01      -8.219750876221e+02       2.305804862013e-01       2.305804862013e-01       1.654489048943e+03       5.242010600651e-01       3.850193869098e-01      -1.981749689131e-07      -2.621121414694e-01      -3.190070800837e-04      -2.621005300325e-01      -7.055393337023e-04 
       3.486883342232e-02      -3.324814410097e-01      -8.178381809869e+02      -8.423634812468e+02      -2.996454282174e-01      -8.369324685677e+02       2.268578687141e-01       2.268578687141e-01       1.684726962494e+03       5.337408509730e-01       3.788037142242e-01      -1.949915671568e-07      -2.668818491868e-01      -3.284496105524e-04      -2.668704254865e-01      -7.189493432631e-04 
       3.546210736590e-02      -3.271651013868e-01      -8.320465029571e+02      -8.574070364414e+02      -2.948543301606e-01      -8.518166421686e+02       2.232314068815e-01       2.232314068815e-01       1.714814072883e+03       5.432340134543e-01       3.727485970169e-01      -1.920098047651e-07      -2.716282475732e-01      -3.376306531787e-04      -2.716170067272e-01      -7.322600245745e-04 
       3.605588619481e-02      -3.219867752382e-01      -8.462134115849e+02      -8.723940149143e+02      -2.901875891055e-01      -8.666467262530e+02       2.196989587470e-01       2.196989587470e-01       1.744788029829e+03       5.526925792784e-01       3.668504160541e-01      -1.890932235507e-07      -2.763573523995e-01      -3.465092738531e-04      -2.763462896392e-01      -7.454799999511e-04 
       3.665045119063e-02      -3.169426966515e-01      -8.603580063199e+02      -8.873413505944e+02      -2.856417877487e-01      -8.814399629650e+02       2.162580700639e-01       2.162580700639e-01       1.774682701189e+03       5.621277003316e-01       3.611051173121e-01      -1.862203844129e-07      -2.810747394901e-01      -3.550729172865e-04      -2.810638501658e-01      -7.586212429253e-04 
       3.724606951266e-02      -3.120312436413e-01      -8.745032684156e+02      -9.022697275456e+02      -2.812155282358e-01      -8.962173582265e+02       2.129073625150e-01       2.129073625150e-01       1.804539455091e+03       5.715523488984e-01       3.555102937485e-01      -1.834322389761e-07      -2.857868949006e-01      -3.633040854480e-04      -2.857761744492e-01      -7.716972301199e-04 
       3.784299534431e-02      -3.072477010297e-01      -8.886647614877e+02      -9.171928341048e+02      -2.769045024760e-01      -9.109928691062e+02       2.096438795282e-01       2.096438795282e-01       1.834385668210e+03       5.809758048210e-01       3.500611093630e-01      -1.806970707385e-07      -2.904984584177e-01      -3.711721368465e-04      -2.904879024105e-01      -7.847147548635e-04 
       3.844147096019e-02      -3.025893831715e-01      -9.028621569905e+02      -9.321279958494e+02      -2.727063010619e-01      -9.257841569838e+02       2.064657223128e-01       2.064657223128e-01       1.864255991699e+03       5.904092238292e-01       3.447543690380e-01      -1.779861686173e-07      -2.952150078096e-01      -3.786018963867e-04      -2.952046119146e-01      -7.976759718225e-04 
       3.904172771505e-02      -2.980545058726e-01      -9.171172248208e+02      -9.470952269942e+02      -2.686193326292e-01      -9.406114741650e+02       2.033716527783e-01       2.033716527783e-01       1.894190453988e+03       5.998654613833e-01       3.395879945201e-01      -1.753711061503e-07      -2.999429707347e-01      -3.856665650006e-04      -2.999327306916e-01      -8.106084418049e-04 
       3.964398695723e-02      -2.936398090088e-01      -9.314476750816e+02      -9.621097247547e+02      -2.646406497379e-01      -9.554903838802e+02       2.003594662650e-01       2.003594662650e-01       1.924219449509e+03       6.093544674626e-01       3.345583134453e-01      -1.727854076160e-07      -3.046873220763e-01      -3.922832077480e-04      -3.046772337313e-01      -8.235115916173e-04 
       4.024846087044e-02      -2.893431944362e-01      -9.458736472594e+02      -9.771899642216e+02      -2.607683639657e-01      -9.704395878674e+02       1.974277231824e-01       1.974277231824e-01       1.954379928443e+03       6.188881393796e-01       3.296629188198e-01      -1.702591513100e-07      -3.094540104167e-01      -3.984208558934e-04      -3.094440696898e-01      -8.363954400261e-04 
       4.085535324819e-02      -2.851619053773e-01      -9.604136533410e+02      -9.923519072784e+02      -2.569999919665e-01      -9.854754184343e+02       1.945745503749e-01       1.945745503749e-01       1.984703814557e+03       6.284768894112e-01       3.248986852416e-01      -1.677790461939e-07      -3.142482417989e-01      -4.040681319055e-04      -3.142384447056e-01      -8.492712199775e-04 
       4.146486020563e-02      -2.810939187386e-01      -9.750879261697e+02      -1.007613804659e+03      -2.533337092663e-01      -1.000616403265e+03       1.917985764681e-01       1.917985764681e-01       2.015227609318e+03       6.381325349286e-01       3.202633261492e-01      -1.653573095451e-07      -3.190759248391e-01      -4.091951258662e-04      -3.190662674643e-01      -8.621490149384e-04 
       4.207717083329e-02      -2.771358189724e-01      -9.899108478550e+02      -1.022988750206e+03      -2.497664460592e-01      -1.015875813892e+03       1.890974723967e-01       1.890974723967e-01       2.045977500412e+03       6.478635167480e-01       3.157529509218e-01      -1.629785405481e-07      -3.239412798222e-01      -4.138576335434e-04      -3.239317583740e-01      -8.750481348470e-04 
       4.269246779746e-02      -2.732861388222e-01      -1.004904763793e+03      -1.038496727042e+03      -2.462968512498e-01      -1.031273966824e+03       1.864703108321e-01       1.864703108321e-01       2.076993454085e+03       6.576829437993e-01       3.113660427426e-01      -1.606463090291e-07      -3.288508611788e-01      -4.178845252645e-04      -3.288414718997e-01      -8.879581178342e-04 
       4.331092789152e-02      -2.695433538187e-01      -1.020089900496e+03      -1.054156188078e+03      -2.429236098843e-01      -1.046829558810e+03       1.839158477880e-01       1.839158477880e-01       2.108312376156e+03       6.676022925060e-01       3.071004424223e-01      -1.583774715260e-07      -3.338104070376e-01      -4.213761744507e-04      -3.338011462530e-01      -9.009090648492e-04 
       4.393272254233e-02      -2.659037700376e-01      -1.035480389163e+03      -1.069979254294e+03      -2.396433454829e-01      -1.062555003695e+03       1.814317676143e-01       1.814317676143e-01       2.139958508588e+03       6.776298829817e-01       3.029523628331e-01      -1.561454318202e-07      -3.388240773514e-01      -4.242861904342e-04      -3.388149414908e-01      -9.139041004173e-04 
       4.455801827569e-02      -2.623644743922e-01      -1.051089259740e+03      -1.085979456638e+03      -2.364534463741e-01      -1.078463728364e+03       1.790160412569e-01       1.790160412569e-01       2.171958913277e+03       6.877741779358e-01       2.989183988292e-01      -1.539593559285e-07      -3.438961033668e-01      -4.266260565082e-04      -3.438870889679e-01      -9.269556064948e-04 
       4.518697714421e-02      -2.589247031427e-01      -1.066942270274e+03      -1.102178247812e+03      -2.333532269065e-01      -1.094577821230e+03       1.766681249208e-01       1.766681249208e-01       2.204356495624e+03       6.980492031074e-01       2.949976342771e-01      -1.518245690989e-07      -3.490334979267e-01      -4.283287626566e-04      -3.490246015537e-01      -9.400706074910e-04 
       4.581975712116e-02      -2.555808108828e-01      -1.083049345649e+03      -1.118586067295e+03      -2.303393975286e-01      -1.110907621379e+03       1.743855556889e-01       1.743855556889e-01       2.237172134591e+03       7.084615908942e-01       2.911859657717e-01      -1.497346616291e-07      -3.542395771061e-01      -4.293684194779e-04      -3.542307954471e-01      -9.532533344610e-04 
       4.645651246315e-02      -2.523298410407e-01      -1.099424524256e+03      -1.135215505085e+03      -2.274092912178e-01      -1.127465922582e+03       1.721663769435e-01       1.721663769435e-01       2.270431010171e+03       7.190196174151e-01       2.874801468637e-01      -1.477797493112e-07      -3.595184788620e-01      -4.298569126471e-04      -3.595098087076e-01      -9.665316908966e-04 
       4.709739404439e-02      -2.491704850972e-01      -1.116086953921e+03      -1.152084668896e+03      -2.245617637569e-01      -1.144270961875e+03       1.700095193335e-01       1.700095193335e-01       2.304169337792e+03       7.297344799049e-01       2.838783249437e-01      -1.456767752015e-07      -3.648758017508e-01      -4.296909040921e-04      -3.648672399524e-01      -9.799034644363e-04 
       4.774254966524e-02      -2.460991013633e-01      -1.133046353620e+03      -1.169203445122e+03      -2.217934945184e-01      -1.161332580802e+03       1.679126848949e-01       1.679126848949e-01       2.338406890244e+03       7.406128884980e-01       2.803767342720e-01      -1.437185233972e-07      -3.703149007322e-01      -4.288869397090e-04      -3.703064442490e-01      -9.933796400333e-04 
       4.839212433710e-02      -2.431124204288e-01      -1.150313638357e+03      -1.186581122454e+03      -2.191015405549e-01      -1.178660305961e+03       1.658736461355e-01       1.658736461355e-01       2.373162244908e+03       7.516609187445e-01       2.769716556301e-01      -1.418773683253e-07      -3.758388134663e-01      -4.274707258729e-04      -3.758304593723e-01      -1.006971848310e-03 
       4.904626054591e-02      -2.402083965187e-01      -1.167901247885e+03      -1.204231587784e+03      -2.164840965213e-01      -1.196267770966e+03       1.638908484743e-01       1.638908484743e-01       2.408463175569e+03       7.628868328439e-01       2.736604312202e-01      -1.399180967654e-07      -3.814516709637e-01      -4.254420682094e-04      -3.814434164220e-01      -1.020690391229e-03 
       4.970509849602e-02      -2.373838640658e-01      -1.185820716966e+03      -1.222164647975e+03      -2.139382719160e-01      -1.214165035559e+03       1.619623028705e-01       1.619623028705e-01       2.444329295949e+03       7.742974822180e-01       2.704398056125e-01      -1.380841188665e-07      -3.871568988439e-01      -4.227902027872e-04      -3.871487411090e-01      -1.034542145183e-03 
       5.036877633628e-02      -2.346357032943e-01      -1.204078699105e+03      -1.240388457862e+03      -2.114612702606e-01      -1.232360003550e+03       1.600858284776e-01       1.600858284776e-01       2.480776915724e+03       7.858977525306e-01       2.673061162586e-01      -1.362936866285e-07      -3.929569398240e-01      -4.195332565505e-04      -3.929488762653e-01      -1.048536064570e-03 
       5.103743036975e-02      -2.319599983682e-01      -1.222677904092e+03      -1.258906416545e+03      -2.090495649955e-01      -1.250855959418e+03       1.582587715905e-01       1.582587715905e-01       2.517812833089e+03       7.976897698715e-01       2.642549374095e-01      -1.345348808736e-07      -3.988528568114e-01      -4.157471448253e-04      -3.988448849358e-01      -1.062686717119e-03 
       5.171119524854e-02      -2.293541538480e-01      -1.241626775767e+03      -1.277727812125e+03      -2.067008152155e-01      -1.269662041277e+03       1.564793625934e-01       1.564793625934e-01       2.555455624251e+03       8.096793577435e-01       2.612833150834e-01      -1.328110225520e-07      -4.048475614695e-01      -4.113857965856e-04      -4.048396788718e-01      -1.076994158870e-03 
       5.239020415505e-02      -2.268139347053e-01      -1.260923127365e+03      -1.296852113408e+03      -2.044112069198e-01      -1.288777458981e+03       1.547447168651e-01       1.547447168651e-01       2.593704226817e+03       8.218660134842e-01       2.583864335590e-01      -1.311342064193e-07      -4.109408023193e-01      -4.064848793383e-04      -4.109330067421e-01      -1.091463354944e-03 
       5.307458897075e-02      -2.243371419055e-01      -1.280574781540e+03      -1.316289167530e+03      -2.021787621643e-01      -1.308211723324e+03       1.530533480302e-01       1.530533480302e-01       2.632578335061e+03       8.342558223775e-01       2.555618145876e-01      -1.294879218605e-07      -4.171356219241e-01      -4.011512855043e-04      -4.171279111888e-01      -1.106118689345e-03 
       5.376448043353e-02      -2.219191531096e-01      -1.300574900783e+03      -1.336033604005e+03      -1.999993130072e-01      -1.327959243554e+03       1.514021046494e-01       1.514021046494e-01       2.672067208010e+03       8.468452260421e-01       2.528041972973e-01      -1.278779772007e-07      -4.234302409353e-01      -3.953364701061e-04      -4.234226130210e-01      -1.120948092984e-03 
       5.446000828457e-02      -2.195565178106e-01      -1.320920426142e+03      -1.356085553214e+03      -1.978697532518e-01      -1.348019649051e+03       1.497886425872e-01       1.497886425872e-01       2.712171106429e+03       8.596340035503e-01       2.501096699820e-01      -1.263066056188e-07      -4.298245487677e-01      -3.891315301339e-04      -4.298170017752e-01      -1.135965584277e-03 
       5.516130140571e-02      -2.172452311016e-01      -1.341604465767e+03      -1.376440390002e+03      -1.957864653784e-01      -1.368387967439e+03       1.482102720242e-01       1.482102720242e-01       2.752880780004e+03       8.726191242066e-01       2.474737573999e-01      -1.248068833365e-07      -4.363170299394e-01      -3.825536825658e-04      -4.363095621033e-01      -1.151170072780e-03 
       5.586848794792e-02      -2.149818420126e-01      -1.362618738075e+03      -1.397094286126e+03      -1.937463677566e-01      -1.389059678451e+03       1.466645423483e-01       1.466645423483e-01       2.794188572253e+03       8.857973587736e-01       2.448923287480e-01      -1.232489142664e-07      -4.429060696981e-01      -3.757248934651e-04      -4.428986793868e-01      -1.166576662782e-03 
       5.658169545170e-02      -2.127631377266e-01      -1.383958286841e+03      -1.418044990612e+03      -1.917465393710e-01      -1.410032110581e+03       1.451493673902e-01       1.451493673902e-01       2.836089981224e+03       8.991673684256e-01       2.423619419575e-01      -1.217687969729e-07      -4.495909985329e-01      -3.686170114090e-04      -4.495836842128e-01      -1.182179260333e-03 
       5.730105096009e-02      -2.105831259927e-01      -1.405594440260e+03      -1.439269066285e+03      -1.897815907038e-01      -1.431281048749e+03       1.436606413603e-01       1.436606413603e-01       2.878538132569e+03       9.127136416203e-01       2.398757328419e-01      -1.203210987980e-07      -4.563640604600e-01      -3.613645486085e-04      -4.563568208102e-01      -1.197979574117e-03 
       5.802668112475e-02      -2.084397332644e-01      -1.427523227671e+03      -1.460766946799e+03      -1.878496535718e-01      -1.452806234280e+03       1.421969507366e-01       1.421969507366e-01       2.921533893597e+03       9.264360175456e-01       2.374313414160e-01      -1.188966733677e-07      -4.632251750017e-01      -3.539972692539e-04      -4.632180087728e-01      -1.213982075437e-03 
       5.875871230577e-02      -2.063281409985e-01      -1.449720087432e+03      -1.482518540326e+03      -1.859463879970e-01      -1.474586911250e+03       1.407550171202e-01       1.407550171202e-01       2.965037080653e+03       9.403212887133e-01       2.350232958880e-01      -1.174995941811e-07      -4.701677382458e-01      -3.466241124366e-04      -4.701606443567e-01      -1.230187341633e-03 
       5.949727066567e-02      -2.042445905114e-01      -1.472164073736e+03      -1.504508722142e+03      -1.840684059984e-01      -1.496607069353e+03       1.393322821488e-01       1.393322821488e-01       3.009017444283e+03       9.543592728692e-01       2.326473265414e-01      -1.161284735749e-07      -4.771866589361e-01      -3.392811239177e-04      -4.771796364346e-01      -1.246588297331e-03 
       6.024248225797e-02      -2.021850815967e-01      -1.494829693859e+03      -1.526718273656e+03      -1.822121047912e-01      -1.518846540973e+03       1.379260256735e-01       1.379260256735e-01       3.053436547311e+03       9.685371423683e-01       2.302988937842e-01      -1.147825841468e-07      -4.842755231106e-01      -3.320868012841e-04      -4.842685711842e-01      -1.263187496075e-03 
       6.099447311085e-02      -2.001452249888e-01      -1.517686234794e+03      -1.549122147549e+03      -1.803735309766e-01      -1.541279436231e+03       1.365332586785e-01       1.365332586785e-01       3.098244295098e+03       9.828384123136e-01       2.279730079454e-01      -1.134572249379e-07      -4.914260881681e-01      -3.251506835810e-04      -4.914192061568e-01      -1.279981510974e-03 
       6.175336930616e-02      -1.981218532042e-01      -1.540708111812e+03      -1.571702064739e+03      -1.785498286789e-01      -1.563886363299e+03       1.351518248145e-01       1.351518248145e-01       3.143404129477e+03       9.972507480286e-01       2.256660703054e-01      -1.121531604536e-07      -4.986321866619e-01      -3.185045847760e-04      -4.986253740143e-01      -1.296959912063e-03 
       6.251929705421e-02      -1.961105907717e-01      -1.563858395132e+03      -1.594427499536e+03      -1.767370580509e-01      -1.586635848276e+03       1.337787471327e-01       1.337787471327e-01       3.188854999073e+03       1.011754114321e+00       2.233731119371e-01      -1.108706727926e-07      -5.058838008427e-01      -3.123136581942e-04      -5.058770571605e-01      -1.314123560281e-03 
       6.329238276460e-02      -1.941080717566e-01      -1.587103795281e+03      -1.617273033846e+03      -1.749321860762e-01      -1.609501284895e+03       1.324117325175e-01       1.324117325175e-01       3.234546067692e+03       1.026331571956e+00       2.210903048719e-01      -1.096076266190e-07      -5.131724609771e-01      -3.066554585112e-04      -5.131657859782e-01      -1.331463443763e-03 
       6.407275311340e-02      -1.921104697351e-01      -1.610405443765e+03      -1.640206337556e+03      -1.731317637295e-01      -1.632449377134e+03       1.310481762272e-01       1.310481762272e-01       3.280412675111e+03       1.040961930893e+00       2.188133018919e-01      -1.083580822500e-07      -5.204875719127e-01      -3.016002815679e-04      -5.204809654464e-01      -1.348964096123e-03 
       6.486053510691e-02      -1.901142012028e-01      -1.633722194401e+03      -1.663194292693e+03      -1.713325596449e-01      -1.655445808676e+03       1.296856553811e-01       1.296856553811e-01       3.326388585387e+03       1.055623421875e+00       2.165380650844e-01      -1.071453426245e-07      -5.278182488988e-01      -2.972877020924e-04      -5.278117109375e-01      -1.366620197002e-03 
       6.565585614227e-02      -1.881162036844e-01      -1.657013170320e+03      -1.686204238243e+03      -1.695318249765e-01      -1.678456689841e+03       1.283220315823e-01       1.283220315823e-01       3.372408476487e+03       1.070294226163e+00       2.142610048745e-01      -1.059088654290e-07      -5.351535824550e-01      -2.937794830304e-04      -5.351471130817e-01      -1.384414155906e-03 
       6.645884406518e-02      -1.861131748438e-01      -1.680234097002e+03      -1.709199568626e+03      -1.677265737888e-01      -1.701444279658e+03       1.269551103867e-01       1.269551103867e-01       3.418399137251e+03       1.084950566839e+00       2.119784788649e-01      -1.047031241637e-07      -5.424816840125e-01      -2.912415620744e-04      -5.424752834196e-01      -1.402342278149e-03 
       6.726962722477e-02      -1.841025930794e-01      -1.703343334605e+03      -1.732146567887e+03      -1.659145377661e-01      -1.724373681333e+03       1.255831477264e-01       1.255831477264e-01       3.464293135775e+03       1.099570107802e+00       2.096875660048e-01      -1.035106705741e-07      -5.497913854325e-01      -2.897180882004e-04      -5.497850539011e-01      -1.420383562149e-03 
       6.808833452604e-02      -1.820813323691e-01      -1.726290831776e+03      -1.755003257364e+03      -1.640929005389e-01      -1.747201727503e+03       1.242040183350e-01       1.242040183350e-01       3.510006514727e+03       1.114125377726e+00       2.073847198603e-01      -1.023250722717e-07      -5.570689509436e-01      -2.893614869857e-04      -5.570626888632e-01      -1.438527574647e-03 
       6.891509547984e-02      -1.800470598091e-01      -1.749031353922e+03      -1.777731741507e+03      -1.622595568435e-01      -1.769889441448e+03       1.228161363539e-01       1.228161363539e-01       3.555463483013e+03       1.128591587557e+00       2.050672950361e-01      -1.011486412135e-07      -5.643019859399e-01      -2.902145676049e-04      -5.642957937784e-01      -1.456750035481e-03 
       6.975004025066e-02      -1.779978703049e-01      -1.771520313334e+03      -1.800295211085e+03      -1.604127945093e-01      -1.792398861731e+03       1.214181885429e-01       1.214181885429e-01       3.600590422170e+03       1.142944483481e+00       2.027330930992e-01      -9.998328575246e-08      -5.714783634471e-01      -2.924193315440e-04      -5.714722417406e-01      -1.475042899629e-03 
       7.059329970233e-02      -1.759316577905e-01      -1.793709514451e+03      -1.822652192564e+03      -1.585507106212e-01      -1.814687537239e+03       1.200087480404e-01       1.200087480404e-01       3.645304385129e+03       1.157157089926e+00       2.003797360614e-01      -9.882213422476e-08      -5.785845956089e-01      -2.959893360372e-04      -5.785785449630e-01      -1.493374563080e-03 
       7.144500544176e-02      -1.738471926557e-01      -1.815556594084e+03      -1.844767252600e+03      -1.566721982245e-01      -1.836719013084e+03       1.185869736225e-01       1.185869736225e-01       3.689534505200e+03       1.171206179978e+00       1.980058182174e-01      -9.766804425816e-08      -5.856090689255e-01      -3.010440143722e-04      -5.856030899889e-01      -1.511734722689e-03 
       7.230528986090e-02      -1.717430055313e-01      -1.837014259409e+03      -1.866599900875e+03      -1.547759345944e-01      -1.858451806888e+03       1.171518551934e-01       1.171518551934e-01       3.733199801749e+03       1.185065292756e+00       1.956096500614e-01      -9.651395432797e-08      -5.925385529056e-01      -3.076783715280e-04      -5.925326463779e-01      -1.530105199396e-03 
       7.317428617696e-02      -1.696187641914e-01      -1.858047146048e+03      -1.888119327311e+03      -1.528616169861e-01      -1.879854451336e+03       1.157031663994e-01       1.157031663994e-01       3.776238654622e+03       1.198714411284e+00       1.931908545765e-01      -9.536798649963e-08      -5.993630390519e-01      -3.158909831725e-04      -5.993572056420e-01      -1.548460739735e-03 
       7.405212847100e-02      -1.674736541399e-01      -1.878611735791e+03      -1.909287735658e+03      -1.509285124279e-01      -1.900888322716e+03       1.142403480837e-01       1.142403480837e-01       3.818575471317e+03       1.212128920555e+00       1.907484966958e-01      -9.422220206129e-08      -6.060702198325e-01      -3.257964900201e-04      -6.060644602777e-01      -1.566788552920e-03 
       7.493895172510e-02      -1.653079268074e-01      -1.898677031656e+03      -1.930076981045e+03      -1.489768455122e-01      -1.921524881176e+03       1.127635630892e-01       1.127635630892e-01       3.860153962090e+03       1.225290619965e+00       1.882828459607e-01      -9.307826644763e-08      -6.126509949550e-01      -3.373677108442e-04      -6.126453099824e-01      -1.585061615900e-03 
       7.583489185804e-02      -1.631218907700e-01      -1.918210817901e+03      -1.950458701438e+03      -1.470068926457e-01      -1.941735212848e+03       1.112730178682e-01       1.112730178682e-01       3.900917402875e+03       1.238181092415e+00       1.857942461777e-01      -9.193709053185e-08      -6.190961558834e-01      -3.506185525905e-04      -6.190905462077e-01      -1.603259082252e-03 
       7.674008575965e-02      -1.609161327848e-01      -1.937185239672e+03      -1.970406257777e+03      -1.450191840207e-01      -1.961492537781e+03       1.097690997166e-01       1.097690997166e-01       3.940812515554e+03       1.250783217817e+00       1.832833393934e-01      -9.079358619749e-08      -6.253971425921e-01      -3.655985489246e-04      -6.253916089083e-01      -1.621367317489e-03 
       7.765467132399e-02      -1.586921742764e-01      -1.955583534886e+03      -1.989904250112e+03      -1.430150850976e-01      -1.980781271060e+03       1.082528528770e-01       1.082528528770e-01       3.979808500223e+03       1.263087153823e+00       1.807518727308e-01      -8.964744104948e-08      -6.315490339645e-01      -3.822552469459e-04      -6.315435769117e-01      -1.639365781473e-03 
       7.857878748124e-02      -1.564516083484e-01      -1.973392035148e+03      -2.008937434043e+03      -1.409960337544e-01      -1.999586444349e+03       1.067253376961e-01       1.067253376961e-01       4.017874868086e+03       1.275083225207e+00       1.782016074168e-01      -8.850749798189e-08      -6.375469924408e-01      -4.005444852466e-04      -6.375416126034e-01      -1.657235451443e-03 
       7.951257422856e-02      -1.541962170858e-01      -1.990600431031e+03      -2.027493963961e+03      -1.389636329307e-01      -2.017896475465e+03       1.051877710539e-01       1.051877710539e-01       4.054987927921e+03       1.286764097234e+00       1.756345764786e-01      -8.736649373512e-08      -6.433873507179e-01      -4.204498436509e-04      -6.433820486168e-01      -1.674964576939e-03 
       8.045617265987e-02      -1.519287138243e-01      -2.007213491970e+03      -2.045574595897e+03      -1.369203249180e-01      -2.035712749162e+03       1.036419930144e-01       1.036419930144e-01       4.091149191795e+03       1.298130630144e+00       1.730538494741e-01      -8.622613470481e-08      -6.490705390119e-01      -4.418443402788e-04      -6.490653150721e-01      -1.692534309046e-03 
       8.140972499466e-02      -1.496517570671e-01      -2.023237774519e+03      -2.063181067716e+03      -1.348685052055e-01      -2.053037756622e+03       1.020898010189e-01       1.020898010189e-01       4.126362135433e+03       1.309184339996e+00       1.704624224156e-01      -8.508484343000e-08      -6.545973154437e-01      -4.646435600684e-04      -6.545921699978e-01      -1.709933298773e-03 
       8.237337460583e-02      -1.473687494504e-01      -2.038694402110e+03      -2.080327497954e+03      -1.328112366419e-01      -2.069886689714e+03       1.005335111646e-01       1.005335111646e-01       4.160654995908e+03       1.319934921765e+00       1.678641617872e-01      -8.394555012301e-08      -6.599725276221e-01      -4.887204093483e-04      -6.599674608826e-01      -1.727153726053e-03 
       8.334726604670e-02      -1.450830671183e-01      -2.053608338126e+03      -2.097030354364e+03      -1.307515610044e-01      -2.086277319174e+03       9.897541091074e-02       9.897541091074e-02       4.194060708727e+03       1.330393629851e+00       1.652628820651e-01      -8.280360044457e-08      -6.652018028635e-01      -5.139494772920e-04      -6.651968149257e-01      -1.744189985513e-03 
       8.433154507717e-02      -1.427985791907e-01      -2.068016689454e+03      -2.113316672865e+03      -1.286929604719e-01      -2.102238211413e+03       9.741813349012e-02       9.741813349012e-02       4.226633345731e+03       1.340578678660e+00       1.626629791720e-01      -8.165623224525e-08      -6.702942485080e-01      -5.401140799444e-04      -6.702893393301e-01      -1.761030851859e-03 
       8.532635868907e-02      -1.405194599714e-01      -2.081966487700e+03      -2.129221886491e+03      -1.266391982482e-01      -2.117806554043e+03       9.586450960252e-02       9.586450960252e-02       4.258443772982e+03       1.350513671142e+00       1.600691737076e-01      -8.053161140823e-08      -6.752616661739e-01      -5.671393292031e-04      -6.752568355709e-01      -1.777694089796e-03 
       8.633185513081e-02      -1.382503543344e-01      -2.095520321059e+03      -2.144793398730e+03      -1.245944525333e-01      -2.133032045711e+03       9.431770499580e-02       9.431770499580e-02       4.289586797460e+03       1.360230329623e+00       1.574867526197e-01      -7.942454198556e-08      -6.801199171899e-01      -5.946673047049e-04      -6.801151648114e-01      -1.794163204574e-03 
       8.734818393131e-02      -1.359956540530e-01      -2.108739641373e+03      -2.160079716151e+03      -1.225626916757e-01      -2.147965134480e+03       9.278065999589e-02       9.278065999589e-02       4.320159432302e+03       1.369760364667e+00       1.549206044741e-01      -7.825832900710e-08      -6.848848569845e-01      -6.226005429881e-04      -6.848801823333e-01      -1.810462559048e-03 
       8.837549592326e-02      -1.337600186004e-01      -2.121703062667e+03      -2.175140976765e+03      -1.205480973441e-01      -2.162668746378e+03       9.125659606101e-02       9.125659606101e-02       4.350281953531e+03       1.379144304360e+00       1.523761267717e-01      -7.713028783866e-08      -6.895767497712e-01      -6.505596889512e-04      -6.895721521800e-01      -1.826583295113e-03 
       8.941394326581e-02      -1.315483024817e-01      -2.134495979316e+03      -2.190045897839e+03      -1.185550477672e-01      -2.177214088156e+03       8.974879528166e-02       8.974879528166e-02       4.380091795679e+03       1.388427314347e+00       1.498587891375e-01      -7.599985108603e-08      -6.942181785383e-01      -6.783509933625e-04      -6.942136571736e-01      -1.842551489443e-03 
       9.046367946662e-02      -1.293658088008e-01      -2.147222884251e+03      -2.204877543247e+03      -1.165883230097e-01      -2.191687432346e+03       8.826085060488e-02       8.826085060488e-02       4.409755086494e+03       1.397664192396e+00       1.473745824503e-01      -7.488861448931e-08      -6.988365423527e-01      -7.057005667941e-04      -6.988320961979e-01      -1.858392694619e-03 
       9.152485940339e-02      -1.272169860976e-01      -2.159980746523e+03      -2.219713789586e+03      -1.146519259115e-01      -2.206169507065e+03       8.679580252357e-02       8.679580252357e-02       4.439427579171e+03       1.406906477182e+00       1.449285869875e-01      -7.377643564085e-08      -7.034576107097e-01      -7.322903840849e-04      -7.034532385912e-01      -1.874121446075e-03 
       9.259763934485e-02      -1.251066314729e-01      -2.172881259390e+03      -2.234645176998e+03      -1.127501823126e-01      -2.220754003746e+03       8.535689511090e-02       8.535689511090e-02       4.469290353996e+03       1.416213640629e+00       1.425262094364e-01      -7.268663634030e-08      -7.081111197350e-01      -7.578447292819e-04      -7.081068203146e-01      -1.889768852703e-03 
       9.368217697132e-02      -1.230399814049e-01      -2.186056363708e+03      -2.249779175844e+03      -1.108878063422e-01      -2.235552033130e+03       8.394770327737e-02       8.394770327737e-02       4.499558351687e+03       1.425656550393e+00       1.401734210868e-01      -7.160286162911e-08      -7.128325034403e-01      -7.820258146496e-04      -7.128282751963e-01      -1.905370518568e-03 
       9.477863139475e-02      -1.210203389600e-01      -2.199607040126e+03      -2.265198148132e+03      -1.090677715831e-01      -2.250648725934e+03       8.257048475412e-02       8.257048475412e-02       4.530396296264e+03       1.435289509762e+00       1.378739940064e-01      -7.052352869689e-08      -7.176489135858e-01      -8.045936299853e-04      -7.176447548808e-01      -1.920956686538e-03 
       9.588716317841e-02      -1.190528320610e-01      -2.213680722855e+03      -2.281024386594e+03      -1.072947017770e-01      -2.266170092794e+03       8.122870812921e-02       8.122870812921e-02       4.562048773188e+03       1.445192559461e+00       1.356337094370e-01      -6.953076134253e-08      -7.226003707097e-01      -8.251784534836e-04      -7.225962797304e-01      -1.936569432960e-03 
       9.700793435611e-02      -1.171405175715e-01      -2.228392563284e+03      -2.297351859598e+03      -1.055713506494e-01      -2.282213251636e+03       7.992445633317e-02       7.992445633317e-02       4.594703719196e+03       1.455427556233e+00       1.334560448095e-01      -6.849008816610e-08      -7.277178032898e-01      -8.435208794642e-04      -7.277137781167e-01      -1.952245397922e-03 
       9.814110845115e-02      -1.152872534822e-01      -2.243881136244e+03      -2.314298322437e+03      -1.039011923925e-01      -2.298899005596e+03       7.866036471173e-02       7.866036471173e-02       4.628596644874e+03       1.466071520710e+00       1.313454022682e-01      -6.738580374513e-08      -7.330397217762e-01      -8.593425459676e-04      -7.330357603552e-01      -1.968037211724e-03 
       9.928685049485e-02      -1.134952281709e-01      -2.260259608762e+03      -2.331956784930e+03      -1.022861996522e-01      -2.316323354777e+03       7.743792318307e-02       7.743792318307e-02       4.663913569860e+03       1.477185579797e+00       1.293042684893e-01      -6.636672705242e-08      -7.385966896960e-01      -8.724434933175e-04      -7.385927898983e-01      -1.983989930532e-03 
       1.004453270449e-01      -1.117668784693e-01      -2.277651497363e+03      -2.350432270074e+03      -1.007285693990e-01      -2.334594028711e+03       7.625878392709e-02       7.625878392709e-02       4.700864540149e+03       1.488838255894e+00       1.273353985912e-01      -6.546297895767e-08      -7.444229683340e-01      -8.825368898197e-04      -7.444191279471e-01      -2.000144232327e-03 
       1.016167062032e-01      -1.101036995133e-01      -2.296166343286e+03      -2.369818588153e+03      -9.922964581074e-02      -2.353807131516e+03       7.512398637724e-02       7.512398637724e-02       4.739637176305e+03       1.501090969489e+00       1.254405353974e-01      -6.440532313775e-08      -7.505492679863e-01      -8.894830656200e-04      -7.505454847445e-01      -2.016555000171e-03 
       1.028011576338e-01      -1.085066856880e-01      -2.315906851388e+03      -2.390203942089e+03      -9.779032888116e-02      -2.374052977491e+03       7.403419747146e-02       7.403419747146e-02       4.780407884178e+03       1.514001104955e+00       1.236207877866e-01      -6.344444085464e-08      -7.570042808716e-01      -8.931451767835e-04      -7.570005524777e-01      -2.033272514675e-03 
       1.039988525803e-01      -1.069759507151e-01      -2.336957289593e+03      -2.411663206000e+03      -9.641072342871e-02      -2.395407775138e+03       7.298949116068e-02       7.298949116068e-02       4.823326412000e+03       1.527617120374e+00       1.218762774574e-01      -6.260124209026e-08      -7.638122360328e-01      -8.933973482393e-04      -7.638085601869e-01      -2.050337621020e-03 
       1.052099638834e-01      -1.055106907495e-01      -2.359385086126e+03      -2.434255539694e+03      -9.509009956277e-02      -2.417931871448e+03       7.198935663452e-02       7.198935663452e-02       4.868511079388e+03       1.541977850106e+00       1.202061652628e-01      -6.161318451905e-08      -7.709925506250e-01      -8.902169897963e-04      -7.709889250528e-01      -2.067795329780e-03 
       1.064346659978e-01      -1.041102101353e-01      -2.383255703973e+03      -2.458043241847e+03      -9.382783992179e-02      -2.441687944988e+03       7.103329006300e-02       7.103329006300e-02       4.916086483694e+03       1.557122807778e+00       1.186095978847e-01      -6.072792845711e-08      -7.785649814326e-01      -8.835852614599e-04      -7.785614038892e-01      -2.085692100559e-03 
       1.076731350094e-01      -1.027720842316e-01      -2.408595005873e+03      -2.483052111305e+03      -9.262175646008e-02      -2.466701756217e+03       7.011967596257e-02       7.011967596257e-02       4.966104222610e+03       1.573068781414e+00       1.170838913686e-01      -5.985978006189e-08      -7.865379223834e-01      -8.736867937546e-04      -7.865343907072e-01      -2.104077886508e-03 
       1.089255486525e-01      -1.014927793545e-01      -2.435390564888e+03      -2.509279435407e+03      -9.146866622866e-02      -2.492969072337e+03       6.924610521449e-02       6.924610521449e-02       5.018558870815e+03       1.589813012219e+00       1.156250232160e-01      -5.901606241432e-08      -7.949099939575e-01      -8.604471026154e-04      -7.949065061095e-01      -2.122937550252e-03 
       1.101920863262e-01      -1.002700266652e-01      -2.463664241368e+03      -2.536749830173e+03      -9.036652746263e-02      -2.520514030500e+03       6.841105368037e-02       6.841105368037e-02       5.073499660345e+03       1.607371075148e+00       1.142304555923e-01      -5.818927421265e-08      -8.036889835513e-01      -8.442840864067e-04      -8.036855375738e-01      -2.142356133989e-03 
       1.114729291118e-01      -9.909850082506e-02      -2.493340160825e+03      -2.565409499766e+03      -8.931054702114e-02      -2.549279469300e+03       6.761088077016e-02       6.761088077016e-02       5.130818999533e+03       1.625706311844e+00       1.128941056044e-01      -5.738796382603e-08      -8.128565617992e-01      -8.253513545411e-04      -8.128531559218e-01      -2.162311924601e-03 
       1.127682597891e-01      -9.797372121252e-02      -2.524361300572e+03      -2.595217840611e+03      -8.829669064681e-02      -2.579222283421e+03       6.684254625732e-02       6.684254625732e-02       5.190435681222e+03       1.644791337906e+00       1.116109013646e-01      -5.662182296209e-08      -8.223990363436e-01      -8.040620990351e-04      -8.223956689532e-01      -2.182835504975e-03 
       1.140782628537e-01      -9.688994343356e-02      -2.556621650965e+03      -2.626095076822e+03      -8.731977848077e-02      -2.610258727773e+03       6.610217163445e-02       6.610217163445e-02       5.252190153643e+03       1.664573227062e+00       1.103743808246e-01      -5.585783458370e-08      -8.322899438498e-01      -7.807660793454e-04      -8.322866135310e-01      -2.203915566601e-03 
       1.154031245340e-01      -9.584115443217e-02      -2.589992231236e+03      -2.657942195074e+03      -8.637439766876e-02      -2.642285269719e+03       6.538566382979e-02       6.538566382979e-02       5.315884390148e+03       1.684985990833e+00       1.091777110557e-01      -5.511886147737e-08      -8.424962898677e-01      -7.560244005933e-04      -8.424929954166e-01      -2.225557636130e-03 
       1.167430328075e-01      -9.482081464119e-02      -2.624312687698e+03      -2.690633560233e+03      -8.545465798602e-02      -2.675171058806e+03       6.468857470751e-02       6.468857470751e-02       5.381267120466e+03       1.705946303414e+00       1.080134683439e-01      -5.439969427725e-08      -8.529764112665e-01      -7.302921017151e-04      -8.529731517070e-01      -2.247728933302e-03 
       1.180981774189e-01      -9.382246004646e-02      -2.659406759480e+03      -2.724031673966e+03      -8.455473740510e-02      -2.708772768712e+03       6.400651053434e-02       6.400651053434e-02       5.448063347932e+03       1.727362936279e+00       1.068743207309e-01      -5.369660930370e-08      -8.636846935576e-01      -7.041296896515e-04      -8.636814681393e-01      -2.270403331553e-03 
       1.194687498966e-01      -9.283892087179e-02      -2.695058694171e+03      -2.757963411994e+03      -8.366817739591e-02      -2.742910907099e+03       6.333459956431e-02       6.333459956431e-02       5.515926823987e+03       1.749121666571e+00       1.057521393587e-01      -5.300605221569e-08      -8.745640250635e-01      -6.781788867662e-04      -8.745608332856e-01      -2.293538698229e-03 
       1.208549435706e-01      -9.186267337265e-02      -2.731021169491e+03      -2.792226887503e+03      -8.278820116937e-02      -2.777376832300e+03       6.266772575274e-02       6.266772575274e-02       5.584453775007e+03       1.771089659404e+00       1.046383863364e-01      -5.232630931345e-08      -8.855479880783e-01      -6.531459564554e-04      -8.855448297021e-01      -2.317079752064e-03 
       1.222569535902e-01      -9.088739872901e-02      -2.767062225661e+03      -2.826637715195e+03      -8.190911517387e-02      -2.811979035475e+03       6.200160098961e-02       6.200160098961e-02       5.653275430389e+03       1.793145136883e+00       1.035259088333e-01      -5.164774374974e-08      -8.965756934355e-01      -6.296863892191e-04      -8.965725684415e-01      -2.340977072376e-03 
       1.236749769417e-01      -8.990624970642e-02      -2.802912869075e+03      -2.860975851775e+03      -8.102475370261e-02      -2.846490200698e+03       6.133155574996e-02       6.133155574996e-02       5.721951703549e+03       1.815143165584e+00       1.024069092273e-01      -5.099121828773e-08      -9.075746741843e-01      -6.084424957092e-04      -9.075715827922e-01      -2.365150220604e-03 
       1.251092124670e-01      -8.891278012346e-02      -2.838296985482e+03      -2.895014369493e+03      -8.012930795907e-02      -2.880676103421e+03       6.065321316338e-02       6.065321316338e-02       5.790028738986e+03       1.836934746102e+00       1.012740859779e-01      -5.034337493157e-08      -9.184704303984e-01      -5.900911497352e-04      -9.184673730510e-01      -2.389519090186e-03 
       1.265598608818e-01      -8.790134459654e-02      -2.872946090925e+03      -2.928531053964e+03      -7.921769301851e-02      -2.914307681598e+03       5.996272851537e-02       5.996272851537e-02       5.857062107929e+03       1.858373957041e+00       1.001210208884e-01      -4.969993270300e-08      -9.291900011840e-01      -5.752680623839e-04      -9.291869785204e-01      -2.414000973095e-03 
       1.280271247951e-01      -8.686664171039e-02      -2.906582884183e+03      -2.961295849939e+03      -7.828513432354e-02      -2.947147893734e+03       5.925648795102e-02       5.925648795102e-02       5.922591699877e+03       1.879309738588e+00       9.894167988920e-02      -4.909914430705e-08      -9.396578564501e-01      -5.646047714824e-04      -9.396548692942e-01      -2.438506071350e-03 
       1.295112087282e-01      -8.580451040296e-02      -2.938956881813e+03      -2.993098757399e+03      -7.732787784325e-02      -2.978980777699e+03       5.853167459486e-02       5.853167459486e-02       5.986197514797e+03       1.899604866323e+00       9.773136773821e-02      -4.843760687729e-08      -9.498053838445e-01      -5.584967829761e-04      -9.498024331616e-01      -2.462924865505e-03 
       1.310123191347e-01      -8.471155481300e-02      -2.969830206545e+03      -3.023738209270e+03      -7.634286689836e-02      -3.009599443719e+03       5.778596770248e-02       5.778596770248e-02       6.047476418540e+03       1.919127425702e+00       9.648620711702e-02      -4.778315419255e-08      -9.595666259767e-01      -5.575561939242e-04      -9.595637128511e-01      -2.487188444499e-03 
       1.325306644210e-01      -8.358538287136e-02      -2.998989956866e+03      -3.053032634250e+03      -7.532794744130e-02      -3.038817742159e+03       5.701772221687e-02       5.701772221687e-02       6.106065268500e+03       1.937758595202e+00       9.520344642442e-02      -4.716497518200e-08      -9.688821720022e-01      -5.619996891011e-04      -9.688792976011e-01      -2.511182233675e-03 
       1.340664549670e-01      -8.242492588499e-02      -3.026269612535e+03      -3.080836506605e+03      -7.428215356018e-02      -3.066487124097e+03       5.622621570259e-02       5.622621570259e-02       6.161673013210e+03       1.955403908528e+00       9.388188226805e-02      -4.652521539408e-08      -9.777047887384e-01      -5.720640323279e-04      -9.777019542640e-01      -2.534825272542e-03 
       1.356199031477e-01      -8.123012732369e-02      -3.051538235349e+03      -3.107033329001e+03      -7.320542978784e-02      -3.092489043503e+03       5.541141873971e-02       5.541141873971e-02       6.214066658002e+03       1.971988132659e+00       9.252146967541e-02      -4.586351425725e-08      -9.859968596757e-01      -5.878456992027e-04      -9.859940663295e-01      -2.558038603016e-03 
       1.371912233555e-01      -8.000238805539e-02      -3.074724252866e+03      -3.131553479621e+03      -7.209904244033e-02      -3.116753702965e+03       5.457425127630e-02       5.457425127630e-02       6.263106959242e+03       1.987466210558e+00       9.112373196406e-02      -4.521591921710e-08      -9.937358563429e-01      -6.092462844273e-04      -9.937331052792e-01      -2.580750463620e-03 
       1.387806320229e-01      -7.874396958201e-02      -3.095797364860e+03      -3.154361113684e+03      -7.096502904839e-02      -3.139246195522e+03       5.371624102616e-02       5.371624102616e-02       6.308722227368e+03       2.001815727937e+00       8.969121517923e-02      -4.460040118880e-08      -1.000910571674e+00      -6.361699946031e-04      -1.000907863968e+00      -2.602917789461e-03 
       1.403883476462e-01      -7.745840448081e-02      -3.114796296063e+03      -3.175474910185e+03      -6.980656065710e-02      -3.159988312461e+03       5.283981765099e-02       5.283981765099e-02       6.350949820370e+03       2.015051226577e+00       8.822798588349e-02      -4.393595892858e-08      -1.007528276691e+00      -6.680125400840e-04      -1.007525613288e+00      -2.624463953080e-03 
       1.420145908098e-01      -7.615043739955e-02      -3.131822396329e+03      -3.194967404802e+03      -6.862791660825e-02      -3.179056977394e+03       5.194817999782e-02       5.194817999782e-02       6.389934809604e+03       2.027221125012e+00       8.673937193553e-02      -4.325479373480e-08      -1.013613180822e+00      -7.044524088916e-04      -1.013610562506e+00      -2.645399041356e-03 
       1.436595842114e-01      -7.482577890050e-02      -3.147043515448e+03      -3.212964231233e+03      -6.743424024627e-02      -3.196584216513e+03       5.104519868930e-02       5.104519868930e-02       6.425928462466e+03       2.038409258902e+00       8.523182874475e-02      -4.259433664889e-08      -1.019207202097e+00      -7.446760739203e-04      -1.019204629451e+00      -2.665700233327e-03 
       1.453235526881e-01      -7.349103158282e-02      -3.160693166290e+03      -3.229646216271e+03      -6.623148000109e-02      -3.212758789391e+03       5.013535163735e-02       5.013535163735e-02       6.459292432542e+03       2.048735557238e+00       8.371282502759e-02      -4.194721121020e-08      -1.024370305241e+00      -7.879128124844e-04      -1.024367778619e+00      -2.685396570008e-03 
       1.470067232437e-01      -7.215323844374e-02      -3.173057780092e+03      -3.245236838046e+03      -6.502597362821e-02      -3.227813638900e+03       4.922344609521e-02       4.922344609521e-02       6.490473676091e+03       2.058348811072e+00       8.219039085171e-02      -4.128531544528e-08      -1.029176886029e+00      -8.331588708660e-04      -1.029174405536e+00      -2.704516573876e-03 
       1.487093250766e-01      -7.082029269940e-02      -3.184493563734e+03      -3.260020930996e+03      -6.382483361107e-02      -3.242044270974e+03       4.831483412030e-02       4.831483412030e-02       6.520041861992e+03       2.067436829799e+00       8.067345221108e-02      -4.063893551024e-08      -1.033720849433e+00      -8.794069557601e-04      -1.033718414900e+00      -2.723137046155e-03 
       1.504315896089e-01      -6.950013122445e-02      -3.195396454707e+03      -3.274315837455e+03      -6.263520870821e-02      -3.255779772451e+03       4.741490535263e-02       4.741490535263e-02       6.548631674909e+03       2.076208994984e+00       7.917100119614e-02      -3.996871001305e-08      -1.038106886511e+00      -9.253701424586e-04      -1.038104497492e+00      -2.741317889182e-03 
       1.521737505165e-01      -6.820059593651e-02      -3.206196468454e+03      -3.288467498154e+03      -6.146416263117e-02      -3.269378635243e+03       4.652899663978e-02       4.652899663978e-02       6.576934996308e+03       2.084893673153e+00       7.769194557409e-02      -3.933282450780e-08      -1.042449180801e+00      -9.700811872676e-04      -1.042446836577e+00      -2.759192841470e-03 
       1.539360437612e-01      -6.692970901982e-02      -3.217369386147e+03      -3.302864854997e+03      -6.031891838709e-02      -3.283242705763e+03       4.566256491781e-02       4.566256491781e-02       6.605729709995e+03       2.093746824324e+00       7.624539346538e-02      -3.864203107285e-08      -1.046875712591e+00      -1.011949927383e-03      -1.046873412162e+00      -2.776832468488e-03 
       1.557187076226e-01      -6.569518210010e-02      -3.229403671788e+03      -3.317912410065e+03      -5.920644749710e-02      -3.297788909651e+03       4.482076121109e-02       4.482076121109e-02       6.635824820131e+03       2.103031320095e+00       7.483990403824e-02      -3.812259449589e-08      -1.051517917937e+00      -1.050305192322e-03      -1.051515660048e+00      -2.794460176472e-03 
       1.575219827324e-01      -6.450308023349e-02      -3.242765124857e+03      -3.333991965498e+03      -5.813215990319e-02      -3.313411520781e+03       4.400793535492e-02       4.400793535492e-02       6.667983930997e+03       2.113004344927e+00       7.348282447799e-02      -3.744238455568e-08      -1.056504389307e+00      -1.083731350543e-03      -1.056502172464e+00      -2.812175399604e-03 
       1.593461121101e-01      -6.335954802615e-02      -3.257918599413e+03      -3.351493290579e+03      -5.710163508853e-02      -3.330511365828e+03       4.322807854921e-02       4.322807854921e-02       6.702986581158e+03       2.123916012101e+00       7.218074231364e-02      -3.679462153652e-08      -1.061960183532e+00      -1.111276396870e-03      -1.061958006050e+00      -2.830141510334e-03 
       1.611913411993e-01      -6.226864155236e-02      -3.275264225537e+03      -3.370748955770e+03      -5.611851309891e-02      -3.349430998517e+03       4.248401683212e-02       4.248401683212e-02       6.741497911539e+03       2.135986265190e+00       7.093839961020e-02      -3.621940833014e-08      -1.067995272547e+00      -1.132228184240e-03      -1.067993132595e+00      -2.848521771720e-03 
       1.630579179063e-01      -6.123354566410e-02      -3.295161925754e+03      -3.392065257308e+03      -5.518566997850e-02      -3.370484560001e+03       4.177789088207e-02       4.177789088207e-02       6.784130514616e+03       2.149414353367e+00       6.975935871364e-02      -3.566595115280e-08      -1.074709281045e+00      -1.145895969170e-03      -1.074707176684e+00      -2.867456966695e-03 
       1.649460926397e-01      -6.025593344494e-02      -3.317900931835e+03      -3.415693733734e+03      -5.430460768926e-02      -3.393929034881e+03       4.111086804789e-02       4.111086804789e-02       6.831387467468e+03       2.164364737983e+00       6.864557883136e-02      -3.507022127982e-08      -1.082184439762e+00      -1.151772626850e-03      -1.082182368992e+00      -2.887073144450e-03 
       1.668561183526e-01      -5.933547594437e-02      -3.343657550526e+03      -3.441790273547e+03      -5.347502612180e-02      -3.419923224913e+03       4.048275294001e-02       4.048275294001e-02       6.883580547094e+03       2.180939366464e+00       6.759674421181e-02      -3.444998721198e-08      -1.090471722401e+00      -1.149817629477e-03      -1.090469683232e+00      -2.907491410168e-03 
       1.687882505850e-01      -5.847126319085e-02      -3.372553815093e+03      -3.470479845842e+03      -5.269612365890e-02      -3.448591403710e+03       3.989286901045e-02       3.989286901045e-02       6.940959691684e+03       2.199215448469e+00       6.661170216355e-02      -3.391302550990e-08      -1.099609733749e+00      -1.140543453248e-03      -1.099607724234e+00      -2.928888777917e-03 
       1.707427475096e-01      -5.765944943610e-02      -3.404531022648e+03      -3.501722660841e+03      -5.196443279155e-02      -3.479890886654e+03       3.933861342725e-02       3.933861342725e-02       7.003445321682e+03       2.219166119179e+00       6.568611390044e-02      -3.343699743974e-08      -1.109585041266e+00      -1.123967922573e-03      -1.109583059590e+00      -2.951234456558e-03 
       1.727198699783e-01      -5.689512304975e-02      -3.439437690004e+03      -3.535411147416e+03      -5.127551359310e-02      -3.513707409923e+03       3.881672963812e-02       3.881672963812e-02       7.070822294833e+03       2.240721315354e+00       6.481457629993e-02      -3.291018293854e-08      -1.120362613167e+00      -1.100965435300e-03      -1.120360657677e+00      -2.974577916924e-03 
       1.747198815714e-01      -5.617246382662e-02      -3.477013649037e+03      -3.571349596116e+03      -5.062414521566e-02      -3.549835510854e+03       3.832317908007e-02       3.832317908007e-02       7.142699192231e+03       2.263747399062e+00       6.399031744840e-02      -3.245493985246e-08      -1.131875630271e+00      -1.072851859752e-03      -1.131873699531e+00      -2.998958683140e-03 
       1.767430486482e-01      -5.548424517966e-02      -3.516871054954e+03      -3.609235162101e+03      -5.000382048542e-02      -3.587959567258e+03       3.785304395756e-02       3.785304395756e-02       7.218470324201e+03       2.288043208690e+00       6.320512854876e-02      -3.209532498084e-08      -1.144023511520e+00      -1.040742198519e-03      -1.144021604345e+00      -3.024300010170e-03 
       1.787896404004e-01      -5.482202094582e-02      -3.558511127328e+03      -3.648669344349e+03      -4.940688835364e-02      -3.627666081345e+03       3.740077094328e-02       3.740077094328e-02       7.297338688698e+03       2.313352046366e+00       6.244981570907e-02      -3.153155211463e-08      -1.156677907705e+00      -1.006110806976e-03      -1.156676023183e+00      -3.050512462957e-03 
       1.808599289070e-01      -5.417804154158e-02      -3.601384521060e+03      -3.689221327404e+03      -4.882641583290e-02      -3.668506436056e+03       3.696089893274e-02       3.696089893274e-02       7.378442654808e+03       2.339381554570e+00       6.171518996761e-02      -3.108823475187e-08      -1.169692639771e+00      -9.709432272595e-04      -1.169690777285e+00      -3.077541871914e-03 
       1.829541891925e-01      -5.354607531259e-02      -3.645033394894e+03      -3.730546393571e+03      -4.825677121488e-02      -3.710118799334e+03       3.652927482679e-02       3.652927482679e-02       7.461092787142e+03       2.365904361103e+00       6.099435305357e-02      -3.060189532168e-08      -1.182954021410e+00      -9.365932240082e-04      -1.182952180551e+00      -3.105316342496e-03 
       1.850726992858e-01      -5.291552065994e-02      -3.688618010565e+03      -3.771940762483e+03      -4.768842154772e-02      -3.751779365139e+03       3.609861361418e-02       3.609861361418e-02       7.543881524966e+03       2.392456691760e+00       6.027511818299e-02      -3.022415374576e-08      -1.196230165144e+00      -9.051239172016e-04      -1.196228345880e+00      -3.133579833328e-03 
       1.872157402839e-01      -5.227671649682e-02      -3.731321815122e+03      -3.812717837575e+03      -4.711263974589e-02      -3.792782421278e+03       3.566244879797e-02       3.566244879797e-02       7.625435675150e+03       2.418593200813e+00       5.954673413395e-02      -2.977197928737e-08      -1.209298397784e+00      -8.782962454664e-04      -1.209296600407e+00      -3.162051608461e-03 
       1.893835964156e-01      -5.162226375244e-02      -3.772420484313e+03      -3.852273114533e+03      -4.652277546290e-02      -3.832505785248e+03       3.521567769206e-02       3.521567769206e-02       7.704546229065e+03       2.443914996964e+00       5.880065812129e-02      -2.934418275545e-08      -1.221959273418e+00      -8.576337445088e-04      -1.221957498482e+00      -3.190472073430e-03 
       1.915765551102e-01      -5.094583869442e-02      -3.811237967083e+03      -3.890035851378e+03      -4.591312853482e-02      -3.870363251838e+03       3.475401293797e-02       3.475401293797e-02       7.780071702756e+03       2.468049356388e+00       5.802974046942e-02      -2.891985294327e-08      -1.234026429913e+00      -8.446313422974e-04      -1.234024678194e+00      -3.218609694588e-03 
       1.937949070674e-01      -5.024311130682e-02      -3.847217905575e+03      -3.925535364205e+03      -4.527979736174e-02      -3.905871569000e+03       3.427450486505e-02       3.427450486505e-02       7.851070728410e+03       2.490688430122e+00       5.722905723734e-02      -2.850396575873e-08      -1.245345942641e+00      -8.401860354190e-04      -1.245344215061e+00      -3.246220292139e-03 
       1.960389463306e-01      -4.951101988421e-02      -3.879889321925e+03      -3.958359661279e+03      -4.462002221776e-02      -3.938610256914e+03       3.377506846085e-02       3.377506846085e-02       7.916719322558e+03       2.511564435747e+00       5.639512833190e-02      -2.808830901077e-08      -1.255783920285e+00      -8.449553111108e-04      -1.255782217873e+00      -3.273072186365e-03 
       1.983089703634e-01      -4.874931046272e-02      -3.909002916345e+03      -3.988289406021e+03      -4.393357333074e-02      -3.968355686180e+03       3.325552600348e-02       3.325552600348e-02       7.976578812042e+03       2.530534845393e+00       5.552765575256e-02      -2.766379344480e-08      -1.265269098903e+00      -8.591243534606e-04      -1.265267422697e+00      -3.299016222463e-03 
       2.006052801287e-01      -4.795936542218e-02      -3.934462423737e+03      -4.015224027791e+03      -4.322169590446e-02      -3.995008150917e+03       3.271680603111e-02       3.271680603111e-02       8.030448055582e+03       2.547535763397e+00       5.462818527482e-02      -2.723836122733e-08      -1.273769530712e+00      -8.823769478156e-04      -1.273767881698e+00      -3.323922880790e-03 
       2.029281801717e-01      -4.714527892757e-02      -3.956433574655e+03      -4.039291719405e+03      -4.248807495539e-02      -4.018701497088e+03       3.216169849819e-02       3.216169849819e-02       8.078583438809e+03       2.562652755738e+00       5.370137555350e-02      -2.680911235349e-08      -1.281327998846e+00      -9.140161217329e-04      -1.281326377869e+00      -3.347789794828e-03 
       2.052779787053e-01      -4.631226069716e-02      -3.975229813680e+03      -4.060733224300e+03      -4.173740318381e-02      -4.039687430986e+03       3.159373612092e-02       3.159373612092e-02       8.121466448599e+03       2.576045753295e+00       5.275311884595e-02      -2.637719668600e-08      -1.288024468926e+00      -9.527800417232e-04      -1.288022876647e+00      -3.370618949948e-03 
       2.076549876996e-01      -4.546734574304e-02      -3.991387770722e+03      -4.079981456012e+03      -4.097601643776e-02      -4.058414337987e+03       3.101770051023e-02       3.101770051023e-02       8.159962912024e+03       2.588000258381e+00       5.179139441197e-02      -2.595318381341e-08      -1.294001692356e+00      -9.970221061800e-04      -1.294000129190e+00      -3.392508956104e-03 
       2.100595229749e-01      -4.461815390408e-02      -4.005569106428e+03      -4.097566434586e+03      -4.021078124159e-02      -4.075431912059e+03       3.043875188184e-02       3.043875188184e-02       8.195132869173e+03       2.598865329918e+00       5.082480605189e-02      -2.551072200797e-08      -1.299434198859e+00      -1.044684344950e-03      -1.299432664959e+00      -3.413573414853e-03 
       2.124919042982e-01      -4.377268422482e-02      -4.018552795222e+03      -4.114113518531e+03      -3.944889769482e-02      -4.091388457011e+03       2.986234350246e-02       2.986234350246e-02       8.228227037063e+03       2.609054551992e+00       4.986246027420e-02      -2.508156063433e-08      -1.304528780760e+00      -1.093360819092e-03      -1.304527275996e+00      -3.433951911066e-03 
       2.149524554836e-01      -4.293956698080e-02      -4.031244817412e+03      -4.130368737410e+03      -3.869814517764e-02      -4.107053715849e+03       2.929432598058e-02       2.929432598058e-02       8.260737474819e+03       2.619057104033e+00       4.891411345073e-02      -2.468840061768e-08      -1.309530028073e+00      -1.141313637326e-03      -1.309528552016e+00      -3.453983491104e-03 
       2.174415044964e-01      -4.212539733094e-02      -4.044443781550e+03      -4.146956005504e+03      -3.796445773606e-02      -4.123077860333e+03       2.873919475723e-02       2.873919475723e-02       8.293912011008e+03       2.629287704845e+00       4.798727295209e-02      -2.426472746117e-08      -1.314645300432e+00      -1.185388299948e-03      -1.314643852422e+00      -3.473691654774e-03 
       2.199593835622e-01      -4.133761718831e-02      -4.059078364902e+03      -4.164649848411e+03      -3.725453644712e-02      -4.140258165517e+03       2.820203079871e-02       2.820203079871e-02       8.329299696822e+03       2.640255072236e+00       4.709042544151e-02      -2.381652561599e-08      -1.320128957001e+00      -1.223991373961e-03      -1.320127536118e+00      -3.493462497498e-03 
       2.225064292787e-01      -4.058236190568e-02      -4.075999616485e+03      -4.184155200662e+03      -3.657391895061e-02      -4.159321184103e+03       2.768696022709e-02       2.768696022709e-02       8.368310401325e+03       2.652419312618e+00       4.623043875315e-02      -2.342797320558e-08      -1.326211051195e+00      -1.255280117820e-03      -1.326209656309e+00      -3.513582310137e-03 
       2.250829827337e-01      -3.986266413245e-02      -4.095787507349e+03      -4.205930437895e+03      -3.592532986536e-02      -4.180743522914e+03       2.719606996689e-02       2.719606996689e-02       8.411860875790e+03       2.666085309886e+00       4.541080558147e-02      -2.302685327602e-08      -1.333044025070e+00      -1.277308623622e-03      -1.333042654943e+00      -3.534126875663e-03 
       2.276893896260e-01      -3.918246479520e-02      -4.119115417770e+03      -4.230575647828e+03      -3.531231965446e-02      -4.205135650977e+03       2.673205657698e-02       2.673205657698e-02       8.461151295655e+03       2.681642579410e+00       4.463603142834e-02      -2.262521660051e-08      -1.340822636448e+00      -1.289734571408e-03      -1.340821289705e+00      -3.555529550842e-03 
       2.303260003924e-01      -3.854272074543e-02      -4.146344634220e+03      -4.258412836244e+03      -3.473575480946e-02      -4.232825137126e+03       2.629555505532e-02       2.629555505532e-02       8.516825672488e+03       2.699298747853e+00       4.390716966692e-02      -2.223999810488e-08      -1.349650698689e+00      -1.291951088865e-03      -1.349649373926e+00      -3.577954775785e-03 
       2.329931703385e-01      -3.794201535773e-02      -4.177553309391e+03      -4.289524421353e+03      -3.419436601339e-02      -4.263893575162e+03       2.588558126512e-02       2.588558126512e-02       8.579048842706e+03       2.719104360044e+00       4.322256935296e-02      -2.191741421003e-08      -1.359553484157e+00      -1.284362017063e-03      -1.359552180022e+00      -3.601529152548e-03 
       2.356912597752e-01      -3.737796862743e-02      -4.212673343821e+03      -4.323906863781e+03      -3.368599351484e-02      -4.298327295891e+03       2.550060434736e-02       2.550060434736e-02       8.647813727562e+03       2.741055910764e+00       4.257970870635e-02      -2.153361379013e-08      -1.370529240165e+00      -1.268347828378e-03      -1.370527955382e+00      -3.626464745676e-03 
       2.384206341604e-01      -3.684565273545e-02      -4.251270353499e+03      -4.361225760035e+03      -3.320621264405e-02      -4.335776825659e+03       2.513721669012e-02       2.513721669012e-02       8.722451520071e+03       2.764927330209e+00       4.197287867089e-02      -2.118885190196e-08      -1.382464931633e+00      -1.245417619391e-03      -1.382463665105e+00      -3.652715822020e-03 
       2.411816642459e-01      -3.633867595760e-02      -4.292661221992e+03      -4.400943344232e+03      -3.274926950939e-02      -4.375682586631e+03       2.479106487281e-02       2.479106487281e-02       8.801886688465e+03       2.790361679879e+00       4.139481087852e-02      -2.089581087875e-08      -1.395182089087e+00      -1.217896936507e-03      -1.395180839940e+00      -3.680200966174e-03 
       2.439747262300e-01      -3.584914832686e-02      -4.335904278415e+03      -4.442290397728e+03      -3.230804634981e-02      -4.417249727397e+03       2.445683312517e-02       2.445683312517e-02       8.884580795456e+03       2.816856017545e+00       4.083665322917e-02      -2.057860976805e-08      -1.408429241141e+00      -1.188237105624e-03      -1.408428008773e+00      -3.708675825580e-03 
       2.468002019165e-01      -3.536916162537e-02      -4.379944425164e+03      -4.484406315103e+03      -3.187542285331e-02      -4.459588720847e+03       2.412913388491e-02       2.412913388491e-02       8.968812630207e+03       2.843843277550e+00       4.028941067653e-02      -2.025790289165e-08      -1.421922854690e+00      -1.159368749555e-03      -1.421921638775e+00      -3.737891223123e-03 
       2.496584788785e-01      -3.489110671278e-02      -4.423674142729e+03      -4.526383013052e+03      -3.144454579050e-02      -4.501761874837e+03       2.380278777291e-02       2.380278777291e-02       9.052766026104e+03       2.870726075808e+00       3.974443776990e-02      -1.993815625491e-08      -1.435364237427e+00      -1.133875018555e-03      -1.435363037904e+00      -3.767505491686e-03 
       2.525499506303e-01      -3.440792218992e-02      -4.465980703552e+03      -4.567289275084e+03      -3.100905901528e-02      -4.542811221834e+03       2.347297087547e-02       2.347297087547e-02       9.134578550167e+03       2.896892849514e+00       3.919367571865e-02      -1.965215429044e-08      -1.448447607700e+00      -1.114371791377e-03      -1.448446424757e+00      -3.797164465610e-03 
       2.554750168040e-01      -3.391408361934e-02      -4.505896808512e+03      -4.606321418490e+03      -3.056397739951e-02      -4.581908898366e+03       2.313595989957e-02       2.313595989957e-02       9.212642836980e+03       2.921818918100e+00       3.863092421890e-02      -1.933341423041e-08      -1.460910625039e+00      -1.102711197943e-03      -1.460909459050e+00      -3.826502575822e-03 
       2.584340833344e-01      -3.340620105826e-02      -4.542701224130e+03      -4.642878858817e+03      -3.010625316737e-02      -4.618436504261e+03       2.278942373379e-02       2.278942373379e-02       9.285757717633e+03       2.945108653038e+00       3.805228299192e-02      -1.903567774783e-08      -1.472555475058e+00      -1.100729336776e-03      -1.472554326519e+00      -3.855313317249e-03 
       2.614275626498e-01      -3.288220717019e-02      -4.575857589056e+03      -4.676492683367e+03      -2.963402336257e-02      -4.651915416877e+03       2.243194891922e-02       2.243194891922e-02       9.352985366734e+03       2.966456830048e+00       3.745539085909e-02      -1.875125910136e-08      -1.483229545547e+00      -1.108811495509e-03      -1.483228415024e+00      -3.883275469712e-03 
       2.644558738710e-01      -3.234204952699e-02      -4.605141905044e+03      -4.706947794821e+03      -2.914723262204e-02      -4.682129545077e+03       2.206352685495e-02       2.206352685495e-02       9.413895589641e+03       2.985728070660e+00       3.684024445941e-02      -1.843750091405e-08      -1.492865147271e+00      -1.126814935469e-03      -1.492864035330e+00      -3.910197318807e-03 
       2.675194430176e-01      -3.178757302389e-02      -4.630640170667e+03      -4.734277134750e+03      -2.864754818446e-02      -4.709120098987e+03       2.168537859485e-02       2.168537859485e-02       9.468554269499e+03       3.002946187882e+00       3.620886909101e-02      -1.813638021281e-08      -1.501474186799e+00      -1.153724713081e-03      -1.501473093941e+00      -3.935949427365e-03 
       2.706187032217e-01      -3.122209729128e-02      -4.652726739892e+03      -4.758744958820e+03      -2.813796292342e-02      -4.733168124655e+03       2.129973788480e-02       2.129973788480e-02       9.517489917641e+03       3.018288342679e+00       3.556498402731e-02      -1.786116549091e-08      -1.509145244728e+00      -1.187558907923e-03      -1.509144171340e+00      -3.960442356346e-03 
       2.737540949511e-01      -3.065125865121e-02      -4.672233254150e+03      -4.781023131026e+03      -2.762353916679e-02      -4.754969311500e+03       2.091049987143e-02       2.091049987143e-02       9.562046262053e+03       3.032202742030e+00       3.491511397956e-02      -1.753544628807e-08      -1.516102424749e+00      -1.226187308657e-03      -1.516101371015e+00      -3.983902192585e-03 
       2.769260662395e-01      -3.008112077495e-02      -4.690132729650e+03      -4.801886098668e+03      -2.710975514914e-02      -4.775327830295e+03       2.052170609405e-02       2.052170609405e-02       9.603772197336e+03       3.045194769807e+00       3.426597246771e-02      -1.725182928180e-08      -1.522598419004e+00      -1.266271892642e-03      -1.522597384904e+00      -4.006437247001e-03 
       2.801350729270e-01      -2.951861011849e-02      -4.707667976038e+03      -4.822363565199e+03      -2.660283547095e-02      -4.795304911373e+03       2.013813278951e-02       2.013813278951e-02       9.644727130399e+03       3.057945866536e+00       3.362555581531e-02      -1.692666491497e-08      -1.528973948002e+00      -1.305069289111e-03      -1.528972933268e+00      -4.028468962171e-03 
       2.833815789091e-01      -2.897045380767e-02      -4.726118816204e+03      -4.843523415955e+03      -2.610885507493e-02      -4.815999711814e+03       1.976428762381e-02       1.976428762381e-02       9.687046831910e+03       3.071150020035e+00       3.300136061861e-02      -1.667011989387e-08      -1.535576005881e+00      -1.339691641382e-03      -1.535575010018e+00      -4.050412243509e-03 
       2.866660563954e-01      -2.844216175722e-02      -4.746675414345e+03      -4.866369751426e+03      -2.563276065681e-02      -4.838443661143e+03       1.940399209007e-02       1.940399209007e-02       9.732739502852e+03       3.085470791174e+00       3.239979318992e-02      -1.634902117165e-08      -1.542736373274e+00      -1.367420178283e-03      -1.542735395587e+00      -4.072669883099e-03 
       2.899889861791e-01      -2.793763694216e-02      -4.770274128310e+03      -4.891691153715e+03      -2.517808398762e-02      -4.863447063459e+03       1.905983472061e-02       1.905983472061e-02       9.783382307430e+03       3.101418046601e+00       3.182514765106e-02      -1.608531104341e-08      -1.550709983633e+00      -1.386713130944e-03      -1.550709023300e+00      -4.095637786077e-03 
       2.933508579160e-01      -2.745864911486e-02      -4.797513113102e+03      -4.920006007402e+03      -2.474641006835e-02      -4.891539855060e+03       1.873306393692e-02       1.873306393692e-02       9.840012014804e+03       3.119333365342e+00       3.127952459479e-02      -1.581301384822e-08      -1.559667626537e+00      -1.396630217557e-03      -1.559666682671e+00      -4.119595368291e-03 
       2.967521704153e-01      -2.700480704385e-02      -4.828574007760e+03      -4.951478678420e+03      -2.433738700390e-02      -4.922888805418e+03       1.842341616139e-02       1.842341616139e-02       9.902957356841e+03       3.139323190988e+00       3.076248483975e-02      -1.552637385300e-08      -1.569662523767e+00      -1.397279369986e-03      -1.569661595494e+00      -4.144692647333e-03 
       3.001934319413e-01      -2.657384778268e-02      -4.863228236093e+03      -4.985929942064e+03      -2.394898557235e-02      -4.957307277594e+03       1.812931569697e-02       1.812931569697e-02       9.971859884129e+03       3.161264896620e+00       3.027138429737e-02      -1.529641020515e-08      -1.580633361782e+00      -1.389672273524e-03      -1.580632448310e+00      -4.170935213448e-03 
       3.036751605276e-01      -2.616219837062e-02      -4.900927525364e+03      -5.022939052437e+03      -2.357797784782e-02      -4.994355292593e+03       1.784838144493e-02       1.784838144493e-02       1.004587810487e+04       3.184883095262e+00       2.980226775174e-02      -1.503747438069e-08      -1.592442446971e+00      -1.375837731541e-03      -1.592441547631e+00      -4.198296856304e-03 
       3.071978843033e-01      -2.576551554806e-02      -4.940867571720e+03      -5.061872359407e+03      -2.322045648729e-02      -5.033373595476e+03       1.757764421775e-02       1.757764421775e-02       1.012374471881e+04       3.209756315435e+00       2.935017366363e-02      -1.479378342015e-08      -1.604879043443e+00      -1.358460887042e-03      -1.604878157718e+00      -4.226671965240e-03 
       3.107621418325e-01      -2.537870908425e-02      -4.981994421769e+03      -5.101888018259e+03      -2.287183735260e-02      -5.073488618702e+03       1.731364156162e-02       1.731364156162e-02       1.020377603652e+04       3.235328090881e+00       2.890932316007e-02      -1.455539497457e-08      -1.617664917889e+00      -1.340506273872e-03      -1.617664045440e+00      -4.255829933922e-03 
       3.143684824675e-01      -2.499655576370e-02      -5.023141007093e+03      -5.142033784162e+03      -2.252741313711e-02      -5.113716175532e+03       1.705283407561e-02       1.705283407561e-02       1.028406756832e+04       3.260973056857e+00       2.847381426595e-02      -1.431845693430e-08      -1.630487387759e+00      -1.325044080713e-03      -1.630486528429e+00      -4.285470479337e-03 
       3.180174667161e-01      -2.461409628617e-02      -5.063104963826e+03      -5.181308839534e+03      -2.218271820120e-02      -5.153025682296e+03       1.679184060898e-02       1.679184060898e-02       1.036261767907e+04       3.286034047926e+00       2.803800108980e-02      -1.408700284504e-08      -1.643017870159e+00      -1.314768810373e-03      -1.643017023963e+00      -4.315194700541e-03 
       3.217096666243e-01      -2.422725610787e-02      -5.100814659810e+03      -5.218801890680e+03      -2.183408112375e-02      -5.190482381153e+03       1.652789113295e-02       1.652789113295e-02       1.043760378136e+04       3.309915999730e+00       2.759726142943e-02      -1.386121634505e-08      -1.654958832771e+00      -1.311715357058e-03      -1.654957999865e+00      -4.344577812407e-03 
       3.254456661739e-01      -2.383355772102e-02      -5.135514497529e+03      -5.253855971820e+03      -2.147926990135e-02      -5.225415053321e+03       1.625929648462e-02       1.625929648462e-02       1.050771194364e+04       3.332191105754e+00       2.714877495993e-02      -1.363415509260e-08      -1.666096372251e+00      -1.316960644107e-03      -1.666095552877e+00      -4.373253867677e-03 
       3.292260616973e-01      -2.343251634776e-02      -5.166904405773e+03      -5.286196328233e+03      -2.111784519763e-02      -5.257545484846e+03       1.598573348230e-02       1.598573348230e-02       1.057239265647e+04       3.352683131436e+00       2.669200515210e-02      -1.339349219075e-08      -1.676342371301e+00      -1.330561066470e-03      -1.676341565718e+00      -4.401011310149e-03 
       3.330514623091e-01      -2.302561387561e-02      -5.195170794835e+03      -5.315957005314e+03      -2.075114768803e-02      -5.287015691247e+03       1.570817941527e-02       1.570817941527e-02       1.063191401063e+04       3.371478895184e+00       2.622857141563e-02      -1.318453470770e-08      -1.685740239177e+00      -1.351510456678e-03      -1.685739447592e+00      -4.427800940136e-03 
       3.369224903559e-01      -2.261574867375e-02      -5.220934653548e+03      -5.343636898504e+03      -2.038178032869e-02      -5.314342801329e+03       1.542863496688e-02       1.542863496688e-02       1.068727379701e+04       3.388911505432e+00       2.576182437820e-02      -1.295424607821e-08      -1.694456530199e+00      -1.377697432444e-03      -1.694455752716e+00      -4.453707832309e-03 
       3.408397818850e-01      -2.220659803801e-02      -5.245092917893e+03      -5.369956510239e+03      -2.001305700640e-02      -5.340273666786e+03       1.514959068436e-02       1.514959068436e-02       1.073991302048e+04       3.405455458867e+00       2.529591666256e-02      -1.271372019726e-08      -1.702728492838e+00      -1.406568491152e-03      -1.702727729434e+00      -4.478924664771e-03 
       3.448039871328e-01      -2.180203244624e-02      -5.268688758139e+03      -5.395754022402e+03      -1.964846695850e-02      -5.365677081270e+03       1.487366231698e-02       1.487366231698e-02       1.079150804480e+04       3.421661970942e+00       2.483520745792e-02      -1.249030649078e-08      -1.710831734955e+00      -1.435141365461e-03      -1.710830985471e+00      -4.503672779245e-03 
       3.488157710346e-01      -2.140572802111e-02      -5.292811173305e+03      -5.421911579080e+03      -1.929132029269e-02      -5.391466011191e+03       1.460335321982e-02       1.460335321982e-02       1.084382315816e+04       3.438112846402e+00       2.438387594751e-02      -1.227871056292e-08      -1.719057159050e+00      -1.460626837693e-03      -1.719056423201e+00      -4.528242073074e-03 
       3.528758137560e-01      -2.102088589982e-02      -5.318481317028e+03      -5.449278151854e+03      -1.894450204811e-02      -5.418514868779e+03       1.434083460398e-02       1.434083460398e-02       1.089855630371e+04       3.455364078484e+00       2.394554329373e-02      -1.208299928585e-08      -1.727682761853e+00      -1.480798319875e-03      -1.727682039242e+00      -4.552978367983e-03 
       3.569848112472e-01      -2.064997324078e-02      -5.346584022891e+03      -5.478615106011e+03      -1.861022633186e-02      -5.447602975918e+03       1.408782390959e-02       1.408782390959e-02       1.095723021202e+04       3.473917525894e+00       2.352309085010e-02      -1.185105883572e-08      -1.736959472807e+00      -1.494091881126e-03      -1.736958762947e+00      -4.578263596281e-03 
       3.611434758224e-01      -2.029422390241e-02      -5.377641619601e+03      -5.510400022028e+03      -1.828961528013e-02      -5.479214042617e+03       1.384511801326e-02       1.384511801326e-02       1.102080004406e+04       3.494075128394e+00       2.311783183574e-02      -1.164581065386e-08      -1.747038261829e+00      -1.500172779065e-03      -1.747037564197e+00      -4.604423019255e-03 
       3.653525367639e-01      -1.995315280523e-02      -5.411693235654e+03      -5.544705225944e+03      -1.798223260403e-02      -5.513415046884e+03       1.361238976071e-02       1.361238976071e-02       1.108941045189e+04       3.515879661669e+00       2.272922101436e-02      -1.146295108573e-08      -1.757940516745e+00      -1.499947746207e-03      -1.757939830835e+00      -4.631652390268e-03 
       3.696127409538e-01      -1.962446884008e-02      -5.448220069179e+03      -5.581120059644e+03      -1.768600492712e-02      -5.549779121869e+03       1.338812549806e-02       1.338812549806e-02       1.116224011929e+04       3.539065956097e+00       2.235474942236e-02      -1.124918105749e-08      -1.769533652669e+00      -1.495001055657e-03      -1.769532978049e+00      -4.659868514552e-03 
       3.739248535338e-01      -1.930494562220e-02      -5.486302090597e+03      -5.618883487172e+03      -1.739803724727e-02      -5.587521696623e+03       1.317008265915e-02       1.317008265915e-02       1.123776697434e+04       3.563126943697e+00       2.199065567798e-02      -1.107530196424e-08      -1.781564135492e+00      -1.487778688842e-03      -1.781563471848e+00      -4.688821424367e-03 
       3.782896585951e-01      -1.899089534733e-02      -5.524808880794e+03      -5.657060075405e+03      -1.711499947703e-02      -5.625678479237e+03       1.295579036368e-02       1.295579036368e-02       1.131412015081e+04       3.587454306433e+00       2.163283054253e-02      -1.088625533080e-08      -1.793727806073e+00      -1.481077306089e-03      -1.793727153217e+00      -4.718189085595e-03 
       3.827079599000e-01      -1.867935981037e-02      -5.562722767857e+03      -5.694815242961e+03      -1.683423044146e-02      -5.663387707954e+03       1.274322191307e-02       1.274322191307e-02       1.138963048592e+04       3.611496927252e+00       2.127788591263e-02      -1.070358359897e-08      -1.805749105779e+00      -1.477430107750e-03      -1.805748463626e+00      -4.747679949005e-03 
       3.871805816365e-01      -1.836818482246e-02      -5.599230032376e+03      -5.731483960592e+03      -1.655378897091e-02      -5.699962256076e+03       1.253091507101e-02       1.253091507101e-02       1.146296792118e+04       3.634817723978e+00       2.092338260814e-02      -1.052170217024e-08      -1.817409493449e+00      -1.478703568281e-03      -1.817408861989e+00      -4.777040329529e-03 
       3.917083692089e-01      -1.805603875486e-02      -5.633769207225e+03      -5.766591260089e+03      -1.627247348228e-02      -5.734914465773e+03       1.231797124385e-02       1.231797124385e-02       1.153318252018e+04       3.657107476825e+00       2.056782383751e-02      -1.032894364100e-08      -1.828554359143e+00      -1.485868082708e-03      -1.828553738413e+00      -4.806035796548e-03 
       3.962921900649e-01      -1.774245641717e-02      -5.666069928440e+03      -5.799876054394e+03      -1.598986865870e-02      -5.767982283446e+03       1.210405345275e-02       1.210405345275e-02       1.159975210879e+04       3.678195898338e+00       2.021063947235e-02      -1.015103299774e-08      -1.839098559117e+00      -1.498829487603e-03      -1.839097949169e+00      -4.834438750289e-03 
       4.009329345627e-01      -1.742803682502e-02      -5.696269384171e+03      -5.831408736883e+03      -1.570651340755e-02      -5.799246457673e+03       1.188956711268e-02       1.188956711268e-02       1.166281747377e+04       3.698134123415e+00       1.985250561574e-02      -9.986819750113e-09      -1.849067660842e+00      -1.516349819929e-03      -1.849067061708e+00      -4.862118874977e-03 
       4.056315168792e-01      -1.711451764129e-02      -5.724971167011e+03      -5.861664366226e+03      -1.542396670766e-02      -5.829201336422e+03       1.167571847817e-02       1.167571847817e-02       1.172332873245e+04       3.717241548687e+00       1.949544503207e-02      -9.798761973689e-09      -1.858621362695e+00      -1.536435992027e-03      -1.858620774344e+00      -4.889162663115e-03 
       4.103888759632e-01      -1.680455601014e-02      -5.753154799710e+03      -5.891458585692e+03      -1.514462809845e-02      -5.858686762587e+03       1.146428728283e-02       1.146428728283e-02       1.178291717138e+04       3.736048069673e+00       1.914241730368e-02      -9.625141207989e-09      -1.868024612527e+00      -1.556764759111e-03      -1.868024034837e+00      -4.915868315143e-03 
       4.152059765344e-01      -1.650073444146e-02      -5.781872128630e+03      -5.921677707022e+03      -1.487082415840e-02      -5.888613374773e+03       1.125702915244e-02       1.125702915244e-02       1.184335541404e+04       3.755133358640e+00       1.879635203750e-02      -9.471153598335e-09      -1.877567246561e+00      -1.575147026923e-03      -1.877566679320e+00      -4.942617185435e-03 
       4.200838101329e-01      -1.620473760933e-02      -5.811920935941e+03      -5.952984543138e+03      -1.460406734256e-02      -5.919663933223e+03       1.105511094225e-02       1.105511094225e-02       1.190596908628e+04       3.774936372813e+00       1.845920483029e-02      -9.298203678342e-09      -1.887468743470e+00      -1.589490256828e-03      -1.887468186407e+00      -4.969629656905e-03 
       4.250233962207e-01      -1.591723217794e-02      -5.843712944993e+03      -5.985714198556e+03      -1.434496190665e-02      -5.952184943302e+03       1.085897127757e-02       1.085897127757e-02       1.197142839711e+04       3.795674866317e+00       1.813170186874e-02      -9.135580751359e-09      -1.897837980338e+00      -1.599350773181e-03      -1.897837433159e+00      -4.997108503756e-03 
       4.300257833389e-01      -1.563812032445e-02      -5.877347588813e+03      -6.019961147654e+03      -1.409341865143e-02      -5.986271480639e+03       1.066854907090e-02       1.066854907090e-02       1.203992229531e+04       3.817410450788e+00       1.781374327767e-02      -8.974404254123e-09      -1.908705762980e+00      -1.604667638753e-03      -1.908705225394e+00      -5.025121173263e-03 
       4.350920503249e-01      -1.536680646555e-02      -5.912670823367e+03      -6.055637079198e+03      -1.384890192824e-02      -6.021825079151e+03       1.048343921584e-02       1.048343921584e-02       1.211127415840e+04       3.840080310310e+00       1.750465275647e-02      -8.819122798349e-09      -1.920040683417e+00      -1.606717217607e-03      -1.920040155155e+00      -5.053789407928e-03 
       4.402233075914e-01      -1.510209958758e-02      -5.949231993840e+03      -6.092410792365e+03      -1.361033872988e-02      -6.058496404358e+03       1.030283468377e-02       1.030283468377e-02       1.218482158473e+04       3.863462560969e+00       1.720308449968e-02      -8.664574595553e-09      -1.931731799650e+00      -1.607115870435e-03      -1.931731280485e+00      -5.083089369253e-03 
       4.454206984736e-01      -1.484212109208e-02      -5.986238015019e+03      -6.129632507132e+03      -1.337603717319e-02      -6.095614395653e+03       1.012545711483e-02       1.012545711483e-02       1.225926501426e+04       3.887129693333e+00       1.690690475845e-02      -8.512061902723e-09      -1.943565356898e+00      -1.607931346956e-03      -1.943564846666e+00      -5.112810955700e-03 
       4.506854006466e-01      -1.458476830145e-02      -6.022741769461e+03      -6.166490370390e+03      -1.314410279762e-02      -6.132347485997e+03       9.949877134653e-03       9.949877134653e-03       1.233298074078e+04       3.910552350960e+00       1.661372839917e-02      -8.359903281492e-09      -1.955276676867e+00      -1.611122458122e-03      -1.955276175480e+00      -5.142599592841e-03 
       4.560186276189e-01      -1.432871637233e-02      -6.058086176835e+03      -6.202416836979e+03      -1.291334237727e-02      -6.168115137642e+03       9.775190892820e-03       9.775190892820e-03       1.240483367396e+04       3.933360270755e+00       1.632204602750e-02      -8.212253412577e-09      -1.966680627963e+00      -1.617724636408e-03      -1.966680135377e+00      -5.172154799999e-03 
       4.614216303071e-01      -1.407368663653e-02      -6.092067050868e+03      -6.237244578419e+03      -1.268350459899e-02      -6.202744549174e+03       9.601209338209e-03       9.601209338209e-03       1.247448915684e+04       3.955443574718e+00       1.603154236951e-02      -8.066334118059e-09      -1.977722271176e+00      -1.628050146018e-03      -1.977721787359e+00      -5.201388168163e-03 
       4.668956986955e-01      -1.382028634758e-02      -6.124928009684e+03      -6.271179816700e+03      -1.245513638769e-02      -6.236447427045e+03       9.428344903883e-03       9.428344903883e-03       1.254235963340e+04       3.976937027201e+00       1.574290556009e-02      -7.922262251203e-09      -1.988468988705e+00      -1.641395230281e-03      -1.988468513600e+00      -5.230357782035e-03 
       4.724421635890e-01      -1.356923566838e-02      -6.157031155584e+03      -6.304496306991e+03      -1.222888621196e-02      -6.269510883865e+03       9.257086094021e-03       9.257086094021e-03       1.260899261398e+04       3.998023282623e+00       1.545695049046e-02      -7.779924008121e-09      -1.999012107784e+00      -1.656382724365e-03      -1.999011641311e+00      -5.259075942913e-03 
       4.780623984623e-01      -1.332137612192e-02      -6.188850267518e+03      -6.337550454571e+03      -1.200551202046e-02      -6.302309084640e+03       9.088003131306e-03       9.088003131306e-03       1.267510090914e+04       4.018940205248e+00       1.517462811884e-02      -7.641340121290e-09      -2.009470560574e+00      -1.671319226042e-03      -2.009470102624e+00      -5.287574380066e-03 
       4.837578214154e-01      -1.307786131025e-02      -6.221046386671e+03      -6.370890549369e+03      -1.178605262885e-02      -6.335406993137e+03       8.921881725002e-03       8.921881725002e-03       1.274178109874e+04       4.040047917110e+00       1.489725015984e-02      -7.502587987395e-09      -2.020024408132e+00      -1.684659827643e-03      -2.020023958555e+00      -5.316060955667e-03 
       4.895298972391e-01      -1.283982590425e-02      -6.254295267628e+03      -6.405114205945e+03      -1.157153086349e-02      -6.369413370948e+03       8.759492298044e-03       8.759492298044e-03       1.281022841189e+04       4.061733699595e+00       1.462610175273e-02      -7.371479300470e-09      -2.030867291191e+00      -1.695553361769e-03      -2.030866849798e+00      -5.344886412136e-03 
       4.953801396020e-01      -1.260758957587e-02      -6.288874652002e+03      -6.440475010838e+03      -1.136223405181e-02      -6.404585121219e+03       8.601055718236e-03       8.601055718236e-03       1.288095002168e+04       4.084162094018e+00       1.436155280129e-02      -7.237835401561e-09      -2.042081480419e+00      -1.703630917749e-03      -2.042081047009e+00      -5.374198560479e-03 
       5.013101133638e-01      -1.238046779056e-02      -6.324510420788e+03      -6.476732698415e+03      -1.115754557777e-02      -6.440677113992e+03       8.446106177570e-03       8.446106177570e-03       1.295346539683e+04       4.107176972954e+00       1.410282584351e-02      -7.101972000948e-09      -2.053588912081e+00      -1.709508424702e-03      -2.053588486477e+00      -5.403898823637e-03 
       5.073214370266e-01      -1.215753306694e-02      -6.360732997028e+03      -6.513495327054e+03      -1.095663066399e-02      -6.477285953858e+03       8.294010556790e-03       8.294010556790e-03       1.302699065411e+04       4.130520753857e+00       1.384886333522e-02      -6.973169668472e-09      -2.065260794870e+00      -1.714560077020e-03      -2.065260376929e+00      -5.433880787622e-03 
       5.134157853330e-01      -1.193814963295e-02      -6.397177586624e+03      -6.550494098451e+03      -1.075891644143e-02      -6.514128274868e+03       8.144338451697e-03       8.144338451697e-03       1.310098819690e+04       4.154013514451e+00       1.359894768533e-02      -6.846769194899e-09      -2.077007167626e+00      -1.720065394219e-03      -2.077006757226e+00      -5.464120223615e-03 
       5.195948920219e-01      -1.172170627485e-02      -6.433473368251e+03      -6.587442117930e+03      -1.056385218122e-02      -6.550904543615e+03       7.996675380649e-03       7.996675380649e-03       1.317488423586e+04       4.177464882646e+00       1.335238761274e-02      -6.720027355932e-09      -2.088732844284e+00      -1.727126714385e-03      -2.088732441323e+00      -5.494552037416e-03 
       5.258605527531e-01      -1.150743091822e-02      -6.469156959519e+03      -6.623921474335e+03      -1.037074254193e-02      -6.587190493923e+03       7.850493838228e-03       7.850493838228e-03       1.324784294867e+04       4.200604046196e+00       1.310830194201e-02      -6.597104715794e-09      -2.100302418692e+00      -1.736278571969e-03      -2.100302023098e+00      -5.524921508837e-03 
       5.322146282141e-01      -1.129500550957e-02      -6.504032816134e+03      -6.659732970638e+03      -1.017930065109e-02      -6.622787876121e+03       7.705577130439e-03       7.705577130439e-03       1.331946594128e+04       4.223304750356e+00       1.286632900327e-02      -6.475623543709e-09      -2.111652763469e+00      -1.747319407912e-03      -2.111652375178e+00      -5.555039125377e-03 
       5.386590474225e-01      -1.108501823350e-02      -6.538468767035e+03      -6.695196531754e+03      -9.990056346476e-03      -6.658023536016e+03       7.562325210146e-03       7.562325210146e-03       1.339039306351e+04       4.245775157143e+00       1.262713624281e-02      -6.355754716498e-09      -2.122887959643e+00      -1.759487449833e-03      -2.122887578571e+00      -5.585045645592e-03 
       5.451958112383e-01      -1.087824299704e-02      -6.573001531933e+03      -6.730776013620e+03      -9.803706901642e-03      -6.693371899195e+03       7.421263915944e-03       7.421263915944e-03       1.346155202724e+04       4.268317261064e+00       1.239160101943e-02      -6.239414033869e-09      -2.134159004495e+00      -1.771740247185e-03      -2.134158630532e+00      -5.615155130219e-03 
       5.518269961031e-01      -1.067492969397e-02      -6.607884552767e+03      -6.766654049696e+03      -9.620477025955e-03      -6.729026373856e+03       7.282563594898e-03       7.282563594898e-03       1.353330809939e+04       4.291054467319e+00       1.216000784992e-02      -6.123030824977e-09      -2.145527600633e+00      -1.783089737389e-03      -2.145527233660e+00      -5.645366820169e-03 
       5.585547580240e-01      -1.047518672101e-02      -6.643273970976e+03      -6.802943493075e+03      -9.440464437104e-03      -6.765106397916e+03       7.146296992917e-03       7.146296992917e-03       1.360588698615e+04       4.314062560163e+00       1.193247779669e-02      -6.008494875392e-09      -2.157031640188e+00      -1.793015865418e-03      -2.157031280081e+00      -5.675693890685e-03 
       5.653813368197e-01      -1.027932130652e-02      -6.679435207276e+03      -6.839907351316e+03      -9.263946040863e-03      -6.801874864211e+03       7.012673870406e-03       7.012673870406e-03       1.367981470263e+04       4.337509192713e+00       1.170936115410e-02      -5.895991719100e-09      -2.168754949730e+00      -1.801598336804e-03      -2.168754596357e+00      -5.706358483656e-03 
       5.723090606529e-01      -1.008718620600e-02      -6.716318053723e+03      -6.877530931257e+03      -9.090789289925e-03      -6.839311531044e+03       6.881594595995e-03       6.881594595995e-03       1.375506186251e+04       4.361381642082e+00       1.149049179626e-02      -5.785530181750e-09      -2.180691167810e+00      -1.809420347979e-03      -2.180690821041e+00      -5.737436199421e-03 
       5.793403508692e-01      -9.897989639442e-03      -6.753402262635e+03      -6.915349984978e+03      -8.920280828947e-03      -6.876944229369e+03       6.752520126050e-03       6.752520126050e-03       1.383069996996e+04       4.385379094704e+00       1.127496997472e-02      -5.676779955088e-09      -2.192689887617e+00      -1.817281959519e-03      -2.192689547352e+00      -5.768676434556e-03 
       5.864777271687e-01      -9.711253139321e-03      -6.790344015262e+03      -6.953073819693e+03      -8.751989616815e-03      -6.914474470762e+03       6.625124921095e-03       6.625124921095e-03       1.390614763939e+04       4.409311454363e+00       1.106225237084e-02      -5.569546230557e-09      -2.204656061027e+00      -1.825896545257e-03      -2.204655727181e+00      -5.799953425785e-03 
       5.937238131390e-01      -9.527060558253e-03      -6.827199618179e+03      -6.990787972311e+03      -8.585991276587e-03      -6.951983042195e+03       6.499466491056e-03       6.499466491056e-03       1.398157594462e+04       4.433230346564e+00       1.085243509869e-02      -5.463890120204e-09      -2.216615500796e+00      -1.835620067449e-03      -2.216615173282e+00      -5.831387580052e-03 
       6.010813421777e-01      -9.345277052354e-03      -6.863897727555e+03      -7.028416494753e+03      -8.422164243598e-03      -6.989394861034e+03       6.375452615725e-03       6.375452615725e-03       1.405683298951e+04       4.457087850470e+00       1.064536410903e-02      -5.359708459058e-09      -2.228544246499e+00      -1.846307345917e-03      -2.228543925235e+00      -5.862896196401e-03 
       6.085531638393e-01      -9.165750260671e-03      -6.900369288478e+03      -7.065857547195e+03      -8.260371098644e-03      -7.026613426081e+03       6.252978750454e-03       6.252978750454e-03       1.413171509439e+04       4.480822267338e+00       1.044086466738e-02      -5.256864424351e-09      -2.240411448762e+00      -1.857433646609e-03      -2.240411133669e+00      -5.894319790238e-03 
       6.161422506428e-01      -8.988949011300e-03      -6.937033350474e+03      -7.103487075346e+03      -8.101034219481e-03      -7.064020745130e+03       6.132364002064e-03       6.132364002064e-03       1.420697415069e+04       4.504676984498e+00       1.023946939294e-02      -5.155560499483e-09      -2.252338801264e+00      -1.868399431135e-03      -2.252338492249e+00      -5.925868622515e-03 
       6.238517053790e-01      -8.815231126974e-03      -6.974250936474e+03      -7.141632210675e+03      -7.944475990532e-03      -7.101948656925e+03       6.013851998934e-03       6.013851998934e-03       1.428326442135e+04       4.528863454472e+00       1.004158494636e-02      -5.055950875662e-09      -2.264432030279e+00      -1.878775717676e-03      -2.264431727236e+00      -5.957739784465e-03 
       6.316847689635e-01      -8.644272229473e-03      -7.011831017164e+03      -7.180092847061e+03      -7.790404080720e-03      -7.140198856037e+03       5.897221458490e-03       5.897221458490e-03       1.436018569412e+04       4.553255204584e+00       9.846841845274e-03      -4.957848115891e-09      -2.276627899457e+00      -1.888473960669e-03      -2.276627602292e+00      -5.989761239562e-03 
       6.396448288827e-01      -8.476017003673e-03      -7.049767779629e+03      -7.218879541550e+03      -7.638768697373e-03      -7.178779309479e+03       5.782434962236e-03       5.782434962236e-03       1.443775908310e+04       4.577857403839e+00       9.655177700855e-03      -4.861253898427e-09      -2.288928993301e+00      -1.897775914475e-03      -2.288928701919e+00      -6.021983661170e-03 
       6.477354282875e-01      -8.310539375149e-03      -7.088154773045e+03      -7.258117482725e+03      -7.489636543726e-03      -7.217810003239e+03       5.669543387436e-03       5.669543387436e-03       1.451623496545e+04       4.602746708858e+00       9.466677591830e-03      -4.766256827249e-09      -2.301373640122e+00      -1.907156878099e-03      -2.301373354429e+00      -6.054577480594e-03 
       6.559602757945e-01      -8.147314716260e-03      -7.126565651174e+03      -7.297408135090e+03      -7.342534893364e-03      -7.256888783272e+03       5.558189231238e-03       5.558189231238e-03       1.459481627018e+04       4.627666809915e+00       9.280744694100e-03      -4.672594820659e-09      -2.313833685039e+00      -1.916974305387e-03      -2.313833404957e+00      -6.087278293200e-03 
       6.643232560598e-01      -7.986215490363e-03      -7.164907184433e+03      -7.336670607442e+03      -7.197348826675e-03      -7.295932972967e+03       5.448285584246e-03       5.448285584246e-03       1.467334121488e+04       4.652565030347e+00       9.097233918785e-03      -4.580201830046e-09      -2.326282789717e+00      -1.927355750013e-03      -2.326282515174e+00      -6.120040245873e-03 
       6.728284411997e-01      -7.827528963084e-03      -7.203484412310e+03      -7.376200856338e+03      -7.054337188925e-03      -7.335239399526e+03       5.340028201367e-03       5.340028201367e-03       1.475240171268e+04       4.677630587894e+00       8.916472064379e-03      -4.489220905081e-09      -2.338815563035e+00      -1.938153318653e-03      -2.338815293947e+00      -6.153076732717e-03 
       6.814801031383e-01      -7.671065855329e-03      -7.242184892021e+03      -7.415864560509e+03      -6.913329348503e-03      -7.374677428873e+03       5.233287674910e-03       5.233287674910e-03       1.483172912102e+04       4.702780079345e+00       8.738242973409e-03      -4.399516633352e-09      -2.351390303383e+00      -1.949028402543e-03      -2.351390039673e+00      -6.186230334443e-03 
       6.902827269736e-01      -7.516856312298e-03      -7.281097291387e+03      -7.455729933016e+03      -6.774352427951e-03      -7.414318357612e+03       5.128084329299e-03       5.128084329299e-03       1.491145986603e+04       4.728058876620e+00       8.562580514088e-03      -4.311082214271e-09      -2.364029696719e+00      -1.959702150717e-03      -2.364029438310e+00      -6.219514030201e-03 
       6.992410254616e-01      -7.365200634978e-03      -7.320580349856e+03      -7.496148355545e+03      -6.637677044096e-03      -7.454514063187e+03       5.024622941995e-03       5.024622941995e-03       1.499229671109e+04       4.753691327639e+00       8.389826587138e-03      -4.224080089299e-09      -2.376845917014e+00      -1.970118263235e-03      -2.376845663819e+00      -6.253199513155e-03 
       7.083599547303e-01      -7.215733356426e-03      -7.360323902077e+03      -7.536817409946e+03      -6.502973864793e-03      -7.494961478651e+03       4.922654354003e-03       4.922654354003e-03       1.507363481989e+04       4.779484226239e+00       8.219565207605e-03      -4.138318055789e-09      -2.389742361176e+00      -1.980394032795e-03      -2.389742113119e+00      -6.287063600498e-03 
       7.176447313498e-01      -7.068401684372e-03      -7.400310550944e+03      -7.577736070278e+03      -6.370195348092e-03      -7.535657009580e+03       4.822142743569e-03       4.822142743569e-03       1.515547214056e+04       4.805435357173e+00       8.051736617473e-03      -4.053785791214e-09      -2.402717921578e+00      -1.990771632028e-03      -2.402717678586e+00      -6.321141521483e-03 
       7.271008508973e-01      -6.923300204407e-03      -7.440685395866e+03      -7.619063074513e+03      -6.239426755335e-03      -7.576756954665e+03       4.723152749367e-03       4.723152749367e-03       1.523812614903e+04       4.831644441111e+00       7.886448778755e-03      -3.970548592706e-09      -2.415822458560e+00      -2.001443261141e-03      -2.415822220556e+00      -6.355588126020e-03 
       7.367341081734e-01      -6.780056662463e-03      -7.481093619399e+03      -7.660445523258e+03      -6.110332613450e-03      -7.617908775679e+03       4.625430449503e-03       4.625430449503e-03       1.532089104652e+04       4.857886685591e+00       7.723277715935e-03      -3.888396317945e-09      -2.428943575875e+00      -2.012393125922e-03      -2.428943342795e+00      -6.390119852812e-03 
       7.465506192458e-01      -6.638910183475e-03      -7.521855893928e+03      -7.702196070790e+03      -5.983128397640e-03      -7.659425799022e+03       4.529138836527e-03       4.529138836527e-03       1.540439214158e+04       4.884361839863e+00       7.562495545314e-03      -3.807451542321e-09      -2.442181148159e+00      -2.023509348611e-03      -2.442180919932e+00      -6.424968915866e-03 
       7.565568455175e-01      -6.499808399757e-03      -7.562983339118e+03      -7.744314625489e+03      -5.857766892342e-03      -7.701309693508e+03       4.434242071415e-03       4.434242071415e-03       1.548862925098e+04       4.911070916639e+00       7.404042392737e-03      -3.727672516079e-09      -2.455535681765e+00      -2.034629987242e-03      -2.455535458320e+00      -6.460111171227e-03 
       7.667596200406e-01      -6.362592944316e-03      -7.604352018688e+03      -7.786671897618e+03      -5.734105370474e-03      -7.743432252588e+03       4.340632087915e-03       4.340632087915e-03       1.557334379524e+04       4.937932143647e+00       7.247737807472e-03      -3.648965714142e-09      -2.468966290552e+00      -2.045678524737e-03      -2.468966071824e+00      -6.495432363652e-03 
       7.771661763261e-01      -6.227484269008e-03      -7.646289658608e+03      -7.829599398810e+03      -5.612342507309e-03      -7.786123771335e+03       4.248459294765e-03       4.248459294765e-03       1.565919879762e+04       4.965156152425e+00       7.093832938180e-03      -3.571458832056e-09      -2.482578290296e+00      -2.056740695303e-03      -2.482578076213e+00      -6.531209321710e-03 
       7.877841799308e-01      -6.094119208195e-03      -7.688405274811e+03      -7.872713988954e+03      -5.492151035554e-03      -7.829000597148e+03       4.157476052743e-03       4.157476052743e-03       1.574542797791e+04       4.992498344794e+00       6.941914323243e-03      -3.494956204685e-09      -2.496249381896e+00      -2.067907290184e-03      -2.496249172397e+00      -6.567150443111e-03 
       7.986217631414e-01      -5.962667777529e-03      -7.730969923832e+03      -7.916292913488e+03      -5.373684177858e-03      -7.872338483425e+03       4.067798366955e-03       4.067798366955e-03       1.583258582698e+04       5.020134578949e+00       6.792175667212e-03      -3.419557111876e-09      -2.510067494455e+00      -2.079276762751e-03      -2.510067289474e+00      -6.603491071201e-03 
       8.096875631153e-01      -5.832975443703e-03      -7.773849686420e+03      -7.960201334639e+03      -5.256802666153e-03      -7.916002989669e+03       3.979320809281e-03       3.979320809281e-03       1.592040266928e+04       5.047979122801e+00       6.644440930864e-03      -3.345172638120e-09      -2.523989761922e+00      -2.090819834829e-03      -2.523989561401e+00      -6.640119411580e-03 
       8.209907638875e-01      -5.705028764302e-03      -7.817094238841e+03      -8.004484431087e+03      -5.141494376503e-03      -7.960039915928e+03       3.892034159196e-03       3.892034159196e-03       1.600896886217e+04       5.076061157408e+00       6.498694704135e-03      -3.271789737742e-09      -2.538030774827e+00      -2.102467929437e-03      -2.538030578704e+00      -6.677061192175e-03 
       8.325411427102e-01      -5.578885844413e-03      -7.860860247708e+03      -8.049294567856e+03      -5.027811664657e-03      -8.004602016654e+03       3.805978011312e-03       3.805978011312e-03       1.609858913571e+04       5.104478068223e+00       6.355003087318e-03      -3.199436669286e-09      -2.552239225899e+00      -2.114173892453e-03      -2.552239034112e+00      -6.714430785908e-03 
       8.443491212515e-01      -5.454356909859e-03      -7.904949732864e+03      -8.094435113122e+03      -4.915583509600e-03      -8.049492817359e+03       3.721022929036e-03       3.721022929036e-03       1.618887022624e+04       5.133104578986e+00       6.213149962475e-03      -3.128008001460e-09      -2.566552476999e+00      -2.125943014530e-03      -2.566552289493e+00      -6.752072376087e-03 
       8.564258222607e-01      -5.331597348775e-03      -7.949662989646e+03      -8.140210692499e+03      -4.804949949142e-03      -8.095015692049e+03       3.637274925918e-03       3.637274925918e-03       1.628042138500e+04       5.162134153276e+00       6.073312347262e-03      -3.057593234219e-09      -2.581067259924e+00      -2.137853814254e-03      -2.581067076638e+00      -6.790240192068e-03 
       8.687831323856e-01      -5.210333098540e-03      -7.994664006450e+03      -8.186288075277e+03      -4.695664003461e-03      -8.140837598797e+03       3.554547078870e-03       3.554547078870e-03       1.637257615055e+04       5.191354438803e+00       5.935178140457e-03      -2.988040538558e-09      -2.595677398519e+00      -2.149919418938e-03      -2.595677219402e+00      -6.828670765965e-03 
       8.814337719335e-01      -5.090755831851e-03      -8.040328375312e+03      -8.233042880200e+03      -4.587898402592e-03      -8.187333447196e+03       3.472970112997e-03       3.472970112997e-03       1.646608576040e+04       5.221004493179e+00       5.798965609762e-03      -2.919455521041e-09      -2.610502421596e+00      -2.162158722758e-03      -2.610502246589e+00      -6.867665982770e-03 
       8.943913724798e-01      -4.972618421082e-03      -8.086349610684e+03      -8.280166423042e+03      -4.481430433842e-03      -8.234195477565e+03       3.392375442560e-03       3.392375442560e-03       1.656033284608e+04       5.250888063747e+00       5.664393261874e-03      -2.851697642364e-09      -2.625444202819e+00      -2.174519016948e-03      -2.625444031874e+00      -6.906972175444e-03 
       9.076705633606e-01      -4.856099126499e-03      -8.133107590780e+03      -8.328038307199e+03      -4.376420740589e-03      -8.281802624013e+03       3.312884646530e-03       3.312884646530e-03       1.665607661440e+04       5.281246774367e+00       5.531664093894e-03      -2.784865160923e-09      -2.640623554123e+00      -2.187019844200e-03      -2.640623387183e+00      -6.946894539598e-03 
       9.212870682466e-01      -4.740966773152e-03      -8.180305343699e+03      -8.376363054905e+03      -4.272660991328e-03      -8.329859728732e+03       3.234340046792e-03       3.234340046792e-03       1.675272610981e+04       5.311892424472e+00       5.400514832468e-03      -2.718829465845e-09      -2.655946375218e+00      -2.199661794876e-03      -2.655946212236e+00      -6.987197839771e-03 
       9.352578131720e-01      -4.627337988766e-03      -8.228243369854e+03      -8.425443873901e+03      -4.170255792956e-03      -8.378669005330e+03       3.156823381695e-03       3.156823381695e-03       1.685088774780e+04       5.343019903737e+00       5.271082802570e-03      -2.649780362011e-09      -2.671510110944e+00      -2.212443346949e-03      -2.671509951868e+00      -7.028125431246e-03 
       9.496010476076e-01      -4.515059617088e-03      -8.276738004015e+03      -8.475097611480e+03      -4.069068127750e-03      -8.428047564374e+03       3.080225757382e-03       3.080225757382e-03       1.695019522296e+04       5.374508252988e+00       5.143184470919e-03      -2.585485021361e-09      -2.687254281710e+00      -2.225455308793e-03      -2.687254126494e+00      -7.069540509651e-03 
       9.643364804132e-01      -4.404144651588e-03      -8.325920465747e+03      -8.525455396831e+03      -3.969109193398e-03      -8.478126303140e+03       3.004558263252e-03       3.004558263252e-03       1.705091079366e+04       5.406443099622e+00       5.016839216890e-03      -2.521977332559e-09      -2.703221701214e+00      -2.238649342223e-03      -2.703221549811e+00      -7.111542462138e-03 
       9.794854327925e-01      -4.294587194229e-03      -8.375892341268e+03      -8.576619242316e+03      -3.870373710945e-03      -8.529006975635e+03       2.929816677749e-03       2.929816677749e-03       1.715323848463e+04       5.438889088529e+00       4.892039917116e-03      -2.459033408387e-09      -2.719444691901e+00      -2.252038515860e-03      -2.719444544265e+00      -7.154214251656e-03 
       9.950710107137e-01      -4.186244773279e-03      -8.426487733636e+03      -8.628424303739e+03      -3.772733195684e-03      -8.580524881721e+03       2.855904277943e-03       2.855904277943e-03       1.725684860748e+04       5.471741769031e+00       4.768625246911e-03      -2.397015750816e-09      -2.735871028427e+00      -2.265617997601e-03      -2.735870884515e+00      -7.197424322614e-03 
       1.011118299649e+00      -4.079210534449e-03      -8.478014330731e+03      -8.681180062929e+03      -3.676271622502e-03      -8.632988640757e+03       2.782884416377e-03       2.782884416377e-03       1.736236012586e+04       5.505197715685e+00       4.646700917640e-03      -2.335565925004e-09      -2.752598998075e+00      -2.279427862041e-03      -2.752598857842e+00      -7.241424854328e-03 
       1.027654584949e+00      -3.973344610969e-03      -8.530309828665e+03      -8.734724865199e+03      -3.580862995724e-03      -8.686236799513e+03       2.710661432347e-03       2.710661432347e-03       1.746944973040e+04       5.539153666801e+00       4.526107106815e-03      -2.274997913400e-09      -2.769576969994e+00      -2.293464807423e-03      -2.769576833400e+00      -7.286086281397e-03 
       1.044709601705e+00      -3.868616641935e-03      -8.583437041233e+03      -8.789122407805e+03      -3.486479914832e-03      -8.740332796985e+03       2.639214794469e-03       2.639214794469e-03       1.757824481561e+04       5.573650300756e+00       4.406809601799e-03      -2.214952247113e-09      -2.786825283371e+00      -2.307735368149e-03      -2.786825150378e+00      -7.331460440091e-03 
       1.062315818564e+00      -3.765056869353e-03      -8.637606471202e+03      -8.844584497477e+03      -3.393149640014e-03      -8.795487837655e+03       2.568565091119e-03       2.568565091119e-03       1.768916899495e+04       5.608822251447e+00       4.288842764299e-03      -2.155702861922e-09      -2.804411255156e+00      -2.322266593424e-03      -2.804411125723e+00      -7.377719924403e-03 
       1.080508760706e+00      -3.662566200503e-03      -8.692742617362e+03      -8.901037335955e+03      -3.300782871089e-03      -8.851627994392e+03       2.498644722088e-03       2.498644722088e-03       1.780207467191e+04       5.644622371759e+00       4.172093718943e-03      -2.097260604130e-09      -2.822311311789e+00      -2.337071663949e-03      -2.822311185879e+00      -7.424807847889e-03 
       1.099327377988e+00      -3.561092174443e-03      -8.748874273085e+03      -8.958511043927e+03      -3.209332313851e-03      -8.908783122947e+03       2.429417966649e-03       2.429417966649e-03       1.791702208785e+04       5.681069793264e+00       4.056502847827e-03      -2.039180351900e-09      -2.840535019053e+00      -2.352159545300e-03      -2.840534896632e+00      -7.472749536076e-03 
       1.118814465254e+00      -3.460640765848e-03      -8.806182983892e+03      -9.017188786517e+03      -3.118803360870e-03      -8.967135790395e+03       2.360888850140e-03       2.360888850140e-03       1.803437757303e+04       5.718280873840e+00       3.942076853488e-03      -1.981666279316e-09      -2.859140555888e+00      -2.367555307901e-03      -2.859140436920e+00      -7.521694421182e-03 
       1.139017142838e+00      -3.361176445176e-03      -8.864762291556e+03      -9.077166359443e+03      -3.029163983819e-03      -9.026781258777e+03       2.293033173963e-03       2.293033173963e-03       1.815433271889e+04       5.756316417315e+00       3.828775345809e-03      -1.924561166241e-09      -2.878158324206e+00      -2.383291614639e-03      -2.878158208657e+00      -7.571723660815e-03 
       1.159987406523e+00      -3.262631678210e-03      -8.924626651486e+03      -9.138460073314e+03      -2.940353339320e-03      -9.087735516811e+03       2.225804780268e-03       2.225804780268e-03       1.827692014663e+04       5.795186497270e+00       3.716521219939e-03      -1.868183018349e-09      -2.897593360796e+00      -2.399375385879e-03      -2.897593248635e+00      -7.622850935622e-03 
       1.181782757508e+00      -3.164965375669e-03      -8.985865102657e+03      -9.201161447616e+03      -2.852334386055e-03      -9.150089522757e+03       2.159175705197e-03       2.159175705197e-03       1.840232289523e+04       5.834949211836e+00       3.605267808491e-03      -1.812223795144e-09      -2.917474714721e+00      -2.415869032365e-03      -2.917474605918e+00      -7.675158681845e-03 
       1.204466924296e+00      -3.068136931027e-03      -9.048576829141e+03      -9.265371699048e+03      -2.765070536777e-03      -9.213943984213e+03       2.093118186158e-03       2.093118186158e-03       1.853074339810e+04       5.875668690181e+00       3.494968733092e-03      -1.756910555650e-09      -2.937834450565e+00      -2.432757531680e-03      -2.937834345090e+00      -7.728724735063e-03 
       1.228110689814e+00      -2.972111688353e-03      -9.112889096459e+03      -9.331220861378e+03      -2.678530544278e-03      -9.279428256267e+03       2.027608650151e-03       2.027608650151e-03       1.866244172276e+04       5.917427528629e+00       3.385584659546e-03      -1.701898550115e-09      -2.958713866488e+00      -2.450087078556e-03      -2.958713764315e+00      -7.783659623049e-03 
       1.252792838276e+00      -2.876846473283e-03      -9.178914029742e+03      -9.398823582630e+03      -2.592675504812e-03      -9.346656375666e+03       1.962617613805e-03       1.962617613805e-03       1.879764716526e+04       5.960298399445e+00       3.277066347048e-03      -1.647321797291e-09      -2.980149298621e+00      -2.467880500161e-03      -2.980149199723e+00      -7.840057798499e-03 
       1.278601237189e+00      -2.782303276949e-03      -9.246789341619e+03      -9.468320802991e+03      -2.507471162815e-03      -9.415768511302e+03       1.898119155109e-03       1.898119155109e-03       1.893664160598e+04       6.004370714079e+00       3.169370515467e-03      -1.593205340883e-09      -3.002185452688e+00      -2.486178122154e-03      -3.002185357039e+00      -7.898037379391e-03 
       1.305634070045e+00      -2.688436478060e-03      -9.316636628885e+03      -9.539836943132e+03      -2.422876404116e-03      -9.486888406980e+03       1.834082146194e-03       1.834082146194e-03       1.907967388626e+04       6.049723367518e+00       3.062445187609e-03      -1.539449483499e-09      -3.024861776181e+00      -2.505013937766e-03      -3.024861683759e+00      -7.957702358979e-03 
       1.334001234132e+00      -2.595216948006e-03      -9.388641116163e+03      -9.613561787036e+03      -2.338864978174e-03      -9.560204774642e+03       1.770486712706e-03       1.770486712706e-03       1.922712357407e+04       6.096476695561e+00       2.956257177399e-03      -1.486045015282e-09      -3.048238436998e+00      -2.524440884560e-03      -3.048238347781e+00      -8.019211512542e-03 
       1.363825914699e+00      -2.502599131299e-03      -9.462933454999e+03      -9.689629485353e+03      -2.255395968621e-03      -9.635850963754e+03       1.707301168575e-03       1.707301168575e-03       1.937925897071e+04       6.144714454437e+00       2.850753341795e-03      -1.433446257984e-09      -3.072357313251e+00      -2.544538012256e-03      -3.072357227219e+00      -8.082682031694e-03 
       1.395246340115e+00      -2.410549421910e-03      -9.539697048210e+03      -9.768228367417e+03      -2.172438805456e-03      -9.714014176731e+03       1.644503829636e-03       1.644503829636e-03       1.953645673483e+04       6.194558583659e+00       2.745897954963e-03      -1.380719308002e-09      -3.097279374698e+00      -2.565283628280e-03      -3.097279291830e+00      -8.148262868001e-03 
       1.428417711027e+00      -2.319069816102e-03      -9.619249840756e+03      -9.849682401712e+03      -2.089995431836e-03      -9.795016828278e+03       1.582095422102e-03       1.582095422102e-03       1.969936480342e+04       6.246213403354e+00       2.641691983542e-03      -1.328319234059e-09      -3.123106781400e+00      -2.586789944474e-03      -3.123106701677e+00      -8.216227173047e-03 
       1.463514277278e+00      -2.228131191709e-03      -9.701788889498e+03      -9.934193170027e+03      -2.008039602198e-03      -9.879059411404e+03       1.520056078294e-03       1.520056078294e-03       1.986838634005e+04       6.299806766211e+00       2.538102253564e-03      -1.276229342704e-09      -3.149903459703e+00      -2.609110069563e-03      -3.149903383106e+00      -8.286743148527e-03 
       1.500731506377e+00      -2.137686656662e-03      -9.787402051889e+03      -1.002185425426e+04      -1.926528952034e-03      -9.966234433606e+03       1.458354271907e-03       1.458354271907e-03       2.004370850852e+04       6.355398850843e+00       2.435076303549e-03      -1.224177008047e-09      -3.177699498910e+00      -2.632251535246e-03      -3.177699425422e+00      -8.359887158111e-03 
       1.540288242703e+00      -2.047785847243e-03      -9.876569516436e+03      -1.011315223805e+04      -1.845508425541e-03      -1.005702656118e+04       1.397022935621e-03       1.397022935621e-03       2.022630447610e+04       6.413296406132e+00       2.332668762804e-03      -1.172643969099e-09      -3.206648273464e+00      -2.656408567504e-03      -3.206648203066e+00      -8.436073372741e-03 
       1.582428693406e+00      -1.958402493178e-03      -9.969372072010e+03      -1.020817420288e+04      -1.764954361893e-03      -1.015152172420e+04       1.336044089635e-03       1.336044089635e-03       2.041634840576e+04       6.473553872715e+00       2.230849586936e-03      -1.121819610013e-09      -3.236777003682e+00      -2.681629643378e-03      -3.236776936357e+00      -8.515377476190e-03 
       1.627423992086e+00      -1.869596031624e-03      -1.006623138457e+04      -1.030734959751e+04      -1.684920083734e-03      -1.025014734350e+04       1.275459344628e-03       1.275459344628e-03       2.061469919502e+04       6.536446756205e+00       2.129688666644e-03      -1.070946125559e-09      -3.268223442375e+00      -2.707931578942e-03      -3.268223378103e+00      -8.598146460169e-03 
       1.675572985692e+00      -1.781429700503e-03      -1.016748039733e+04      -1.041101922751e+04      -1.605462652935e-03      -1.035324235056e+04       1.215311536615e-03       1.215311536615e-03       2.082203845502e+04       6.602190484273e+00       2.029257408487e-03      -1.020449687901e-09      -3.301095303378e+00      -2.735440218782e-03      -3.301095242136e+00      -8.684669473619e-03 
       1.727201772779e+00      -1.693983145022e-03      -1.027338017824e+04      -1.051945153639e+04      -1.526653948713e-03      -1.046107352705e+04       1.155654579878e-03       1.155654579878e-03       2.103890307277e+04       6.670953904816e+00       1.929645671227e-03      -9.703933817705e-10      -3.335477010643e+00      -2.764337165929e-03      -3.335476952408e+00      -8.775186147672e-03 
       1.782661416417e+00      -1.607380613756e-03      -1.038424018029e+04      -1.063296287441e+04      -1.448605906030e-03      -1.057395554659e+04       1.096573359993e-03       1.096573359993e-03       2.126592574881e+04       6.742937985394e+00       1.830995242276e-03      -9.208021573338e-10      -3.371469047955e+00      -2.794549291880e-03      -3.371468992697e+00      -8.869936411465e-03 
       1.842323209855e+00      -1.521788186296e-03      -1.050036266444e+04      -1.075186177579e+04      -1.371468190487e-03      -1.069219537939e+04       1.038181246169e-03       1.038181246169e-03       2.150372355157e+04       6.818338712077e+00       1.733495443651e-03      -8.717881066894e-10      -3.409169408354e+00      -2.826236345176e-03      -3.409169356039e+00      -8.969190318049e-03 
       1.906570961143e+00      -1.437402313755e-03      -1.062191532699e+04      -1.087632292604e+04      -1.295417849815e-03      -1.081596628575e+04       9.806122563486e-04       9.806122563486e-04       2.175264585209e+04       6.897266555294e+00       1.637370049303e-03      -8.234688393975e-10      -3.448633327061e+00      -2.859479820101e-03      -3.448633277647e+00      -9.073098790945e-03 
       1.975790075473e+00      -1.354491752601e-03      -1.074921262589e+04      -1.100666526220e+04      -1.220697088892e-03      -1.094558590087e+04       9.240497516969e-04       9.240497516969e-04       2.201333052440e+04       6.979924129115e+00       1.542925230345e-03      -7.759818139477e-10      -3.489962111122e+00      -2.894343761985e-03      -3.489962064558e+00      -9.181925224445e-03 
       2.050353823144e+00      -1.273332148406e-03      -1.088223601145e+04      -1.114287151108e+04      -1.147554326396e-03      -1.108103678357e+04       8.686817788453e-04       8.686817788453e-04       2.228574302215e+04       7.066300309056e+00       1.450474975371e-03      -7.294844781371e-10      -3.533150198302e+00      -2.930853208370e-03      -3.533150154528e+00      -9.295659640900e-03 
       2.130608069751e+00      -1.194250104887e-03      -1.102100876603e+04      -1.128496552979e+04      -1.076283900757e-03      -1.122234265593e+04       8.147311667011e-04       8.147311667011e-04       2.256993105957e+04       7.156410317821e+00       1.360391357587e-03      -6.841336406305e-10      -3.578205199966e+00      -2.969028527460e-03      -3.578205158911e+00      -9.414324270323e-03 
       2.216856723667e+00      -1.117590089995e-03      -1.116546968114e+04      -1.143288379070e+04      -1.007196195010e-03      -1.136944047369e+04       7.624331690718e-04       7.624331690718e-04       2.286576758139e+04       7.250215370911e+00       1.273067288850e-03      -6.402749962663e-10      -3.625107723875e+00      -3.008867459387e-03      -3.625107685455e+00      -9.537870295810e-03 
       2.309350833013e+00      -1.043678605576e-03      -1.131528967257e+04      -1.158629100014e+04      -9.405856745412e-04      -1.152199654739e+04       7.120096018667e-04       7.120096018667e-04       2.317258200027e+04       7.347497568794e+00       1.188872784633e-03      -5.979541424400e-10      -3.673748820276e+00      -3.050333452050e-03      -3.673748784397e+00      -9.666019410906e-03 
       2.408284166381e+00      -9.728291572843e-04      -1.147020416690e+04      -1.174491455789e+04      -8.767346543806e-04      -1.167974004869e+04       6.636753025158e-04       6.636753025158e-04       2.348982911578e+04       7.448089450852e+00       1.108166941037e-03      -5.574272676738e-10      -3.724044758870e+00      -3.093336580943e-03      -3.724044725426e+00      -9.798548218410e-03 
       2.513796969118e+00      -9.052943543465e-04      -1.162972176677e+04      -1.190825300180e+04      -8.158708601336e-04      -1.184217203683e+04       6.176023070644e-04       6.176023070644e-04       2.381650600360e+04       7.551671243927e+00       1.031236898755e-03      -5.187732638064e-10      -3.775835653085e+00      -3.137777491471e-03      -3.775835621963e+00      -9.935041246386e-03 
       2.625987629569e+00      -8.412719217396e-04      -1.179344937124e+04      -1.207590202430e+04      -7.581724951198e-04      -1.200889072260e+04       5.739254464239e-04       5.739254464239e-04       2.415180404860e+04       7.657986260615e+00       9.583077687777e-04      -4.822495477232e-10      -3.828993159229e+00      -3.183471810859e-03      -3.828993130307e+00      -1.007514872604e-02 
       2.744929960642e+00      -7.808681816628e-04      -1.196077489717e+04      -1.224723794938e+04      -7.037353617193e-04      -1.217927542064e+04       5.327173681172e-04       5.327173681172e-04       2.449447589876e+04       7.766639633324e+00       8.895008955581e-04      -4.476344755994e-10      -3.883319843507e+00      -3.230481614525e-03      -3.883319816662e+00      -1.021838640118e-02 
       2.870692567079e+00      -7.241280315298e-04      -1.213131291761e+04      -1.242186383095e+04      -6.525999143227e-04      -1.235293173843e+04       4.940087164769e-04       4.940087164769e-04       2.484372766189e+04       7.877380130574e+00       8.248674541640e-04      -4.149448411272e-10      -3.938690090181e+00      -3.278602415843e-03      -3.938690065287e+00      -1.036440814299e-02 
       3.003356777944e+00      -6.710205492662e-04      -1.230463311439e+04      -1.259933958443e+04      -6.047383266888e-04      -1.252942195080e+04       4.577782155551e-04       4.577782155551e-04       2.519867916885e+04       7.989926983785e+00       7.643718492611e-04      -3.845356552965e-10      -3.994963514961e+00      -3.327788598672e-03      -3.994963491893e+00      -1.051285577345e-02 
       3.143030673842e+00      -6.214542803709e-04      -1.248031056850e+04      -1.277923143077e+04      -5.600681306393e-04      -1.270831448386e+04       4.239636812548e-04       4.239636812548e-04       2.555846286153e+04       8.104007083431e+00       7.079103297002e-04      -3.559848834582e-10      -4.052003563080e+00      -3.377897265602e-03      -4.052003541716e+00      -1.066336527449e-02 
       3.289858202671e+00      -5.753007037366e-04      -1.265808730400e+04      -1.296127397371e+04      -5.184735507318e-04      -1.288934560452e+04       3.924772151284e-04       3.924772151284e-04       2.592254794742e+04       8.219449882227e+00       6.553360424474e-04      -3.295446075764e-10      -4.109724960891e+00      -3.428982294876e-03      -4.109724941113e+00      -1.081573195949e-02 
       3.444023643325e+00      -5.323961451071e-04      -1.283765667570e+04      -1.314515470832e+04      -4.798070569001e-04      -1.307220431437e+04       3.632072581156e-04       3.632072581156e-04       2.629030941665e+04       8.336058084172e+00       6.064627518994e-04      -3.049796742086e-10      -4.168029060389e+00      -3.480971560405e-03      -4.168029042086e+00      -1.096969777005e-02 
       3.605752430110e+00      -4.925610811211e-04      -1.301878269782e+04      -1.333063177943e+04      -4.439068347641e-04      -1.325665013371e+04       3.360314489313e-04       3.360314489313e-04       2.666126355885e+04       8.453680035676e+00       5.610861890814e-04      -2.821000596947e-10      -4.226840034771e+00      -3.533800364104e-03      -4.226840017838e+00      -1.112506264285e-02 
       3.775309589662e+00      -4.556119715129e-04      -1.320134890866e+04      -1.351758555733e+04      -4.106075398836e-04      -1.344256415473e+04       3.108242649987e-04       3.108242649987e-04       2.703517111466e+04       8.572235151827e+00       5.189966449505e-04      -2.610192997657e-10      -4.286117591577e+00      -3.587567716002e-03      -4.286117575914e+00      -1.128174216520e-02 
       3.952996932004e+00      -4.213590724003e-04      -1.338514193675e+04      -1.370579851922e+04      -3.797381057185e-04      -1.362972991468e+04       2.874565675686e-04       2.874565675686e-04       2.741159703844e+04       8.691590130885e+00       4.799786086433e-04      -2.414108115417e-10      -4.345795079928e+00      -3.642195541830e-03      -4.345795065443e+00      -1.143955659022e-02 
       4.139149865523e+00      -3.896197456378e-04      -1.357002189703e+04      -1.389512753183e+04      -3.511339516907e-04      -1.381800505891e+04       2.658036774951e-04       2.658036774951e-04       2.779025506365e+04       8.811653023054e+00       4.438238670135e-04      -2.232424833148e-10      -4.405826524921e+00      -3.697710905765e-03      -4.405826511527e+00      -1.159839545839e-02 
       4.334134407024e+00      -3.602182025773e-04      -1.375584392435e+04      -1.408542456670e+04      -3.246366598352e-04      -1.400724233345e+04       2.457456460526e-04       2.457456460526e-04       2.817084913339e+04       8.932329538794e+00       4.103321271007e-04      -2.065135565859e-10      -4.466164781781e+00      -3.754261404914e-03      -4.466164769397e+00      -1.175816401173e-02 
       4.538344703503e+00      -3.329873685835e-04      -1.394245076033e+04      -1.427652906520e+04      -3.000956457931e-04      -1.419728199922e+04       2.271685418727e-04       2.271685418727e-04       2.855305813041e+04       9.053518927578e+00       3.793131722587e-04      -1.910609022185e-10      -4.526759475237e+00      -3.811680243275e-03      -4.526759463789e+00      -1.191871016086e-02 
       4.752201195312e+00      -3.077705566999e-04      -1.412968950253e+04      -1.446828440064e+04      -2.773697131082e-04      -1.438796830813e+04       2.099654193865e-04       2.099654193865e-04       2.893656880128e+04       9.175120914567e+00       3.505884104636e-04      -1.767284754470e-10      -4.587560467864e+00      -3.870117566647e-03      -4.587560457283e+00      -1.207993200085e-02 
       4.976149428769e+00      -2.844205089333e-04      -1.431734779592e+04      -1.466047448781e+04      -2.563261978043e-04      -1.457908616612e+04       1.940355997928e-04       1.940355997928e-04       2.932094897561e+04       9.296992341176e+00       3.239896501073e-04      -1.631987794926e-10      -4.648496180366e+00      -3.929374758884e-03      -4.648496170588e+00      -1.224161940809e-02 
       5.210659457381e+00      -2.628006645486e-04      -1.450527799049e+04      -1.485294770419e+04      -2.368419248265e-04      -1.477048485921e+04       1.792863851337e-04       1.792863851337e-04       2.970589540839e+04       9.419049354525e+00       2.993622890376e-04      -1.507105685215e-10      -4.709524686298e+00      -3.989935885025e-03      -4.709524677263e+00      -1.240374350156e-02 
       5.456225739813e+00      -2.427831212736e-04      -1.469320356473e+04      -1.504542256033e+04      -2.188016938642e-04      -1.496188420601e+04       1.656302168576e-04       1.656302168576e-04       3.009084512067e+04       9.541105342207e+00       2.765600102297e-04      -1.393399913816e-10      -4.770552679450e+00      -4.051645454995e-03      -4.770552671104e+00      -1.256604647477e-02 
       5.713367436630e+00      -2.242507943087e-04      -1.488094575336e+04      -1.523771538837e+04      -2.020999840419e-04      -1.515310165331e+04       1.529872247520e-04       1.529872247520e-04       3.047543077673e+04       9.663043509546e+00       2.554494534773e-04      -1.285841355784e-10      -4.831521762483e+00      -4.114608683063e-03      -4.831521754773e+00      -1.272839887673e-02 
       5.982629016144e+00      -2.070932583909e-04      -1.506819474436e+04      -1.542951060975e+04      -1.866372542098e-04      -1.534382312004e+04       1.412821768320e-04       1.412821768320e-04       3.085902121950e+04       9.784667181852e+00       2.359050400978e-04      -1.187609700594e-10      -4.892333598046e+00      -4.178764499920e-03      -4.892333590926e+00      -1.289054513245e-02 
       6.264581095054e+00      -1.912095974060e-04      -1.525469874428e+04      -1.562055050029e+04      -1.723225677031e-04      -1.553379229696e+04       1.304461791783e-04       1.304461791783e-04       3.124110100057e+04       9.905811270800e+00       2.178117164193e-04      -1.096738582082e-10      -4.952905641974e+00      -4.244234352065e-03      -4.952905635400e+00      -1.305229790771e-02 
       6.559821456700e+00      -1.765056106187e-04      -1.544013196454e+04      -1.581050236649e+04      -1.590710314987e-04      -1.572267819923e+04       1.204149544846e-04       1.204149544846e-04       3.162100473297e+04       1.002626407293e+01       2.010621510847e-04      -1.012665825168e-10      -5.013132042536e+00      -4.311066022523e-03      -5.013132036467e+00      -1.321340002023e-02 
       6.868976205922e+00      -1.628940397478e-04      -1.562414204264e+04      -1.599900675497e+04      -1.468039984865e-04      -1.591012316103e+04       1.111290130764e-04       1.111290130764e-04       3.199801350995e+04       1.014579954687e+01       1.855570265230e-04      -9.347500368474e-11      -5.072899779037e+00      -4.379476756007e-03      -5.072899773437e+00      -1.337360277388e-02 
       7.192701032936e+00      -1.502945538953e-04      -1.580638503804e+04      -1.618571171478e+04      -1.354490785796e-04      -1.609577714997e+04       1.025335213212e-04       1.025335213212e-04       3.237142342957e+04       1.026419296151e+01       1.712047729905e-04      -8.628631295033e-11      -5.132096485925e+00      -4.449277566083e-03      -5.132096480757e+00      -1.353259562733e-02 
       7.531682569088e+00      -1.386323643231e-04      -1.598644930146e+04      -1.637019758755e+04      -1.249388736805e-04      -1.627922255274e+04       9.457744660701e-05       9.457744660701e-05       3.274039517509e+04       1.038117726601e+01       1.579201747881e-04      -7.958890947831e-11      -5.190588637771e+00      -4.520719389163e-03      -5.190588633005e+00      -1.369008401145e-02 
       7.886639824861e+00      -1.278386234552e-04      -1.616394895127e+04      -1.655206988782e+04      -1.152113279058e-04      -1.646006697508e+04       8.721386297090e-05       8.721386297090e-05       3.310413977564e+04       1.049650490526e+01       1.456248939605e-04      -7.341641670886e-11      -5.248252457025e+00      -4.594230126837e-03      -5.248252452629e+00      -1.384582554440e-02 
       8.258325705669e+00      -1.178496635933e-04      -1.633847257681e+04      -1.673090858131e+04      -1.062090704529e-04      -1.663789252502e+04       8.039929489858e-05       8.039929489858e-05       3.346181716263e+04       1.060990690246e+01       1.342463221798e-04      -6.769224448709e-11      -5.304953455280e+00      -4.669403510437e-03      -5.304953451228e+00      -1.399942010065e-02 
       8.647528604335e+00      -1.086059670660e-04      -1.650951277973e+04      -1.690619613386e+04      -9.787846173276e-05      -1.681218423109e+04       7.409315120583e-05       7.409315120583e-05       3.381239226772e+04       1.072105554308e+01       1.237166869750e-04      -6.240009169968e-11      -5.360527775272e+00      -4.747186561403e-03      -5.360527771538e+00      -1.415060652070e-02 
       9.055074071264e+00      -1.000531304670e-04      -1.667663907865e+04      -1.707749254762e+04      -9.017046757973e-05      -1.698250441536e+04       6.825833051677e-05       6.825833051677e-05       3.415498509525e+04       1.082967311407e+01       1.139740441357e-04      -5.748723399831e-11      -5.414836560473e+00      -4.826941865773e-03      -5.414836557033e+00      -1.429893728497e-02 
       9.481826564591e+00      -9.214058000498e-05      -1.683935811999e+04      -1.724429427460e+04      -8.303951974622e-05      -1.714835207558e+04       6.286028084577e-05       6.286028084577e-05       3.448858854920e+04       1.093543519373e+01       1.049606817525e-04      -5.300943488344e-11      -5.467717600033e+00      -4.908403717741e-03      -5.467717596865e+00      -1.444396582360e-02 
       9.928691283402e+00      -8.482151019685e-05      -1.699719482360e+04      -1.740611709756e+04      -7.644342246233e-05      -1.730924533782e+04       5.786714539879e-05       5.786714539879e-05       3.481223419512e+04       1.103804181761e+01       9.662343517994e-05      -4.881197698669e-11      -5.519020911724e+00      -4.993079005029e-03      -5.519020908807e+00      -1.458555261268e-02 
       1.039661608762e+01      -7.805272749933e-05      -1.714966587105e+04      -1.756246850357e+04      -7.034325594784e-05      -1.746469405711e+04       5.324942317142e-05       5.324942317142e-05       3.512493700713e+04       1.113717726632e+01       8.891303235415e-05      -4.492663637087e-11      -5.568588635841e+00      -5.081317354949e-03      -5.568588633158e+00      -1.472335816450e-02 
       1.088659350847e+01      -7.179421831841e-05      -1.729629073891e+04      -1.771285736234e+04      -6.470295902057e-05      -1.761420969028e+04       4.897980903976e-05       4.897980903976e-05       3.542571472468e+04       1.123252931576e+01       8.178387832292e-05      -4.134455029027e-11      -5.616264660349e+00      -5.172204360350e-03      -5.616264657880e+00      -1.485684848978e-02 
       1.139966285374e+01      -6.600886728441e-05      -1.743657829612e+04      -1.785678389005e+04      -5.948908264889e-05      -1.775729475008e+04       4.503298434205e-05       4.503298434205e-05       3.571356778010e+04       1.132378071328e+01       7.519369802067e-05      -3.803447643480e-11      -5.661890358909e+00      -5.266477684466e-03      -5.661890356639e+00      -1.498574288454e-02 
       1.193691241231e+01      -6.066247091932e-05      -1.757009896467e+04      -1.799381055709e+04      -5.467079941517e-05      -1.789351377645e+04       4.138562872649e-05       4.138562872649e-05       3.598762111417e+04       1.141065610104e+01       6.910355759817e-05      -3.497209698359e-11      -5.705328052604e+00      -5.364633264363e-03      -5.705328050518e+00      -1.510977416124e-02 
       1.249948176251e+01      -5.570940469159e-05      -1.769201388153e+04      -1.811898421060e+04      -5.020699337087e-05      -1.801794085704e+04       3.800660545477e-05       3.800660545477e-05       3.623796842120e+04       1.149001257904e+01       6.346146256597e-05      -3.213462099620e-11      -5.745006291436e+00      -5.465678446970e-03      -5.745006289520e+00      -1.522485736833e-02 
       1.308856418936e+01      -5.112559049107e-05      -1.780250580930e+04      -1.823249451335e+04      -4.607596673805e-05      -1.813076421529e+04       3.487948272383e-05       3.487948272383e-05       3.646498902670e+04       1.156196919903e+01       5.823997376244e-05      -2.951238167385e-11      -5.780984601272e+00      -5.570751310657e-03      -5.780984599514e+00      -1.533131969109e-02 
       1.370540921568e+01      -4.689436659166e-05      -1.790428360359e+04      -1.833711942358e+04      -4.226270105419e-05      -1.823474574611e+04       3.199290214072e-05       3.199290214072e-05       3.667423884716e+04       1.162828878232e+01       5.342012901730e-05      -2.709110150360e-11      -5.814144392773e+00      -5.680579746856e-03      -5.814144391160e+00      -1.543147960364e-02 
       1.435132525246e+01      -4.300046936748e-05      -1.800123320391e+04      -1.843684186712e+04      -3.875344163656e-05      -1.833384567255e+04       2.933644580923e-05       2.933644580923e-05       3.687368373424e+04       1.169149580026e+01       4.898453120882e-05      -2.486526533754e-11      -5.845747901607e+00      -5.796859155377e-03      -5.845747900128e+00      -1.552875973009e-02 
       1.502768237421e+01      -3.942454815345e-05      -1.809622161744e+04      -1.853460419639e+04      -3.553074842050e-05      -1.843098899505e+04       2.689692086764e-05       2.689692086764e-05       3.706920839278e+04       1.175345732097e+01       4.491115462974e-05      -2.281719477575e-11      -5.876728661841e+00      -5.922678560404e-03      -5.876728660485e+00      -1.562597943682e-02 
       1.573591522508e+01      -3.614145103312e-05      -1.818938650743e+04      -1.863054954164e+04      -3.257195495216e-05      -1.852631771688e+04       2.465715885512e-05       2.465715885512e-05       3.726109908328e+04       1.181426191741e+01       4.117132897185e-05      -2.094256446461e-11      -5.907130959948e+00      -6.057248285958e-03      -5.907130958705e+00      -1.572312548984e-02 
       1.647752606189e+01      -3.312096855755e-05      -1.827704789184e+04      -1.872091557472e+04      -2.984983339577e-05      -1.861608949999e+04       2.259656283821e-05       2.259656283821e-05       3.744183114945e+04       1.187152656878e+01       3.773066732719e-05      -1.921320213875e-11      -5.935763285527e+00      -6.201024873349e-03      -5.935763284388e+00      -1.581728981211e-02 
       1.725408794066e+01      -3.033339220642e-05      -1.835327520216e+04      -1.879963050799e+04      -2.733761253257e-05      -1.869426612476e+04       2.069485302130e-05       2.069485302130e-05       3.759926101598e+04       1.192139745785e+01       3.455530290921e-05      -1.761831552758e-11      -5.960698729971e+00      -6.353287384943e-03      -5.960698728927e+00      -1.590354043477e-02 
       1.806724805324e+01      -2.775676253125e-05      -1.841407708763e+04      -1.886261207782e+04      -2.501550128586e-05      -1.875678726319e+04       1.893705228045e-05       1.893705228045e-05       3.772522415563e+04       1.196128648954e+01       3.162022923924e-05      -1.614294548141e-11      -5.980643245723e+00      -6.514202652991e-03      -5.980643244769e+00      -1.597866731747e-02 
       1.891873122127e+01      -2.537937199374e-05      -1.846075759574e+04      -1.891119824290e+04      -2.287294731992e-05      -1.880498303856e+04       1.731517445169e-05       1.731517445169e-05       3.782239648581e+04       1.199204257795e+01       2.891211207324e-05      -1.478319891605e-11      -5.996021289849e+00      -6.682955961458e-03      -5.996021288976e+00      -1.604360413795e-02 
       1.981034355469e+01      -2.319503749988e-05      -1.849861876662e+04      -1.895083194935e+04      -2.090446835686e-05      -1.884426405747e+04       1.582461370100e-05       1.582461370100e-05       3.790166389870e+04       1.201694612760e+01       2.642311031263e-05      -1.353118133172e-11      -6.008473064598e+00      -6.865302831592e-03      -6.008473063800e+00      -1.610335522248e-02 
       2.074397628281e+01      -2.119387330099e-05      -1.853317156275e+04      -1.898717709940e+04      -1.910088947151e-05      -1.888025958198e+04       1.445978669381e-05       1.445978669381e-05       3.797435419879e+04       1.204009541958e+01       2.414435101963e-05      -1.238641776738e-11      -6.020047710519e+00      -7.062989132960e-03      -6.020047709790e+00      -1.616332092346e-02 
       2.172160976582e+01      -1.936409216804e-05      -1.856603288608e+04      -1.902191089142e+04      -1.745185261211e-05      -1.891463419312e+04       1.321149217469e-05       1.321149217469e-05       3.804382178284e+04       1.206204433253e+01       2.206002119625e-05      -1.133938784622e-11      -6.031022166932e+00      -7.277605742907e-03      -6.031022166266e+00      -1.622444156372e-02 
       2.274531769542e+01      -1.769786079102e-05      -1.860482847091e+04      -1.906272572891e+04      -1.595021084660e-05      -1.895505539060e+04       1.207477322847e-05       1.207477322847e-05       3.812545145782e+04       1.208785177726e+01       2.016199374521e-05      -1.038580773554e-11      -6.043925889241e+00      -7.516014905656e-03      -6.043925888632e+00      -1.629412024601e-02 
       2.381727149336e+01      -1.616712742513e-05      -1.863450152554e+04      -1.909436622185e+04      -1.457068235667e-05      -1.898632759713e+04       1.103049228938e-05       1.103049228938e-05       3.818873244369e+04       1.210782809268e+01       1.841831398952e-05      -9.510228467199e-12      -6.053914046894e+00      -7.772904230926e-03      -6.053914046338e+00      -1.635940733496e-02 
       2.493974491737e+01      -1.476233553588e-05      -1.865598279199e+04      -1.911773125537e+04      -1.330465495109e-05      -1.900935301261e+04       1.007212857579e-05       1.007212857579e-05       3.823546251075e+04       1.212254804095e+01       1.681809341375e-05      -8.706743259822e-12      -6.061274020984e+00      -8.050662158990e-03      -6.061274020476e+00      -1.642139630240e-02 
       2.611511888409e+01      -1.347696377380e-05      -1.867377448845e+04      -1.913740126572e+04      -1.214625108315e-05      -1.902869119589e+04       9.195235227078e-06       9.195235227078e-06       3.827480253145e+04       1.213492084545e+01       1.535390768332e-05      -7.970810904927e-12      -6.067460423187e+00      -8.352862949150e-03      -6.067460422723e+00      -1.648428569651e-02 
       2.734588651927e+01      -1.230105248483e-05      -1.868768439997e+04      -1.915331670114e+04      -1.108649540633e-05      -1.904426187778e+04       8.393016368482e-06       8.393016368482e-06       3.830663340227e+04       1.214489465051e+01       1.401440888534e-05      -7.297837146918e-12      -6.072447325679e+00      -8.682800797524e-03      -6.072447325256e+00      -1.654852758208e-02 
       2.863465844609e+01      -1.123390253566e-05      -1.871176514146e+04      -1.917980054317e+04      -1.012475832546e-05      -1.907031870884e+04       7.664995009021e-06       7.664995009021e-06       3.835960108634e+04       1.216155884467e+01       1.279880043664e-05      -6.686982898971e-12      -6.080779422721e+00      -9.049382110576e-03      -6.080779422334e+00      -1.662688492481e-02 
       2.998416832259e+01      -1.026256454854e-05      -1.874165230820e+04      -1.921243860799e+04      -9.249368511312e-06      -1.910246360545e+04       7.002341804580e-06       7.002341804580e-06       3.842487721597e+04       1.218211383827e+01       1.169234148130e-05      -6.131562175861e-12      -6.091056919488e+00      -9.455394690937e-03      -6.091056919135e+00      -1.671629452530e-02 
       3.139727864015e+01      -9.375997360944e-06      -1.877303137662e+04      -1.924678818354e+04      -8.450376090034e-06      -1.913628232023e+04       6.397517679376e-06       6.397517679376e-06       3.849357636708e+04       1.220373952085e+01       1.068244133622e-05      -5.624317754744e-12      -6.101869760747e+00      -9.898406661987e-03      -6.101869760424e+00      -1.681284849432e-02 
       3.287698679520e+01      -8.567181695302e-06      -1.880689254813e+04      -1.928386974608e+04      -7.721455580216e-06      -1.917278866083e+04       5.845736161482e-06       5.845736161482e-06       3.856773949215e+04       1.222708414861e+01       9.761108427890e-06      -5.162103037238e-12      -6.113542074599e+00      -1.038821079565e-02      -6.113542074304e+00      -1.691889400724e-02 
       3.442643144715e+01      -7.831133592160e-06      -1.884786119414e+04      -1.932848329217e+04      -7.058114893749e-06      -1.921674619766e+04       5.343598008634e-06       5.343598008634e-06       3.865696658434e+04       1.225518711417e+01       8.922667293814e-06      -4.741020658772e-12      -6.127593557356e+00      -1.092943519203e-02      -6.127593557086e+00      -1.703895775435e-02 
       3.604889917583e+01      -7.166659000139e-06      -1.891082859610e+04      -1.939582063323e+04      -6.459278007279e-06      -1.928327104461e+04       4.890290187990e-06       4.890290187990e-06       3.879164126646e+04       1.229769047475e+01       8.165760874146e-06      -4.361812114732e-12      -6.148845237622e+00      -1.153492877541e-02      -6.148845237375e+00      -1.718711237736e-02 
       3.774783145282e+01      -6.558388245837e-06      -1.897313777116e+04      -1.946298296923e+04      -5.911092946243e-06      -1.934954534520e+04       4.475326138060e-06       4.475326138060e-06       3.892596593846e+04       1.234004368167e+01       7.472879039548e-06      -4.014317897338e-12      -6.170021841063e+00      -1.219866598334e-02      -6.170021840837e+00      -1.734421827895e-02 
       3.952683194126e+01      -6.004565157458e-06      -1.904441789905e+04      -1.953963471314e+04      -5.411977896005e-06      -1.942520984239e+04       4.097506431619e-06       4.097506431619e-06       3.907926942627e+04       1.238839282881e+01       6.842018389226e-06      -3.698168698924e-12      -6.194196414614e+00      -1.293448183165e-02      -6.194196414407e+00      -1.752013139236e-02 
       4.138967413970e+01      -5.501336781672e-06      -1.912912043666e+04      -1.963032271363e+04      -4.958460292781e-06      -1.951478787410e+04       3.754203063305e-06       3.754203063305e-06       3.926064542726e+04       1.244562404824e+01       6.268791053406e-06      -3.411125694637e-12      -6.222812024309e+00      -1.375066757689e-02      -6.222812024120e+00      -1.771976158591e-02 
       4.334030938621e+01      -5.042122295355e-06      -1.922084943043e+04      -1.972876114247e+04      -4.544609066829e-06      -1.961198811870e+04       3.440927691054e-06       3.440927691054e-06       3.945752228494e+04       1.250772878076e+01       5.745703115393e-06      -3.149451816287e-12      -6.253864390556e+00      -1.465386139816e-02      -6.253864390382e+00      -1.793913811027e-02 
       4.538287523966e+01      -4.625323677222e-06      -1.932982271005e+04      -1.984533119555e+04      -4.168984337566e-06      -1.972714663892e+04       3.156590154446e-06       3.156590154446e-06       3.969066239110e+04       1.258129956081e+01       5.270934224495e-06      -2.912680852966e-12      -6.290649780566e+00      -1.566013565817e-02      -6.290649780407e+00      -1.818902625649e-02 
       4.752170425608e+01      -4.246062514487e-06      -1.945331999991e+04      -1.997720096729e+04      -3.827189664855e-06      -1.985745437090e+04       2.897860652161e-06       2.897860652161e-06       3.995440193458e+04       1.266454306315e+01       4.838923888103e-06      -2.696839967108e-12      -6.332271531721e+00      -1.677615796922e-02      -6.332271531575e+00      -1.846822984260e-02 
       4.976133317857e+01      -3.897496732322e-06      -1.957515232189e+04      -2.010803888202e+04      -3.513058204745e-06      -1.998663277890e+04       2.660073015977e-06       2.660073015977e-06       4.021607776405e+04       1.274708432634e+01       4.441881480763e-06      -2.498972616250e-12      -6.373542163303e+00      -1.800546451699e-02      -6.373542163168e+00      -1.876433076361e-02 
       5.210651256035e+01      -3.579373335052e-06      -1.970739447789e+04      -2.025023195857e+04      -3.226362295758e-06      -2.012699661329e+04       2.443053051837e-06       2.443053051837e-06       4.050046391714e+04       1.283677393283e+01       4.079515529731e-06      -2.318607787519e-12      -6.418386966537e+00      -1.936290511190e-02      -6.418386966413e+00      -1.908947554817e-02 
       5.456221684132e+01      -3.289303127945e-06      -1.985276426624e+04      -2.040654893069e+04      -2.964948935824e-06      -2.028130141422e+04       2.245172653562e-06       2.245172653562e-06       4.081309786139e+04       1.293537516135e+01       3.749108073164e-06      -2.154725173503e-12      -6.467687580787e+00      -2.087399910233e-02      -6.467687580674e+00      -1.944987325681e-02 
       5.713365489949e+01      -3.024401813775e-06      -2.000987846465e+04      -2.057554997427e+04      -2.726218683372e-06      -2.044811894677e+04       2.064463871580e-06       2.064463871580e-06       4.115109994855e+04       1.304197934262e+01       3.447373072314e-06      -2.005073824321e-12      -6.520989671413e+00      -2.255405488082e-02      -6.520989671308e+00      -1.984678971257e-02 
       5.982628109974e+01      -2.778878938874e-06      -2.015332981304e+04      -2.073161011868e+04      -2.504952223642e-06      -2.060190651535e+04       1.896973815485e-06       1.896973815485e-06       4.146322023736e+04       1.314029432124e+01       3.167709575058e-06      -1.866466207553e-12      -6.570147160716e+00      -2.438369088232e-02      -6.570147160620e+00      -2.025681196209e-02 
       6.264580686326e+01      -2.555862655913e-06      -2.031789611828e+04      -2.091012677974e+04      -2.303969823118e-06      -2.077789781858e+04       1.744839684210e-06       1.744839684210e-06       4.182025355948e+04       1.325279843223e+01       2.913686912638e-06      -1.741043309537e-12      -6.626399216203e+00      -2.642993688399e-02      -6.626399216114e+00      -2.071856467691e-02 
       6.559821278220e+01      -2.350759616809e-06      -2.048338048945e+04      -2.109055366850e+04      -2.119131387043e-06      -2.095563998694e+04       1.604925408135e-06       1.604925408135e-06       4.218110733700e+04       1.336644438706e+01       2.680067969507e-06      -1.625875057351e-12      -6.683222193612e+00      -2.868601651303e-02      -6.683222193531e+00      -2.121467015209e-02 
       6.868976130536e+01      -2.158723668992e-06      -2.061680319593e+04      -2.123951380487e+04      -1.946068205455e-06      -2.110188105334e+04       1.473924012954e-06       1.473924012954e-06       4.247902760974e+04       1.346002994894e+01       2.461330974543e-06      -1.517818419040e-12      -6.730014974546e+00      -3.112149060433e-02      -6.730014974471e+00      -2.171384064634e-02 
       7.192701002165e+01      -1.985036959339e-06      -2.077850805660e+04      -2.141850991700e+04      -1.789542570514e-06      -2.127782635999e+04       1.355442765711e-06       1.355442765711e-06       4.283701983401e+04       1.357259877706e+01       2.263499888792e-06      -1.420401028180e-12      -6.786299388599e+00      -3.385424257569e-02      -6.786299388530e+00      -2.228339389788e-02 
       7.531682556961e+01      -1.819132821998e-06      -2.086899951752e+04      -2.152619333663e+04      -1.640028570248e-06      -2.138260840289e+04       1.242266019278e-06       1.242266019278e-06       4.305238667327e+04       1.363980864325e+01       2.074524895994e-06      -1.326551122702e-12      -6.819904321690e+00      -3.673069737791e-02      -6.819904321626e+00      -2.281877818935e-02 
       7.886639820251e+01      -1.669659902802e-06      -2.099156455300e+04      -2.166803441180e+04      -1.505323904800e-06      -2.152115677688e+04       1.140301076632e-06       1.140301076632e-06       4.333606882361e+04       1.372859848429e+01       1.904271177064e-06      -1.242658236820e-12      -6.864299242204e+00      -3.996906240047e-02      -6.864299242146e+00      -2.343793364968e-02 
       8.258325703979e+01      -1.532501091660e-06      -2.111437515491e+04      -2.181166935800e+04      -1.381716842703e-06      -2.166125255875e+04       1.046736790453e-06       1.046736790453e-06       4.362333871601e+04       1.381841955382e+01       1.748044370230e-06      -1.165761084461e-12      -6.909209776963e+00      -4.352877797684e-02      -6.909209776909e+00      -2.410880165118e-02 
       8.647528603739e+01      -1.408456766419e-06      -2.126500583802e+04      -2.198549662594e+04      -1.269929630926e-06      -2.183111153662e+04       9.621211708377e-07       9.621211708377e-07       4.397099325189e+04       1.392727845078e+01       1.606759933943e-06      -1.096766542124e-12      -6.963639225437e+00      -4.751397315197e-02      -6.963639225388e+00      -2.487023673599e-02 
       9.055074071062e+01      -1.291707849463e-06      -2.136966485594e+04      -2.211429547807e+04      -1.164715826162e-06      -2.195587850974e+04       8.824797353636e-07       8.824797353636e-07       4.422859095614e+04       1.400742458750e+01       1.473780514186e-06      -1.031305923703e-12      -7.003712293797e+00      -5.179141117992e-02      -7.003712293752e+00      -2.564162488286e-02 
       9.481826564525e+01      -1.183383010227e-06      -2.145062870968e+04      -2.222088632383e+04      -1.067093414820e-06      -2.205824566038e+04       8.085835302535e-07       8.085835302535e-07       4.444177264766e+04       1.407333416734e+01       1.350393706801e-06      -9.703410479017e-13      -7.036667083711e+00      -5.643828231598e-02      -7.036667083670e+00      -2.645317920496e-02 
       9.928691283381e+01      -1.084018865032e-06      -2.152795195377e+04      -2.232606020990e+04      -9.775463846786e-07      -2.215884937951e+04       7.408002617401e-07       7.408002617401e-07       4.465212041979e+04       1.413818208918e+01       1.237213927310e-06      -9.144177334254e-13      -7.069091044628e+00      -6.153422585929e-02      -7.069091044590e+00      -2.733386994577e-02 
       1.039661608761e+02      -9.974442717788e-07      -2.170155962407e+04      -2.253270933699e+04      -8.995283230344e-07      -2.235992289170e+04       6.817485499053e-07       6.817485499053e-07       4.506541867398e+04       1.426721242113e+01       1.138615019052e-06      -8.671914909138e-13      -7.133606210602e+00      -6.745070413455e-02      -7.133606210567e+00      -2.842356514891e-02 
       1.088659350846e+02      -9.131481723352e-07      -2.176330833288e+04      -2.262729359487e+04      -8.235604039432e-07      -2.244917418614e+04       6.242438762699e-07       6.242438762699e-07       4.525458718975e+04       1.432496386247e+01       1.042597651554e-06      -8.197115860154e-13      -7.162481931268e+00      -7.357889463141e-02      -7.162481931236e+00      -2.945735214020e-02 
       1.139966285374e+02      -8.375087057474e-07      -2.186361918677e+04      -2.276465668451e+04      -7.553953866889e-07      -2.258046197130e+04       5.726466749156e-07       5.726466749156e-07       4.552931336903e+04       1.440961427958e+01       9.564445031588e-07      -7.776568182189e-13      -7.204807139819e+00      -8.046921147686e-02      -7.204807139789e+00      -3.064435918495e-02 
       1.193691241231e+02      -7.661128098586e-07      -2.190399699438e+04      -2.284354796395e+04      -6.910527432735e-07      -2.265315825962e+04       5.239413551246e-07       5.239413551246e-07       4.568709592790e+04       1.445697245230e+01       8.751195244307e-07      -7.372144001249e-13      -7.228486226179e+00      -8.779090276259e-02      -7.228486226152e+00      -3.185242250145e-02 
       1.249948176251e+02      -7.032282978977e-07      -2.201861157442e+04      -2.300290548285e+04      -6.343828748869e-07      -2.280519169207e+04       4.810471506967e-07       4.810471506967e-07       4.600581096570e+04       1.455506513044e+01       8.034985826714e-07      -7.026565370992e-13      -7.277532565246e+00      -9.616163250344e-02      -7.277532565221e+00      -3.328852932359e-02 
       1.308856418936e+02      -6.435998646075e-07      -2.206542679569e+04      -2.309612817516e+04      -5.806455700494e-07      -2.289095307404e+04       4.403700696904e-07       4.403700696904e-07       4.619225635032e+04       1.461096707651e+01       7.355787468682e-07      -6.690385835218e-13      -7.305483538280e+00      -1.050535625278e-01      -7.305483538257e+00      -3.475366192262e-02 
       1.370540921568e+02      -5.906469374605e-07      -2.217073451052e+04      -2.325459122708e+04      -5.329259904004e-07      -2.304077290321e+04       4.042508685557e-07       4.042508685557e-07       4.650918245416e+04       1.470788334459e+01       6.752702395112e-07      -6.400329296883e-13      -7.353941672316e+00      -1.151284018400e-01      -7.353941672295e+00      -3.645568951055e-02 
       1.435132525246e+02      -5.404415033025e-07      -2.220687235343e+04      -2.334591249755e+04      -4.876805543662e-07      -2.312325853526e+04       3.700010465992e-07       3.700010465992e-07       4.669182499509e+04       1.476193153678e+01       6.180819546067e-07      -6.116363494116e-13      -7.380965768410e+00      -1.257978432691e-01      -7.380965768391e+00      -3.819741333671e-02 
       1.502768237421e+02      -4.947460414296e-07      -2.225067166749e+04      -2.345042451167e+04      -4.464998603268e-07      -2.321804201389e+04       3.388281695035e-07       3.388281695035e-07       4.690084902334e+04       1.482396212465e+01       5.660313739252e-07      -5.858588478016e-13      -7.411981062342e+00      -1.375532490929e-01      -7.411981062324e+00      -4.011951706356e-02 
       1.573591522508e+02      -4.543117588347e-07      -2.236006839553e+04      -2.362960752223e+04      -4.100623804605e-07      -2.338593172080e+04       3.112494504862e-07       3.112494504862e-07       4.725921504445e+04       1.493285124864e+01       5.199833058573e-07      -5.641720693378e-13      -7.466425624337e+00      -1.509227118836e-01      -7.466425624321e+00      -4.235347485052e-02 
       1.647752606189e+02      -4.145511062463e-07      -2.232358240096e+04      -2.366166541986e+04      -3.742278993999e-07      -2.340716750318e+04       2.841206359612e-07       2.841206359612e-07       4.732333083971e+04       1.494823554197e+01       4.746842970724e-07      -5.406538163541e-13      -7.474117770998e+00      -1.645232726038e-01      -7.474117770983e+00      -4.450677470481e-02 
       1.725408794066e+02      -3.812343246047e-07      -2.245821354946e+04      -2.388120245907e+04      -3.442052179687e-07      -2.361296160109e+04       2.613992727389e-07       2.613992727389e-07       4.776240491813e+04       1.508170993816e+01       4.367472409856e-07      -5.230860148331e-13      -7.540854969092e+00      -1.807706954873e-01      -7.540854969078e+00      -4.722305464754e-02 
       1.806724805324e+02      -3.478161426141e-07      -2.240905592463e+04      -2.391359467405e+04      -3.140862205877e-07      -2.363248903368e+04       2.385961206253e-07       2.385961206253e-07       4.782718934811e+04       1.509635769460e+01       3.986706861035e-07      -5.030352670063e-13      -7.548178847311e+00      -1.970107937939e-01      -7.548178847298e+00      -4.978960315268e-02 
       1.891873122127e+02      -3.180353357154e-07      -2.240473684879e+04      -2.400141531197e+04      -2.872469093994e-07      -2.370567816524e+04       2.182761554692e-07       2.182761554692e-07       4.800283062395e+04       1.514544390362e+01       3.647405835885e-07      -4.856461486243e-13      -7.572721951824e+00      -2.152249948245e-01      -7.572721951812e+00      -5.270897023616e-02 
       1.981034355469e+02      -2.903278130886e-07      -2.235831609463e+04      -2.405248579675e+04      -2.622742218361e-07      -2.374134588294e+04       1.993697415188e-07       1.993697415188e-07       4.810497159349e+04       1.517084636955e+01       3.331709275785e-07      -4.688032174508e-13      -7.585423184787e+00      -2.346539954366e-01      -7.585423184777e+00      -5.578933703020e-02 
       2.074397628281e+02      -2.680679201768e-07      -2.256142380763e+04      -2.438208043840e+04      -2.422184146326e-07      -2.405046246665e+04       1.841947896416e-07       1.841947896416e-07       4.876416087681e+04       1.537126100801e+01       3.078349756249e-07      -4.587350235349e-13      -7.685630504016e+00      -2.588867172113e-01      -7.685630504006e+00      -5.984229263055e-02 
       2.172160976582e+02      -2.430997370598e-07      -2.235337860096e+04      -2.427768573224e+04      -2.197099489145e-07      -2.392998971476e+04       1.671461661664e-07       1.671461661664e-07       4.855537146448e+04       1.529730761105e+01       2.793648451040e-07      -4.410259848206e-13      -7.648653805532e+00      -2.802314715284e-01      -7.648653805523e+00      -6.309902455651e-02 
       2.274531769542e+02      -2.220489960365e-07      -2.230018695580e+04      -2.435115791781e+04      -2.007363645235e-07      -2.398343675547e+04       1.527795837252e-07       1.527795837252e-07       4.870231583562e+04       1.533480048349e+01       2.553750763194e-07      -4.278338609776e-13      -7.667400241755e+00      -3.055414842293e-01      -7.667400241747e+00      -6.711729869018e-02 
       2.381727149336e+02      -2.040624984655e-07      -2.237542834611e+04      -2.457752905015e+04      -1.845279062773e-07      -2.418565443637e+04       1.405114604051e-07       1.405114604051e-07       4.915505810031e+04       1.546776080262e+01       2.348909442409e-07      -4.181708628717e-13      -7.733880401320e+00      -3.351507835888e-01      -7.733880401312e+00      -7.192954708767e-02 
       2.493974491737e+02      -1.856398012264e-07      -2.221636647154e+04      -2.455850857340e+04      -1.679196459045e-07      -2.414468201712e+04       1.279308815226e-07       1.279308815226e-07       4.911701714679e+04       1.544545238278e+01       2.138818515691e-07      -4.049480793809e-13      -7.722726191398e+00      -3.636563797786e-01      -7.722726191391e+00      -7.637446374922e-02 
       2.611511888409e+02      -1.695873914383e-07      -2.214185079668e+04      -2.464571112558e+04      -1.534498353493e-07      -2.420632982973e+04       1.169722507979e-07       1.169722507979e-07       4.929142225117e+04       1.548911121720e+01       1.955820427584e-07      -3.942103319734e-13      -7.744555608606e+00      -3.961017446522e-01      -7.744555608600e+00      -8.152005545900e-02 
       2.734588651927e+02      -1.558105106989e-07      -2.218396855480e+04      -2.487866679432e+04      -1.410339580775e-07      -2.440888518338e+04       1.075726438018e-07       1.075726438018e-07       4.975733358863e+04       1.562331414620e+01       1.798867980843e-07      -3.863136400602e-13      -7.811657073105e+00      -4.337285183111e-01      -7.811657073099e+00      -8.759187873044e-02 
       2.863465844609e+02      -1.406213151243e-07      -2.182487819621e+04      -2.467292242578e+04      -1.273340057905e-07      -2.417945038460e+04       9.718524198525e-08       9.718524198525e-08       4.934584485156e+04       1.548128522188e+01       1.625369825229e-07      -3.720584730305e-13      -7.740642610945e+00      -4.661688715047e-01      -7.740642610940e+00      -9.250449829500e-02 
       2.998416832259e+02      -1.296098374511e-07      -2.191488277851e+04      -2.499365723877e+04      -1.174116189342e-07      -2.446335672033e+04       8.967470177213e-08       8.967470177213e-08       4.998731447755e+04       1.566838105416e+01       1.499964988107e-07      -3.663509170877e-13      -7.834190527085e+00      -5.116041230160e-01      -7.834190527079e+00      -9.986768756630e-02 
       3.139727864015e+02      -1.180728531402e-07      -2.173984006030e+04      -2.502805071074e+04      -1.070080093923e-07      -2.446480245548e+04       8.178913277380e-08       8.178913277380e-08       5.005610142148e+04       1.567493098319e+01       1.368262631995e-07      -3.565863056568e-13      -7.837465491600e+00      -5.543502598278e-01      -7.837465491595e+00      -1.065831713844e-01 
       3.287698679520e+02      -1.075554190953e-07      -2.155305941466e+04      -2.506505768281e+04      -9.752280845396e-08      -2.446660349475e+04       7.459806641207e-08       7.459806641207e-08       5.013011536563e+04       1.568208382858e+01       1.248154307106e-07      -3.471895854449e-13      -7.841041914295e+00      -6.001854937579e-01      -7.841041914291e+00      -1.137841191503e-01 
