# Transfer functions T_i(k) for adiabatic (AD) mode (normalized to initial curvature=1) at redshift z=2.2
# for k=1.03944e-05 to 328.77 h/Mpc,
# number of wavenumbers equal to 605
# d_i   stands for (delta rho_i/rho_i)(k,z) with above normalization 
# d_tot stands for (delta rho_tot/rho_tot)(k,z) with rho_Lambda NOT included in rho_tot
# (note that this differs from the transfer function output from CAMB/CMBFAST, which gives the same
#  quantities divided by -k^2 with k in Mpc^-1; use format=camb to match CAMB)
# t_i   stands for theta_i(k,z) with above normalization 
# t_tot stands for (sum_i [rho_i+p_i] theta_i)/(sum_i [rho_i+p_i]))(k,z)
#
#    1:k (h/Mpc)              2:d_g                    3:d_b                    4:d_cdm                  5:d_ur                   6:d_tot                  7:phi                    8:psi                    9:h                     10:h_prime               11:eta                   12:eta_prime             13:t_g                   14:t_b                   15:t_ur                  16:t_tot              
       1.039441571510e-05      -5.181077563223e-04      -3.886532810176e-04      -3.886532892285e-04      -5.181054698180e-04      -3.887748806145e-04       5.932777233666e-01       5.926988762704e-01       7.773065784571e-04       1.749055792351e-07       9.999986437008e-01      -6.440743410266e-11      -3.299913831154e-11      -2.995612509351e-15      -3.392115870848e-11      -4.225685025171e-14 
       1.088428943559e-05      -5.680835630096e-04      -4.261497921381e-04      -4.261498020099e-04      -5.680808140450e-04      -4.262831144663e-04       5.932776210276e-01       5.926987893368e-01       8.522996040197e-04       1.917801350910e-07       9.999985128501e-01      -7.061998077532e-11      -3.967315278235e-11      -3.601566023505e-15      -4.078166392949e-11      -5.080324202961e-14 
       1.139725019325e-05      -6.228788857493e-04      -4.672639044423e-04      -4.672639163107e-04      -6.228755808101e-04      -4.674100786790e-04       5.932775298690e-01       5.926987148567e-01       9.345278326214e-04       2.102827029423e-07       9.999983693783e-01      -7.743215988491e-11      -4.769694010974e-11      -4.329991005271e-15      -4.902963651280e-11      -6.107805832177e-14 
       1.193438604663e-05      -6.829582666408e-04      -5.123446239630e-04      -5.123446382319e-04      -6.829542932839e-04      -5.125048878559e-04       5.932774325157e-01       5.926986357345e-01       1.024689276464e-03       2.305703569242e-07       9.999982120636e-01      -8.490136000627e-11      -5.734344649694e-11      -5.205700041596e-15      -5.894565528650e-11      -7.343082748943e-14 
       1.249683633289e-05      -7.488309830381e-04      -5.617746294856e-04      -5.617746466404e-04      -7.488262061038e-04      -5.619503397534e-04       5.932773165107e-01       5.926985397503e-01       1.123549293281e-03       2.528153243615e-07       9.999980395758e-01      -9.309090220567e-11      -6.894080983615e-11      -6.258513135167e-15      -7.086703466291e-11      -8.828175383178e-14 
       1.308579408449e-05      -8.210553666353e-04      -6.159735361843e-04      -6.159735568086e-04      -8.210496236315e-04      -6.161661799110e-04       5.932771891622e-01       5.926984343770e-01       1.231947113617e-03       2.772064373097e-07       9.999978504458e-01      -1.020704300061e-10      -8.288352833349e-11      -7.524304465167e-15      -8.519929252706e-11      -1.061360178680e-13 
       1.370250855978e-05      -9.002434807609e-04      -6.754014331777e-04      -6.754014579734e-04      -9.002365763079e-04      -6.756126402803e-04       5.932770471742e-01       5.926983165202e-01       1.350802915947e-03       3.039507518493e-07       9.999976430699e-01      -1.119158237355e-10      -9.964586135964e-11      -9.046130763020e-15      -1.024299393275e-10      -1.276009302224e-13 
       1.434828789286e-05      -9.870663059199e-04      -7.405628081238e-04      -7.405628379345e-04      -9.870580051352e-04      -7.407943650058e-04       5.932768955584e-01       5.926981913457e-01       1.481125675869e-03       3.332752934845e-07       9.999974156893e-01      -1.227101621595e-10      -1.197979629961e-10      -1.087569358071e-14      -1.231450534046e-10      -1.534065864554e-13 
       1.502450186827e-05      -1.082259360420e-03      -8.120108052469e-04      -8.120108410868e-04      -1.082249380938e-03      -8.122646697374e-04       5.932767277779e-01       5.926980525560e-01       1.624021682174e-03       3.654289994526e-07       9.999971663736e-01      -1.345460378003e-10      -1.440252564337e-10      -1.307524759306e-14      -1.480492005468e-10      -1.844307017121e-13 
       1.573258482650e-05      -1.186628912036e-03      -8.903519352402e-04      -8.903519783288e-04      -1.186616914349e-03      -8.906302529460e-04       5.932765390093e-01       5.926978955995e-01       1.780703956658e-03       4.006848228579e-07       9.999968930071e-01      -1.475228657678e-10      -1.731517195221e-10      -1.571965204610e-14      -1.779893864835e-10      -2.217284279249e-13 
       1.647403870647e-05      -1.301058796759e-03      -9.762512511624e-04      -9.762513029647e-04      -1.301044372997e-03      -9.765563733683e-04       5.932763420245e-01       5.926977333738e-01       1.952502605929e-03       4.393420319197e-07       9.999965932703e-01      -1.617507074227e-10      -2.081680001407e-10      -1.889856715008e-14      -2.139838504408e-10      -2.665682464583e-13 
       1.725043623124e-05      -1.426517729994e-03      -1.070437905015e-03      -1.070437967294e-03      -1.426500389360e-03      -1.070772408242e-03       5.932761122771e-01       5.926975418089e-01       2.140875934588e-03       4.817288070025e-07       9.999962646176e-01      -1.773496737770e-10      -2.502648153222e-10      -2.272046601763e-14      -2.572566527729e-10      -3.204750204418e-13 
       1.806342424406e-05      -1.564067635846e-03      -1.173711484774e-03      -1.173711559649e-03      -1.564046788664e-03      -1.174078192210e-03       5.932758749788e-01       5.926973464495e-01       2.347423119298e-03       5.282049321000e-07       9.999959042631e-01      -1.944539758318e-10      -3.008736713374e-10      -2.731565818950e-14      -3.092793011777e-10      -3.852819142396e-13 
       1.891472720151e-05      -1.714872331180e-03      -1.286948633178e-03      -1.286948723197e-03      -1.714847268151e-03      -1.287350638063e-03       5.932756092996e-01       5.926971267696e-01       2.573897446394e-03       5.791649568344e-07       9.999955091496e-01      -2.132064894324e-10      -3.617154141818e-10      -3.284007654176e-14      -3.718207075516e-10      -4.631924959040e-13 
       1.980615083129e-05      -1.880207435266e-03      -1.411110609919e-03      -1.411110718142e-03      -1.880177304424e-03      -1.411551301139e-03       5.932753168149e-01       5.926968846092e-01       2.822221436284e-03       6.350414672867e-07       9.999950759201e-01      -2.337649919541e-10      -4.348588808838e-10      -3.948100294122e-14      -4.470073029851e-10      -5.568558113828e-13 
       2.073958596245e-05      -2.061470948368e-03      -1.547251377672e-03      -1.547251507782e-03      -2.061434724647e-03      -1.547734467718e-03       5.932749844081e-01       5.926966073773e-01       3.094503015565e-03       6.963088059649e-07       9.999946009048e-01      -2.563059381176e-10      -5.227907018050e-10      -4.746466765099e-14      -5.373952629904e-10      -6.694562138689e-13 
       2.171701253604e-05      -2.260195144211e-03      -1.696526710316e-03      -1.696526866739e-03      -2.260151596127e-03      -1.697056265862e-03       5.932746474622e-01       5.926963310509e-01       3.393053733478e-03       7.634869916245e-07       9.999940800705e-01      -2.810199277854e-10      -6.284999351098e-10      -5.706402291699e-14      -6.460573286977e-10      -8.048216595212e-13 
       2.274050380486e-05      -2.478058915336e-03      -1.860203672402e-03      -1.860203860458e-03      -2.478006562430e-03      -1.860784147600e-03       5.932742635878e-01       5.926960135396e-01       3.720407720916e-03       8.371463499386e-07       9.999935089982e-01      -3.081145514029e-10      -7.555802247068e-10      -6.860371979003e-14      -7.766870721528e-10      -9.675534762371e-13 
       2.381223073113e-05      -2.716902186763e-03      -2.039671698143e-03      -2.039671924231e-03      -2.716839248523e-03      -2.040307971074e-03       5.932738374516e-01       5.926956602026e-01       4.079343848462e-03       9.179121428558e-07       9.999928828473e-01      -3.378200460387e-10      -9.083505655021e-10      -8.247672342986e-14      -9.337243435428e-10      -1.163182558193e-12 
       2.493446659134e-05      -2.978741025334e-03      -2.236454247936e-03      -2.236454519743e-03      -2.978665362912e-03      -2.237151660320e-03       5.932733671428e-01       5.926952695752e-01       4.472909039487e-03       1.006469964560e-06       9.999921963025e-01      -3.703860354030e-10      -1.092003294623e-09      -9.915256160946e-14      -1.122505925358e-09      -1.398357314353e-12 
       2.610959179822e-05      -3.265784443091e-03      -2.452221794757e-03      -2.452222121527e-03      -3.265693483950e-03      -2.452986195297e-03       5.932728596976e-01       5.926948496093e-01       4.904444243054e-03       1.103571524298e-06       9.999914435436e-01      -4.060894902149e-10      -1.312778336657e-09      -1.192019862986e-13      -1.349446620655e-09      -1.681069185820e-12 
       2.734009894987e-05      -3.580452590260e-03      -2.688805937326e-03      -2.688806330179e-03      -3.580343241913e-03      -2.689643728917e-03       5.932723123129e-01       5.926943982404e-01       5.377612660359e-03       1.210041069550e-06       9.999906181817e-01      -4.452340485604e-10      -1.578176509835e-09      -1.433078439949e-13      -1.622256800775e-09      -2.020923591427e-12 
       2.862859811694e-05      -3.925396646054e-03      -2.948214878299e-03      -2.948215350593e-03      -3.925265192592e-03      -2.949133069412e-03       5.932717019575e-01       5.926938930403e-01       5.896430701186e-03       1.326782426173e-06       9.999897132253e-01      -4.881454641448e-10      -1.897214488726e-09      -1.722842803243e-13      -1.950203852366e-09      -2.429465470962e-12 
       2.997782237893e-05      -4.303520933151e-03      -3.232650680552e-03      -3.232651248347e-03      -4.303362907619e-03      -3.233656941262e-03       5.932710328623e-01       5.926933392157e-01       6.465302496694e-03       1.454786530576e-06       9.999887209982e-01      -5.351879413941e-10      -2.280728198363e-09      -2.071182359451e-13      -2.344426367293e-09      -2.920571166333e-12 
       3.139063362138e-05      -4.718006548027e-03      -3.544527799699e-03      -3.544528482301e-03      -4.717816581380e-03      -3.545630522555e-03       5.932702992480e-01       5.926927319637e-01       7.089056964603e-03       1.595139942700e-06       9.999876330852e-01      -5.867583241537e-10      -2.741741509679e-09      -2.489935061014e-13      -2.818311514241e-09      -3.510918247821e-12 
       3.287002860635e-05      -5.172337443109e-03      -3.886493616276e-03      -3.886494436897e-03      -5.172109081360e-03      -3.887701982471e-03       5.932694949067e-01       5.926920661570e-01       7.772988873794e-03       1.749034041249e-06       9.999864402682e-01      -6.432912284594e-10      -3.295906894570e-09      -2.993332166456e-13      -3.387948509824e-09      -4.220550437544e-12 
       3.441914532896e-05      -5.670328846013e-03      -4.261450918239e-03      -4.261451904777e-03      -5.670054332045e-03      -4.262774969443e-03       5.932686150279e-01       5.926913381484e-01       8.522903809554e-03       1.917775125200e-06       9.999851324337e-01      -7.052601773416e-10      -3.962035602725e-09      -3.598462596899e-13      -4.072673286605e-09      -5.073556093350e-12 
       3.604126967346e-05      -6.216158127611e-03      -4.672582456375e-03      -4.672583642365e-03      -6.215828141070e-03      -4.674033172627e-03       5.932676455484e-01       5.926905351209e-01       9.345167284730e-03       2.102795551268e-06       9.999836984977e-01      -7.731912458547e-10      -4.762735258050e-09      -4.325897362496e-13      -4.895722802765e-09      -6.098884827359e-12 
       3.773984238309e-05      -6.814398844368e-03      -5.123378150894e-03      -5.123379576671e-03      -6.814002175014e-03      -5.124967535065e-03       5.932665883341e-01       5.926896604620e-01       1.024675915334e-02       2.305665762620e-06       9.999821263162e-01      -8.476552415679e-10      -5.725169802673e-09      -5.200374415458e-13      -5.885021009423e-09      -7.331323039396e-12 
       3.951846635827e-05      -7.470057093092e-03      -5.617664401436e-03      -5.617666115461e-03      -7.469580276823e-03      -5.619405570437e-03       5.932654232372e-01       5.926886954513e-01       1.123533223092e-02       2.528107813594e-06       9.999804025593e-01      -9.292757699975e-10      -6.881986486883e-09      -6.251568072879e-13      -7.074122447732e-09      -8.812675043723e-12 
       4.138091429893e-05      -8.188612082319e-03      -6.159636933058e-03      -6.159638993554e-03      -8.188038940148e-03      -6.161544216520e-03       5.932641514712e-01       5.926876429460e-01       1.231927798711e-02       2.772009739571e-06       9.999785126350e-01      -1.018738226134e-09      -8.272411557148e-09      -7.515076113052e-13      -8.503346051348e-09      -1.059316990175e-11 
       4.333113670686e-05      -8.976059178429e-03      -6.753895999576e-03      -6.753898476586e-03      -8.975370260954e-03      -6.755985046221e-03       5.932627522633e-01       5.926864841113e-01       1.350779695317e-02       3.039441837623e-06       9.999764405436e-01      -1.116791920203e-09      -9.943574946939e-09      -9.033911528996e-13      -1.022113566572e-08      -1.273316165765e-11 
       4.537327026525e-05      -9.838957711682e-03      -7.405485749110e-03      -7.405488726858e-03      -9.838129635473e-03      -7.407773641262e-03       5.932612168108e-01       5.926852122487e-01       1.481097745372e-02       3.332674018200e-06       9.999741687263e-01      -1.224261189872e-09      -1.195209786871e-08      -1.085967192704e-12      -1.228569414992e-08      -1.530515919832e-11 
       4.751164661317e-05      -1.078448234938e-02      -8.119936999462e-03      -8.119940579076e-03      -1.078348704023e-02      -8.122442375906e-03       5.932595422057e-01       5.926838264952e-01       1.623988115815e-02       3.654195079293e-06       9.999716779626e-01      -1.342043418216e-09      -1.436601578706e-08      -1.305421643201e-12      -1.476694501319e-08      -1.839627978817e-11 
       4.975080153356e-05      -1.182047845761e-02      -8.903313772456e-03      -8.903318075533e-03      -1.181928217305e-02      -8.906056960205e-03       5.932577010829e-01       5.926823019240e-01       1.780663615107e-02       4.006734079883e-06       9.999689471778e-01      -1.471120941178e-09      -1.726705166555e-08      -1.569190109890e-12      -1.774888571594e-08      -2.211117143188e-11 
       5.209548457420e-05      -1.295552321544e-02      -9.762265253485e-03      -9.762270426082e-03      -1.295408543450e-02      -9.765268408462e-03       5.932556823270e-01       5.926806299799e-01       1.952454085216e-02       4.393283157540e-06       9.999659532742e-01      -1.612571849428e-09      -2.075337927755e-08      -1.886194209095e-12      -2.133241353219e-08      -2.657554143835e-11 
       5.455066912219e-05      -1.419899081666e-02      -1.070408192169e-02      -1.070408813954e-02      -1.419726281143e-02      -1.070736917884e-02       5.932534682165e-01       5.926787961073e-01       2.140817627909e-02       4.817123094533e-06       9.999626709231e-01      -1.767567675953e-09      -2.494288926699e-08      -2.267231264183e-12      -2.563871454265e-08      -3.194036969894e-11 
       5.712156295313e-05      -1.556112333520e-02      -1.173675753984e-02      -1.173676501416e-02      -1.555904657146e-02      -1.174035517198e-02       5.932510436383e-01       5.926767882939e-01       2.347353002833e-02       5.281851055135e-06       9.999590723864e-01      -1.937404095487e-09      -2.997718770519e-08      -2.725221019412e-12      -3.081333001706e-08      -3.838698828461e-11 
       5.981361927751e-05      -1.705310684871e-02      -1.286905676014e-02      -1.286906574455e-02      -1.705061105573e-02      -1.287299334568e-02       5.932483845981e-01       5.926745858746e-01       2.573813148910e-02       5.791411228649e-06       9.999551272608e-01      -2.123484847367e-09      -3.602633733302e-08      -3.275617363883e-12      -3.703103228309e-08      -4.613315092796e-11 
       6.263254830773e-05      -1.868715420673e-02      -1.411058975279e-02      -1.411060055215e-02      -1.868415495850e-02      -1.411489635248e-02       5.932454725853e-01       5.926721741856e-01       2.822120110430e-02       6.350128095648e-06       9.999508022257e-01      -2.327331804346e-09      -4.329451693454e-08      -3.937049276098e-12      -4.450167254551e-08      -5.544031564343e-11 
       6.558432937020e-05      -2.047659277015e-02      -1.547189319974e-02      -1.547190618050e-02      -2.047298865710e-02      -1.547660354087e-02       5.932422718282e-01       5.926695217039e-01       3.094381236100e-02       6.962743438159e-06       9.999460607627e-01      -2.550682215098e-09      -5.202685072030e-08      -4.731987905802e-12      -5.347718801708e-08      -6.662239086754e-11 
       6.867522358831e-05      -2.243596067666e-02      -1.696452070310e-02      -1.696453630537e-02      -2.243162995160e-02      -1.696967137046e-02       5.932387716316e-01       5.926666221060e-01       3.392907261073e-02       7.634455863270e-06       9.999408628810e-01      -2.795313038002e-09      -6.251763003733e-08      -5.687158709401e-12      -6.426000547989e-08      -8.005618625376e-11 
       7.191178716309e-05      -2.458110675974e-02      -1.860113938700e-02      -1.860115814001e-02      -2.457590314909e-02      -1.860677001951e-02       5.932349314047e-01       5.926634399645e-01       3.720231628001e-02       8.370965777832e-06       9.999351647245e-01      -3.063257981685e-09      -7.512000969330e-08      -6.835012840228e-12      -7.721309731842e-08      -9.619396842766e-11 
       7.530088527984e-05      -2.692930006661e-02      -2.039563836962e-02      -2.039566090900e-02      -2.692304800987e-02      -2.040179185920e-02       5.932307218972e-01       5.926599513646e-01       4.079132181799e-02       9.178523021156e-06       9.999289183074e-01      -3.356701040737e-09      -9.025784370570e-08      -8.214259249808e-12      -9.277203813157e-08      -1.155784748464e-10 
       7.884970667002e-05      -2.949934470554e-02      -2.236324611748e-02      -2.236327320667e-02      -2.949183348479e-02      -2.236996880867e-02       5.932261087977e-01       5.926561278366e-01       4.472654641333e-02       1.006398010320e-05       9.999220710101e-01      -3.678032618587e-09      -1.084396931426e-07      -9.871344541772e-12      -1.114594262392e-07      -1.388608958950e-10 
       8.256577885962e-05      -3.231170193939e-02      -2.452065945903e-02      -2.452069201591e-02      -3.230267848325e-02      -2.452800134596e-02       5.932210510037e-01       5.926519349910e-01       4.904138403181e-02       1.103485033695e-05       9.999145652138e-01      -4.029855384483e-09      -1.302755033078e-07      -1.186255823576e-11      -1.339021475495e-07      -1.668223859430e-10 
       8.645698413597e-05      -3.538861878817e-02      -2.688618534316e-02      -2.688622446969e-02      -3.537777948914e-02      -2.689420025635e-02       5.932155066049e-01       5.926473377127e-01       5.377244893939e-02       1.209937135792e-05       9.999063378614e-01      -4.415021418509e-09      -1.564969890051e-07      -1.425447042333e-11      -1.608520216477e-07      -2.003997868893e-10 
       9.053157626715e-05      -3.875426301455e-02      -2.947989585754e-02      -2.947994287685e-02      -3.874124372551e-02      -2.948864163740e-02       5.932094290216e-01       5.926422970925e-01       5.895988575370e-02       1.326657499917e-05       9.998973197873e-01      -4.836616405917e-09      -1.879814560451e-07      -1.712755074622e-11      -1.932104808978e-07      -2.407164595542e-10 
       9.479819800938e-05      -4.243486495845e-02      -3.232379867425e-02      -3.232385517764e-02      -4.241922833469e-02      -3.233333732512e-02       5.932027729221e-01       5.926367765495e-01       6.464771035528e-02       1.454636357016e-05       9.998874353817e-01      -5.297995617116e-09      -2.257802751813e-07      -2.057915001544e-11      -2.320580659425e-07      -2.891189241921e-10 
       9.926589943941e-05      -4.645886039675e-02      -3.544202253256e-02      -3.544209042881e-02      -4.644008236683e-02      -3.545242033824e-02       5.931954754609e-01       5.926307220621e-01       7.088418085763e-02       1.594959435411e-05       9.998766017510e-01      -5.802850148889e-09      -2.711538604370e-07      -2.472445481733e-11      -2.786896188594e-07      -3.472209140493e-10 
       1.039441571510e-04      -5.085704289315e-02      -3.886102279631e-02      -3.886110437895e-02      -5.083449472085e-02      -3.887235039908e-02       5.931874784115e-01       5.926240855152e-01       7.772220875791e-02       1.748817077769e-05       9.998647282583e-01      -6.355142505758e-09      -3.256118498442e-07      -2.970284196517e-11      -3.346563122352e-07      -4.169556217352e-10 
       1.088428943559e-04      -5.566271336414e-02      -4.260980485905e-02      -4.260990288152e-02      -5.563564131663e-02      -4.262213727504e-02       5.931787149780e-01       5.926168109893e-01       8.521980576304e-02       1.917514359332e-05       9.998517156010e-01      -6.959196368366e-09      -3.909622517315e-07      -3.568132810194e-11      -4.018157264370e-07      -5.006382503988e-10 
       1.139725019325e-04      -6.091183181677e-02      -4.672016995830e-02      -4.672028772576e-02      -6.087933266069e-02      -4.673358651694e-02       5.931691130006e-01       5.926088379938e-01       9.344057545151e-02       2.102482118711e-05       9.998374551889e-01      -7.619723722032e-09      -4.693697055134e-07      -4.285914013063e-11      -4.823915273194e-07      -6.010404001629e-10 
       1.193438604663e-04      -6.664316617478e-02      -5.122698421035e-02      -5.122712569133e-02      -6.660415741131e-02      -5.124156839556e-02       5.931585920396e-01       5.926000990801e-01       1.024542513827e-01       2.305289073692e-05       9.998218281902e-01      -8.341781509530e-09      -5.634240828031e-07      -5.147698864664e-11      -5.790444795509e-07      -7.214786399619e-10 
       1.249683633289e-04      -7.289843395716e-02      -5.616847391106e-02      -5.616864386762e-02      -7.285161925183e-02      -5.618431307192e-02       5.931470657675e-01       5.925905217036e-01       1.123372877352e-01       2.527655073724e-05       9.998047046118e-01      -9.130892572381e-09      -6.762235899177e-07      -6.182120099694e-11      -6.949568898132e-07      -8.659198964456e-10 
       1.308579408449e-04      -7.972243378742e-02      -6.158654873187e-02      -6.158675287583e-02      -7.966626151915e-02      -6.160373363250e-02       5.931344385212e-01       5.925800253034e-01       1.231735057517e-01       2.771465654257e-05       9.997859422329e-01      -9.992994123436e-09      -8.114719078567e-07      -7.423559623299e-11      -8.339328787312e-07      -1.039106528013e-09 
       1.370250855978e-04      -8.716316323893e-02      -6.752715635198e-02      -6.752740154265e-02      -8.709577490882e-02      -6.754578053010e-02       5.931206065348e-01       5.925685226297e-01       1.350548030853e-01       3.038787960984e-05       9.997653856497e-01      -1.093450393404e-08      -9.735937010871e-07      -8.913381043191e-11      -1.000517334174e-06      -1.246704648077e-09 
       1.434828789286e-04      -9.527190903971e-02      -7.404067085484e-02      -7.404096532290e-02      -9.519108060790e-02      -7.406082971950e-02       5.931054561901e-01       5.925559177896e-01       1.480819306458e-01       3.331888218464e-05       9.997428650178e-01      -1.196233406581e-08      -1.167872651081e-06      -1.070100142791e-10      -1.200136788210e-06      -1.495480073502e-09 
       1.502450186827e-04      -1.041033048910e-01      -8.118231855758e-02      -8.118267215644e-02      -1.040063809044e-01      -8.120410816166e-02       5.930888639236e-01       5.925421060066e-01       1.623653443129e-01       3.653250859782e-05       9.997181946043e-01      -1.308393999463e-08      -1.400615428875e-06      -1.284496007781e-10      -1.439266019417e-06      -1.793506649925e-09 
       1.573258482650e-04      -1.137153653985e-01      -8.901264439586e-02      -8.901306896510e-02      -1.135991665177e-01      -8.903615988644e-02       5.930706938080e-01       5.925269724309e-01       1.780261379302e-01       4.005599503533e-05       9.996911716059e-01      -1.430726775427e-08      -1.679338318489e-06      -1.541658707548e-10      -1.725624748387e-06      -2.150410798188e-09 
       1.647403870647e-04      -1.241694359090e-01      -9.759802347207e-02      -9.759853318382e-02      -1.240301690854e-01      -9.762335699991e-02       5.930507988633e-01       5.925103919693e-01       1.951970663676e-01       4.391919912690e-05       9.996615745252e-01      -1.564088333025e-08      -2.013000548300e-06      -1.849968811489e-10      -2.068409396821e-06      -2.577662369026e-09 
       1.725043623124e-04      -1.355301071477e-01      -1.070112210169e-01      -1.070118328609e-01      -1.353632431732e-01      -1.070384591440e-01       5.930290180218e-01       5.924922275606e-01       2.140236657218e-01       4.815485178921e-05       9.996291617102e-01      -1.709389598871e-08      -2.412264090298e-06      -2.219535178213e-10      -2.478565574440e-06      -3.088913926851e-09 
       1.806342424406e-04      -1.478650249946e-01      -1.173320063548e-01      -1.173327406823e-01      -1.476651614153e-01      -1.173612267504e-01       5.930051760574e-01       5.924723295564e-01       2.346654813646e-01       5.279883286954e-05       9.995936693867e-01      -1.867600116444e-08      -2.889808907012e-06      -2.662383623799e-10      -2.969107667354e-06      -3.700400632943e-09 
       1.891472720151e-04      -1.612446048191e-01      -1.286478253423e-01      -1.286487065284e-01      -1.610053016520e-01      -1.286790926684e-01       5.929790820092e-01       5.924505344804e-01       2.572974130567e-01       5.789047324657e-05       9.995548098537e-01      -2.039744869642e-08      -3.460695849400e-06      -3.192924156637e-10      -3.555492668323e-06      -4.431407520275e-09 
       1.980615083129e-04      -1.757416148929e-01      -1.410545371763e-01      -1.410555944029e-01      -1.754552023950e-01      -1.410878979807e-01       5.929505281818e-01       5.924266637942e-01       2.821111888057e-01       6.347288566453e-05       9.995122695485e-01      -2.226925118411e-08      -4.142795209880e-06      -3.828252359596e-10      -4.256056141406e-06      -5.304814554217e-09 
       2.073958596245e-04      -1.914306039744e-01      -1.546572214830e-01      -1.546584896590e-01      -1.910879592418e-01      -1.546926978997e-01       5.929192888414e-01       5.924005228440e-01       3.093169793181e-01       6.959332712198e-05       9.994657069836e-01      -2.430267790608e-08      -4.957280164429e-06      -4.588774958116e-10      -5.092518833145e-06      -6.347730989914e-09 
       2.171701253604e-04      -2.083871536011e-01      -1.695710621909e-01      -1.695725830798e-01      -2.079774303310e-01      -1.696086442653e-01       5.928851182322e-01       5.923718988640e-01       3.391451661595e-01       7.630359576503e-05       9.994147502071e-01      -2.650969015966e-08      -5.929198995695e-06      -5.498824787792e-10      -6.090573084249e-06      -7.592228689136e-09 
       2.274050380486e-04      -2.266868884205e-01      -1.859223160274e-01      -1.859241395320e-01      -2.261972152973e-01      -1.859619523219e-01       5.928477500691e-01       5.923405602300e-01       3.718482790641e-01       8.366046538894e-05       9.993589947885e-01      -2.890273873566e-08      -7.088141227491e-06      -6.587197753045e-10      -7.280558679333e-06      -9.076189541878e-09 
       2.381223073113e-04      -2.464042589732e-01      -2.038493726416e-01      -2.038515584214e-01      -2.458193672737e-01      -2.038909589552e-01       5.928068953017e-01       5.923062545158e-01       4.077031168429e-01       9.172616126366e-05       9.992980007746e-01      -3.149459357583e-08      -8.468987781571e-06      -7.888335520948e-10      -8.698237610526e-06      -1.084427578989e-08 
       2.493446659134e-04      -2.676109860560e-01      -2.235039157304e-01      -2.235065350313e-01      -2.669127937284e-01      -2.235472814288e-01       5.927622404955e-01       5.922687064050e-01       4.470130700626e-01       1.005688811295e-04       9.992312902579e-01      -3.429833718386e-08      -1.011278372881e-05      -9.442974579581e-10      -1.038567716518e-05      -1.294903819998e-08 
       2.610959179822e-04      -2.903741594367e-01      -2.450521946615e-01      -2.450553324553e-01      -2.895412980103e-01      -2.450970862655e-01       5.927134470588e-01       5.922276167852e-01       4.901106649106e-01       1.102633653483e-04       9.991583450000e-01      -3.732717606122e-08      -1.206772062696e-05      -1.129924085687e-09      -1.239224959962e-05      -1.545217198487e-08 
       2.734009894987e-04      -3.147539570534e-01      -2.686764157673e-01      -2.686801733559e-01      -3.137612115257e-01      -2.687224774501e-01       5.926601483853e-01       5.921826597717e-01       5.373603467117e-01       1.208915209746e-04       9.990786022597e-01      -4.059430375698e-08      -1.439023439356e-05      -1.351413744875e-09      -1.477575434964e-05      -1.842592715060e-08 
       2.862859811694e-04      -3.408009212520e-01      -2.945762660186e-01      -2.945807642175e-01      -3.396185617837e-01      -2.946230165598e-01       5.926019490021e-01       5.921334816040e-01       5.891615284351e-01       1.325431049393e-04       9.989914532980e-01      -4.411260682849e-08      -1.714622322802e-05      -1.615539767128e-09      -1.760366657484e-05      -2.195467807773e-08 
       2.997782237893e-04      -3.685526279879e-01      -3.229705804621e-01      -3.229759629734e-01      -3.671457285236e-01      -3.230173856608e-01       5.925384225193e-01       5.920796977160e-01       6.459519259468e-01       1.453164712219e-04       9.988962390429e-01      -4.789452200110e-08      -2.041242740841e-05      -1.930220721052e-09      -2.095450948080e-05      -2.613665853658e-08 
       3.139063362138e-04      -3.980299381428e-01      -3.540991667507e-01      -3.541056044560e-01      -3.963575372249e-01      -3.541452073190e-01       5.924691103034e-01       5.920208912426e-01       7.082112089121e-01       1.593193884303e-04       9.987922474279e-01      -5.195152106540e-08      -2.427787490437e-05      -2.304803378103e-09      -2.491934242444e-05      -3.108583772061e-08 
       3.287002860635e-04      -4.292326036867e-01      -3.882248013058e-01      -3.882324973474e-01      -4.272467519859e-01      -3.882690353794e-01       5.923935197767e-01       5.919566105391e-01       7.764649946949e-01       1.746699342124e-04       9.986787102600e-01      -5.629389091711e-08      -2.884544768649e-05      -2.750306076812e-09      -2.960334617436e-05      -3.693392919675e-08 
       3.441914532896e-04      -4.621341919911e-01      -4.256354130537e-01      -4.256446085182e-01      -4.597789451418e-01      -4.256765323703e-01       5.923111225787e-01       5.918863662902e-01       8.512892170365e-01       1.914974733869e-04       9.985547996620e-01      -6.093010804445e-08      -3.423353965942e-05      -3.279599034226e-09      -3.512747389368e-05      -4.383249133220e-08 
       3.604126967346e-04      -4.966764034687e-01      -4.666464720885e-01      -4.666574524966e-01      -4.938867410546e-01      -4.666828512362e-01       5.922213534648e-01       5.918096293814e-01       9.333149049933e-01       2.099437271329e-04       9.984196244622e-01      -6.586635358430e-08      -4.057772839302e-05      -3.907665011979e-09      -4.163011966207e-05      -5.195505957109e-08 
       3.773984238309e-04      -5.327629174945e-01      -5.116036015806e-01      -5.116167049407e-01      -5.294634634622e-01      -5.116332402523e-01       5.921236098249e-01       5.917258293132e-01       1.023233409881e+00       2.301639428351e-04       9.982722291090e-01      -7.110585818643e-08      -4.803236879727e-05      -4.652032351769e-09      -4.926873476897e-05      -6.149922126662e-08 
       3.951846635827e-04      -5.702524886802e-01      -5.608854325057e-01      -5.609010580401e-01      -5.663562742263e-01      -5.609058891707e-01       5.920172493141e-01       5.916343501385e-01       1.121802116080e+00       2.523281714831e-04       9.981115878198e-01      -7.664814256044e-08      -5.677212120984e-05      -5.532970612668e-09      -5.822129282415e-05      -7.268852731033e-08 
       4.138091429893e-04      -6.089519443590e-01      -6.149067248877e-01      -6.149253439812e-01      -6.043589332354e-01      -6.149150427340e-01       5.919015904713e-01       5.915345295013e-01       1.229850687962e+00       2.766226650072e-04       9.979366042604e-01      -8.248818871381e-08      -6.699313239638e-05      -6.574069877658e-09      -6.868747545230e-05      -8.577406410700e-08 
       4.333113670686e-04      -6.486085907412e-01      -6.741217789803e-01      -6.741439464986e-01      -6.432044152845e-01      -6.741144019123e-01       5.917759118189e-01       5.914256555244e-01       1.348287892997e+00       3.032514021576e-04       9.977461078336e-01      -8.861550972721e-08      -7.891391330168e-05      -7.802351324463e-09      -8.088940707819e-05      -1.010354966839e-07 
       4.537327026525e-04      -6.889030964425e-01      -7.390281612359e-01      -7.390545290861e-01      -6.825577065139e-01      -7.390008415429e-01       5.916394522375e-01       5.913069650348e-01       1.478109058172e+00       3.324377560614e-04       9.975388522638e-01      -9.501317607292e-08      -9.277548679737e-05      -9.248811904670e-09      -9.507172635652e-05      -1.187813001401e-07 
       4.751164661317e-04      -7.294428095909e-01      -8.101707744615e-01      -8.102021068291e-01      -7.220092447784e-01      -8.101184718444e-01       5.914914115177e-01       5.911776415559e-01       1.620404213658e+00       3.644263153518e-04       9.973135138244e-01      -1.016567238201e-07      -1.088406999532e-04      -1.094878720602e-08      -1.115007320252e-04      -1.393478704866e-07 
       4.975080153356e-04      -7.697562985979e-01      -8.881463016861e-01      -8.881834926063e-01      -7.610696193475e-01      -8.880630750091e-01       5.913309513064e-01       5.910368134832e-01       1.776366985213e+00       3.994848732896e-04       9.970686903299e-01      -1.085130810484e-07      -1.273923392111e-04      -1.294238375964e-08      -1.304622939758e-04      -1.630971283088e-07 
       5.209548457420e-04      -8.092897268517e-01      -9.736080593312e-01      -9.736521516142e-01      -7.991663316563e-01      -9.734869516979e-01       5.911571971432e-01       5.908835531443e-01       1.947304303228e+00       4.379065990689e-04       9.968029006101e-01      -1.155395055115e-07      -1.487297445702e-04      -1.527476408619e-08      -1.522581771451e-04      -1.904121760629e-07 
       5.455066912219e-04      -8.474060294605e-01      -1.067271292766e+00      -1.067323498390e+00      -8.356436152113e-01      -1.067104212332e+00       5.909692402083e-01       5.907168754554e-01       2.134646996781e+00       4.800124090451e-04       9.965145846369e-01      -1.226825886492e-07      -1.731635644184e-04      -1.799615346775e-08      -1.772003976382e-04      -2.216905282554e-07 
       5.712156295313e-04      -8.833889242788e-01      -1.169918952314e+00      -1.169980677833e+00      -8.697665306030e-01      -1.169696555694e+00       5.907661405618e-01       5.905357381139e-01       2.339961355666e+00       5.261535546425e-04       9.962021047514e-01      -1.298774468168e-07      -2.010080446442e-04      -2.116273843061e-08      -2.056032287937e-04      -2.573344540220e-07 
       5.981361927751e-04      -9.164510387912e-01      -1.282408001072e+00      -1.282480870455e+00      -9.007307505671e-01      -1.282119576931e+00       5.905469305765e-01       5.903390420485e-01       2.564961740910e+00       5.767144471337e-04       9.958637476244e-01      -1.370471613703e-07      -2.325710527656e-04      -2.483566370835e-08      -2.377725180718e-04      -2.977379681174e-07 
       6.263254830773e-04      -9.457500755255e-01      -1.405676284901e+00      -1.405762165601e+00      -9.276796199580e-01      -1.405309649342e+00       5.903106174789e-01       5.901256314287e-01       2.811524331202e+00       6.321157390956e-04       9.954977247869e-01      -1.441026380965e-07      -2.681410045300e-04      -2.908100871221e-08      -2.739920872208e-04      -3.432701904286e-07 
       6.558432937020e-04      -9.704138641586e-01      -1.540750028831e+00      -1.540851060797e+00      -9.497301405936e-01      -1.540291440102e+00       5.900561890840e-01       5.898942974481e-01       3.081702121594e+00       6.928176888971e-04       9.951021782634e-01      -1.509430528330e-07      -3.079708500988e-04      -3.396989685663e-08      -3.145071964819e-04      -3.942550474114e-07 
       6.867522358831e-04      -9.895747433011e-01      -1.688752002720e+00      -1.688870625841e+00      -9.660094991339e-01      -1.688186100054e+00       5.897826154786e-01       5.896437790434e-01       3.377741251683e+00       7.593238271964e-04       9.946751801002e-01      -1.574570100356e-07      -3.522597142801e-04      -3.957684112053e-08      -3.595053949526e-04      -4.509476222860e-07 
       7.191178716309e-04      -1.002416319346e+00      -1.850910425257e+00      -1.851049407116e+00      -9.757034284854e-01      -1.850220204139e+00       5.894888540391e-01       5.893727683241e-01       3.702098814233e+00       8.321849610417e-04       9.942147386427e-01      -1.635246846343e-07      -4.011325102792e-04      -4.597876862578e-08      -4.090955886063e-04      -5.135081998916e-07 
       7.530088527984e-04      -1.008232062890e+00      -2.028568654395e+00      -2.028731114702e+00      -9.781171295554e-01      -2.027735485868e+00       5.891738493900e-01       5.890799128000e-01       4.057462229404e+00       9.120035342004e-04       9.937187969496e-01      -1.690210931196e-07      -4.546193311891e-04      -5.325262183062e-08      -4.632868647487e-04      -5.819757988088e-07 
       7.884970667002e-04      -1.006497762376e+00      -2.223195750688e+00      -2.223385190741e+00      -9.727483890622e-01      -2.222199463270e+00       5.888365380250e-01       5.887638245164e-01       4.446770381482e+00       9.994383902306e-04       9.931852408587e-01      -1.738207525186e-07      -5.126365218074e-04      -6.147486690728e-08      -5.219695422213e-04      -6.562443859534e-07 
       8.256577885962e-04      -9.969510950940e-01      -2.436397965985e+00      -2.436618281501e+00      -9.593709796116e-01      -2.435216979007e+00       5.884758413265e-01       5.884230806838e-01       4.873236563002e+00       1.095209949596e-03       9.926118900294e-01      -1.778037308540e-07      -5.749738219682e-04      -7.071558701881e-08      -5.849020491132e-04      -7.360457167803e-07 
       8.645698413597e-04      -9.796822357217e-01      -2.669931261820e+00      -2.670186765303e+00      -9.381241326194e-01      -2.668542799699e+00       5.880906671879e-01       5.880562359495e-01       5.340373530606e+00       1.200105868954e-03       9.919965058869e-01      -1.808633195939e-07      -6.412909400942e-04      -8.103851455096e-08      -6.517084999701e-04      -8.209455641789e-07 
       9.053157626715e-04      -9.552188933870e-01      -2.925714916481e+00      -2.926010328681e+00      -9.096009851824e-01      -2.924095265375e+00       5.876798949294e-01       5.876618220311e-01       5.852020657363e+00       1.314987179851e-03       9.913367749750e-01      -1.829149674463e-07      -7.111309733966e-04      -9.249289834180e-08      -7.218931016615e-04      -9.103597462213e-07 
       9.479819800938e-04      -9.246082076841e-01      -3.205846310477e+00      -3.206186777388e+00      -8.749253203940e-01      -3.203971157487e+00       5.872423664078e-01       5.872383568900e-01       6.412373554777e+00       1.440794989369e-03       9.906303063856e-01      -1.839065460333e-07      -7.839562832665e-04      -1.051157461184e-07      -7.948784921983e-04      -1.003600652452e-06 
       9.926589943941e-04      -8.894666339244e-01      -3.512617030627e+00      -3.513008104428e+00      -8.358020187488e-01      -3.510461804592e+00       5.867768654010e-01       5.867843462991e-01       7.026016208856e+00       1.578557750102e-03       9.898746135218e-01      -1.838288392617e-07      -8.592154324437e-04      -1.189238270286e-07      -8.700753336566e-04      -1.099961146600e-06 
       1.039441571510e-03      -8.519919532059e-01      -3.848530336993e+00      -3.848977960015e+00      -7.945229339725e-01      -3.846070544353e+00       5.862820938890e-01       5.862982848752e-01       7.697955920029e+00       1.729399161867e-03       9.890670949273e-01      -1.827257087256e-07      -9.364465751490e-04      -1.339130245310e-07      -9.469894100646e-04      -1.198845798454e-06 
       1.088428943559e-03      -8.149106450459e-01      -4.216320125598e+00      -4.216830607090e+00      -7.539072387768e-01      -4.213531610256e+00       5.857566410576e-01       5.857786513990e-01       8.433661214180e+00       1.894546733972e-03       9.882050060220e-01      -1.807023652679e-07      -1.015421097927e-03      -1.500572884534e-07      -1.025369237873e-03      -1.299952576973e-06 
       1.139725019325e-03      -7.813413529138e-01      -4.618971527509e+00      -4.619551522596e+00      -7.171551514533e-01      -4.615830581208e+00       5.851989528086e-01       5.852239038582e-01       9.239103045192e+00       2.075341075123e-03       9.872854346492e-01      -1.779300790623e-07      -1.096325019891e-03      -1.673113315685e-07      -1.105391019632e-03      -1.403502189928e-06 
       1.193438604663e-03      -7.545548994232e-01      -5.059743175746e+00      -5.060399668254e+00      -6.875979609332e-01      -5.056226401566e+00       5.846072898961e-01       5.846324592739e-01       1.012079933651e+01       2.273245907736e-03       9.863052577563e-01      -1.746451815980e-07      -1.179965956268e-03      -1.856149318556e-07      -1.187867870882e-03      -1.510499018842e-06 
       1.249683633289e-03      -7.376242462587e-01      -5.542191420349e+00      -5.542931721747e+00      -6.683377155279e-01      -5.538275254314e+00       5.839797003674e-01       5.840026799058e-01       1.108586344349e+01       2.489858929374e-03       9.852611205289e-01      -1.711402746298e-07      -1.267980162649e-03      -2.049020686739e-07      -1.274456513250e-03      -1.622991577826e-06 
       1.308579408449e-03      -7.329749642431e-01      -6.070196294326e+00      -6.071028098818e+00      -6.617883965063e-01      -6.065856124128e+00       5.833139741966e-01       5.833328291061e-01       1.214205619764e+01       2.726923432595e-03       9.841493799450e-01      -1.677458885345e-07      -1.362997939987e-03      -2.251200828317e-07      -1.367817796467e-03      -1.744280103295e-06 
       1.370250855978e-03      -7.418663686742e-01      -6.647989903604e+00      -6.648921379461e+00      -6.691584421066e-01      -6.643198704380e+00       5.826076405372e-01       5.826210526978e-01       1.329784275892e+01       2.986340947000e-03       9.829661101802e-01      -1.648011979465e-07      -1.468706767067e-03      -2.462415499373e-07      -1.471670616025e-03      -1.878992754366e-06 
       1.434828789286e-03      -7.638867389443e-01      -7.280186738758e+00      -7.281226733229e+00      -6.899499637264e-01      -7.274913303457e+00       5.818579521189e-01       5.818653261583e-01       1.456245346646e+01       3.270184734093e-03       9.817070735089e-01      -1.626150664535e-07      -1.589742202634e-03      -2.683012897096e-07      -1.590666916061e-03      -2.032946738321e-06 
       1.502450186827e-03      -7.965579337429e-01      -7.971816457136e+00      -7.972974788514e+00      -7.215893113978e-01      -7.966023308077e+00       5.810618990825e-01       5.810634084179e-01       1.594594957703e+01       3.580714317298e-03       9.803677213568e-01      -1.614194191233e-07      -1.731331081581e-03      -2.914075526103e-07      -1.730017816019e-03      -2.212694694986e-06 
       1.573258482650e-03      -8.352124596086e-01      -8.728359143351e+00      -8.729647074157e+00      -7.593352811857e-01      -8.722000459610e+00       5.802162509062e-01       5.802128022046e-01       1.745929414831e+01       3.920391161272e-03       9.789432246396e-01      -1.613220679418e-07      -1.898643408217e-03      -3.157815024605e-07      -1.894828142902e-03      -2.424710714459e-06 
       1.647403870647e-03      -8.732856080546e-01      -9.555783653355e+00      -9.557214507371e+00      -7.966198205363e-01      -9.548803576208e+00       5.793176440942e-01       5.793107457907e-01       1.911442901474e+01       4.291895720778e-03       9.774285602737e-01      -1.622674387364e-07      -2.095861655592e-03      -3.417674038945e-07      -2.089160368293e-03      -2.674224125715e-06 
       1.725043623124e-03      -9.031613152507e-01      -1.046058762572e+01      -1.046217763554e+01      -8.259391106730e-01      -1.045291953228e+01       5.783626161628e-01       5.783541495697e-01       2.092435527108e+01       4.698145359752e-03       9.758184939384e-01      -1.640178344303e-07      -2.325085539296e-03      -3.698490097413e-07      -2.314954378965e-03      -2.963858694237e-06 
       1.806342424406e-03      -9.175972214125e-01      -1.144984209858e+01      -1.145161141663e+01      -8.403107822671e-01      -1.144140932177e+01       5.773477478607e-01       5.773396588487e-01       2.290322283327e+01       5.142314429874e-03       9.741077393074e-01      -1.661674867789e-07      -2.585326038302e-03      -4.006370453496e-07      -2.571070608575e-03      -3.292396397813e-06 
       1.891472720151e-03      -9.115920136008e-01      -1.253123839554e+01      -1.253321224356e+01      -8.351326921173e-01      -1.252195676702e+01       5.762697270687e-01       5.762636796771e-01       2.506642448712e+01       5.627855548063e-03       9.722909956643e-01      -1.681990925055e-07      -2.871990607975e-03      -4.348360954513e-07      -2.852861992620e-03      -3.654171997604e-06 
       1.980615083129e-03      -8.843132673960e-01      -1.371313878054e+01      -1.371534879224e+01      -8.100385770813e-01      -1.370292107151e+01       5.751254041103e-01       5.751224603045e-01       2.743069758449e+01       6.158522801334e-03       9.703629992470e-01      -1.695843417321e-07      -3.177350006299e-03      -4.732107212303e-07      -3.152752036442e-03      -4.039708665725e-06 
       2.073958596245e-03      -8.404499870547e-01      -1.500463083095e+01      -1.500711631686e+01      -7.701072073960e-01      -1.499339229176e+01       5.739117844685e-01       5.739121883596e-01       3.001423263373e+01       6.738396665140e-03       9.683185126387e-01      -1.699152456830e-07      -3.492394573516e-03      -5.165110830511e-07      -3.462196699341e-03      -4.438083536165e-06 
       2.171701253604e-03      -7.902125498856e-01      -1.641558635043e+01      -1.641839561233e+01      -7.256618553009e-01      -1.640325016003e+01       5.726259842084e-01       5.726291253215e-01       3.283679122467e+01       7.371911070575e-03       9.661523072823e-01      -1.690368437494e-07      -3.810156277640e-03      -5.654244030082e-07      -3.775036663531e-03      -4.841093549565e-06 
       2.274050380486e-03      -7.473135280093e-01      -1.795672418038e+01      -1.795991543064e+01      -6.900575065870e-01      -1.794322453423e+01       5.712650929811e-01       5.712696925887e-01       3.591983086127e+01       8.063881980595e-03       9.638590457725e-01      -1.671279529497e-07      -4.129890554942e-03      -6.205107161616e-07      -4.091562436603e-03      -5.248420199852e-06 
       2.381223073113e-03      -7.248028825734e-01      -1.963967625035e+01      -1.964331853638e+01      -6.754365137959e-01      -1.962495744962e+01       5.698259843554e-01       5.698304897854e-01       3.928663707277e+01       8.819536786609e-03       9.614330849832e-01      -1.647280694267e-07      -4.460636569803e-03      -6.822256139575e-07      -4.421752152273e-03      -5.671925437841e-06 
       2.493446659134e-03      -7.296299825216e-01      -2.147706206212e+01      -2.148123572899e+01      -6.874431033265e-01      -2.146107209613e+01       5.683052515625e-01       5.683083446351e-01       4.296247145799e+01       9.644547795119e-03       9.588685306781e-01      -1.625332783129e-07      -4.821922904168e-03      -7.508956355357e-07      -4.785498345340e-03      -6.136288253578e-06 
       2.610959179822e-03      -7.580186845413e-01      -2.348256043370e+01      -2.348735758620e+01      -7.210473185286e-01      -2.346524032293e+01       5.666990165884e-01       5.667000706576e-01       4.697471517240e+01       1.054506277082e-02       9.561589508728e-01      -1.612068515651e-07      -5.239483401089e-03      -8.267922213330e-07      -5.207876765052e-03      -6.673428545563e-06 
       2.734009894987e-03      -7.945455646045e-01      -2.567099209575e+01      -2.567651709824e+01      -7.602715110414e-01      -2.565226456990e+01       5.650030663346e-01       5.650023600760e-01       5.135303419647e+01       1.152774075892e-02       9.532975756299e-01      -1.610497295801e-07      -5.735484827561e-03      -9.101504460978e-07      -5.709314970460e-03      -7.310251387751e-06 
       2.862859811694e-03      -8.172855307152e-01      -2.805840540443e+01      -2.806477590425e+01      -7.838611739123e-01      -2.803816897042e+01       5.632130678098e-01       5.632116211595e-01       5.612955180849e+01       1.259979067909e-02       9.502775469548e-01      -1.618156105198e-07      -6.316200431831e-03      -1.001155866608e-06      -6.293952874126e-03      -8.053568068307e-06 
       2.997782237893e-03      -8.087768361886e-01      -3.066216033001e+01      -3.066950943268e+01      -7.761698572168e-01      -3.064029449299e+01       5.613247306753e-01       5.613237803887e-01       6.133901886536e+01       1.376900799271e-02       9.470919377092e-01      -1.627402919620e-07      -6.964137986974e-03      -1.099926172195e-06      -6.943231275092e-03      -8.880980218138e-06 
       3.139063362138e-03      -7.682187003681e-01      -3.350102400633e+01      -3.350950402370e+01      -7.383279326744e-01      -3.347740678468e+01       5.593340757245e-01       5.593344101501e-01       6.701900804740e+01       1.504382092128e-02       9.437340848086e-01      -1.629159614832e-07      -7.643320373921e-03      -1.206487303795e-06      -7.622701538217e-03      -9.748250932263e-06 
       3.287002860635e-03      -7.165565828732e-01      -3.659526948646e+01      -3.660505782739e+01      -6.916060131492e-01      -3.656980076068e+01       5.572374603800e-01       5.572389762079e-01       7.321011565478e+01       1.643333714204e-02       9.401975868531e-01      -1.618298334800e-07      -8.321672714906e-03      -1.320932836243e-06      -8.304541097754e-03      -1.061739574114e-05 
       3.441914532896e-03      -6.869228702638e-01      -3.996677472735e+01      -3.997808208138e+01      -6.666113700959e-01      -3.993939198897e+01       5.550312877282e-01       5.550330833917e-01       7.995616416276e+01       1.794739108964e-02       9.364759857380e-01      -1.597739258978e-07      -9.001758659103e-03      -1.443757965771e-06      -8.995620500225e-03      -1.149383568970e-05 
       3.604126967345e-03      -7.014391952152e-01      -4.363912982116e+01      -4.365221071041e+01      -6.809709210720e-01      -4.360980438443e+01       5.527116616972e-01       5.527126839763e-01       8.730442142082e+01       1.959659315485e-02       9.325624687300e-01      -1.577537855115e-07      -9.736381835761e-03      -1.576421998166e-06      -9.748147950606e-03      -1.244351476745e-05 
       3.773984238305e-03      -7.491524318917e-01      -4.763775459703e+01      -4.765291889619e+01      -7.208782246034e-01      -4.760646917484e+01       5.502742245214e-01       5.502740628819e-01       9.530583779237e+01       2.139237986904e-02       9.284497837129e-01      -1.567868631167e-07      -1.060404990871e-02      -1.721677915851e-06      -1.063180521245e-02      -1.356062168537e-05 
       3.951846635814e-03      -7.876088174658e-01      -5.199001189311e+01      -5.200763697733e+01      -7.467880873312e-01      -5.195674161073e+01       5.477142305252e-01       5.477134288797e-01       1.040152739547e+02       2.334706183280e-02       9.241303060061e-01      -1.570194424725e-07      -1.164619175258e-02      -1.883286392612e-06      -1.167499268717e-02      -1.489109205894e-05 
       4.138091429848e-03      -7.776195664917e-01      -5.672532870942e+01      -5.674586928946e+01      -7.280573255817e-01      -5.669005259683e+01       5.450269839651e-01       5.450265251424e-01       1.134917385789e+02       2.547387481084e-02       9.195964363860e-01      -1.574707740666e-07      -1.281583091117e-02      -2.064849643085e-06      -1.282602951985e-02      -1.637451010656e-05 
       4.333113670534e-03      -7.265510972870e-01      -6.187533772983e+01      -6.189933377647e+01      -6.790043527961e-01      -6.183808635161e+01       5.422083819511e-01       5.422087359122e-01       1.237986675529e+02       2.778704625824e-02       9.148412208738e-01      -1.568921149002e-07      -1.400874054061e-02      -2.268312305518e-06      -1.399468058397e-02      -1.788792254695e-05 
       4.537327026042e-03      -6.900310273560e-01      -6.747396594953e+01      -6.750204936518e+01      -6.515722092473e-01      -6.743486614982e+01       5.392544535792e-01       5.392551341620e-01       1.350040987304e+02       3.030183967973e-02       9.098576074093e-01      -1.551196342273e-07      -1.518411753921e-02      -2.493316303641e-06      -1.516403230596e-02      -1.939200439470e-05 
       4.751164659838e-03      -7.108998098144e-01      -7.355764623157e+01      -7.359055000377e+01      -6.757493880452e-01      -7.351691117229e+01       5.361615174043e-01       5.361617161581e-01       1.471811000075e+02       3.303465264060e-02       9.046391239305e-01      -1.533882837982e-07      -1.645252037040e-02      -2.738413145568e-06      -1.644783669559e-02      -2.102607747901e-05 
       4.975080148993e-03      -7.560294062051e-01      -8.016531617801e+01      -8.020389351592e+01      -7.129726994228e-01      -8.012319071443e+01       5.329247779899e-01       5.329243929247e-01       1.604077870318e+02       3.600301455743e-02       8.991778341659e-01      -1.528618685796e-07      -1.797487568038e-02      -3.003429882711e-06      -1.797662538513e-02      -2.297618021807e-05 
       5.209548445017e-03      -7.489992655018e-01      -8.733864311699e+01      -8.738389908948e+01      -7.005836989532e-01      -8.729539435572e+01       5.295395359399e-01       5.295392972781e-01       1.747677981790e+02       3.922568547579e-02       8.934661673866e-01      -1.529463535073e-07      -1.973355626751e-02      -3.290894720504e-06      -1.970239554813e-02      -2.520637446518e-05 
       5.455066878190e-03      -6.851733836170e-01      -9.512206069783e+01      -9.517519805629e+01      -6.528302693734e-01      -9.507808280294e+01       5.260013600727e-01       5.260017101063e-01       1.903503961126e+02       4.272268079588e-02       8.874966846694e-01      -1.520026290344e-07      -2.151501241603e-02      -3.605406569708e-06      -2.144203588403e-02      -2.746619828753e-05 
       5.712156205140e-03      -6.563340743653e-01      -1.035629425841e+02      -1.036254122693e+02      -6.485856433924e-01      -1.035188752002e+02       5.223064672856e-01       5.223068892965e-01       2.072508245386e+02       4.651536117628e-02       8.812626719587e-01      -1.499593495811e-07      -2.325492989278e-02      -3.952484888615e-06      -2.320501705828e-02      -2.971135563388e-05 
       5.981361696754e-03      -7.004204820257e-01      -1.127116929764e+02      -1.127852370516e+02      -6.919027433497e-01      -1.126683968761e+02       5.184507144646e-01       5.184506696694e-01       2.255704741033e+02       5.062647191252e-02       8.747570160788e-01      -1.485728643708e-07      -2.523239787638e-02      -4.338430475214e-06      -2.524767660598e-02      -3.227893321593e-05 
       6.263254258196e-03      -7.175830596120e-01      -1.226218404077e+02      -1.227085278899e+02      -6.915049863674e-01      -1.225803114873e+02       5.144292907301e-01       5.144291503310e-01       2.454170557799e+02       5.508016411383e-02       8.679718869934e-01      -1.482547414338e-07      -2.760932712239e-02      -4.769020789826e-06      -2.761643710015e-02      -3.531753083113e-05 
       6.558431562524e-03      -6.607391152678e-01      -1.333501475063e+02      -1.334524078593e+02      -6.427349991743e-01      -1.333116024460e+02       5.102377943472e-01       5.102380179024e-01       2.669048157187e+02       5.990207017155e-02       8.609000803476e-01      -1.472122127049e-07      -3.006952694253e-02      -5.245679414289e-06      -3.002247426397e-02      -3.844813145784e-05 
       6.867519160582e-03      -6.504032202579e-01      -1.449567280338e+02      -1.450774083300e+02      -6.466007266225e-01      -1.449227836241e+02       5.058725228350e-01       5.058727002021e-01       2.901548166600e+02       6.511926255771e-02       8.535347656305e-01      -1.451594950204e-07      -3.248517361327e-02      -5.766023190104e-06      -3.248326902149e-02      -4.157810414606e-05 
       7.191171496729e-03      -6.978302377051e-01      -1.575047411660e+02      -1.576472044743e+02      -6.795488365465e-01      -1.574773896012e+02       5.013291204043e-01       5.013290159939e-01       3.152944089486e+02       7.076045807378e-02       8.458691258559e-01      -1.441847576295e-07      -3.535491846851e-02      -6.333422429991e-06      -3.538292749310e-02      -4.526563631766e-05 
       7.530072704257e-03      -6.800297026952e-01      -1.710609008095e+02      -1.712291632420e+02      -6.448358015105e-01      -1.710425143578e+02       4.966022986825e-01       4.966022204274e-01       3.424583264840e+02       7.685578396048e-02       8.378949465557e-01      -1.429179676819e-07      -3.849874283454e-02      -6.961405332123e-06      -3.849736340648e-02      -4.929870186042e-05 
       7.884936964503e-03      -6.292724249563e-01      -1.856961859478e+02      -1.858950407161e+02      -6.092016561469e-01      -1.856897652026e+02       4.916930526858e-01       4.916931869639e-01       3.717900814323e+02       8.343569145501e-02       8.296058748317e-01      -1.417311299338e-07      -4.179665809255e-02      -7.663238811864e-06      -4.173056631920e-02      -5.349908641442e-05 
       8.256508074902e-03      -6.383272387387e-01      -2.014812991375e+02      -2.017164216338e+02      -6.108182175788e-01      -2.014905927759e+02       4.865904763809e-01       4.865904466137e-01       4.034328432676e+02       9.053472834176e-02       8.209948392079e-01      -1.400999809572e-07      -4.526015765629e-02      -8.445164813202e-06      -4.526315169244e-02      -5.799161368259e-05 
       8.645557666719e-03      -6.275168324858e-01      -2.184905902203e+02      -2.187686288186e+02      -6.014299991223e-01      -2.185200283814e+02       4.812900238354e-01       4.812900328227e-01       4.375372576373e+02       9.818740386080e-02       8.120551419836e-01      -1.386602063689e-07      -4.910600964256e-02      -9.309256320832e-06      -4.909563220233e-02      -6.293792956604e-05 
       9.052881226195e-03      -6.214081742814e-01      -2.368038971382e+02      -2.371326747822e+02      -5.953738930060e-01      -2.368588460998e+02       4.757923460721e-01       4.757923437626e-01       4.742653495645e+02       1.064278466725e-01       8.027804009844e-01      -1.370959522073e-07      -5.321880393054e-02      -1.025978303759e-05      -5.321316430802e-02      -6.823691359524e-05 
       9.479290692733e-03      -6.138097854017e-01      -2.564993793171e+02      -2.568881541161e+02      -5.880184497426e-01      -2.565863335552e+02       4.700923891333e-01       4.700923895478e-01       5.137763082322e+02       1.152924463226e-01       7.931646931575e-01      -1.355284427009e-07      -5.765377253294e-02      -1.131504577333e-05      -5.764649550292e-02      -7.395542715737e-05 
       9.925601939390e-03      -6.060862423843e-01      -2.776566824977e+02      -2.781164000637e+02      -5.806854331732e-01      -2.777834841585e+02       4.641880920611e-01       4.641880919880e-01       5.562328001275e+02       1.248170774825e-01       7.832031071521e-01      -1.338979490197e-07      -6.241522930256e-02      -1.249787745273e-05      -6.240844723693e-02      -8.010230088011e-05 
       1.039261492092e-02      -5.981135426749e-01      -3.003529811510e+02      -3.008964648863e+02      -5.730275871438e-01      -3.005289805060e+02       4.580763598150e-01       4.580763598334e-01       6.017929297727e+02       1.350375296745e-01       7.728916958026e-01      -1.322017050383e-07      -6.752555833708e-02      -1.381547988016e-05      -6.751879398592e-02      -8.670747899335e-05 
       1.088108379590e-02      -5.898569372790e-01      -3.246621195479e+02      -3.253043081536e+02      -5.651230435598e-01      -3.248983784110e+02       4.517564299886e-01       4.517564299912e-01       6.506086163072e+02       1.459876085394e-01       7.622288129022e-01      -1.304310066435e-07      -7.300044170005e-02      -1.527260569595e-05      -7.299379541968e-02      -9.379082525875e-05 
       1.139167407410e-02      -5.813379554034e-01      -3.506504536162e+02      -3.514087899373e+02      -5.569587583889e-01      -3.509600797345e+02       4.452292131163e-01       4.452292131117e-01       7.028175798746e+02       1.576979074666e-01       7.512157520420e-01      -1.286461715568e-07      -7.885551259345e-02      -1.689405671436e-05      -7.884895629513e-02      -1.013760428804e-04 
       1.192490411388e-02      -5.725469309563e-01      -3.783715905131e+02      -3.792663956348e+02      -5.485372225834e-01      -3.787700644793e+02       4.384971973873e-01       4.384971973891e-01       7.585327912696e+02       1.701939010453e-01       7.398573857245e-01      -1.268018701835e-07      -8.510340818727e-02      -1.870966642327e-05      -8.509694981892e-02      -1.094835493466e-04 
       1.248106954268e-02      -5.634967684922e-01      -4.078614840079e+02      -4.089161132935e+02      -5.398666384104e-01      -4.083668072310e+02       4.315665059122e-01       4.315665059117e-01       8.178322265870e+02       1.834928484723e-01       7.281639343263e-01      -1.248645407060e-07      -9.175277997844e-02      -2.073011328262e-05      -9.174642441732e-02      -1.181258838008e-04 
       1.306015192574e-02      -5.542014916713e-01      -4.391315394438e+02      -4.403726087599e+02      -5.309612921699e-01      -4.397644476676e+02       4.244480117534e-01       4.244480117538e-01       8.807452175197e+02       1.976009751699e-01       7.161535155083e-01      -1.229096412871e-07      -9.880673868075e-02      -2.296341173041e-05      -9.880048760385e-02      -1.273081921446e-04 
       1.366171767776e-02      -5.446823323450e-01      -4.721597260872e+02      -4.736174118785e+02      -5.218414848633e-01      -4.729439734347e+02       4.171573288800e-01       4.171573288800e-01       9.472348237571e+02       2.125096223244e-01       7.038523311132e-01      -1.208896568603e-07      -1.062609542691e-01      -2.544556048095e-05      -1.062548111402e-01      -1.370307085937e-04 
       1.428481967396e-02      -5.349661466610e-01      -5.068830530605e+02      -5.085910375073e+02      -5.125329090933e-01      -5.078454043450e+02       4.097158353834e-01       4.097158353834e-01       1.017182075015e+03       2.281919795585e-01       6.912966830805e-01      -1.188571377352e-07      -1.141020233411e-01      -2.818751299275e-05      -1.140959897900e-01      -1.472783758148e-04 
       1.492792100706e-02      -5.250879796739e-01      -5.431912357221e+02      -5.451865602009e+02      -5.030690898665e-01      -5.443613874998e+02       4.021511928568e-01       4.021511928568e-01       1.090373120402e+03       2.446000645169e-01       6.785335299052e-01      -1.167786115937e-07      -1.223059543047e-01      -3.120643352098e-05      -1.223000322544e-01      -1.580238514117e-04 
       1.558886502105e-02      -5.150938489166e-01      -5.809248329501e+02      -5.832474789971e+02      -4.934941605097e-01      -5.823351069146e+02       3.944978558468e-01       3.944978558468e-01       1.166494957994e+03       2.616632323813e-01       6.656207457041e-01      -1.146774101007e-07      -1.308374254568e-01      -3.451438684308e-05      -1.308316161920e-01      -1.692248092107e-04 
       1.626491417422e-02      -5.050348405214e-01      -6.198769275224e+02      -6.225692118098e+02      -4.838570254788e-01      -6.215618057300e+02       3.867954894320e-01       3.867954894320e-01       1.245138423620e+03       2.792896805602e-01       6.526254368546e-01      -1.125567716978e-07      -1.396505360429e-01      -3.811118574749e-05      -1.396448402797e-01      -1.808237527263e-04 
       1.695286934301e-02      -4.949684437766e-01      -6.598008236814e+02      -6.629066897020e+02      -4.742128753280e-01      -6.617963895853e+02       3.790867164226e-01       3.790867164226e-01       1.325813379404e+03       2.973688092477e-01       6.396190528417e-01      -1.104334715356e-07      -1.486899867779e-01      -4.200408141964e-05      -1.486844046239e-01      -1.927525872775e-04 
       1.764926168430e-02      -4.849513757551e-01      -7.004261267920e+02      -7.039899614135e+02      -4.646159947998e-01      -7.027690911540e+02       3.714156014077e-01       3.714156014077e-01       1.407979922827e+03       3.157795956324e-01       6.266761531815e-01      -1.083410744998e-07      -1.578952669153e-01      -4.617347497869e-05      -1.578897978163e-01      -2.049324761256e-04 
       1.835058760363e-02      -4.750357565606e-01      -7.414733847364e+02      -7.455393344008e+02      -4.551162134019e-01      -7.442005184335e+02       3.638233487984e-01       3.638233487984e-01       1.491078668802e+03       3.343970633841e-01       6.138666907956e-01      -1.062590530949e-07      -1.672038889138e-01      -5.061432236500e-05      -1.671985316920e-01      -2.172843933819e-04 
       1.905354355797e-02      -4.652743538279e-01      -7.826761681633e+02      -7.872871256482e+02      -4.457642993230e-01      -7.858234369023e+02       3.563477255924e-01       3.563477255924e-01       1.574574251296e+03       3.530999907052e-01       6.012535090273e-01      -1.042093645328e-07      -1.765552423954e-01      -5.530527295426e-05      -1.765499953526e-01      -2.297291002815e-04 
       1.975521843946e-02      -4.557036411279e-01      -8.237914743122e+02      -8.289884748150e+02      -4.365950134633e-01      -8.273935081774e+02       3.490189000366e-01       3.490189000366e-01       1.657976949630e+03       3.717795852598e-01       5.888882554683e-01      -1.022000143443e-07      -1.858949316684e-01      -6.022423660490e-05      -1.858897926299e-01      -2.421950254174e-04 
       2.045321634933e-02      -4.463536905434e-01      -8.646151389457e+02      -8.704366088518e+02      -4.276370878968e-01      -8.687045634533e+02       3.418608469424e-01       3.418608469424e-01       1.740873217704e+03       3.903438077684e-01       5.768116979483e-01      -1.002363903524e-07      -1.951769374603e-01      -6.534252824324e-05      -1.951719038842e-01      -2.546200516832e-04 
       2.114570368999e-02      -4.372535186089e-01      -9.049850181120e+02      -9.114667160529e+02      -4.189187428708e-01      -9.095923650772e+02       3.348906305027e-01       3.348906305027e-01       1.822933432106e+03       4.087160298562e-01       5.650509109097e-01      -9.831683891936e-08      -2.043629457623e-01      -7.063703602524e-05      -2.043580149281e-01      -2.669525649599e-04 
       2.183139227336e-02      -4.284075300680e-01      -9.447751038405e+02      -9.519500218132e+02      -4.104437678426e-01      -9.499286942244e+02       3.281169011910e-01       3.281169011910e-01       1.903900043626e+03       4.268415444350e-01       5.536222489283e-01      -9.644450733431e-08      -2.134256032324e-01      -7.609486893145e-05      -2.134207722175e-01      -2.791563084948e-04 
       2.250947928866e-02      -4.198257879220e-01      -9.839032034850e+02      -9.918012371495e+02      -4.022219870549e-01      -9.896288286300e+02       3.215450949561e-01       3.215450949561e-01       1.983602474299e+03       4.446809825233e-01       5.425341287312e-01      -9.464886127913e-08      -2.223452254288e-01      -8.167785844358e-05      -2.223404912617e-01      -2.912006371594e-04 
       2.317956563857e-02      -4.115057225295e-01      -1.022312363931e+03      -1.030961018124e+03      -3.942508615483e-01      -1.028633855825e+03       3.151742027198e-01       3.151742027198e-01       2.061922036248e+03       4.622085009972e-01       5.317851676692e-01      -9.291017316461e-08      -2.311088907876e-01      -8.738014304400e-05      -2.311042504986e-01      -3.030684526487e-04 
       2.384156963309e-02      -4.034443884249e-01      -1.059977822246e+03      -1.069401623242e+03      -3.865275722383e-01      -1.066916528455e+03       3.090019237383e-01       3.090019237383e-01       2.138803246484e+03       4.794118952734e-01       5.213714696954e-01      -9.116464999345e-08      -2.397104969831e-01      -9.317075364067e-05      -2.397059476367e-01      -3.147472448449e-04 
       2.449564690182e-02      -3.956168528253e-01      -1.096882198996e+03      -1.107103274370e+03      -3.790273349132e-01      -1.104457463901e+03       3.030202123415e-01       3.030202123415e-01       2.214206548739e+03       4.962912926950e-01       5.112831400900e-01      -8.950131998751e-08      -2.481501077206e-01      -9.904451787286e-05      -2.481456463475e-01      -3.262362762417e-04 
       2.514212195473e-02      -3.880719928284e-01      -1.133061389206e+03      -1.144099569603e+03      -3.717999325938e-01      -1.141290589812e+03       2.972300964530e-01       2.972300964530e-01       2.288199139205e+03       5.128329015000e-01       5.015097894504e-01      -8.809333673933e-08      -2.564208266323e-01      -1.049828207475e-04      -2.564164507500e-01      -3.375240275159e-04 
       2.578143298704e-02      -3.807383302845e-01      -1.168504054693e+03      -1.180377038814e+03      -3.647737052930e-01      -1.177402783526e+03       2.916160133919e-01       2.916160133919e-01       2.360754077628e+03       5.290622016315e-01       4.920382078174e-01      -8.637491980226e-08      -2.645353939993e-01      -1.109664523982e-04      -2.645311008157e-01      -3.486233610064e-04 
       2.641408926964e-02      -3.736351152692e-01      -1.203252093463e+03      -1.215975391461e+03      -3.579685927817e-01      -1.212834061353e+03       2.861742112343e-01       2.861742112343e-01       2.431950782922e+03       5.449818176019e-01       4.828559067652e-01      -8.486532574597e-08      -2.724951217715e-01      -1.169811762341e-04      -2.724909088009e-01      -3.595337626276e-04 
       2.704063940089e-02      -3.667415097111e-01      -1.237330685481e+03      -1.250917887001e+03      -3.513640954086e-01      -1.247607962564e+03       2.808953892114e-01       2.808953892114e-01       2.501835774002e+03       5.606083137622e-01       4.739494099702e-01      -8.339786312566e-08      -2.803082920752e-01      -1.230307505960e-04      -2.803041568811e-01      -3.702661318669e-04 
       2.766164838054e-02      -3.600523502544e-01      -1.270778726974e+03      -1.285241481694e+03      -3.449554841414e-01      -1.281761713625e+03       2.757728845812e-01       2.757728845812e-01       2.570482963387e+03       5.759559689683e-01       4.653065744710e-01      -8.198020833027e-08      -2.879820442043e-01      -1.290905892357e-04      -2.879779844841e-01      -3.808255653063e-04 
       2.827768155684e-02      -3.535518171414e-01      -1.303631101654e+03      -1.318978763735e+03      -3.387272500920e-01      -1.315328232863e+03       2.707989128182e-01       2.707989128182e-01       2.637957527470e+03       5.910441224334e-01       4.569157086630e-01      -8.056636393083e-08      -2.955260477113e-01      -1.351390169950e-04      -2.955220612167e-01      -3.912207638252e-04 
       2.888929376710e-02      -3.472489771096e-01      -1.335934931997e+03      -1.352175644632e+03      -3.326890449176e-01      -1.348353578974e+03       2.659685648412e-01       2.659685648412e-01       2.704351289264e+03       6.058809539548e-01       4.487645816634e-01      -7.920244050616e-08      -3.029443922569e-01      -1.411899611374e-04      -3.029404769774e-01      -4.014590339623e-04 
       2.949702230981e-02      -3.411139992914e-01      -1.367718817306e+03      -1.384858209898e+03      -3.268111272468e-01      -1.380864208003e+03       2.612732706858e-01       2.612732706858e-01       2.769716419796e+03       6.204936947708e-01       4.408434890502e-01      -7.788785668052e-08      -3.102506935328e-01      -1.472142073933e-04      -3.102468473854e-01      -4.115528329278e-04 
       3.010138268639e-02      -3.351591475571e-01      -1.399033400098e+03      -1.417075699975e+03      -3.211063036440e-01      -1.412909534500e+03       2.567094291542e-01       2.567094291542e-01       2.834151399949e+03       6.348898926068e-01       4.331420269334e-01      -7.661690583788e-08      -3.174487251682e-01      -1.532176348584e-04      -3.174449463034e-01      -4.215078125833e-04 
       3.070286630818e-02      -3.293598029125e-01      -1.429904391667e+03      -1.448852404749e+03      -3.155500898161e-01      -1.444514048864e+03       2.522692317135e-01       2.522692317135e-01       2.897704809498e+03       6.490934168989e-01       4.256506994444e-01      -7.534673558052e-08      -3.245504219188e-01      -1.591743710712e-04      -3.245467084495e-01      -4.313348342532e-04 
       3.130193957039e-02      -3.237199951937e-01      -1.460383823415e+03      -1.480237238237e+03      -3.101468229784e-01      -1.475727109147e+03       2.479498825256e-01       2.479498825256e-01       2.960474476473e+03       6.631194394717e-01       4.183628307136e-01      -7.417780745581e-08      -3.315633695755e-01      -1.650649768382e-04      -3.315597197359e-01      -4.410403697090e-04 
       3.189904385593e-02      -3.182303166072e-01      -1.490502608113e+03      -1.511260253855e+03      -3.048873720533e-01      -1.506578875529e+03       2.437456583590e-01       2.437456583590e-01       3.022520507711e+03       6.769833517971e-01       4.112692571412e-01      -7.295043611317e-08      -3.384952638088e-01      -1.709024804563e-04      -3.384916758985e-01      -4.506360739117e-04 
       3.249459615342e-02      -3.128859475947e-01      -1.520299841010e+03      -1.541958492383e+03      -2.997671438725e-01      -1.537106676877e+03       2.396525570529e-01       2.396525570529e-01       3.083916984767e+03       6.907015044901e-01       4.043631227829e-01      -7.178180594421e-08      -3.453542798637e-01      -1.766658305651e-04      -3.453507522451e-01      -4.601288843444e-04 
       3.308899006411e-02      -3.076828631487e-01      -1.549820621488e+03      -1.572374338043e+03      -2.947822580778e-01      -1.567353284336e+03       2.356677802475e-01       2.356677802475e-01       3.144748676087e+03       7.042934780633e-01       3.976398010825e-01      -7.065556317076e-08      -3.521502079599e-01      -1.823313309474e-04      -3.521467390317e-01      -4.695273506111e-04 
       3.368259703912e-02      -3.026164852223e-01      -1.579097169842e+03      -1.602538677733e+03      -2.899283908418e-01      -1.597349765288e+03       2.317870763185e-01       2.317870763185e-01       3.205077355466e+03       7.177721728965e-01       3.910918698135e-01      -6.951058433408e-08      -3.588894982131e-01      -1.878953936666e-04      -3.588860864483e-01      -4.788389594357e-04 
       3.427576773646e-02      -2.976807606543e-01      -1.608168528379e+03      -1.632488236625e+03      -2.851996088963e-01      -1.627133174598e+03       2.280074533899e-01       2.280074533899e-01       3.264976473250e+03       7.311566622297e-01       3.847148285979e-01      -6.845632692121e-08      -3.655816872224e-01      -1.933604376150e-04      -3.655783311148e-01      -4.880760505978e-04 
       3.486883342232e-02      -2.928733171839e-01      -1.637073771691e+03      -1.662260065096e+03      -2.805937095529e-01      -1.656740845899e+03       2.243262383707e-01       2.243262383707e-01       3.324520130192e+03       7.444625533993e-01       3.785038819788e-01      -6.737437687391e-08      -3.722345786044e-01      -1.986954111597e-04      -3.722312766996e-01      -4.972434896684e-04 
       3.546210736590e-02      -2.881911749735e-01      -1.665846481879e+03      -1.691885821385e+03      -2.761079099503e-01      -1.686204710088e+03       2.207402583778e-01       2.207402583778e-01       3.383771642769e+03       7.577027041411e-01       3.724533799512e-01      -6.642061112478e-08      -3.788546011683e-01      -2.038989738164e-04      -3.788513520706e-01      -5.063491361203e-04 
       3.605588619481e-02      -2.836301239000e-01      -1.694524934382e+03      -1.721401603345e+03      -2.717381021135e-01      -1.715561173350e+03       2.172471959073e-01       2.172471959073e-01       3.442803206690e+03       7.708948960884e-01       3.665597145428e-01      -6.531259817511e-08      -3.854506457095e-01      -2.089491311743e-04      -3.854474480442e-01      -5.154006778888e-04 
       3.665045119063e-02      -2.791886380529e-01      -1.723146770494e+03      -1.750842881299e+03      -2.674829105329e-01      -1.744846013816e+03       2.138448372890e-01       2.138448372890e-01       3.501685762598e+03       7.840534212717e-01       3.608188023273e-01      -6.439544757886e-08      -3.920298581954e-01      -2.138427354949e-04      -3.920267106359e-01      -5.244065402777e-04 
       3.724606951266e-02      -2.748633586785e-01      -1.751753934625e+03      -1.780249240398e+03      -2.633390362980e-01      -1.774099150214e+03       2.105316078872e-01       2.105316078872e-01       3.560498480797e+03       7.971979025236e-01       3.552283187942e-01      -6.331827031904e-08      -3.986020500326e-01      -2.185668075515e-04      -3.985989512618e-01      -5.333769665636e-04 
       3.784299534431e-02      -2.706500402221e-01      -1.780375386070e+03      -1.809647728646e+03      -2.593023876717e-01      -1.803347905566e+03       2.073045457864e-01       2.073045457864e-01       3.619295457293e+03       8.103411473479e-01       3.497833630773e-01      -6.236412201928e-08      -4.051736249342e-01      -2.231092725608e-04      -4.051705736740e-01      -5.423180994002e-04 
       3.844147096019e-02      -2.665469110516e-01      -1.809048897526e+03      -1.839073636869e+03      -2.553713023409e-01      -1.832627927567e+03       2.041618600676e-01       2.041618600676e-01       3.678147273737e+03       8.234984157127e-01       3.444807689454e-01      -6.142297159060e-08      -4.117522128517e-01      -2.274337399053e-04      -4.117492078563e-01      -5.512337661273e-04 
       3.904172771505e-02      -2.625519594152e-01      -1.837815304979e+03      -1.868566182477e+03      -2.515438347499e-01      -1.861978651112e+03       2.011022607570e-01       2.011022607570e-01       3.737132364954e+03       8.366879620254e-01       3.393184428624e-01      -6.054410589299e-08      -4.183469409722e-01      -2.315792052269e-04      -4.183439810127e-01      -5.601415008484e-04 
       3.964398695723e-02      -2.586627445862e-01      -1.866708338837e+03      -1.898156408130e+03      -2.478176645941e-01      -1.891431512187e+03       1.981236289656e-01       1.981236289656e-01       3.796312816260e+03       8.499233729124e-01       3.342927271511e-01      -5.978188424160e-08      -4.249646025756e-01      -2.354948492323e-04      -4.249616864562e-01      -5.690418628261e-04 
       4.024846087044e-02      -2.548787025331e-01      -1.895767986444e+03      -1.927882636994e+03      -2.441923205113e-01      -1.921025059397e+03       1.952247077463e-01       1.952247077463e-01       3.855765273988e+03       8.632202725677e-01       3.294012257778e-01      -5.875198051819e-08      -4.316130097274e-01      -2.391842177402e-04      -4.316101362838e-01      -5.779451487765e-04 
       4.085535324819e-02      -2.511950078017e-01      -1.925025686929e+03      -1.957773693162e+03      -2.406630554985e-01      -1.950788500809e+03       1.924033130524e-01       1.924033130524e-01       3.915547386325e+03       8.765948962412e-01       3.246407574187e-01      -5.798918342116e-08      -4.383002800425e-01      -2.426373649908e-04      -4.382974481206e-01      -5.868599956347e-04 
       4.146486020563e-02      -2.476113331061e-01      -1.954522151762e+03      -1.987868260457e+03      -2.372296269345e-01      -1.980760802481e+03       1.896583315488e-01       1.896583315488e-01       3.975736520915e+03       8.900629918094e-01       3.200091560775e-01      -5.709852991079e-08      -4.450342874299e-01      -2.458150802253e-04      -4.450314959047e-01      -5.957900588273e-04 
       4.207717083329e-02      -2.441244040866e-01      -1.984283810638e+03      -2.018191584819e+03      -2.338888893578e-01      -2.010967372773e+03       1.869873633450e-01       1.869873633450e-01       4.036383169639e+03       9.036361087145e-01       3.155024083527e-01      -5.638757426778e-08      -4.518208065769e-01      -2.487782828741e-04      -4.518180543572e-01      -6.047521894397e-04 
       4.269246779746e-02      -2.407326413464e-01      -2.014352950439e+03      -2.048783292362e+03      -2.306393055734e-01      -2.041448218654e+03       1.843894814741e-01       1.843894814741e-01       4.097566584725e+03       9.173329488181e-01       3.111190446264e-01      -5.557414395272e-08      -4.586691884051e-01      -2.514207490180e-04      -4.586664744090e-01      -6.137413720277e-04 
       4.331092789152e-02      -2.374344082986e-01      -2.044767707032e+03      -2.079679919438e+03      -2.274793096366e-01      -2.072240093514e+03       1.818634376246e-01       1.818634376246e-01       4.159359838876e+03       9.311700955042e-01       3.068569597729e-01      -5.476643927337e-08      -4.655877245867e-01      -2.538090984378e-04      -4.655850477521e-01      -6.227784384633e-04 
       4.393272254233e-02      -2.342285788399e-01      -2.075557160733e+03      -2.110908440858e+03      -2.244079182124e-01      -2.103370277785e+03       1.794071709503e-01       1.794071709503e-01       4.221816881716e+03       9.451567350617e-01       3.027122779479e-01      -5.412953316340e-08      -4.725810082206e-01      -2.559043541078e-04      -4.725783675309e-01      -6.318630588644e-04 
       4.455801827569e-02      -2.311105726047e-01      -2.106744839184e+03      -2.142492936174e+03      -2.214206410062e-01      -2.134862741698e+03       1.770184405203e-01       1.770184405203e-01       4.284985872348e+03       9.593067259952e-01       2.986816398740e-01      -5.337891272876e-08      -4.796559685429e-01      -2.577309664615e-04      -4.796533629976e-01      -6.410077570870e-04 
       4.518697714421e-02      -2.280799818431e-01      -2.138378727029e+03      -2.174476961804e+03      -2.185171022702e-01      -2.166761696539e+03       1.746967642460e-01       1.746967642460e-01       4.348953923607e+03       9.736396393269e-01       2.947641753219e-01      -5.243753105568e-08      -4.868223910545e-01      -2.592513785096e-04      -4.868198196634e-01      -6.502188200286e-04 
       4.581975712116e-02      -2.251330783694e-01      -2.170477587402e+03      -2.206879730739e+03      -2.156937040949e-01      -2.199086266641e+03       1.724395941854e-01       1.724395941854e-01       4.413759461478e+03       9.881648783307e-01       2.909556878956e-01      -5.177745871214e-08      -4.940849773598e-01      -2.604469556381e-04      -4.940824391653e-01      -6.594992480262e-04 
       4.645651246315e-02      -2.222687032188e-01      -2.203070218910e+03      -2.239728795867e+03      -2.129494067748e-01      -2.231864174801e+03       1.702451855898e-01       1.702451855898e-01       4.479457591735e+03       1.002892524564e+00       2.872529480329e-01      -5.120896933028e-08      -5.014487681998e-01      -2.613696562830e-04      -5.014462622822e-01      -6.688635308045e-04 
       4.709739404439e-02      -2.194850858783e-01      -2.236193146049e+03      -2.273059475768e+03      -2.102824942424e-01      -2.265130895899e+03       1.681124318726e-01       1.681124318726e-01       4.546118951536e+03       1.017839181535e+00       2.836541715860e-01      -5.046569095786e-08      -5.089220653146e-01      -2.619937222917e-04      -5.089195907675e-01      -6.783179880000e-04 
       4.774254966524e-02      -2.167785106934e-01      -2.269864560020e+03      -2.306890136887e+03      -2.076893669271e-01      -2.298904751576e+03       1.660389750504e-01       1.660389750504e-01       4.613780273773e+03       1.033014508587e+00       2.801555424895e-01      -4.984706195083e-08      -5.165096983486e-01      -2.622969903590e-04      -5.165072542933e-01      -6.878651826006e-04 
       4.839212433710e-02      -2.141457997329e-01      -2.304104403962e+03      -2.341239146217e+03      -2.051669631664e-01      -2.333204339257e+03       1.640225996250e-01       1.640225996250e-01       4.682478292433e+03       1.048427621851e+00       2.767533951702e-01      -4.931017333006e-08      -5.242162253372e-01      -2.622851977070e-04      -5.242138109254e-01      -6.975117081941e-04 
       4.904626054591e-02      -2.115866048507e-01      -2.338940792295e+03      -2.376136073121e+03      -2.027150393258e-01      -2.368058971980e+03       1.620619258190e-01       1.620619258190e-01       4.752272146243e+03       1.064088190578e+00       2.734450309886e-01      -4.856265196059e-08      -5.320464808705e-01      -2.619961191525e-04      -5.320440952888e-01      -7.072696154159e-04 
       4.970509849602e-02      -2.090965317462e-01      -2.374390251512e+03      -2.411595750539e+03      -2.003292985000e-01      -2.403483734831e+03       1.601546628107e-01       1.601546628107e-01       4.823191501078e+03       1.080006402741e+00       2.702269425349e-01      -4.809948422098e-08      -5.400055589163e-01      -2.613956234221e-04      -5.400032013707e-01      -7.171398871533e-04 
       5.036877633628e-02      -2.066758340869e-01      -2.410478581658e+03      -2.447645382571e+03      -1.980101153223e-01      -2.439505585670e+03       1.582994092846e-01       1.582994092846e-01       4.895290765142e+03       1.096189180778e+00       2.670962335253e-01      -4.729510132123e-08      -5.480969206488e-01      -2.605296428698e-04      -5.480945903891e-01      -7.271340272121e-04 
       5.103743036975e-02      -2.043183816287e-01      -2.447200657868e+03      -2.484280791307e+03      -1.957515065646e-01      -2.476120201730e+03       1.564928135441e-01       1.564928135441e-01       4.968561582615e+03       1.112638849939e+00       2.640476963800e-01      -4.676096557553e-08      -5.563217286635e-01      -2.594116912582e-04      -5.563194249697e-01      -7.372556740037e-04 
       5.171119524854e-02      -2.020215006784e-01      -2.484575475970e+03      -2.521521686618e+03      -1.935508776863e-01      -2.513347162122e+03       1.547332353025e-01       1.547332353025e-01       5.043043373236e+03       1.129365740250e+00       2.610786991664e-01      -4.619001411586e-08      -5.646851479541e-01      -2.579926307738e-04      -5.646828701248e-01      -7.475035381975e-04 
       5.239020415505e-02      -1.997829882004e-01      -2.522602469656e+03      -2.559369246060e+03      -1.914062011497e-01      -2.551187369282e+03       1.530179744532e-01       1.530179744532e-01       5.118738492120e+03       1.146366709590e+00       2.581843485609e-01      -4.564222814286e-08      -5.731856074070e-01      -2.563462377147e-04      -5.731833547950e-01      -7.578872686171e-04 
       5.307458897075e-02      -1.975998580811e-01      -2.561296907184e+03      -2.597840912100e+03      -1.893145582608e-01      -2.589657907556e+03       1.513454583966e-01       1.513454583966e-01       5.195681824201e+03       1.163652015351e+00       2.553622290423e-01      -4.508549068678e-08      -5.818282357039e-01      -2.544657241870e-04      -5.818260076753e-01      -7.684122053974e-04 
       5.376448043353e-02      -1.954666474212e-01      -2.600642916927e+03      -2.636922246295e+03      -1.872706457822e-01      -2.628744126708e+03       1.497123772474e-01       1.497123772474e-01       5.273844492589e+03       1.181218600958e+00       2.526070466545e-01      -4.457172145011e-08      -5.906115045200e-01      -2.523717729686e-04      -5.906093004789e-01      -7.790796185893e-04 
       5.446000828457e-02      -1.933803513487e-01      -2.640634254536e+03      -2.676610364516e+03      -1.852715960449e-01      -2.668442617468e+03       1.481162697463e-01       1.481162697463e-01       5.353220729033e+03       1.199064477673e+00       2.499145957999e-01      -4.426068495597e-08      -5.995344194491e-01      -2.500995506146e-04      -5.995322388364e-01      -7.898939162045e-04 
       5.516130140571e-02      -1.913493139101e-01      -2.681295464140e+03      -2.716931976935e+03      -1.833259776754e-01      -2.708779724641e+03       1.465564564453e-01       1.465564564453e-01       5.433863953870e+03       1.217173279139e+00       2.472813754309e-01      -4.339270301364e-08      -6.085887972050e-01      -2.476515434137e-04      -6.085866395694e-01      -8.008452674119e-04 
       5.586848794792e-02      -1.893514199394e-01      -2.722556800850e+03      -2.757822189522e+03      -1.814116774289e-01      -2.749689852380e+03       1.450274304074e-01       1.450274304074e-01       5.515644379044e+03       1.235561150631e+00       2.447018999876e-01      -4.324513120604e-08      -6.177827104998e-01      -2.450882463957e-04      -6.177805753153e-01      -8.119531147822e-04 
       5.658169545170e-02      -1.873957216610e-01      -2.764446500293e+03      -2.799311797615e+03      -1.795379404524e-01      -2.791203365047e+03       1.435290606941e-01       1.435290606941e-01       5.598623595231e+03       1.254213356803e+00       2.421735963106e-01      -4.290207305805e-08      -6.271087915621e-01      -2.424040508574e-04      -6.271066784013e-01      -8.232074466807e-04 
       5.730105096009e-02      -1.854776554169e-01      -2.806919119338e+03      -2.841360799738e+03      -1.777004143321e-01      -2.833279443568e+03       1.420576105799e-01       1.420576105799e-01       5.682721599475e+03       1.273109949382e+00       2.396900790557e-01      -4.187057101044e-08      -6.365570661970e-01      -2.396485253888e-04      -6.365549746911e-01      -8.346035874227e-04 
       5.802668112475e-02      -1.835885843805e-01      -2.849942157289e+03      -2.883941247699e+03      -1.758905176235e-01      -2.875889450470e+03       1.406102542588e-01       1.406102542588e-01       5.767882495399e+03       1.292254367581e+00       2.372478419748e-01      -4.139525101038e-08      -6.461292540205e-01      -2.368530676833e-04      -6.461271837903e-01      -8.461485658303e-04 
       5.875871230577e-02      -1.817275364204e-01      -2.893483122239e+03      -2.927025282425e+03      -1.741074698201e-01      -2.919004824806e+03       1.391843934243e-01       1.391843934243e-01       5.854050564851e+03       1.311625899515e+00       2.348418835850e-01      -4.098777432433e-08      -6.558149990271e-01      -2.340736429147e-04      -6.558129497576e-01      -8.578382358295e-04 
       5.949727066567e-02      -1.798912489183e-01      -2.937505963026e+03      -2.970582718029e+03      -1.723481451360e-01      -2.962594487271e+03       1.377775285520e-01       1.377775285520e-01       5.941165436057e+03       1.331210590714e+00       2.324679862870e-01      -4.055293558597e-08      -6.656073239443e-01      -2.313103612082e-04      -6.656052953572e-01      -8.696638740844e-04 
       6.024248225797e-02      -1.780762591581e-01      -2.981965562964e+03      -3.014574927610e+03      -1.706092285944e-01      -3.006618827340e+03       1.363869830771e-01       1.363869830771e-01       6.029149855220e+03       1.350990527938e+00       2.301216256981e-01      -4.004696355164e-08      -6.754972721121e-01      -2.286237544479e-04      -6.754952639691e-01      -8.816237786799e-04 
       6.099447311085e-02      -1.762785979192e-01      -3.026804309828e+03      -3.058950184388e+03      -1.688869161845e-01      -3.051025241893e+03       1.350097391210e-01       1.350097391210e-01       6.117900368777e+03       1.370942170153e+00       2.277977170662e-01      -3.966532451579e-08      -6.854730729690e-01      -2.260879839208e-04      -6.854710850763e-01      -8.937148721064e-04 
       6.175336930616e-02      -1.744954167296e-01      -3.071976376509e+03      -3.103670007967e+03      -1.671784785315e-01      -3.095774132107e+03       1.336436143494e-01       1.336436143494e-01       6.207340015933e+03       1.391047717303e+00       2.254925780690e-01      -3.965041065423e-08      -6.955258264560e-01      -2.236956872139e-04      -6.955238586515e-01      -9.059248640357e-04 
       6.251929705421e-02      -1.727224518100e-01      -3.117417812060e+03      -3.148677140802e+03      -1.654797913410e-01      -3.140807242268e+03       1.322858439098e-01       1.322858439098e-01       6.297354281604e+03       1.411283634790e+00       2.232017100772e-01      -3.873384107935e-08      -7.056437652383e-01      -2.215369311886e-04      -7.056418173948e-01      -9.182531248142e-04 
       6.329238276460e-02      -1.709589180926e-01      -3.163070672694e+03      -3.193921646799e+03      -1.637902330986e-01      -3.186073424730e+03       1.309342161861e-01       1.309342161861e-01       6.387843293598e+03       1.431618582971e+00       2.209208452394e-01      -3.838933634357e-08      -7.158112194404e-01      -2.196586701150e-04      -7.158092914853e-01      -9.306874505280e-04 
       6.407275311340e-02      -1.691987285989e-01      -3.208857216308e+03      -3.239332456725e+03      -1.621038233216e-01      -3.231500628384e+03       1.295858962644e-01       1.295858962644e-01       6.478664913450e+03       1.452029651806e+00       2.186458088508e-01      -3.785406254735e-08      -7.260167340263e-01      -2.180736256528e-04      -7.260148259031e-01      -9.432155048942e-04 
       6.486053510691e-02      -1.674397266365e-01      -3.254703522591e+03      -3.284843951831e+03      -1.604185528016e-01      -3.277021991434e+03       1.282385398512e-01       1.282385398512e-01       6.569687903662e+03       1.472483263447e+00       2.163724146283e-01      -3.762175801346e-08      -7.362435200264e-01      -2.168632719529e-04      -7.362416317233e-01      -9.558290526766e-04 
       6.565585614227e-02      -1.656795351003e-01      -3.300538254161e+03      -3.330393081320e+03      -1.587321590661e-01      -3.322573220040e+03       1.268901423917e-01       1.268901423917e-01       6.660786162639e+03       1.492949484116e+00       2.140972190821e-01      -3.709011173705e-08      -7.464766105206e-01      -2.160657799981e-04      -7.464747420578e-01      -9.685153576484e-04 
       6.645884406518e-02      -1.639149607333e-01      -3.346278979831e+03      -3.375905396106e+03      -1.570415636237e-01      -3.368078680594e+03       1.255384967832e-01       1.255384967832e-01       6.751810792213e+03       1.513395675071e+00       2.118165776314e-01      -3.665302326477e-08      -7.566996861084e-01      -2.157393057781e-04      -7.566978375355e-01      -9.812631209139e-04 
       6.726962722477e-02      -1.621438527301e-01      -3.391849136866e+03      -3.421312342238e+03      -1.553447141325e-01      -3.413468624926e+03       1.241818523307e-01       1.241818523307e-01       6.842624684476e+03       1.533789901035e+00       2.095275019735e-01      -3.619324215641e-08      -7.668967791238e-01      -2.159221318465e-04      -7.668949505174e-01      -9.940583785555e-04 
       6.808833452604e-02      -1.603634128101e-01      -3.437156246922e+03      -3.466529776830e+03      -1.536389263705e-01      -3.458657679199e+03       1.228181119960e-01       1.228181119960e-01       6.933059553659e+03       1.554094098884e+00       2.072264690883e-01      -3.578812934950e-08      -7.770488579745e-01      -2.166882458877e-04      -7.770470494418e-01      -1.006888913298e-03 
       6.891509547984e-02      -1.585715577674e-01      -3.482117078586e+03      -3.511481890949e+03      -1.519222012271e-01      -3.503568939205e+03       1.214457167411e-01       1.214457167411e-01       7.022963781899e+03       1.574273958340e+00       2.049108606797e-01      -3.536914404659e-08      -7.871387674992e-01      -2.180496971493e-04      -7.871369791698e-01      -1.019735142128e-03 
       6.975004025066e-02      -1.567666875336e-01      -3.526649591370e+03      -3.556094665579e+03      -1.501930120709e-01      -3.548127194831e+03       1.200633657659e-01       1.200633657659e-01       7.112189331157e+03       1.594295232253e+00       2.025784568061e-01      -3.497819483351e-08      -7.971493841030e-01      -2.200811221364e-04      -7.971476161266e-01      -1.032587356222e-03 
       7.059329970233e-02      -1.549469486724e-01      -3.570662887918e+03      -3.600283962201e+03      -1.484495849826e-01      -3.592247324401e+03       1.186696122467e-01       1.186696122467e-01       7.200567924401e+03       1.614119494914e+00       2.002268073015e-01      -3.478903048228e-08      -8.070614949092e-01      -2.227820153711e-04      -8.070597474570e-01      -1.045421424549e-03 
       7.144500544176e-02      -1.531111732675e-01      -3.614082396483e+03      -3.643982333914e+03      -1.466907863141e-01      -3.635860824648e+03       1.172637453388e-01       1.172637453388e-01       7.287964667828e+03       1.633717202613e+00       1.978547738894e-01      -3.414312727996e-08      -8.168603280550e-01      -2.262170095965e-04      -8.168586013064e-01      -1.058228999113e-03 
       7.230528986090e-02      -1.512581806164e-01      -3.656816175818e+03      -3.687104823525e+03      -1.449155028127e-01      -3.678881720599e+03       1.158446386495e-01       1.158446386495e-01       7.374209647050e+03       1.653048258916e+00       1.954603820985e-01      -3.376019970684e-08      -8.265258353044e-01      -2.304333587573e-04      -8.265241294581e-01      -1.070992412902e-03 
       7.317428617696e-02      -1.493875733394e-01      -3.698799456469e+03      -3.729591212465e+03      -1.431233429900e-01      -3.721249135044e+03       1.144121150994e-01       1.144121150994e-01       7.459182424930e+03       1.672086192788e+00       1.930433756434e-01      -3.336111211171e-08      -8.360447811381e-01      -2.354197680281e-04      -8.360430963938e-01      -1.083693313090e-03 
       7.405212847100e-02      -1.474986720181e-01      -3.739950624543e+03      -3.771365805852e+03      -1.413136588545e-01      -3.762886513998e+03       1.129656186008e-01       1.129656186008e-01       7.542731611704e+03       1.690796377192e+00       1.906028043472e-01      -3.294537660390e-08      -8.453998520299e-01      -2.412387022219e-04      -8.453981885958e-01      -1.096319843055e-03 
       7.493895172510e-02      -1.455917034361e-01      -3.780210772754e+03      -3.812372499512e+03      -1.394866682009e-01      -3.803737365455e+03       1.115053104786e-01       1.115053104786e-01       7.624744999024e+03       1.709153362836e+00       1.881389364121e-01      -3.254576756480e-08      -8.545783233360e-01      -2.478734865865e-04      -8.545766814178e-01      -1.108853447394e-03 
       7.583489185804e-02      -1.436703922114e-01      -3.819518252241e+03      -3.852553536087e+03      -1.376461565810e-01      -3.843743374772e+03       1.100313630671e-01       1.100313630671e-01       7.705107072175e+03       1.727110523511e+00       1.856511701195e-01      -3.420072888999e-08      -8.635568819177e-01      -2.553307348323e-04      -8.635552617553e-01      -1.121266035323e-03 
       7.674008575965e-02      -1.417248545684e-01      -3.857822299596e+03      -3.891859419041e+03      -1.357820011302e-01      -3.882854892710e+03       1.085442582899e-01       1.085442582899e-01       7.783718838083e+03       1.744706953288e+00       1.831430000330e-01      -3.171490850312e-08      -8.723550749287e-01      -2.636345864891e-04      -8.723534766440e-01      -1.133585712050e-03 
       7.765467132399e-02      -1.397668075185e-01      -3.895087274068e+03      -3.930255799006e+03      -1.339060801185e-01      -3.921037399312e+03       1.070449214557e-01       1.070449214557e-01       7.860511598013e+03       1.761865811083e+00       1.806133072037e-01      -3.134819001776e-08      -8.809344817296e-01      -2.727486221628e-04      -8.809329055413e-01      -1.145758801065e-03 
       7.857878748124e-02      -1.377944420398e-01      -3.931285531863e+03      -3.967713395430e+03      -1.320164606641e-01      -3.958261898732e+03       1.055344214927e-01       1.055344214927e-01       7.935426790859e+03       1.778592650454e+00       1.780647127089e-01      -3.111950696289e-08      -8.892978791497e-01      -2.826816951032e-04      -8.892963252269e-01      -1.157790153546e-03 
       7.951257422856e-02      -1.358094805001e-01      -3.966398139229e+03      -4.004211667299e+03      -1.301147963381e-01      -3.994508121831e+03       1.040140326199e-01       1.040140326199e-01       8.008423334598e+03       1.794877910423e+00       1.754993515944e-01      -3.103603439261e-08      -8.974404867181e-01      -2.933886837949e-04      -8.974389552114e-01      -1.169666650966e-03 
       8.045617265987e-02      -1.338123503844e-01      -4.000429232933e+03      -4.039750520645e+03      -1.282013793476e-01      -4.029776639618e+03       1.024855155710e-01       1.024855155710e-01       8.079501041290e+03       1.810733967843e+00       1.729206722762e-01      -3.007434067116e-08      -9.053684929077e-01      -3.048118194655e-04      -9.053669839216e-01      -1.181386980293e-03 
       8.140972499466e-02      -1.318078407549e-01      -4.033386973580e+03      -4.074333152403e+03      -1.262809529178e-01      -4.064071426095e+03       1.009506245989e-01       1.009506245989e-01       8.148666304805e+03       1.826146550569e+00       1.703309974544e-01      -2.972297136504e-08      -9.130747616451e-01      -3.169194231317e-04      -9.130732752846e-01      -1.192937251636e-03 
       8.237337460583e-02      -1.297985886521e-01      -4.065308598226e+03      -4.107989572063e+03      -1.243560189847e-01      -4.097423598427e+03       9.941167729128e-02       9.941167729128e-02       8.215979144127e+03       1.841131894385e+00       1.677343368208e-01      -2.958125216077e-08      -9.205674108612e-01      -3.296602505265e-04      -9.205659471927e-01      -1.204319546880e-03 
       8.334726604670e-02      -1.277857933713e-01      -4.096238895203e+03      -4.140755819488e+03      -1.224276121911e-01      -4.129870537501e+03       9.787098798185e-02       9.787098798185e-02       8.281511638975e+03       1.855719349141e+00       1.651350603824e-01      -2.884414332006e-08      -9.278611155343e-01      -3.429389053376e-04      -9.278596745703e-01      -1.215537263496e-03 
       8.433154507717e-02      -1.257753733802e-01      -4.126239542948e+03      -4.172683153880e+03      -1.205015663787e-01      -4.161465091805e+03       9.633107197188e-02       9.633107197188e-02       8.345366307760e+03       1.869914327456e+00       1.625367402819e-01      -2.876286140234e-08      -9.349585819843e-01      -3.566988313727e-04      -9.349571637281e-01      -1.226584904847e-03 
       8.532635868907e-02      -1.237638734242e-01      -4.155370765291e+03      -4.203820059528e+03      -1.185741702998e-01      -4.192257545223e+03       9.479419869705e-02       9.479419869705e-02       8.407640119055e+03       1.883785935319e+00       1.599448432026e-01      -2.798594914477e-08      -9.418943633074e-01      -3.708365744105e-04      -9.418929676597e-01      -1.237489555088e-03 
       8.633185513081e-02      -1.217705868653e-01      -4.183821054193e+03      -4.234339101691e+03      -1.166647140011e-01      -4.222422803319e+03       9.326524247404e-02       9.326524247404e-02       8.468678203381e+03       1.897318225029e+00       1.573642952669e-01      -2.758698760742e-08      -9.486604855860e-01      -3.852236159458e-04      -9.486591125144e-01      -1.248220806747e-03 
       8.734818393131e-02      -1.197806279651e-01      -4.211592711764e+03      -4.264229682146e+03      -1.147579689985e-01      -4.251952305552e+03       9.174468217147e-02       9.174468217147e-02       8.528459364293e+03       1.910622803329e+00       1.547998613330e-01      -2.722035688276e-08      -9.553127523655e-01      -3.998034477401e-04      -9.553114016643e-01      -1.258839790175e-03 
       8.837549592326e-02      -1.178129410518e-01      -4.238917080124e+03      -4.293703742728e+03      -1.128728428284e-01      -4.281060843741e+03       9.023768710460e-02       9.023768710460e-02       8.587407485456e+03       1.923703728172e+00       1.522571531480e-01      -2.687641147075e-08      -9.618531925697e-01      -4.143840179821e-04      -9.618518640858e-01      -1.269318951185e-03 
       8.941394326581e-02      -1.158707024587e-01      -4.265941581318e+03      -4.322891709900e+03      -1.110123295717e-01      -4.309881393022e+03       8.874728400222e-02       8.874728400222e-02       8.645783419801e+03       1.936624372904e+00       1.497414756494e-01      -2.649775072641e-08      -9.683134929248e-01      -4.289080042479e-04      -9.683121864518e-01      -1.279689043020e-03 
       9.046367946662e-02      -1.139504054690e-01      -4.292802301733e+03      -4.351907910446e+03      -1.091726512075e-01      -4.338531591773e+03       8.727593560924e-02       8.727593560924e-02       8.703815820892e+03       1.949491574260e+00       1.472586988323e-01      -2.652519236948e-08      -9.747470719057e-01      -4.431866003210e-04      -9.747457871300e-01      -1.289987126444e-03 
       9.152485940339e-02      -1.120549068892e-01      -4.319691833494e+03      -4.380925216583e+03      -1.073564505498e-01      -4.367187249146e+03       8.582699777849e-02       8.582699777849e-02       8.761850433167e+03       1.962398999971e+00       1.448148736994e-01      -2.556175287539e-08      -9.812007634426e-01      -4.570343343129e-04      -9.811994999854e-01      -1.300242450662e-03 
       9.259763934485e-02      -1.102015710854e-01      -4.346851501425e+03      -4.410163215303e+03      -1.055811214884e-01      -4.396071162264e+03       8.440440799854e-02       8.440440799854e-02       8.820326430607e+03       1.975342844163e+00       1.424135267556e-01      -2.671286930436e-08      -9.876726645293e-01      -4.704554952762e-04      -9.876714220816e-01      -1.310453881775e-03 
       9.368217697132e-02      -1.083774196029e-01      -4.374471756119e+03      -4.439787420215e+03      -1.038332170626e-01      -4.425352608082e+03       8.301072008392e-02       8.301072008392e-02       8.879574840430e+03       1.988540023255e+00       1.400631273703e-01      -2.478116016530e-08      -9.942712335840e-01      -4.830938406460e-04      -9.942700116277e-01      -1.320700502590e-03 
       9.477863139475e-02      -1.066004872040e-01      -4.402782966711e+03      -4.470008972945e+03      -1.021308839635e-01      -4.455245551725e+03       8.164903054843e-02       8.164903054843e-02       8.940017945889e+03       2.001964262955e+00       1.377653318987e-01      -2.440121507904e-08      -1.000983333359e+00      -4.950250099678e-04      -1.000982131478e+00      -1.330978350013e-03 
       9.588716317841e-02      -1.048678962183e-01      -4.432027422999e+03      -4.501044552798e+03      -1.004709515555e-01      -4.485970493855e+03       8.032222404515e-02       8.032222404515e-02       9.002089105596e+03       2.015773190335e+00       1.355267023061e-01      -2.402914028112e-08      -1.007887777504e+00      -5.059637351855e-04      -1.007886595168e+00      -1.341341105128e-03 
       9.700793435611e-02      -1.031838795720e-01      -4.462424400561e+03      -4.533091686500e+03      -9.885755820370e-02      -4.517728193568e+03       7.903252127758e-02       7.903252127758e-02       9.066183373000e+03       2.030045122628e+00       1.333506454087e-01      -2.365607845581e-08      -1.015023724654e+00      -5.157973746818e-04      -1.015022561314e+00      -1.351820079239e-03 
       9.814110845115e-02      -1.015526381107e-01      -4.494229051701e+03      -4.566384211728e+03      -9.729478124289e-02      -4.550755618664e+03       7.778249054479e-02       7.778249054479e-02       9.132768423457e+03       2.044878176842e+00       1.312412784710e-01      -2.346909105745e-08      -1.022440233342e+00      -5.244023947319e-04      -1.022439088421e+00      -1.362457275045e-03 
       9.928685049485e-02      -9.997503557670e-02      -4.527657957622e+03      -4.601118244959e+03      -9.578336934297e-02      -4.585251917611e+03       7.657375902171e-02       7.657375902171e-02       9.202236489917e+03       2.060373697104e+00       1.292016686758e-01      -2.324614911852e-08      -1.030187975669e+00      -5.316961730787e-04      -1.030186848552e+00      -1.373303221891e-03 
       1.004453270449e-01      -9.845189442817e-02      -4.562925679235e+03      -4.637489306942e+03      -9.432404905041e-02      -4.621415419430e+03       7.540771532230e-02       7.540771532230e-02       9.274978613883e+03       2.076631371681e+00       1.272344116148e-01      -2.268847925912e-08      -1.038316795798e+00      -5.374783904920e-04      -1.038315685841e+00      -1.384388714000e-03 
       1.016167062032e-01      -9.698750964241e-02      -4.600247637145e+03      -4.675696818103e+03      -9.292110397558e-02      -4.659447872199e+03       7.428557220645e-02       7.428557220645e-02       9.351393636207e+03       2.093714120813e+00       1.253408619055e-01      -2.257956515342e-08      -1.046858153840e+00      -5.417474302325e-04      -1.046857060407e+00      -1.395752994247e-03 
       1.028011576338e-01      -9.557923262362e-02      -4.639817396252e+03      -4.715919649888e+03      -9.157177532059e-02      -4.699530288258e+03       7.320802437780e-02       7.320802437780e-02       9.431839299777e+03       2.111740433269e+00       1.235230986548e-01      -2.191569354697e-08      -1.055871294227e+00      -5.444271505411e-04      -1.055870216635e+00      -1.407458261570e-03 
       1.039988525803e-01      -9.423102662353e-02      -4.681776763801e+03      -4.758289981632e+03      -9.028012342214e-02      -4.741796235926e+03       7.217487490699e-02       7.217487490699e-02       9.516579963263e+03       2.130725694153e+00       1.217797129205e-01      -2.155000410468e-08      -1.065363909461e+00      -5.454174503968e-04      -1.065362847076e+00      -1.419498338683e-03 
       1.052099638834e-01      -9.294029634834e-02      -4.726270439083e+03      -4.802944166422e+03      -8.904351850847e-02      -4.786383251929e+03       7.118589897219e-02       7.118589897219e-02       9.605888332843e+03       2.150755829000e+00       1.201109125021e-01      -2.133240811497e-08      -1.075378962334e+00      -5.447548293787e-04      -1.075377914500e+00      -1.431932851882e-03 
       1.064346659978e-01      -9.170460185664e-02      -4.773416154489e+03      -4.849996838564e+03      -8.785952298159e-02      -4.833406349733e+03       7.024046063126e-02       7.024046063126e-02       9.699993677129e+03       2.171901166926e+00       1.185160349151e-01      -2.099534072359e-08      -1.085951617409e+00      -5.423761634819e-04      -1.085950583463e+00      -1.444795898498e-03 
       1.076731350094e-01      -9.052729641342e-02      -4.823279794292e+03      -4.899514009837e+03      -8.673167243973e-02      -4.882931459119e+03       6.933717661656e-02       6.933717661656e-02       9.799028019674e+03       2.194132209598e+00       1.169914297252e-01      -2.071054221560e-08      -1.097067125445e+00      -5.385202706561e-04      -1.097066104799e+00      -1.458106445635e-03 
       1.089255486525e-01      -8.939881623246e-02      -4.875823866116e+03      -4.951467876710e+03      -8.565042583050e-02      -4.934929279869e+03       6.847336443439e-02       6.847336443439e-02       9.902935753420e+03       2.217505918400e+00       1.155341172086e-01      -2.042727633566e-08      -1.108753967158e+00      -5.329803751218e-04      -1.108752959200e+00      -1.471867771960e-03 
       1.101920863262e-01      -8.832156650866e-02      -4.931102363759e+03      -5.005915919970e+03      -8.461835079969e-02      -4.989456690942e+03       6.764764632546e-02       6.764764632546e-02       1.001183183994e+04       2.241998333779e+00       1.141406999355e-01      -2.027276042561e-08      -1.121000162707e+00      -5.260099042700e-04      -1.120999166890e+00      -1.486104637347e-03 
       1.114729291118e-01      -8.728657161226e-02      -4.988957947826e+03      -5.062723255685e+03      -8.362660976358e-02      -5.046375405981e+03       6.685609056807e-02       6.685609056807e-02       1.012544651137e+04       2.267594483442e+00       1.128055238588e-01      -1.988048716769e-08      -1.133798225927e+00      -5.177226063550e-04      -1.133797241721e+00      -1.500825492616e-03 
       1.127682597891e-01      -8.629740956160e-02      -5.049357120412e+03      -5.121873268337e+03      -8.267902728952e-02      -5.105666171985e+03       6.609656770139e-02       6.609656770139e-02       1.024374653667e+04       2.294205783465e+00       1.115233739157e-01      -1.957110281438e-08      -1.147103864757e+00      -5.083372725622e-04      -1.147102891732e+00      -1.516009320745e-03 
       1.140782628537e-01      -8.534190649679e-02      -5.112059383370e+03      -5.183152576382e+03      -8.176355075498e-02      -5.167111546337e+03       6.536455113271e-02       6.536455113271e-02       1.036630515276e+04       2.321813510461e+00       1.102882100766e-01      -1.960087566825e-08      -1.160907717503e+00      -4.979687758738e-04      -1.160906755230e+00      -1.531662416523e-03 
       1.154031245340e-01      -8.441572733712e-02      -5.176817564019e+03      -5.246344953293e+03      -8.087610159576e-02      -5.230490642163e+03       6.465580684851e-02       6.465580684851e-02       1.049268990659e+04       2.350304262577e+00       1.090925839559e-01      -1.913341732425e-08      -1.175153083164e+00      -4.869061930463e-04      -1.175152131289e+00      -1.547759388756e-03 
       1.167430328075e-01      -8.351613813126e-02      -5.243386753512e+03      -5.311240969095e+03      -8.001420455621e-02      -5.295588650474e+03       6.396649297464e-02       6.396649297464e-02       1.062248193819e+04       2.379551167469e+00       1.079294306198e-01      -1.889721845946e-08      -1.189776525485e+00      -4.754055821148e-04      -1.189775583734e+00      -1.564260771850e-03 
       1.180981774189e-01      -8.263737836571e-02      -5.311447529819e+03      -5.377560914703e+03      -7.917233873730e-02      -5.362119883788e+03       6.329222636485e-02       6.329222636485e-02       1.075512182941e+04       2.409425150361e+00       1.067913640009e-01      -1.867022960721e-08      -1.204713507015e+00      -4.637206390142e-04      -1.204712575181e+00      -1.581125729038e-03 
       1.194687498966e-01      -8.177090719040e-02      -5.380564490581e+03      -5.444913292532e+03      -7.834222355025e-02      -5.429686312267e+03       6.262768498856e-02       6.262768498856e-02       1.088982658506e+04       2.439769256044e+00       1.056698101855e-01      -1.981054241639e-08      -1.219885550086e+00      -4.521830657256e-04      -1.219884628022e+00      -1.598308073051e-03 
       1.208549435706e-01      -8.090976163026e-02      -5.450335390047e+03      -5.512942462861e+03      -7.751711814627e-02      -5.497925306265e+03       6.196839380326e-02       6.196839380326e-02       1.102588492572e+04       2.470437155372e+00       1.045575043013e-01      -1.821598397265e-08      -1.235219490071e+00      -4.410645977130e-04      -1.235218577686e+00      -1.615759091554e-03 
       1.222569535902e-01      -8.005004134666e-02      -5.520305611197e+03      -5.581242591155e+03      -7.669342103254e-02      -5.566423745519e+03       6.130972513402e-02       6.130972513402e-02       1.116248518231e+04       2.501212673077e+00       1.034460913718e-01      -1.799474638679e-08      -1.250607239245e+00      -4.307701185615e-04      -1.250606336538e+00      -1.633406862366e-03 
       1.236749769417e-01      -7.918528717435e-02      -5.589990624175e+03      -5.649379260372e+03      -7.586490982774e-02      -5.634739745676e+03       6.064715470644e-02       6.064715470644e-02       1.129875852074e+04       2.531905031768e+00       1.023280784441e-01      -1.777606235485e-08      -1.265953408852e+00      -4.215751465277e-04      -1.265952515884e+00      -1.651175316640e-03 
       1.251092124670e-01      -7.830973712814e-02      -5.658888979846e+03      -5.716901392333e+03      -7.502605339715e-02      -5.702414736168e+03       5.997640956152e-02       5.997640956152e-02       1.143380278467e+04       2.562310984520e+00       1.011963023840e-01      -1.755677421998e-08      -1.281156375368e+00      -4.137965539239e-04      -1.281155492260e+00      -1.668987012209e-03 
       1.265598608818e-01      -7.741851905487e-02      -5.726499490493e+03      -5.783355231026e+03      -7.417219661993e-02      -5.768987932919e+03       5.929361142562e-02       5.929361142562e-02       1.156671046205e+04       2.592220558560e+00       1.000441704248e-01      -1.734454871289e-08      -1.296111152345e+00      -4.077892140643e-04      -1.296110279280e+00      -1.686766220010e-03 
       1.280271247951e-01      -7.650688532347e-02      -5.792318632046e+03      -5.848285594506e+03      -7.329878021773e-02      -5.833996984525e+03       5.859525650610e-02       5.859525650610e-02       1.169657118901e+04       2.621428607141e+00       9.886581480103e-02      -1.712487600999e-08      -1.310715166362e+00      -4.037978907795e-04      -1.310714303571e+00      -1.704423066977e-03 
       1.295112087282e-01      -7.557116497132e-02      -5.855880637605e+03      -5.911267928610e+03      -7.240228797985e-02      -5.897011258551e+03       5.787852941397e-02       5.787852941397e-02       1.182253585722e+04       2.649741804151e+00       9.765648378760e-02      -1.690605609884e-08      -1.324871754320e+00      -4.020650355568e-04      -1.324870902076e+00      -1.721874541872e-03 
       1.310123191347e-01      -7.460850215415e-02      -5.916745574651e+03      -5.971899666037e+03      -7.147999161707e-02      -5.957622693758e+03       5.714114908146e-02       5.714114908146e-02       1.194379933207e+04       2.676974698887e+00       9.641229732146e-02      -1.667878329445e-08      -1.338488190833e+00      -4.028564047710e-04      -1.338487349443e+00      -1.739046337252e-03 
       1.325306644210e-01      -7.361657161918e-02      -5.974515716504e+03      -6.029814839458e+03      -7.052965239760e-02      -6.015460675356e+03       5.638146882885e-02       5.638146882885e-02       1.205962967892e+04       2.702963870336e+00       9.513052172630e-02      -1.646472694155e-08      -1.351482765372e+00      -4.062891373699e-04      -1.351481935168e+00      -1.755854540090e-03 
       1.340664549670e-01      -7.259461823073e-02      -6.028880049542e+03      -6.084723795839e+03      -6.955055662341e-02      -6.070232465483e+03       5.559878679996e-02       5.559878679996e-02       1.216944759168e+04       2.727574993366e+00       9.380993171441e-02      -1.623652717102e-08      -1.363788315360e+00      -4.124520763243e-04      -1.363787496683e+00      -1.772229037943e-03 
       1.356199031477e-01      -7.154308629671e-02      -6.079588046488e+03      -6.136390672151e+03      -6.854316229325e-02      -6.121700118076e+03       5.479304462371e-02       5.479304462371e-02       1.227278134430e+04       2.750691449819e+00       9.245029604400e-02      -1.591683509921e-08      -1.375346531710e+00      -4.214691140217e-04      -1.375345724909e+00      -1.788116270919e-03 
       1.371912233555e-01      -7.046143490080e-02      -6.126513964621e+03      -6.184691414207e+03      -6.750683234243e-02      -6.169739430046e+03       5.396527674106e-02       5.396527674106e-02       1.236938282841e+04       2.772292806200e+00       9.105384286329e-02      -1.577744691687e-08      -1.386147197712e+00      -4.331314737279e-04      -1.386146403100e+00      -1.803470709780e-03 
       1.387806320229e-01      -6.935373351581e-02      -6.169575928466e+03      -6.229538494692e+03      -6.644560886109e-02      -6.214263844592e+03       5.311683742183e-02       5.311683742183e-02       1.245907698938e+04       2.792297067839e+00       8.962227018941e-02      -1.561345115496e-08      -1.396149316025e+00      -4.475295271299e-04      -1.396148533919e+00      -1.818255154421e-03 
       1.403883476462e-01      -6.822181385639e-02      -6.208840935361e+03      -6.270977748007e+03      -6.536115979852e-02      -6.255322478897e+03       5.225018364919e-02       5.225018364919e-02       1.254195549601e+04       2.810752543172e+00       8.816007500142e-02      -1.529933263679e-08      -1.405377040919e+00      -4.642960249282e-04      -1.405376271586e+00      -1.832442182855e-03 
       1.420145908098e-01      -6.707050991128e-02      -6.244474578101e+03      -6.309145404315e+03      -6.425816780044e-02      -6.293056049814e+03       5.136838347826e-02       5.136838347826e-02       1.261829080863e+04       2.827706138927e+00       8.667222274811e-02      -1.509012103709e-08      -1.413853825795e+00      -4.833741865018e-04      -1.413853069464e+00      -1.846052144374e-03 
       1.436595842114e-01      -6.590404538822e-02      -6.276813967325e+03      -6.344334786406e+03      -6.314060314790e-02      -6.327764485734e+03       5.047558245200e-02       5.047558245200e-02       1.268866957281e+04       2.843317006247e+00       8.516601194516e-02      -1.483122706790e-08      -1.421659246299e+00      -5.041479781245e-04      -1.421658503124e+00      -1.859088129072e-03 
       1.453235526881e-01      -6.472907973422e-02      -6.306241433241e+03      -6.376874262082e+03      -6.201492571401e-02      -6.359784326940e+03       4.957590118378e-02       4.957590118378e-02       1.275374852416e+04       2.857710115490e+00       8.364806885101e-02      -1.459452458735e-08      -1.428855787657e+00      -5.264030068275e-04      -1.428855057745e+00      -1.871594445081e-03 
       1.470067232437e-01      -6.355157786894e-02      -6.333276621276e+03      -6.407218751835e+03      -6.088683112117e-02      -6.389580238368e+03       4.867412757989e-02       4.867412757989e-02       1.281443750367e+04       2.871099874859e+00       8.212654537261e-02      -1.430611418224e-08      -1.435550654045e+00      -5.496946309383e-04      -1.435549937429e+00      -1.883635543670e-03 
       1.487093250766e-01      -6.237678886884e-02      -6.358566450673e+03      -6.435941886663e+03      -5.976124352933e-02      -6.417736829954e+03       4.777555464142e-02       4.777555464142e-02       1.287188377333e+04       2.883785919130e+00       8.061079647213e-02      -1.410970226441e-08      -1.441893662947e+00      -5.733477980017e-04      -1.441892959565e+00      -1.895292917350e-03 
       1.504315896089e-01      -6.121580892400e-02      -6.382871352634e+03      -6.463723215052e+03      -5.864902640079e-02      -6.444945722915e+03       4.688580935206e-02       4.688580935206e-02       1.292744643010e+04       2.895995483897e+00       7.910936025132e-02      -1.387561185479e-08      -1.447998432204e+00      -5.969280444393e-04      -1.447997741949e+00      -1.906640533844e-03 
       1.521737505165e-01      -6.006935502277e-02      -6.406879932979e+03      -6.491165720061e+03      -5.755053682663e-02      -6.471822789790e+03       4.600948796122e-02       4.600948796122e-02       1.298233144012e+04       2.908125882302e+00       7.763133993618e-02      -1.365364532901e-08      -1.454063618511e+00      -6.198077543182e-04      -1.454062941151e+00      -1.917828385578e-03 
       1.539360437612e-01      -5.895265883271e-02      -6.431611243715e+03      -6.519198318472e+03      -5.648079057784e-02      -6.499310241328e+03       4.515302676015e-02       4.515302676015e-02       1.303839663694e+04       2.920440624462e+00       7.618585416653e-02      -1.340489883803e-08      -1.460220976949e+00      -6.413069893592e-04      -1.460220312231e+00      -1.928915108260e-03 
       1.557187076226e-01      -5.786435866714e-02      -6.457805868193e+03      -6.548477080162e+03      -5.543807397780e-02      -6.528076811683e+03       4.432042477643e-02       4.432042477643e-02       1.309695416032e+04       2.933396508806e+00       7.478132941654e-02      -1.317748809800e-08      -1.466698906862e+00      -6.610852346140e-04      -1.466698254403e+00      -1.940132626837e-03 
       1.575219827324e-01      -5.681608353237e-02      -6.486443360059e+03      -6.579894428243e+03      -5.443383162886e-02      -6.559027779176e+03       4.351684202444e-02       4.351684202444e-02       1.315978885649e+04       2.947281775249e+00       7.342522456448e-02      -1.294973304441e-08      -1.473641528232e+00      -6.784717703151e-04      -1.473640887624e+00      -1.951556162507e-03 
       1.593461121101e-01      -5.580899692893e-02      -6.518302269172e+03      -6.614152448783e+03      -5.346897343874e-02      -6.592876587137e+03       4.274568163830e-02       4.274568163830e-02       1.322830489757e+04       2.962497690755e+00       7.212411840160e-02      -1.273213970677e-08      -1.481249474627e+00      -6.929313262703e-04      -1.481248845378e+00      -1.963352804962e-03 
       1.611913411993e-01      -5.484839299275e-02      -6.554148115818e+03      -6.651947857437e+03      -5.254865804180e-02      -6.630330109999e+03       4.200993147412e-02       4.200993147412e-02       1.330389571487e+04       2.979327141056e+00       7.088269698161e-02      -1.251967816220e-08      -1.489664188940e+00      -7.042093435658e-04      -1.489663570528e+00      -1.975659708645e-03 
       1.630579179063e-01      -5.393669410931e-02      -6.594643544088e+03      -6.693888358607e+03      -5.167518794689e-02      -6.672004115284e+03       4.131167068577e-02       4.131167068577e-02       1.338777671721e+04       2.998054371316e+00       6.970454298507e-02      -1.231919249867e-08      -1.499027793789e+00      -7.119399873698e-04      -1.499027185658e+00      -1.988597265782e-03 
       1.649460926397e-01      -5.307559823647e-02      -6.640338383419e+03      -6.740485144223e+03      -5.085019760782e-02      -6.718415386900e+03       4.065210383613e-02       4.065210383613e-02       1.348097028845e+04       3.018908220255e+00       6.859165692437e-02      -1.211963477383e-08      -1.509454708550e+00      -7.158270790272e-04      -1.509454110128e+00      -2.002262204123e-03 
       1.668561183526e-01      -5.226380001804e-02      -6.691541877830e+03      -6.792027087161e+03      -5.007238224947e-02      -6.769855727846e+03       4.003090241233e-02       4.003090241233e-02       1.358405417432e+04       3.042044356224e+00       6.754370796763e-02      -1.192639778173e-08      -1.521022767402e+00      -7.158825885075e-04      -1.521022178112e+00      -2.016753858486e-03 
       1.687882505850e-01      -5.150257213743e-02      -6.748528464522e+03      -6.848792466566e+03      -4.934308037291e-02      -6.826602552086e+03       3.944758644788e-02       3.944758644788e-02       1.369758493313e+04       3.067534175845e+00       6.655940155670e-02      -1.174507584884e-08      -1.533767668629e+00      -7.124827462624e-04      -1.533767087923e+00      -2.032176026933e-03 
       1.707427475096e-01      -5.078677584269e-02      -6.811182481254e+03      -6.910684419700e+03      -4.865726551076e-02      -6.888556133521e+03       3.889949011753e-02       3.889949011753e-02       1.382136883940e+04       3.095379574568e+00       6.563466265805e-02      -1.157332373636e-08      -1.547690359934e+00      -7.054271765128e-04      -1.547689787284e+00      -2.048498453110e-03 
       1.727198699783e-01      -5.011219506513e-02      -6.879223429610e+03      -6.977468199417e+03      -4.801090582358e-02      -6.955474755293e+03       3.838330895870e-02       3.838330895870e-02       1.395493639883e+04       3.125470155500e+00       6.476389030652e-02      -1.143978218653e-08      -1.562735642820e+00      -6.953310797946e-04      -1.562735077750e+00      -2.065748634789e-03 
       1.747198815714e-01      -4.947555687072e-02      -6.952232039478e+03      -7.048791137336e+03      -4.740096787529e-02      -7.026995613254e+03       3.789529406709e-02       3.789529406709e-02       1.409758227467e+04       3.157593819768e+00       6.394034505267e-02      -1.123397960582e-08      -1.578797467778e+00      -6.827940808997e-04      -1.578796909884e+00      -2.083887920227e-03 
       1.767430486482e-01      -4.887038101776e-02      -7.029514615015e+03      -7.124046523466e+03      -4.682123450807e-02      -7.102498897588e+03       3.743059507136e-02       3.743059507136e-02       1.424809304693e+04       3.191473741167e+00       6.315588044344e-02      -1.108468101494e-08      -1.595737421635e+00      -6.683636377850e-04      -1.595736870583e+00      -2.102829310628e-03 
       1.787896404004e-01      -4.828699260328e-02      -7.110108786947e+03      -7.202375020469e+03      -4.626230618671e-02      -7.181109885469e+03       3.698342354176e-02       3.698342354176e-02       1.440475004094e+04       3.226783561748e+00       6.240126950328e-02      -1.093525442436e-08      -1.613392325353e+00      -6.526690392169e-04      -1.613391780874e+00      -2.122467108945e-03 
       1.808599289070e-01      -4.771934391237e-02      -7.193037673445e+03      -7.282921914473e+03      -4.571844584993e-02      -7.261955466642e+03       3.654846233344e-02       3.654846233344e-02       1.456584382895e+04       3.263103524006e+00       6.166731220792e-02      -1.078754950492e-08      -1.631552300091e+00      -6.367795299041e-04      -1.631551762003e+00      -2.142706626192e-03 
       1.829541891925e-01      -4.716110872310e-02      -7.277467478734e+03      -7.364968863939e+03      -4.518354085511e-02      -7.344299829937e+03       3.612151241518e-02       3.612151241518e-02       1.472993772788e+04       3.300132074110e+00       6.094713865575e-02      -1.064762043164e-08      -1.650066568880e+00      -6.213012771421e-04      -1.650066037055e+00      -2.163454298345e-03 
       1.850726992858e-01      -4.660652083552e-02      -7.361934328941e+03      -7.447191643478e+03      -4.465225956842e-02      -7.426798047402e+03       3.569580136875e-02       3.569580136875e-02       1.489438328696e+04       3.337160432666e+00       6.022853691891e-02      -1.050285197172e-08      -1.668580741891e+00      -6.073179504188e-04      -1.668580216333e+00      -2.184436759422e-03 
       1.872157402839e-01      -4.604337071286e-02      -7.444837024387e+03      -7.528122094465e+03      -4.411270113529e-02      -7.507962431027e+03       3.526449066394e-02       3.526449066394e-02       1.505624418893e+04       3.373631865453e+00       5.950080515077e-02      -1.035687416707e-08      -1.686816451945e+00      -5.955693478742e-04      -1.686815932727e+00      -2.205421631358e-03 
       1.893835964156e-01      -4.546689435542e-02      -7.524880091590e+03      -7.606587403881e+03      -4.356039966044e-02      -7.586601992844e+03       3.482273048109e-02       3.482273048109e-02       1.521317480776e+04       3.408957053532e+00       5.875536018596e-02      -1.022137448414e-08      -1.704479039486e+00      -5.869062132511e-04      -1.704478526766e+00      -2.226173767367e-03 
       1.915765551102e-01      -4.487095229650e-02      -7.600797840663e+03      -7.681429777254e+03      -4.298944110858e-02      -7.661543069311e+03       3.436622015448e-02       3.436622015448e-02       1.536285955451e+04       3.442627414726e+00       5.798507920196e-02      -1.007977557063e-08      -1.721314213366e+00      -5.819619278704e-04      -1.721313707363e+00      -2.246474230258e-03 
       1.937949070674e-01      -4.425191568208e-02      -7.671563401075e+03      -7.751709628879e+03      -4.239635859604e-02      -7.731833240007e+03       3.389206254464e-02       3.389206254464e-02       1.550341925776e+04       3.474209589794e+00       5.718503464083e-02      -9.936607023674e-09      -1.737105293922e+00      -5.812109364434e-04      -1.737104794897e+00      -2.266126305961e-03 
       1.960389463306e-01      -4.360694132497e-02      -7.736288662706e+03      -7.816599006602e+03      -4.177842024215e-02      -7.796635876283e+03       3.339817784794e-02       3.339817784794e-02       1.563319801320e+04       3.503332743094e+00       5.635174986554e-02      -9.792219248218e-09      -1.751666863302e+00      -5.849542564526e-04      -1.751666371547e+00      -2.284945144954e-03 
       1.983089703634e-01      -4.293628416732e-02      -7.794519825054e+03      -7.875674322821e+03      -4.113589506372e-02      -7.855523040303e+03       3.288445337906e-02       3.288445337906e-02       1.575134864564e+04       3.529789033176e+00       5.548493225128e-02      -9.642921494895e-09      -1.764895000776e+00      -5.932653100512e-04      -1.764894516588e+00      -2.302812185726e-03 
       2.006052801287e-01      -4.224057663695e-02      -7.846045671210e+03      -7.928719528301e+03      -4.046935933427e-02      -7.908279645167e+03       3.235173210974e-02       3.235173210974e-02       1.585743905660e+04       3.553500312423e+00       5.458612367319e-02      -9.490684024111e-09      -1.776750632553e+00      -6.059961740800e-04      -1.776750156212e+00      -2.319655261439e-03 
       2.029281801717e-01      -4.152374548623e-02      -7.891174296020e+03      -7.976003949675e+03      -3.978259116517e-02      -7.955180857179e+03       3.180281594684e-02       3.180281594684e-02       1.595200789935e+04       3.574579742245e+00       5.365998341709e-02      -9.338772434981e-09      -1.787290339376e+00      -6.227990277150e-04      -1.787289871122e+00      -2.335490562631e-03 
       2.052779787053e-01      -4.079039754974e-02      -7.930468939791e+03      -8.018015797298e+03      -3.908000575226e-02      -7.996726219524e+03       3.124120248723e-02       3.124120248723e-02       1.603603159460e+04       3.593250039714e+00       5.271240287777e-02      -9.185303017058e-09      -1.796625479834e+00      -6.430286905292e-04      -1.796625019857e+00      -2.350356151322e-03 
       2.076549876996e-01      -4.004647126274e-02      -7.964897363240e+03      -8.055616296227e+03      -3.836728023913e-02      -8.033792891016e+03       3.067157916799e-02       3.067157916799e-02       1.611123259245e+04       3.609913142316e+00       5.175133764347e-02      -9.028984495189e-09      -1.804957022740e+00      -6.659817950173e-04      -1.804956571158e+00      -2.364393132645e-03 
       2.100595229749e-01      -3.929887425533e-02      -7.995677469624e+03      -8.089887735585e+03      -3.765104198399e-02      -8.067483456719e+03       3.009910439419e-02       3.009910439419e-02       1.617977547117e+04       3.625057214768e+00       5.078544768473e-02      -8.873998457509e-09      -1.812529050528e+00      -6.904536164397e-04      -1.812528607384e+00      -2.377717813406e-03 
       2.124919042982e-01      -3.855447272945e-02      -8.024213608590e+03      -8.122076851009e+03      -3.693786139515e-02      -8.099068251207e+03       2.952912106764e-02       2.952912106764e-02       1.624415370202e+04       3.639257959670e+00       4.982377620305e-02      -8.719846809341e-09      -1.819629414579e+00      -7.154981348319e-04      -1.819628979835e+00      -2.390541964928e-03 
       2.149524554836e-01      -3.782100588705e-02      -8.052175195215e+03      -8.153689878436e+03      -3.623516164497e-02      -8.130077740130e+03       2.896744001567e-02       2.896744001567e-02       1.630737975687e+04       3.653196221152e+00       4.887608905997e-02      -8.565411608652e-09      -1.826598537042e+00      -7.401151457346e-04      -1.826598110576e+00      -2.403134632093e-03 
       2.174415044964e-01      -3.710414810843e-02      -8.081000998032e+03      -8.185985192567e+03      -3.554837023474e-02      -8.161797466151e+03       2.841850090888e-02       2.841850090888e-02       1.637197038513e+04       3.667455261867e+00       4.794990872139e-02      -8.413740947963e-09      -1.833728049310e+00      -7.628199526224e-04      -1.833727630933e+00      -2.415627682636e-03 
       2.199593835622e-01      -3.641043836265e-02      -8.112404118490e+03      -8.220518894692e+03      -3.488374971826e-02      -8.195806742452e+03       2.788733157511e-02       2.788733157511e-02       1.644103778938e+04       3.682746100693e+00       4.705372520447e-02      -8.263348383134e-09      -1.841373460898e+00      -7.828352529790e-04      -1.841373050347e+00      -2.428344099472e-03 
       2.225064292787e-01      -3.574536694908e-02      -8.147948063442e+03      -8.258705163441e+03      -3.424657020286e-02      -8.233541887063e+03       2.737800577417e-02       2.737800577417e-02       1.651741032688e+04       3.699705823981e+00       4.619436850199e-02      -8.119886303334e-09      -1.849853315039e+00      -7.992286986439e-04      -1.849852911991e+00      -2.441536184477e-03 
       2.250829827337e-01      -3.511160667925e-02      -8.188686410860e+03      -8.301472526251e+03      -3.363938953820e-02      -8.275950207750e+03       2.689259954585e-02       2.689259954585e-02       1.660294505250e+04       3.718761614425e+00       4.537535123114e-02      -7.981820562008e-09      -1.859381203112e+00      -8.111602210529e-04      -1.859380807212e+00      -2.455339404597e-03 
       2.276893896260e-01      -3.451238475918e-02      -8.235882909071e+03      -8.350010717367e+03      -3.306528593860e-02      -8.324231952953e+03       2.643375291190e-02       2.643375291190e-02       1.670002143473e+04       3.740464103787e+00       4.460118388184e-02      -7.844400358916e-09      -1.870232441038e+00      -8.183541661537e-04      -1.870232051893e+00      -2.470055119670e-03 
       2.303260003924e-01      -3.394822255187e-02      -8.290201942306e+03      -8.404944061010e+03      -3.252474497372e-02      -8.379017156081e+03       2.600203802373e-02       2.600203802373e-02       1.680988812202e+04       3.765109083821e+00       4.387288936452e-02      -7.714462260334e-09      -1.882554924706e+00      -8.205974612234e-04      -1.882554541910e+00      -2.485834988320e-03 
       2.329931703385e-01      -3.341976036438e-02      -8.351881786068e+03      -8.466515441698e+03      -3.201847927135e-02      -8.440547749352e+03       2.559673005627e-02       2.559673005627e-02       1.693303088340e+04       3.792719251090e+00       4.318883987213e-02      -7.592318734325e-09      -1.896360002370e+00      -8.181516070633e-04      -1.896359625545e+00      -2.502734384470e-03 
       2.356912597752e-01      -3.292254104072e-02      -8.420744381875e+03      -8.534614014994e+03      -3.154208850572e-02      -8.508702429065e+03       2.521602506941e-02       2.521602506941e-02       1.706922802999e+04       3.823353936234e+00       4.254652760590e-02      -7.480130299916e-09      -1.911677339344e+00      -8.115258057669e-04      -1.911676968117e+00      -2.520870306033e-03 
       2.384206341604e-01      -3.245340059502e-02      -8.496052317918e+03      -8.608605248314e+03      -3.109260874366e-02      -8.582831090829e+03       2.485668118258e-02       2.485668118258e-02       1.721721049663e+04       3.856662653957e+00       4.194020978808e-02      -7.364994440796e-09      -1.928331692921e+00      -8.016667020686e-04      -1.928331326978e+00      -2.540172182043e-03 
       2.411816642459e-01      -3.200697787536e-02      -8.576584384910e+03      -8.687417243984e+03      -3.066491764594e-02      -8.661839378981e+03       2.451442941183e-02       2.451442941183e-02       1.737483448797e+04       3.892140069707e+00       4.136262903564e-02      -7.249171869105e-09      -1.946070395761e+00      -7.895584013566e-04      -1.946070034854e+00      -2.560478451652e-03 
       2.439747262300e-01      -3.157558419201e-02      -8.660586191759e+03      -8.769472501336e+03      -3.025160579826e-02      -8.744123474526e+03       2.418392805078e-02       2.418392805078e-02       1.753894500267e+04       3.929107401838e+00       4.080495428944e-02      -7.142123641123e-09      -1.964554056966e+00      -7.764524347883e-04      -1.964553700919e+00      -2.581560522218e-03 
       2.468002019165e-01      -3.115261513694e-02      -8.746140663173e+03      -8.853053679043e+03      -2.984636542304e-02      -8.827936260197e+03       2.385988830268e-02       2.385988830268e-02       1.770610735809e+04       3.966762006852e+00       4.025818490047e-02      -7.037956712215e-09      -1.983381354709e+00      -7.637710061451e-04      -1.983381003426e+00      -2.603139522758e-03 
       2.496584788785e-01      -3.073062001390e-02      -8.831180655138e+03      -8.936297751768e+03      -2.944201957030e-02      -8.911384382055e+03       2.353709058979e-02       2.353709058979e-02       1.787259550354e+04       4.004293315727e+00       3.971367595081e-02      -6.932521362462e-09      -2.002147004406e+00      -7.527526833746e-04      -2.002146657864e+00      -2.624902595447e-03 
       2.525499506303e-01      -3.030563977198e-02      -8.913758819539e+03      -9.017443423014e+03      -2.903489421889e-02      -8.992678959092e+03       2.321104812754e-02       2.321104812754e-02       1.803488684603e+04       4.040777438092e+00       3.916337237666e-02      -6.833071003214e-09      -2.020389060785e+00      -7.447296127059e-04      -2.020388719046e+00      -2.646480771687e-03 
       2.554750168040e-01      -2.987057662503e-02      -8.991988611913e+03      -9.094771111021e+03      -2.861806967447e-02      -9.070075785375e+03       2.287780120424e-02       2.287780120424e-02       1.818954222204e+04       4.075552605757e+00       3.860108467827e-02      -6.730724497573e-09      -2.037776639714e+00      -7.404886425828e-04      -2.037776302878e+00      -2.667583325434e-03 
       2.584340833344e-01      -2.942315893871e-02      -9.064571355810e+03      -9.167106167080e+03      -2.818940925414e-02      -9.142381823935e+03       2.253512723797e-02       2.253512723797e-02       1.833421233416e+04       4.108043043094e+00       3.802290186256e-02      -6.626534158248e-09      -2.054021853339e+00      -7.410292009938e-04      -2.054021521547e+00      -2.688006876161e-03 
       2.614275626498e-01      -2.896162399028e-02      -9.130504829910e+03      -9.233514421187e+03      -2.774722719170e-02      -9.208653087561e+03       2.218163743763e-02       2.218163743763e-02       1.846702884237e+04       4.137821282179e+00       3.742646778892e-02      -6.524111999642e-09      -2.068910967677e+00      -7.464861466023e-04      -2.068910641089e+00      -2.707505023338e-03 
       2.644558738710e-01      -2.848595011720e-02      -9.189357093566e+03      -9.293572482074e+03      -2.729150115244e-02      -9.268465239070e+03       2.181733136292e-02       2.181733136292e-02       1.858714496415e+04       4.164698138669e+00       3.681178716042e-02      -6.419414650560e-09      -2.082349390557e+00      -7.567418785501e-04      -2.082349069334e+00      -2.725940855615e-03 
       2.675194430176e-01      -2.799766288473e-02      -9.241249940186e+03      -9.347347322074e+03      -2.682369023937e-02      -9.321893803325e+03       2.144340193223e-02       2.144340193223e-02       1.869469464415e+04       4.188709974221e+00       3.618088103811e-02      -6.310968703613e-09      -2.094355302825e+00      -7.712944291736e-04      -2.094354987110e+00      -2.743258270591e-03 
       2.706187032217e-01      -2.749974519698e-02      -9.286837751907e+03      -9.395379705248e+03      -2.634665736898e-02      -9.369496892193e+03       2.106206228611e-02       2.106206228611e-02       1.879075941050e+04       4.210100924656e+00       3.553745997397e-02      -6.205077343247e-09      -2.105050772424e+00      -7.892403850259e-04      -2.105050462328e+00      -2.759468169265e-03 
       2.737540949511e-01      -2.699709778791e-02      -9.327639568296e+03      -9.439024923508e+03      -2.586508851475e-02      -9.412654258430e+03       2.067717001532e-02       2.067717001532e-02       1.887804984702e+04       4.229501142540e+00       3.488806765611e-02      -6.096704781946e-09      -2.114750875696e+00      -8.094528057300e-04      -2.114750571270e+00      -2.774787953192e-03 
       2.769260662395e-01      -2.649508538305e-02      -9.365417075852e+03      -9.479840271760e+03      -2.538413228638e-02      -9.452953855625e+03       2.029271253415e-02       2.029271253415e-02       1.895968054352e+04       4.247612309315e+00       3.423939176070e-02      -5.989910960012e-09      -2.123806453419e+00      -8.303539573408e-04      -2.123806154658e+00      -2.789409049354e-03 
       2.801350729270e-01      -2.599974579082e-02      -9.402455919581e+03      -9.519893347952e+03      -2.490956464852e-02      -9.492495606863e+03       1.991341165844e-02       1.991341165844e-02       1.903978669590e+04       4.265387937420e+00       3.359943192821e-02      -5.882751134551e-09      -2.132694261884e+00      -8.506317729549e-04      -2.132693968710e+00      -2.803722146615e-03 
       2.833815789091e-01      -2.551706335844e-02      -9.441124976076e+03      -9.561335827307e+03      -2.444712706007e-02      -9.533463300855e+03       1.954374130385e-02       1.954374130385e-02       1.912267165461e+04       4.283798004432e+00       3.297570062525e-02      -5.779233452892e-09      -2.141899289944e+00      -8.687766575625e-04      -2.141899002216e+00      -2.818097314917e-03 
       2.866660563954e-01      -2.505087769451e-02      -9.483563009879e+03      -9.606115730809e+03      -2.400044017571e-02      -9.577833104832e+03       1.918734912698e-02       1.918734912698e-02       1.921223146162e+04       4.303807248424e+00       3.237458800130e-02      -5.679803658142e-09      -2.151903906699e+00      -8.835279907060e-04      -2.151903624212e+00      -2.832940224423e-03 
       2.899889861791e-01      -2.460749195832e-02      -9.531682096406e+03      -9.655994365492e+03      -2.357569765143e-02      -9.627388366768e+03       1.884715154413e-02       1.884715154413e-02       1.931198873098e+04       4.326008481043e+00       3.180037847497e-02      -5.578611110736e-09      -2.163004517990e+00      -8.942585768549e-04      -2.163004240521e+00      -2.848523931978e-03 
       2.933508579160e-01      -2.418560153407e-02      -9.586420913613e+03      -9.711829260278e+03      -2.317149718886e-02      -9.682998561996e+03       1.852402595010e-02       1.852402595010e-02       1.942365852056e+04       4.350997116289e+00       3.125517741047e-02      -5.483550098017e-09      -2.175498830856e+00      -9.003939572438e-04      -2.175498558144e+00      -2.865130422353e-03 
       2.967521704153e-01      -2.378493097256e-02      -9.648125340504e+03      -9.773949202899e+03      -2.278757828695e-02      -9.744994855383e+03       1.821772176203e-02       1.821772176203e-02       1.954789840580e+04       4.378922103576e+00       3.073854876734e-02      -5.392005093095e-09      -2.189461319999e+00      -9.019802739431e-04      -2.189461051788e+00      -2.882860174335e-03 
       3.001934319413e-01      -2.340618056846e-02      -9.716562461606e+03      -9.842172197289e+03      -2.242475519471e-02      -9.813187420820e+03       1.792701406477e-02       1.792701406477e-02       1.968434439458e+04       4.409491893235e+00       3.024783915307e-02      -5.302703355713e-09      -2.204746210542e+00      -8.996643574268e-04      -2.204745946617e+00      -2.901632835884e-03 
       3.036751605276e-01      -2.304352081122e-02      -9.790570799653e+03      -9.915468155098e+03      -2.207729913320e-02      -9.886526487667e+03       1.764921658038e-02       1.764921658038e-02       1.983093631020e+04       4.442442800901e+00       2.977910820652e-02      -5.217126828352e-09      -2.221221660288e+00      -8.942864581245e-04      -2.221221400451e+00      -2.921414805654e-03 
       3.071978843033e-01      -2.269403288099e-02      -9.868755171386e+03      -9.992617308059e+03      -2.174246237966e-02      -9.963765866349e+03       1.738150233600e-02       1.738150233600e-02       1.998523461612e+04       4.477145539143e+00       2.932738891271e-02      -5.133904412345e-09      -2.238573025470e+00      -8.872166318677e-04      -2.238572769571e+00      -2.942027586626e-03 
       3.107621418325e-01      -2.235323831191e-02      -9.949199225183e+03      -1.007192078883e+04      -2.141595478489e-02      -1.004317410635e+04       1.712044378640e-02       1.712044378640e-02       2.014384157766e+04       4.512822297750e+00       2.888689871847e-02      -5.052976264789e-09      -2.256411400933e+00      -8.799222844059e-04      -2.256411148875e+00      -2.963214819047e-03 
       3.143684824675e-01      -2.201656278268e-02      -1.002977143519e+04      -1.015146728251e+04      -2.109339364208e-02      -1.012280708066e+04       1.686254807866e-02       1.686254807866e-02       2.030293456503e+04       4.548600779040e+00       2.845174759474e-02      -4.973403887628e-09      -2.274300637783e+00      -8.738651754347e-04      -2.274300389520e+00      -2.984660113427e-03 
       3.180174667161e-01      -2.167963470029e-02      -1.010825326774e+04      -1.022924466342e+04      -2.077059119668e-02      -1.020062211531e+04       1.660446740263e-02       1.660446740263e-02       2.045848932684e+04       4.583563201976e+00       2.801628685985e-02      -4.894625323658e-09      -2.291781845453e+00      -8.703671102158e-04      -2.291781600988e+00      -3.005996603322e-03 
       3.217096666243e-01      -2.133887527181e-02      -1.018265509770e+04      -1.030342725337e+04      -2.044411883724e-02      -1.027476948177e+04       1.634346374273e-02       1.634346374273e-02       2.060685450674e+04       4.616878833609e+00       2.757589763554e-02      -4.816144272222e-09      -2.308439657428e+00      -8.704036058842e-04      -2.308439416804e+00      -3.026857523879e-03 
       3.254456661739e-01      -2.099210325796e-02      -1.025156192277e+04      -1.037270058883e+04      -2.011188693355e-02      -1.034392015092e+04       1.607786627767e-02       1.607786627767e-02       2.074540117765e+04       4.647950535584e+00       2.712776068680e-02      -4.737442600429e-09      -2.323975504505e+00      -8.744867623315e-04      -2.323975267792e+00      -3.046949527691e-03 
       3.292260616973e-01      -2.063822601908e-02      -1.031434568258e+04      -1.043646208139e+04      -1.977281332939e-02      -1.040746809729e+04       1.580727146820e-02       1.580727146820e-02       2.087292416277e+04       4.676568207611e+00       2.667133947419e-02      -4.660308079135e-09      -2.338284336541e+00      -8.826163302396e-04      -2.338284103806e+00      -3.066141065296e-03 
       3.330514623091e-01      -2.028053612971e-02      -1.037149952488e+04      -1.049515047442e+04      -1.943015822259e-02      -1.046586020207e+04       1.553289754374e-02       1.553289754374e-02       2.099030094884e+04       4.702745931702e+00       2.620825540709e-02      -4.579104834105e-09      -2.351373194539e+00      -8.943461665635e-04      -2.351372965851e+00      -3.084370829950e-03 
       3.369224903559e-01      -1.991955325002e-02      -1.042398726936e+04      -1.054960384380e+04      -1.908431104105e-02      -1.051995351535e+04       1.525646981617e-02       1.525646981617e-02       2.109920768759e+04       4.727059369914e+00       2.574186175231e-02      -4.500151415641e-09      -2.363529909575e+00      -9.085559619273e-04      -2.363529684957e+00      -3.101823203981e-03 
       3.408397818850e-01      -1.955872617950e-02      -1.047345350761e+04      -1.060128593628e+04      -1.873858809279e-02      -1.057123882958e+04       1.498047461582e-02       1.498047461582e-02       2.120257187256e+04       4.750159610903e+00       2.527630209346e-02      -4.417512729620e-09      -2.375080026009e+00      -9.240557932440e-04      -2.375079805452e+00      -3.118718721657e-03 
       3.448039871328e-01      -1.920301379149e-02      -1.052193350715e+04      -1.065202148355e+04      -1.839782252795e-02      -1.062157224999e+04       1.470769067680e-02       1.470769067680e-02       2.130404296711e+04       4.772723442681e+00       2.481592561123e-02      -4.342842133667e-09      -2.386361937875e+00      -9.395013063900e-04      -2.386361721340e+00      -3.135270071116e-03 
       3.488157710346e-01      -1.885395000642e-02      -1.057127631226e+04      -1.070344758203e+04      -1.806339360525e-02      -1.067262264358e+04       1.444039809587e-02       1.444039809587e-02       2.140689516406e+04       4.795671367225e+00       2.436494768449e-02      -4.264084736631e-09      -2.397835896211e+00      -9.532687914493e-04      -2.397835683613e+00      -3.151798169079e-03 
       3.528758137560e-01      -1.851504301625e-02      -1.062340768812e+04      -1.075731420224e+04      -1.773870082987e-02      -1.072616596439e+04       1.418080762103e-02       1.418080762103e-02       2.151462840448e+04       4.819727365865e+00       2.392693993290e-02      -4.190904693618e-09      -2.409863891708e+00      -9.645258775644e-04      -2.409863682933e+00      -3.168625484217e-03 
       3.569848112472e-01      -1.818838298692e-02      -1.067998642651e+04      -1.081515351474e+04      -1.742573769382e-02      -1.078375284317e+04       1.393062772639e-02       1.393062772639e-02       2.163030702947e+04       4.845605437453e+00       2.350482093172e-02      -4.117077635264e-09      -2.422802923818e+00      -9.723655147127e-04      -2.422802718726e+00      -3.186056508017e-03 
       3.611434758224e-01      -1.787503585571e-02      -1.074199650211e+04      -1.087790443841e+04      -1.712552911658e-02      -1.084632839764e+04       1.369063021319e-02       1.369063021319e-02       2.175580887683e+04       4.873722964488e+00       2.309987805349e-02      -4.045889529558e-09      -2.436861683802e+00      -9.767339325975e-04      -2.436861482244e+00      -3.204344050118e-03 
       3.653525367639e-01      -1.757457886429e-02      -1.080954117077e+04      -1.094570505717e+04      -1.683767022913e-02      -1.091402510859e+04       1.346049193770e-02       1.346049193770e-02       2.189141011434e+04       4.904139402368e+00       2.271156622809e-02      -3.976952743162e-09      -2.452069899355e+00      -9.780711173406e-04      -2.452069701184e+00      -3.223594456156e-03 
       3.696127409538e-01      -1.728503210484e-02      -1.088169452734e+04      -1.101774025492e+04      -1.656026152261e-02      -1.098601121440e+04       1.323873258428e-02       1.323873258428e-02       2.203548050984e+04       4.936487338293e+00       2.233739970142e-02      -3.909471331754e-09      -2.468243864053e+00      -9.770999354552e-04      -2.468243669146e+00      -3.243691289877e-03 
       3.739248535338e-01      -1.700357150826e-02      -1.095675378152e+04      -1.109247086043e+04      -1.629060328317e-02      -1.106072327593e+04       1.302312175493e-02       1.302312175493e-02       2.218494172085e+04       4.970051980217e+00       2.197359260599e-02      -3.844793194995e-09      -2.485026181842e+00      -9.751084059772e-04      -2.485025990108e+00      -3.264389478321e-03 
       3.782896585951e-01      -1.672692497229e-02      -1.103264452565e+04      -1.116802224904e+04      -1.602555549328e-02      -1.113625703227e+04       1.281122167161e-02       1.281122167161e-02       2.233604449808e+04       5.003989975474e+00       2.161605439008e-02      -3.780659426854e-09      -2.501995176352e+00      -9.733566068949e-04      -2.501994987737e+00      -3.285359043989e-03 
       3.827079599000e-01      -1.645249908511e-02      -1.110749830617e+04      -1.124271368423e+04      -1.576263558264e-02      -1.121090382477e+04       1.260102503022e-02       1.260102503022e-02       2.248542736845e+04       5.037529740626e+00       2.126139108809e-02      -3.717464398947e-09      -2.518765055834e+00      -9.731207578045e-04      -2.518764870313e+00      -3.306317483251e-03 
       3.871805816365e-01      -1.617840387055e-02      -1.117982693605e+04      -1.131520896928e+04      -1.550003280512e-02      -1.128330482564e+04       1.239108747550e-02       1.239108747550e-02       2.263041793856e+04       5.070061310542e+00       2.090716667606e-02      -3.654782065595e-09      -2.535030837702e+00      -9.752959686617e-04      -2.535030655271e+00      -3.327023596877e-03 
       3.917083692089e-01      -1.590347189521e-02      -1.124859232069e+04      -1.138455814279e+04      -1.523662809845e-02      -1.135249711514e+04       1.218052301192e-02       1.218052301192e-02       2.276911628559e+04       5.101153717226e+00       2.055188892849e-02      -3.592580568483e-09      -2.550577037944e+00      -9.802999085975e-04      -2.550576858613e+00      -3.347273221416e-03 
       3.962921900649e-01      -1.562689616631e-02      -1.131321358213e+04      -1.145018973731e+04      -1.497162971264e-02      -1.141790828354e+04       1.196894209251e-02       1.196894209251e-02       2.290037947463e+04       5.130597498989e+00       2.019497668894e-02      -3.529222574010e-09      -2.565298925713e+00      -9.881811757476e-04      -2.565298749494e+00      -3.366942823923e-03 
       4.009329345627e-01      -1.535035975117e-02      -1.137405306221e+04      -1.151239667897e+04      -1.470670983649e-02      -1.147984189127e+04       1.175689606217e-02       1.175689606217e-02       2.302479335794e+04       5.158375532460e+00       1.983711460002e-02      -3.468702109801e-09      -2.579187939323e+00      -9.983078769532e-04      -2.579187766230e+00      -3.385922563302e-03 
       4.056315168792e-01      -1.507383512328e-02      -1.143201332289e+04      -1.157194963501e+04      -1.444175893106e-02      -1.153908860915e+04       1.154538367383e-02       1.154538367383e-02       2.314389927002e+04       5.185058133850e+00       1.948032755232e-02      -3.405030371543e-09      -2.592529236907e+00      -1.009565696266e-03      -2.592529066925e+00      -3.404394154569e-03 
       4.103888759632e-01      -1.480079203471e-02      -1.148903629644e+04      -1.163062245513e+04      -1.418016255988e-02      -1.159744703637e+04       1.133630394759e-02       1.133630394759e-02       2.326124491027e+04       5.211292213913e+00       1.912756719516e-02      -3.348160982437e-09      -2.605646273860e+00      -1.020989071062e-03      -2.605646106957e+00      -3.422611060973e-03 
       4.152059765344e-01      -1.453366868531e-02      -1.154709478217e+04      -1.169021842464e+04      -1.392426531279e-02      -1.165674540447e+04       1.113141454008e-02       1.113141454008e-02       2.338043684928e+04       5.237870723075e+00       1.878176269435e-02      -3.286862594031e-09      -2.618935525420e+00      -1.031506573513e-03      -2.618935361538e+00      -3.440901330244e-03 
       4.200838101329e-01      -1.427294010081e-02      -1.160753274578e+04      -1.175194281504e+04      -1.367446770929e-02      -1.171820964919e+04       1.093174799391e-02       1.093174799391e-02       2.350388563009e+04       5.265495347459e+00       1.844487900522e-02      -3.228131836104e-09      -2.632747834672e+00      -1.039958839156e-03      -2.632747673730e+00      -3.459521931195e-03 
       4.250233962207e-01      -1.401973778044e-02      -1.167116492398e+04      -1.181653317894e+04      -1.343188400759e-02      -1.178258876033e+04       1.073779933141e-02       1.073779933141e-02       2.363306635788e+04       5.294419071549e+00       1.811762760789e-02      -3.171189004697e-09      -2.647209693861e+00      -1.046293992334e-03      -2.647209535774e+00      -3.478623115265e-03 
       4.300257833389e-01      -1.377389221624e-02      -1.173817759462e+04      -1.188417051362e+04      -1.319634666669e-02      -1.185006439515e+04       1.054950195985e-02       1.054950195985e-02       2.376834102725e+04       5.324738137662e+00       1.779991720213e-02      -3.115314137537e-09      -2.662369224146e+00      -1.050398198008e-03      -2.662369068831e+00      -3.498247285791e-03 
       4.350920503249e-01      -1.353490973196e-02      -1.180831982741e+04      -1.195467201623e+04      -1.296738460071e-02      -1.192044321587e+04       1.036645685141e-02       1.036645685141e-02       2.390934403246e+04       5.356360708399e+00       1.749106750378e-02      -3.060728438854e-09      -2.678180506820e+00      -1.052940531779e-03      -2.678180354199e+00      -3.518442058782e-03 
       4.402233075914e-01      -1.330174406872e-02      -1.188079843031e+04      -1.202736680324e+04      -1.274399520931e-02      -1.199303574760e+04       1.018786779793e-02       1.018786779793e-02       2.405473360649e+04       5.388978192909e+00       1.718973674664e-02      -3.007380259759e-09      -2.694489246446e+00      -1.054694977826e-03      -2.694489096455e+00      -3.539135849681e-03 
       4.454206984736e-01      -1.307274286760e-02      -1.195415903316e+04      -1.210094752571e+04      -1.252459560750e-02      -1.206651276416e+04       1.001246994127e-02       1.001246994127e-02       2.420189505141e+04       5.421993460719e+00       1.689379093567e-02      -2.955056213105e-09      -2.710996877769e+00      -1.056672973871e-03      -2.710996730360e+00      -3.560113766226e-03 
       4.506854006466e-01      -1.284606167736e-02      -1.202663742635e+04      -1.217378871768e+04      -1.230741893613e-02      -1.213922852204e+04       9.838850119462e-03       9.838850119462e-03       2.434757743537e+04       5.454666843059e+00       1.660084546170e-02      -2.903343003675e-09      -2.727333566383e+00      -1.059820544792e-03      -2.727333421529e+00      -3.581061421451e-03 
       4.560186276189e-01      -1.262053052477e-02      -1.209700457338e+04      -1.224475275168e+04      -1.209134430578e-02      -1.221003209683e+04       9.666113193037e-03       9.666113193037e-03       2.448950550336e+04       5.486481456999e+00       1.630939026819e-02      -2.852201157907e-09      -2.743240870811e+00      -1.064642653764e-03      -2.743240728500e+00      -3.601734574462e-03 
       4.614216303071e-01      -1.239590576375e-02      -1.216488757629e+04      -1.231350411664e+04      -1.187613825256e-02      -1.227858241705e+04       9.494073039430e-03       9.494073039430e-03       2.462700823328e+04       5.517284206320e+00       1.601911147596e-02      -2.801518105593e-09      -2.758642242938e+00      -1.071280560782e-03      -2.758642103160e+00      -3.622059585862e-03 
       4.668956986955e-01      -1.217272073080e-02      -1.223073847661e+04      -1.238045619846e+04      -1.166231170453e-02      -1.234529855528e+04       9.323137486262e-03       9.323137486262e-03       2.476091239691e+04       5.547263274809e+00       1.573069700826e-02      -2.751351191103e-09      -2.773631774666e+00      -1.079391354906e-03      -2.773631637405e+00      -3.642100382972e-03 
       4.724421635890e-01      -1.195160742650e-02      -1.229520275023e+04      -1.244616364941e+04      -1.145047008518e-02      -1.241074891625e+04       9.153789630276e-03       9.153789630276e-03       2.489232729881e+04       5.576673858260e+00       1.544496170268e-02      -2.701745827437e-09      -2.788337063898e+00      -1.088298165674e-03      -2.788336929130e+00      -3.661910374557e-03 
       4.780623984623e-01      -1.173330324459e-02      -1.235912238324e+04      -1.251134806062e+04      -1.124131982207e-02      -1.247567333406e+04       8.986592736548e-03       8.986592736548e-03       2.502269612125e+04       5.605848005444e+00       1.516285548251e-02      -2.652800013824e-09      -2.802924135028e+00      -1.097176565661e-03      -2.802924002722e+00      -3.681567892007e-03 
       4.837578214154e-01      -1.151882441149e-02      -1.242371594755e+04      -1.257711245147e+04      -1.103583438868e-02      -1.254119195178e+04       8.822325018781e-03       8.822325018781e-03       2.515422490294e+04       5.635289016260e+00       1.488569140676e-02      -2.604567067691e-09      -2.817644638017e+00      -1.105263994464e-03      -2.817644508130e+00      -3.701268200459e-03 
       4.895298972391e-01      -1.130916277501e-02      -1.249025340972e+04      -1.264464721581e+04      -1.083496398459e-02      -1.260850655045e+04       8.661746013655e-03       8.661746013655e-03       2.528929443161e+04       5.665536880323e+00       1.461475099892e-02      -2.557568209430e-09      -2.832768567685e+00      -1.112183769171e-03      -2.832768440162e+00      -3.721290141114e-03 
       4.953801396020e-01      -1.110461051760e-02      -1.255926959968e+04      -1.271446229953e+04      -1.063898867980e-02      -1.267813050767e+04       8.505077464996e-03       8.505077464996e-03       2.542892459907e+04       5.696821601572e+00       1.435040772913e-02      -2.511219492047e-09      -2.848410926002e+00      -1.117729561213e-03      -2.848410800786e+00      -3.741745284061e-03 
       5.013101133638e-01      -1.090456428411e-02      -1.263024904850e+04      -1.278607718691e+04      -1.044733039707e-02      -1.274957826594e+04       8.351858444455e-03       8.351858444455e-03       2.557215437382e+04       5.728925317659e+00       1.409188426000e-02      -2.465528451457e-09      -2.864462781790e+00      -1.122200817768e-03      -2.864462658829e+00      -3.762544292410e-03 
       5.073214370266e-01      -1.070820046066e-02      -1.270232056009e+04      -1.285870085412e+04      -1.025920004142e-02      -1.282204694489e+04       8.201460025793e-03       8.201460025793e-03       2.571740170824e+04       5.761487833141e+00       1.383812001281e-02      -2.420898544412e-09      -2.880744037317e+00      -1.126297740523e-03      -2.880743916570e+00      -3.783571691819e-03 
       5.134157853330e-01      -1.051496511837e-02      -1.277484193987e+04      -1.293178936559e+04      -1.007406701409e-02      -1.289497767792e+04       8.053457995929e-03       8.053457995929e-03       2.586357873117e+04       5.794258013995e+00       1.358839921109e-02      -2.377014957294e-09      -2.897129125565e+00      -1.130634067743e-03      -2.897129006997e+00      -3.804766699988e-03 
       5.195948920219e-01      -1.032432275943e-02      -1.284714863692e+04      -1.300476404066e+04      -9.891418267919e-03      -1.296777883293e+04       7.907443295706e-03       7.907443295706e-03       2.600952808133e+04       5.826970378648e+00       1.334203199831e-02      -2.333750997952e-09      -2.913485305742e+00      -1.135738025247e-03      -2.913485189324e+00      -3.826046118492e-03 
       5.258605527531e-01      -1.013559138113e-02      -1.291835861757e+04      -1.307678930837e+04      -9.710600491662e-03      -1.303960832187e+04       7.762892937273e-03       7.762892937273e-03       2.615357861675e+04       5.859246339514e+00       1.309813572660e-02      -2.291075159027e-09      -2.929623284047e+00      -1.141876919063e-03      -2.929623169757e+00      -3.847214944963e-03 
       5.322146282141e-01      -9.948491703389e-03      -1.298808353846e+04      -1.314747276563e+04      -9.531346068708e-03      -1.311007474826e+04       7.619593291494e-03       7.619593291494e-03       2.629494553125e+04       5.890910142881e+00       1.285635004182e-02      -2.248864459596e-09      -2.945455183621e+00      -1.148933521571e-03      -2.945455071441e+00      -3.868144746066e-03 
       5.386590474225e-01      -9.763540704169e-03      -1.305701252002e+04      -1.321745427309e+04      -9.354150267260e-03      -1.317982511319e+04       7.477939847019e-03       7.477939847019e-03       2.643490854618e+04       5.922252378535e+00       1.261734210424e-02      -2.207190727140e-09      -2.961126299362e+00      -1.156540725677e-03      -2.961126189268e+00      -3.888959752676e-03 
       5.451958112383e-01      -9.581417780630e-03      -1.312614760769e+04      -1.328766118239e+04      -9.179663984362e-03      -1.324979763581e+04       7.338452070812e-03       7.338452070812e-03       2.657532236478e+04       5.953694326345e+00       1.238198812351e-02      -2.166187193883e-09      -2.976847271214e+00      -1.164204592187e-03      -2.976847163173e+00      -3.909846075564e-03 
       5.518269961031e-01      -9.402343962465e-03      -1.319593517417e+04      -1.335846723285e+04      -9.008098889699e-03      -1.332037711915e+04       7.201299481703e-03       7.201299481703e-03       2.671693446569e+04       5.985408983753e+00       1.215057421989e-02      -2.125787197589e-09      -2.992704597898e+00      -1.171424056361e-03      -2.992704491877e+00      -3.930833297196e-03 
       5.585547580240e-01      -9.226413171369e-03      -1.326664808268e+04      -1.343010109134e+04      -8.839544984533e-03      -1.339179896101e+04       7.066553435983e-03       7.066553435983e-03       2.686020218268e+04       6.017501901348e+00       1.192322060563e-02      -2.086031079353e-09      -3.008751054712e+00      -1.177952407232e-03      -3.008750950674e+00      -3.951948727014e-03 
       5.653813368197e-01      -9.053896156569e-03      -1.333880913135e+04      -1.350308330815e+04      -8.674261668909e-03      -1.346458357599e+04       6.934421358710e-03       6.934421358710e-03       2.700616661631e+04       6.050206926258e+00       1.170027728084e-02      -2.046984896052e-09      -3.025103565222e+00      -1.183840509613e-03      -3.025103463129e+00      -3.973346741710e-03 
       5.723090606529e-01      -8.884663909342e-03      -1.341234740264e+04      -1.357737953657e+04      -8.512125363512e-03      -1.353869090232e+04       6.804804734989e-03       6.804804734989e-03       2.715475907315e+04       6.083506151775e+00       1.148157811057e-02      -2.008647225421e-09      -3.041753176072e+00      -1.189379087057e-03      -3.041753075887e+00      -3.995061806432e-03 
       5.793403508692e-01      -8.718019967614e-03      -1.348627896843e+04      -1.365206326188e+04      -8.352468837241e-03      -1.361318627270e+04       6.677170541749e-03       6.677170541749e-03       2.730412652376e+04       6.116979739035e+00       1.126622385644e-02      -1.970899966557e-09      -3.058489967823e+00      -1.194948366819e-03      -3.058489869518e+00      -4.016890843247e-03 
       5.864777271687e-01      -8.553543637452e-03      -1.355996658340e+04      -1.372655163460e+04      -8.194889057537e-03      -1.368747883651e+04       6.551196881687e-03       6.551196881687e-03       2.745310326920e+04       6.150362321300e+00       1.105367148200e-02      -1.933674349447e-09      -3.075181257101e+00      -1.200892407461e-03      -3.075181160650e+00      -4.038721789424e-03 
       5.937238131390e-01      -8.391309035091e-03      -1.363354515390e+04      -1.380100944307e+04      -8.039457039842e-03      -1.376172853116e+04       6.426940630649e-03       6.426940630649e-03       2.760201888614e+04       6.183725821353e+00       1.084401698508e-02      -1.896997809780e-09      -3.091863005298e+00      -1.207392464144e-03      -3.091862910676e+00      -4.060628143817e-03 
       6.010813421777e-01      -8.231197200557e-03      -1.370687001572e+04      -1.387528714977e+04      -7.886058806886e-03      -1.383578672547e+04       6.304310595565e-03       6.304310595565e-03       2.775057429953e+04       6.217003432310e+00       1.063710647385e-02      -1.860835850274e-09      -3.108501808971e+00      -1.214372937443e-03      -3.108501716155e+00      -4.082556208931e-03 
       6.085531638393e-01      -8.073073426036e-03      -1.377977837871e+04      -1.394918822091e+04      -7.734565284899e-03      -1.390946237325e+04       6.183203389168e-03       6.183203389168e-03       2.789837644183e+04       6.250109227578e+00       1.043276544222e-02      -1.825138656272e-09      -3.125054704822e+00      -1.221567748424e-03      -3.125054613789e+00      -4.104410393200e-03 
       6.161422506428e-01      -7.917350039800e-03      -1.385306435311e+04      -1.402346260633e+04      -7.585371494852e-03      -1.398351165998e+04       6.063934550773e-03       6.063934550773e-03       2.804692521265e+04       6.283382880502e+00       1.023152621359e-02      -1.789973771454e-09      -3.141691529528e+00      -1.228693435805e-03      -3.141691440251e+00      -4.126358794733e-03 
       6.238517053790e-01      -7.764341808485e-03      -1.392741463126e+04      -1.409876235549e+04      -7.438778992983e-03      -1.405859146701e+04       5.946744987530e-03       5.946744987530e-03       2.819752471099e+04       6.317119473166e+00       1.003379521319e-02      -1.755398367069e-09      -3.158559824135e+00      -1.235549645028e-03      -3.158559736583e+00      -4.148554654472e-03 
       6.316847689635e-01      -7.613763029743e-03      -1.400244408461e+04      -1.417469308700e+04      -7.294514057132e-03      -1.413430923749e+04       5.831415885295e-03       5.831415885295e-03       2.834938617400e+04       6.351142607301e+00       9.839203243272e-03      -1.721347238657e-09      -3.175571389504e+00      -1.242083975391e-03      -3.175571303650e+00      -4.170879316620e-03 
       6.396448288827e-01      -7.465565249932e-03      -1.407815427884e+04      -1.425127324819e+04      -7.152530273095e-03      -1.421068074839e+04       5.717910245995e-03       5.717910245995e-03       2.850254649638e+04       6.385459416878e+00       9.647687911251e-03      -1.687821124507e-09      -3.192729792621e+00      -1.248437701228e-03      -3.192729708439e+00      -4.193359442085e-03 
       6.477354282875e-01      -7.319813955959e-03      -1.415475556874e+04      -1.432874570472e+04      -7.012890392473e-03      -1.428794352799e+04       5.606278383902e-03       5.606278383902e-03       2.865749140944e+04       6.420176705278e+00       9.459334157768e-03      -1.654847186643e-09      -3.210088435178e+00      -1.254853501418e-03      -3.210088352639e+00      -4.216100014915e-03 
       6.559602757945e-01      -7.176047395732e-03      -1.423142717634e+04      -1.440631810586e+04      -6.875152034879e-03      -1.436530150228e+04       5.496166787888e-03       5.496166787888e-03       2.881263621173e+04       6.454936837030e+00       9.273545555664e-03      -1.622335894197e-09      -3.227468499433e+00      -1.261493304250e-03      -3.227468418515e+00      -4.238902599378e-03 
       6.643232560598e-01      -7.034153317993e-03      -1.430799470265e+04      -1.448382861590e+04      -6.739207658280e-03      -1.444259101319e+04       5.387489519552e-03       5.387489519552e-03       2.896765723180e+04       6.489666297535e+00       9.090177113645e-03      -1.590265082085e-09      -3.244833228085e+00      -1.268417520324e-03      -3.244833148767e+00      -4.261730667042e-03 
       6.728284411997e-01      -6.894384561311e-03      -1.438505414052e+04      -1.456186390029e+04      -6.605299493859e-03      -1.452039964097e+04       5.280440148683e-03       5.280440148683e-03       2.912372780058e+04       6.524629075933e+00       8.909555413499e-03      -1.558684314149e-09      -3.262314615708e+00      -1.275564850518e-03      -3.262314537967e+00      -4.284739841543e-03 
       6.814801031383e-01      -6.756574174738e-03      -1.446236560439e+04      -1.464016157102e+04      -6.473267584469e-03      -1.459846878045e+04       5.174890707833e-03       5.174890707833e-03       2.928032314204e+04       6.559708920165e+00       8.731464509611e-03      -1.527546798514e-09      -3.279854536270e+00      -1.282760818058e-03      -3.279854460082e+00      -4.307829939109e-03 
       6.902827269736e-01      -6.620748508551e-03      -1.454008801341e+04      -1.471885959282e+04      -6.343137169628e-03      -1.467693955987e+04       5.070861292444e-03       5.070861292444e-03       2.943771918563e+04       6.594969197085e+00       8.555938282990e-03      -1.496850476945e-09      -3.297484673199e+00      -1.289869270778e-03      -3.297484598542e+00      -4.331019236320e-03 
       6.992410254616e-01      -6.487171991585e-03      -1.461892484221e+04      -1.479865400857e+04      -6.215161587932e-03      -1.475650853631e+04       4.968554395616e-03       4.968554395616e-03       2.959730801714e+04       6.630722876333e+00       8.383318385185e-03      -1.466651800625e-09      -3.315361511317e+00      -1.296877038599e-03      -3.315361438167e+00      -4.354501579385e-03 
       7.083599547303e-01      -6.355522861029e-03      -1.469826890540e+04      -1.487894556910e+04      -6.089032572661e-03      -1.483657577620e+04       4.867723638704e-03       4.867723638704e-03       2.975789113820e+04       6.666700413181e+00       8.213189125589e-03      -1.436883847005e-09      -3.333350278256e+00      -1.303830249261e-03      -3.333350206590e+00      -4.378115483426e-03 
       7.176447313498e-01      -6.225754780343e-03      -1.477809892011e+04      -1.495972980182e+04      -5.964705734870e-03      -1.491713416933e+04       4.768333601490e-03       4.768333601490e-03       2.991945960364e+04       6.702898652047e+00       8.045490761005e-03      -1.407542563064e-09      -3.351449396226e+00      -1.310849990792e-03      -3.351449326023e+00      -4.401877996754e-03 
       7.271008508973e-01      -6.097951154231e-03      -1.485871278477e+04      -1.504131860488e+04      -5.842260984589e-03      -1.499849312077e+04       4.670448203130e-03       4.670448203130e-03       3.008263720976e+04       6.739456646694e+00       7.880331152234e-03      -1.378650356845e-09      -3.369728392108e+00      -1.318039103900e-03      -3.369728323347e+00      -4.425892322282e-03 
       7.367341081734e-01      -5.971784130875e-03      -1.493941040755e+04      -1.512301374828e+04      -5.721384218211e-03      -1.507995476375e+04       4.573816354093e-03       4.573816354093e-03       3.024602749656e+04       6.776060827272e+00       7.717286646117e-03      -1.350134515578e-09      -3.388030480975e+00      -1.325375148181e-03      -3.388030413636e+00      -4.449958643444e-03 
       7.465506192458e-01      -5.847464213385e-03      -1.502081952025e+04      -1.520543476808e+04      -5.602277108601e-03      -1.516213934041e+04       4.478599228059e-03       4.478599228059e-03       3.041086953617e+04       6.812989864481e+00       7.556629171800e-03      -1.322037711601e-09      -3.406494998177e+00      -1.332815651676e-03      -3.406494932240e+00      -4.474244732216e-03 
       7.565568455175e-01      -5.724945182047e-03      -1.510295312055e+04      -1.528858315757e+04      -5.484895371337e-03      -1.524505015062e+04       4.384761384817e-03       4.384761384817e-03       3.057716631515e+04       6.850245214840e+00       7.398298919967e-03      -1.294345757997e-09      -3.425122671975e+00      -1.340280062889e-03      -3.425122607420e+00      -4.498738845236e-03 
       7.667596200406e-01      -5.604087525593e-03      -1.518556181317e+04      -1.537220401958e+04      -5.369105344442e-03      -1.532843340129e+04       4.292195963171e-03       4.292195963171e-03       3.074440803915e+04       6.887712830953e+00       7.242115583719e-03      -1.267026350655e-09      -3.443856478669e+00      -1.347725070728e-03      -3.443856415477e+00      -4.523362785739e-03 
       7.771661763261e-01      -5.485085429977e-03      -1.526929670605e+04      -1.545695242976e+04      -5.255093071575e-03      -1.541294292922e+04       4.201051694821e-03       4.201051694821e-03       3.091390485952e+04       6.925686510343e+00       7.088330115545e-03      -1.240123622138e-09      -3.462843317022e+00      -1.355207744536e-03      -3.462843255171e+00      -4.548309433457e-03 
       7.877841799308e-01      -5.367619117306e-03      -1.535339090395e+04      -1.554206947154e+04      -5.142552186506e-03      -1.549781927678e+04       4.111083703409e-03       4.111083703409e-03       3.108413894308e+04       6.963825026129e+00       6.936529354284e-03      -1.213569432774e-09      -3.481912573590e+00      -1.362757667431e-03      -3.481912513064e+00      -4.573369832069e-03 
       7.986217631414e-01      -5.251838353083e-03      -1.543838540448e+04      -1.562810253229e+04      -5.031626175196e-03      -1.558360831301e+04       4.022406700693e-03       4.022406700693e-03       3.125620506459e+04       7.002373665479e+00       6.786906851963e-03      -1.187398071798e-09      -3.501186891960e+00      -1.370436020351e-03      -3.501186832740e+00      -4.598707140350e-03 
       8.096875631153e-01      -5.137607021934e-03      -1.552401465236e+04      -1.571478507504e+04      -4.922184629705e-03      -1.567004390556e+04       3.934916434456e-03       3.934916434456e-03       3.142957015008e+04       7.041212844372e+00       6.639286706131e-03      -1.161578740842e-09      -3.520606480118e+00      -1.378222919099e-03      -3.520606422186e+00      -4.624243376180e-03 
       8.209907638875e-01      -5.024913242272e-03      -1.561037328565e+04      -1.580220712014e+04      -4.814216165422e-03      -1.575721671593e+04       3.848603786684e-03       3.848603786684e-03       3.160441424028e+04       7.080383287919e+00       6.493653526920e-03      -1.136107086846e-09      -3.540191700621e+00      -1.386086459727e-03      -3.540191643960e+00      -4.649999020696e-03 
       8.325411427102e-01      -4.913808155765e-03      -1.569776765909e+04      -1.589067064801e+04      -4.707769778379e-03      -1.584542912834e+04       3.763507910347e-03       3.763507910347e-03       3.178134129601e+04       7.120020856697e+00       6.350073371257e-03      -1.110993061333e-09      -3.560010483757e+00      -1.394009992262e-03      -3.560010428349e+00      -4.676056505206e-03 
       8.443491212515e-01      -4.804124634401e-03      -1.578580734353e+04      -1.597978657251e+04      -4.602685349252e-03      -1.593429221106e+04       3.679500812622e-03       3.679500812622e-03       3.195957314501e+04       7.159950795558e+00       6.208330283327e-03      -1.086200017779e-09      -3.579975451951e+00      -1.401988375420e-03      -3.579975397779e+00      -4.702305627318e-03 
       8.564258222607e-01      -4.695999549389e-03      -1.587508965864e+04      -1.607015671078e+04      -4.499094010083e-03      -1.602440650915e+04       3.596687325065e-03       3.596687325065e-03       3.214031342156e+04       7.200442955675e+00       6.068601143235e-03      -1.061758924357e-09      -3.600221530790e+00      -1.410074193990e-03      -3.600221477837e+00      -4.728923572079e-03 
       8.687831323856e-01      -4.589191545217e-03      -1.596495236938e+04      -1.616112160682e+04      -4.396764526909e-03      -1.611511274928e+04       3.514882609652e-03       3.514882609652e-03       3.232224321363e+04       7.241201112625e+00       5.930574083422e-03      -1.037616943297e-09      -3.620600608061e+00      -1.418260526088e-03      -3.620600556313e+00      -4.755723819019e-03 
       8.814337719335e-01      -4.483869417180e-03      -1.605613824847e+04      -1.625342412496e+04      -4.295858616202e-03      -1.620715308363e+04       3.434215933575e-03       3.434215933575e-03       3.250684824993e+04       7.282558735276e+00       5.794467209157e-03      -1.013810826297e-09      -3.641279418199e+00      -1.426573287236e-03      -3.641279367638e+00      -4.782919187206e-03 
       8.943913724798e-01      -4.379815502205e-03      -1.614803944903e+04      -1.634645410054e+04      -4.196167742054e-03      -1.629991828489e+04       3.354520591325e-03       3.354520591325e-03       3.269290820108e+04       7.324242075373e+00       5.659999243396e-03      -9.902918104452e-10      -3.662121087074e+00      -1.434973807885e-03      -3.662121037687e+00      -4.810332238235e-03 
       9.076705633606e-01      -4.277186785145e-03      -1.624140697057e+04      -1.644096232485e+04      -4.097842305817e-03      -1.639415847189e+04       3.275916805982e-03       3.275916805982e-03       3.288192464969e+04       7.366588181549e+00       5.527373031963e-03      -9.670851284468e-10      -3.683294139005e+00      -1.443488629147e-03      -3.683294090775e+00      -4.838178130353e-03 
       9.212870682466e-01      -4.175779674584e-03      -1.633565474223e+04      -1.653636419981e+04      -4.000687253786e-03      -1.648928936418e+04       3.198248658209e-03       3.198248658209e-03       3.307272839961e+04       7.409334523314e+00       5.396325499611e-03      -9.441642526835e-10      -3.704667308744e+00      -1.452106353547e-03      -3.704667261657e+00      -4.866290731951e-03 
       9.352578131720e-01      -4.075692834241e-03      -1.643138040962e+04      -1.663325998086e+04      -3.904796666570e-03      -1.658591024332e+04       3.121597158433e-03       3.121597158433e-03       3.326651996173e+04       7.452756646686e+00       5.266995147041e-03      -9.214380032584e-10      -3.726378369301e+00      -1.460826601758e-03      -3.726378323343e+00      -4.894842491900e-03 
       9.496010476076e-01      -3.976799425943e-03      -1.652821864795e+04      -1.673128525248e+04      -3.810049919230e-03      -1.668365689305e+04       3.045854236322e-03       3.045854236322e-03       3.346257050496e+04       7.496678522317e+00       5.139195989823e-03      -8.991063055641e-10      -3.748339306002e+00      -1.469715755844e-03      -3.748339261159e+00      -4.923733604944e-03 
       9.643364804132e-01      -3.879106771225e-03      -1.662643010519e+04      -1.683070037368e+04      -3.716453571344e-03      -1.678278947330e+04       2.971031049079e-03       2.971031049079e-03       3.366140074737e+04       7.541223251258e+00       5.012948702473e-03      -8.770620813034e-10      -3.770611669371e+00      -1.478742597491e-03      -3.770611625629e+00      -4.953036248304e-03 
       9.794854327925e-01      -3.782478323783e-03      -1.672611642736e+04      -1.693160782233e+04      -3.623870021828e-03      -1.688341023583e+04       2.897106248569e-03       2.897106248569e-03       3.386321564467e+04       7.586541801925e+00       4.888244988987e-03      -8.579225466799e-10      -3.793270943617e+00      -1.487924877390e-03      -3.793270900963e+00      -4.982848032361e-03 
       9.950710107137e-01      -3.687189735772e-03      -1.682724514490e+04      -1.703397520774e+04      -3.532584208933e-03      -1.698548680533e+04       2.824035079507e-03       2.824035079507e-03       3.406795041547e+04       7.632296517517e+00       4.764924104236e-03      -8.337859446630e-10      -3.816148300335e+00      -1.497263801211e-03      -3.816148258758e+00      -5.012956818522e-03 
       1.011118299649e+00      -3.592908540607e-03      -1.693013883734e+04      -1.713812765587e+04      -3.442255808782e-03      -1.708934360493e+04       2.751830481997e-03       2.751830481997e-03       3.427625531173e+04       7.678971554129e+00       4.643097009397e-03      -8.123637975469e-10      -3.839485817579e+00      -1.506749409999e-03      -3.839485777065e+00      -5.043665099520e-03 
       1.027654584949e+00      -3.499663489634e-03      -1.703456663098e+04      -1.724383497106e+04      -3.352920597893e-03      -1.719475054762e+04       2.680413443889e-03       2.680413443889e-03       3.448766994213e+04       7.726335261545e+00       4.522596736041e-03      -7.913278864520e-10      -3.863167670235e+00      -1.516404330548e-03      -3.863167630773e+00      -5.074831064844e-03 
       1.044709601705e+00      -3.407426919439e-03      -1.714066063829e+04      -1.735123004628e+04      -3.264551909577e-03      -1.730184027890e+04       2.609764764574e-03       2.609764764574e-03       3.470246009255e+04       7.774449292676e+00       4.403391549620e-03      -7.705232726059e-10      -3.887224684761e+00      -1.526205932128e-03      -3.887224646338e+00      -5.106489758876e-03 
       1.062315818564e+00      -3.316212853301e-03      -1.724882921461e+04      -1.746072261543e+04      -3.177162510797e-03      -1.741102193125e+04       2.539903419957e-03       2.539903419957e-03       3.492144523087e+04       7.823509140143e+00       4.285516210206e-03      -7.498907339478e-10      -3.911754607466e+00      -1.536241704400e-03      -3.911754570072e+00      -5.138777324519e-03 
       1.080508760706e+00      -3.225942698183e-03      -1.735893369080e+04      -1.757217565205e+04      -3.090677528834e-03      -1.752215834926e+04       2.470763847931e-03       2.470763847931e-03       3.514435130410e+04       7.873445122817e+00       4.168858311766e-03      -7.293383799864e-10      -3.936722597784e+00      -1.546447126279e-03      -3.936722561408e+00      -5.171640223572e-03 
       1.099327377988e+00      -3.136557221721e-03      -1.747101397901e+04      -1.768563059469e+04      -3.005039615400e-03      -1.763529069100e+04       2.402308469676e-03       2.402308469676e-03       3.537126118938e+04       7.924289217463e+00       4.053357033729e-03      -7.091070809127e-10      -3.962144644100e+00      -1.556928884939e-03      -3.962144608731e+00      -5.205114537761e-03 
       1.118814465254e+00      -3.048086429188e-03      -1.758545702174e+04      -1.780147593004e+04      -2.920278749810e-03      -1.775080683729e+04       2.334544677473e-03       2.334544677473e-03       3.560295186007e+04       7.976189782805e+00       3.939019665830e-03      -6.892693831725e-10      -3.988094925773e+00      -1.567597845308e-03      -3.988094891403e+00      -5.239279844725e-03 
       1.139017142838e+00      -2.960476517871e-03      -1.770242854976e+04      -1.791987980511e+04      -2.836342219643e-03      -1.786887439684e+04       2.267445796703e-03       2.267445796703e-03       3.583975961022e+04       8.029245985399e+00       3.825806036936e-03      -6.693658290495e-10      -4.014623026082e+00      -1.578569868454e-03      -4.014622992700e+00      -5.274216139433e-03 
       1.159987406523e+00      -2.873683445722e-03      -1.782197320772e+04      -1.804088864619e+04      -2.753188641058e-03      -1.798953947252e+04       2.200968029684e-03       2.200968029684e-03       3.608177729237e+04       8.083461488917e+00       3.713638897645e-03      -6.498727267635e-10      -4.041730776863e+00      -1.589786212468e-03      -4.041730744459e+00      -5.309916592431e-03 
       1.181782757508e+00      -2.787655032392e-03      -1.794425308574e+04      -1.816466721028e+04      -2.670767184313e-03      -1.811296624731e+04       2.135081786518e-03       2.135081786518e-03       3.632933442055e+04       8.138928474631e+00       3.602471775593e-03      -6.304102108237e-10      -4.069464268749e+00      -1.601338983879e-03      -4.069464237316e+00      -5.346453292186e-03 
       1.204466924296e+00      -2.702373805236e-03      -1.806948498142e+04      -1.829143417625e+04      -2.589062064831e-03      -1.823937289901e+04       2.069761873915e-03       2.069761873915e-03       3.658286835250e+04       8.195723560668e+00       3.492258230349e-03      -6.111516285315e-10      -4.097861810806e+00      -1.613107522650e-03      -4.097861780334e+00      -5.383855244308e-03 
       1.228110689814e+00      -2.617796131993e-03      -1.819790892223e+04      -1.842143266778e+04      -2.508030794264e-03      -1.836900183641e+04       2.004983356406e-03       2.004983356406e-03       3.684286533555e+04       8.253971227858e+00       3.382959013060e-03      -5.920268501924e-10      -4.126985643448e+00      -1.625276078021e-03      -4.126985613929e+00      -5.422229344402e-03 
       1.252792838276e+00      -2.533800474014e-03      -1.832964424263e+04      -1.855478475530e+04      -2.427552614521e-03      -1.850197458602e+04       1.940706122376e-03       1.940706122376e-03       3.710956951061e+04       8.313836135124e+00       3.274524090019e-03      -5.736048242669e-10      -4.156918096135e+00      -1.637824433705e-03      -4.156918067562e+00      -5.461675765905e-03 
       1.278601237189e+00      -2.450533752757e-03      -1.846518553568e+04      -1.869198778469e+04      -2.347777615926e-03      -1.863878759268e+04       1.876928093219e-03       1.876928093219e-03       3.738397556937e+04       8.375308831147e+00       3.166911781432e-03      -5.544090396301e-10      -4.187654443207e+00      -1.650744394019e-03      -4.187654415573e+00      -5.502186814529e-03 
       1.305634070045e+00      -2.367858526679e-03      -1.860465883513e+04      -1.883317101792e+04      -2.268569091425e-03      -1.877956949012e+04       1.813605806350e-03       1.813605806350e-03       3.766634203585e+04       8.438570737710e+00       3.060069338895e-03      -5.354682179154e-10      -4.219285395556e+00      -1.664091293292e-03      -4.219285368855e+00      -5.543884937355e-03 
       1.334001234132e+00      -2.285748972852e-03      -1.874843307519e+04      -1.897870806409e+04      -2.189902293095e-03      -1.892469280172e+04       1.750719590009e-03       1.750719590009e-03       3.795741612818e+04       8.503790331796e+00       2.953963605867e-03      -5.169291168834e-10      -4.251895191674e+00      -1.677905090074e-03      -4.251895165898e+00      -5.586881840207e-03 
       1.363825914699e+00      -2.204244905449e-03      -1.889688551615e+04      -1.912897951026e+04      -2.111819553056e-03      -1.907453723356e+04       1.688248495419e-03       1.688248495419e-03       3.825795902051e+04       8.571013090988e+00       2.848542101764e-03      -4.983848006290e-10      -4.285506570350e+00      -1.692189957522e-03      -4.285506545494e+00      -5.631206372176e-03 
       1.395246340115e+00      -2.123168938523e-03      -1.905017272172e+04      -1.928414744984e+04      -2.034143164734e-03      -1.922926385952e+04       1.626151907018e-03       1.626151907018e-03       3.856829489969e+04       8.640538742427e+00       2.743768022106e-03      -4.800636932226e-10      -4.320269395155e+00      -1.707048407559e-03      -4.320269371214e+00      -5.677062959146e-03 
       1.428417711027e+00      -2.042595113206e-03      -1.920902889511e+04      -1.944495206411e+04      -1.956947863166e-03      -1.938961122526e+04       1.564439910206e-03       1.564439910206e-03       3.888990412821e+04       8.712590056392e+00       2.639642853937e-03      -4.618562356686e-10      -4.356295051229e+00      -1.722516517837e-03      -4.356295028196e+00      -5.724596362199e-03 
       1.463514277278e+00      -1.962497779892e-03      -1.937384736550e+04      -1.961179133900e+04      -1.880209074307e-03      -1.955597621105e+04       1.503092859117e-03       1.503092859117e-03       3.922358267799e+04       8.787345369026e+00       2.536133449030e-03      -4.437566565347e-10      -4.393672706642e+00      -1.738643723495e-03      -4.393672684513e+00      -5.773925984204e-03 
       1.500731506377e+00      -1.882783580956e-03      -1.954471533038e+04      -1.978475848959e+04      -1.803834615982e-03      -1.972845099960e+04       1.442072865827e-03       1.442072865827e-03       3.956951697919e+04       8.864945614770e+00       2.433187077086e-03      -4.263047774178e-10      -4.432472828617e+00      -1.755502281371e-03      -4.432472807385e+00      -5.825151749385e-03 
       1.540288242703e+00      -1.803604615980e-03      -1.972277303314e+04      -1.996500007086e+04      -1.727975908191e-03      -1.990818007564e+04       1.381426460264e-03       1.381426460264e-03       3.993000014173e+04       8.945702570853e+00       2.330858942961e-03      -4.078181763314e-10      -4.472851305765e+00      -1.773130721450e-03      -4.472851285427e+00      -5.878474318276e-03 
       1.582428693406e+00      -1.724924783032e-03      -1.990817493091e+04      -2.015267697100e+04      -1.652597703957e-03      -2.009532316442e+04       1.321134210375e-03       1.321134210375e-03       4.030535394201e+04       9.029698589042e+00       2.229118994290e-03      -3.900569630830e-10      -4.514849313972e+00      -1.791591797716e-03      -4.514849294521e+00      -5.933954632978e-03 
       1.627423992086e+00      -1.646705417013e-03      -2.010158987468e+04      -2.034846640536e+04      -1.577658137480e-03      -2.029055553372e+04       1.261225525130e-03       1.261225525130e-03       4.069693281073e+04       9.117425482774e+00       2.128036515466e-03      -3.723818138574e-10      -4.558712759956e+00      -1.811019643453e-03      -4.558712741387e+00      -5.991922863035e-03 
       1.675572985692e+00      -1.569056735031e-03      -2.030378591457e+04      -2.055314430640e+04      -1.503265658193e-03      -2.049465114730e+04       1.201749826794e-03       1.201749826794e-03       4.110628861280e+04       9.209119683194e+00       2.027683238657e-03      -3.549813426854e-10      -4.604559859290e+00      -1.831491721108e-03      -4.604559841597e+00      -6.052538724626e-03 
       1.727201772779e+00      -1.492033317283e-03      -2.051525138187e+04      -2.076720680455e+04      -1.429471788235e-03      -2.070810444356e+04       1.142758426859e-03       1.142758426859e-03       4.153441360910e+04       9.305038273681e+00       1.928148906317e-03      -3.375560158791e-10      -4.652519153665e+00      -1.853153218024e-03      -4.652519136840e+00      -6.115985817132e-03 
       1.782661416417e+00      -1.415755167097e-03      -2.073662400719e+04      -2.099129856353e+04      -1.356392046028e-03      -2.093155839118e+04       1.084336482815e-03       1.084336482815e-03       4.198259712705e+04       9.405445626411e+00       1.829574953818e-03      -3.203842689534e-10      -4.702722829170e+00      -1.875979359681e-03      -4.702722813206e+00      -6.182425757166e-03 
       1.842323209855e+00      -1.340366403688e-03      -2.096850334473e+04      -2.122602569444e+04      -1.284164382675e-03      -2.116561750160e+04       1.026595916121e-03       1.026595916121e-03       4.245205138888e+04       9.510619159777e+00       1.732150736304e-03      -3.033130630065e-10      -4.755309595003e+00      -1.900142115406e-03      -4.755309579889e+00      -6.252059270178e-03 
       1.906570961143e+00      -1.266034352752e-03      -2.121121145461e+04      -2.147171749445e+04      -1.212948807571e-03      -2.141060962517e+04       9.696685805668e-04       9.696685805668e-04       4.294343498891e+04       9.620724271193e+00       1.636099959003e-03      -2.865652521668e-10      -4.810362149873e+00      -1.925684143476e-03      -4.810362135597e+00      -6.324996528303e-03 
       1.975790075473e+00      -1.193011104203e-03      -2.146541392002e+04      -2.172904428387e+04      -1.142987647283e-03      -2.166720370850e+04       9.137376158411e-04       9.137376158411e-04       4.345808856773e+04       9.736014132587e+00       1.541728319652e-03      -2.700160931657e-10      -4.868007079746e+00      -1.952825516850e-03      -4.868007066293e+00      -6.401430734776e-03 
       2.050353823144e+00      -1.121529691529e-03      -2.173105000154e+04      -2.199794671315e+04      -1.074503654079e-03      -2.193534023894e+04       8.589877875103e-04       8.589877875103e-04       4.399589342630e+04       9.856490553688e+00       1.449349661318e-03      -2.538861979836e-10      -4.928245289490e+00      -1.981506164753e-03      -4.928245276844e+00      -6.481353412920e-03 
       2.130608069751e+00      -1.051852377999e-03      -2.200807736668e+04      -2.227838347692e+04      -1.007746772073e-03      -2.221497779021e+04       8.056361723315e-04       8.056361723315e-04       4.455676695383e+04       9.982231024392e+00       1.359335651486e-03      -2.378254521895e-10      -4.991115524057e+00      -2.012148618188e-03      -4.991115512196e+00      -6.564880158980e-03 
       2.216856723667e+00      -9.843567062927e-04      -2.229663447372e+04      -2.257049008411e+04      -9.430825405624e-04      -2.250625220320e+04       7.539250397299e-04       7.539250397299e-04       4.514098016821e+04       1.011301908210e+01       1.272079444182e-03      -2.228972724403e-10      -5.056509552152e+00      -2.044450037249e-03      -5.056509541052e+00      -6.651826147493e-03 
       2.309350833013e+00      -9.192343976575e-04      -2.259570981302e+04      -2.287324963906e+04      -8.806897468487e-04      -2.280814838801e+04       7.040612377951e-04       7.040612377951e-04       4.574649927812e+04       1.024877083841e+01       1.187950038760e-03      -2.081967874442e-10      -5.124385429571e+00      -2.078595857157e-03      -5.124385419205e+00      -6.742169694469e-03 
       2.408284166381e+00      -8.568277048649e-04      -2.290502591404e+04      -2.318637613453e+04      -8.208996396688e-04      -2.312038194592e+04       6.562658162299e-04       6.562658162299e-04       4.637275226905e+04       1.038909637347e+01       1.107306722442e-03      -1.940554517700e-10      -5.194548196395e+00      -2.114671866418e-03      -5.194548186733e+00      -6.835679501674e-03 
       2.513796969118e+00      -7.973456622681e-04      -2.322355598107e+04      -2.350883268771e+04      -7.639118148322e-04      -2.344191855373e+04       6.107071387375e-04       6.107071387375e-04       4.701766537541e+04       1.053357879026e+01       1.030436323680e-03      -1.806250812515e-10      -5.266789404121e+00      -2.152679318395e-03      -5.266789395130e+00      -6.932094977617e-03 
       2.625987629569e+00      -7.409614189393e-04      -2.355051270581e+04      -2.383982072789e+04      -7.098921184222e-04      -2.377196216124e+04       5.675183489848e-04       5.675183489848e-04       4.767964145578e+04       1.068185800374e+01       9.575636682905e-04      -1.676211903484e-10      -5.340929010227e+00      -2.192812816723e-03      -5.340929001871e+00      -7.031221446953e-03 
       2.744929960642e+00      -6.877548759094e-04      -2.388460216245e+04      -2.417803484102e+04      -6.589163757415e-04      -2.410921038514e+04       5.267695636029e-04       5.267695636029e-04       4.835606968205e+04       1.083343117832e+01       8.888100332078e-04      -1.555927869355e-10      -5.416715596918e+00      -2.234790862455e-03      -5.416715589162e+00      -7.132699631287e-03 
       2.870692567079e+00      -6.377973988643e-04      -2.422524844550e+04      -2.452288695404e+04      -6.110546001546e-04      -2.445307761595e+04       4.884953055348e-04       4.884953055348e-04       4.904577390809e+04       1.098783283644e+01       8.242269609779e-04      -1.445716133031e-10      -5.493916425413e+00      -2.278768369406e-03      -5.493916418221e+00      -7.236262072054e-03 
       3.003356777944e+00      -5.910036414595e-04      -2.457121161821e+04      -2.487312853240e+04      -5.662220455489e-04      -2.480231784529e+04       4.526668062093e-04       4.526668062093e-04       4.974625706479e+04       1.114489577666e+01       7.637781009865e-04      -1.338577425473e-10      -5.572447894994e+00      -2.325127004010e-03      -5.572447888330e+00      -7.341864923271e-03 
       3.143030673842e+00      -5.473446156270e-04      -2.492198283906e+04      -2.522824065896e+04      -5.243935771034e-04      -2.515641422650e+04       4.192293835391e-04       4.192293835391e-04       5.045648131793e+04       1.130403723661e+01       7.073603727644e-04      -1.241395668702e-10      -5.652018624479e+00      -2.373463108806e-03      -5.652018618307e+00      -7.449079904454e-03 
       3.289858202671e+00      -5.066947921381e-04      -2.527695983251e+04      -2.558761484363e+04      -4.854483283617e-04      -2.551475981599e+04       3.880943700348e-04       3.880943700348e-04       5.117522968726e+04       1.146505969258e+01       6.548266579471e-04      -1.150376687757e-10      -5.732529852003e+00      -2.424477894706e-03      -5.732529846289e+00      -7.557892788412e-03 
       3.444023643325e+00      -4.689227567252e-04      -2.563567837515e+04      -2.595077997911e+04      -4.492610197990e-04      -2.587688503075e+04       3.591534027698e-04       3.591534027698e-04       5.190155995822e+04       1.162762211896e+01       6.059915505628e-04      -1.064590409094e-10      -5.813811064767e+00      -2.477854265992e-03      -5.813811059480e+00      -7.668040245576e-03 
       3.605752430110e+00      -4.338313756729e-04      -2.599727207785e+04      -2.631686578532e+04      -4.156407985287e-04      -2.624192102183e+04       3.322798846529e-04       3.322798846529e-04       5.263373157063e+04       1.179170604537e+01       5.606495696508e-04      -9.856609345455e-11      -5.895853027579e+00      -2.534236837117e-03      -5.895853022687e+00      -7.779612918335e-03 
       3.775309589662e+00      -4.012852303916e-04      -2.636180636435e+04      -2.668593281703e+04      -3.844592359286e-04      -2.660992905303e+04       3.073539346423e-04       3.073539346423e-04       5.337186563405e+04       1.195710015978e+01       5.185930602832e-04      -9.126173807521e-11      -5.978550084416e+00      -2.593345577431e-03      -5.978550079891e+00      -7.892434806450e-03 
       3.952996932004e+00      -3.711074293176e-04      -2.672868784607e+04      -2.705738526902e+04      -3.555463879373e-04      -2.698031425346e+04       2.842459426872e-04       2.842459426872e-04       5.411477053803e+04       1.212365363105e+01       4.796052883738e-04      -8.460921756375e-11      -6.061826819710e+00      -2.655753995057e-03      -6.061826815525e+00      -8.006499628745e-03 
       4.139149865523e+00      -3.431535218461e-04      -2.709785226414e+04      -2.743115550116e+04      -3.287646977890e-04      -2.735300958421e+04       2.628348866795e-04       2.628348866795e-04       5.486231100233e+04       1.229112143609e+01       4.434785988980e-04      -7.809580652671e-11      -6.145560721913e+00      -2.721714658556e-03      -6.145560718043e+00      -8.121696036122e-03 
       4.334134407024e+00      -3.172721828287e-04      -2.746909387393e+04      -2.780703521670e+04      -3.039693736178e-04      -2.772780733778e+04       2.430026525704e-04       2.430026525704e-04       5.561407043339e+04       1.245932206046e+01       4.100129617248e-04      -7.220869213885e-11      -6.229661033809e+00      -2.791597942248e-03      -6.229661030232e+00      -8.237965697644e-03 
       4.538344703503e+00      -2.932874371189e-04      -2.784169180914e+04      -2.818430091319e+04      -2.809903193551e-04      -2.810398511249e+04       2.246328077580e-04       2.246328077580e-04       5.636860182637e+04       1.262836374917e+01       3.790180356674e-04      -6.681874249353e-11      -6.314181877891e+00      -2.865714322529e-03      -6.314181874584e+00      -8.355427950396e-03 
       4.752201195312e+00      -2.710771135609e-04      -2.821555532179e+04      -2.856285855102e+04      -2.597113113416e-04      -2.848144947182e+04       2.076216728168e-04       2.076216728168e-04       5.712571710204e+04       1.279797508142e+01       3.503155177899e-04      -6.178224172891e-11      -6.398987543766e+00      -2.944496884597e-03      -6.398987540710e+00      -8.473979887086e-03 
       4.976149428769e+00      -2.505036647109e-04      -2.859010839945e+04      -2.894212862402e+04      -2.400001820077e-04      -2.885962200299e+04       1.918686625496e-04       1.918686625496e-04       5.788425724805e+04       1.296804949567e+01       3.237372795902e-04      -5.725799092436e-11      -6.484024750658e+00      -3.028124457665e-03      -6.484024747833e+00      -8.593582889791e-03 
       5.210659457381e+00      -2.314683392845e-04      -2.896548339110e+04      -2.932224111411e+04      -2.217633925867e-04      -2.923863293792e+04       1.772849689889e-04       1.772849689889e-04       5.864448222822e+04       1.313821426533e+01       2.991290898253e-04      -5.283823927172e-11      -6.569107135274e+00      -3.117761901015e-03      -6.569107132664e+00      -8.714186686870e-03 
       5.456225739813e+00      -2.138239658754e-04      -2.934038735190e+04      -2.970189888313e+04      -2.048581884395e-04      -2.961718701649e+04       1.637794346372e-04       1.637794346372e-04       5.940379776627e+04       1.330864905917e+01       2.763443221595e-04      -4.886647347777e-11      -6.654324531998e+00      -3.213355883866e-03      -6.654324529587e+00      -8.835895685716e-03 
       5.713367436630e+00      -1.975109900513e-04      -2.971546888318e+04      -3.008174577824e+04      -1.892297576451e-04      -2.999592822559e+04       1.512788556732e-04       1.512788556732e-04       6.016349155648e+04       1.347859583224e+01       2.552502719310e-04      -4.519086395391e-11      -6.739297918348e+00      -3.315819574091e-03      -6.739297916121e+00      -8.958377618114e-03 
       5.982629016144e+00      -1.823916371579e-04      -3.008911309348e+04      -3.046016250735e+04      -1.747440054339e-04      -3.037323949018e+04       1.397034653828e-04       1.397034653828e-04       6.092032501469e+04       1.364836864309e+01       2.357209294036e-04      -4.193958433617e-11      -6.824184323600e+00      -3.425623927077e-03      -6.824184321543e+00      -9.081905021194e-03 
       6.264581095054e+00      -1.684064577018e-04      -3.046159766903e+04      -3.083742188039e+04      -1.613455002479e-04      -3.074939412445e+04       1.289890150686e-04       1.289890150686e-04       6.167484376077e+04       1.381726619785e+01       2.176416550723e-04      -3.871935362759e-11      -6.908633100822e+00      -3.543696706987e-03      -6.908633098923e+00      -9.206182220789e-03 
       6.559821456700e+00      -1.554604470449e-04      -3.083196293173e+04      -3.121255872115e+04      -1.489425995952e-04      -3.112342872780e+04       1.190703497719e-04       1.190703497719e-04       6.242511744230e+04       1.398517518557e+01       2.009050496424e-04      -3.571291483591e-11      -6.992587594540e+00      -3.670913809040e-03      -6.992587592787e+00      -9.331277953896e-03 
       6.868976205922e+00      -1.434720974195e-04      -3.119935501347e+04      -3.158471287660e+04      -1.374569644696e-04      -3.149448494080e+04       1.098881140974e-04       1.098881140974e-04       6.316942575320e+04       1.415189692664e+01       1.854119870753e-04      -3.300887862266e-11      -7.075948464935e+00      -3.807774269166e-03      -7.075948463318e+00      -9.457145403914e-03 
       7.192701032936e+00      -1.323717112308e-04      -3.156306350781e+04      -3.195316704663e+04      -1.268218833476e-04      -3.186184722071e+04       1.013881428767e-04       1.013881428767e-04       6.390633409327e+04       1.431710448723e+01       1.710708149146e-04      -3.054049667807e-11      -7.158552245106e+00      -3.955279972180e-03      -7.158552243613e+00      -9.583737423071e-03 
       7.531682569088e+00      -1.220981740099e-04      -3.192245131472e+04      -3.231727863758e+04      -1.169790478669e-04      -3.222487444152e+04       9.352063459925e-05       9.352063459925e-05       6.463455727516e+04       1.448032714074e+01       1.577965072303e-04      -2.822285085607e-11      -7.240163571749e+00      -4.115097232958e-03      -7.240163570372e+00      -9.711021414566e-03 
       7.886639824861e+00      -1.125955527582e-04      -3.227698128265e+04      -3.267650379586e+04      -1.078751124266e-04      -3.258302431155e+04       8.623977555429e-05       8.623977555429e-05       6.535300759173e+04       1.464106383422e+01       1.455107730007e-04      -2.604857636453e-11      -7.320531918381e+00      -4.287906346594e-03      -7.320531917111e+00      -9.838789730440e-03 
       8.258325705669e+00      -1.037974055959e-04      -3.262536334390e+04      -3.302954458298e+04      -9.944588674181e-05      -3.293500135117e+04       7.950124047105e-05       7.950124047105e-05       6.605908916596e+04       1.479923434940e+01       1.341410092556e-04      -2.406817658988e-11      -7.399617175869e+00      -4.475098686289e-03      -7.399617174698e+00      -9.967211896335e-03 
       8.647528604335e+00      -9.565569854396e-05      -3.296677599146e+04      -3.337557287021e+04      -9.164557773338e-05      -3.327997924831e+04       7.326545779644e-05       7.326545779644e-05       6.675114574041e+04       1.495425966239e+01       1.236195211586e-04      -2.222751410278e-11      -7.477129832273e+00      -4.678172227483e-03      -7.477129831195e+00      -1.009616001329e-02 
       9.055074071264e+00      -8.812216096888e-05      -3.330030551047e+04      -3.371366680917e+04      -8.442792426424e-05      -3.361703829906e+04       6.749563273213e-05       6.749563273213e-05       6.742733361835e+04       1.510574491078e+01       1.138842843974e-04      -2.053484812418e-11      -7.552872456381e+00      -4.898634995483e-03      -7.552872455388e+00      -1.022562400287e-02 
       9.481826564591e+00      -8.115315033172e-05      -3.362509508099e+04      -3.404296028449e+04      -7.775115227386e-05      -3.394531466326e+04       6.215786030510e-05       6.215786030510e-05       6.808592056899e+04       1.525324940232e+01       1.048779325411e-04      -1.897087045563e-11      -7.626624702077e+00      -5.137802054674e-03      -7.626624701162e+00      -1.035553496692e-02 
       9.928691283402e+00      -7.470655805737e-05      -3.394010228180e+04      -3.436240646938e+04      -7.157487363382e-05      -3.426376318804e+04       5.722045192782e-05       5.722045192782e-05       6.872481293876e+04       1.539636761594e+01       9.654718544664e-05      -1.751434608922e-11      -7.698183808812e+00      -5.397719411799e-03      -7.698183807970e+00      -1.048595975228e-02 
       1.039661608762e+01      -6.874472513309e-05      -3.424435943011e+04      -3.467103254081e+04      -6.586303451643e-05      -3.457141277386e+04       5.265423956274e-05       5.265423956274e-05       6.934206508163e+04       1.553462400766e+01       8.884272049591e-05      -1.617451862704e-11      -7.767312004605e+00      -5.680892159047e-03      -7.767312003830e+00      -1.061699508065e-02 
       1.088659350847e+01      -6.323235010359e-05      -3.453693614618e+04      -3.496789823895e+04      -6.058180653044e-05      -3.486732559520e+04       4.843227358099e-05       4.843227358099e-05       6.993579647791e+04       1.566760908425e+01       8.171909552899e-05      -1.493593075478e-11      -7.833804542838e+00      -5.988703643602e-03      -7.833804542125e+00      -1.074860125890e-02 
       1.139966285374e+01      -5.813646208704e-05      -3.481675727301e+04      -3.525192424542e+04      -5.569959369796e-05      -3.515042400212e+04       4.452939439337e-05       4.452939439337e-05       7.050384849083e+04       1.579485439155e+01       7.513389036192e-05      -1.378788137490e-11      -7.897427196432e+00      -6.323837743874e-03      -7.897427195777e+00      -1.088090697647e-02 
       1.193691241231e+01      -5.342598293478e-05      -3.508303407231e+04      -3.552231560383e+04      -5.118655185008e-05      -3.541991476054e+04       4.092265040791e-05       4.092265040791e-05       7.104463120767e+04       1.591617017823e+01       6.904866285302e-05      -1.277009003117e-11      -7.958085089719e+00      -6.688210380504e-03      -7.958085089116e+00      -1.101409369461e-02 
       1.249948176251e+01      -4.906492163469e-05      -3.532635188542e+04      -3.576954894511e+04      -4.700843906605e-05      -3.566630053571e+04       3.758151513640e-05       3.758151513640e-05       7.153909789022e+04       1.602672567256e+01       6.341092050605e-05      -1.174653305543e-11      -8.013362836831e+00      -7.084413730371e-03      -8.013362836278e+00      -1.114554703517e-02 
       1.308856418936e+01      -4.502755505448e-05      -3.554666576981e+04      -3.599358690188e+04      -4.314036792857e-05      -3.588954279986e+04       3.448928154510e-05       3.448928154510e-05       7.198717380377e+04       1.612707134107e+01       5.819347110787e-05      -1.083730787590e-11      -8.063535671044e+00      -7.514035679557e-03      -8.063535670536e+00      -1.127585856901e-02 
       1.370540921568e+01      -4.130078052501e-05      -3.574955088999e+04      -3.620008340335e+04      -3.956986686115e-05      -3.609527779491e+04       3.163491070833e-05       3.163491070833e-05       7.240016680670e+04       1.621954836312e+01       5.337735470120e-05      -1.000058208649e-11      -8.109774182027e+00      -7.982517764005e-03      -8.109774181561e+00      -1.140734955310e-02 
       1.435132525246e+01      -3.787108796984e-05      -3.594275246873e+04      -3.639688794598e+04      -3.628398947235e-05      -3.629133125776e+04       2.900808919200e-05       2.900808919200e-05       7.279377589197e+04       1.630768091407e+01       4.894518101577e-05      -9.229282818982e-12      -8.153840457463e+00      -8.494375680899e-03      -8.153840457036e+00      -1.154293570680e-02 
       1.502768237421e+01      -3.472149253208e-05      -3.613199266320e+04      -3.658981132180e+04      -3.326646622618e-05      -3.648349459251e+04       2.659577518987e-05       2.659577518987e-05       7.317962264360e+04       1.639406292296e+01       4.487493382309e-05      -8.516352284058e-12      -8.197031461870e+00      -9.056529386015e-03      -8.197031461478e+00      -1.168532779780e-02 
       1.573591522508e+01      -3.182970690873e-05      -3.631755616389e+04      -3.677914744880e+04      -3.049593571943e-05      -3.667205999118e+04       2.438100074130e-05       2.438100074130e-05       7.355829489760e+04       1.647885753350e+01       4.113801755265e-05      -7.872622431697e-12      -8.239428767108e+00      -9.672360412170e-03      -8.239428766749e+00      -1.183515935526e-02 
       1.647752606189e+01      -2.916948643920e-05      -3.649207767864e+04      -3.695745533776e+04      -2.794727627644e-05      -3.684960534958e+04       2.234338990172e-05       2.234338990172e-05       7.391491067552e+04       1.655863918195e+01       3.769996073424e-05      -7.355069211865e-12      -8.279319591305e+00      -1.034705227127e-02      -8.279319590977e+00      -1.199110004302e-02 
       1.725408794066e+01      -2.671403177297e-05      -3.664373888808e+04      -3.711277637353e+04      -2.559477172311e-05      -3.700420533366e+04       2.046290580986e-05       2.046290580986e-05       7.422555274705e+04       1.662822252033e+01       3.452711868888e-05      -6.720972713160e-12      -8.314111260465e+00      -1.108016832035e-02      -8.314111260164e+00      -1.214983558669e-02 
       1.806724805324e+01      -2.444455487948e-05      -3.676452597204e+04      -3.723701104626e+04      -2.342045807679e-05      -3.712778150769e+04       1.872471529302e-05       1.872471529302e-05       7.447402209252e+04       1.668381907371e+01       3.159431606679e-05      -6.210172115076e-12      -8.341909537131e+00      -1.187746027478e-02      -8.341909536855e+00      -1.230989804422e-02 
       1.891873122127e+01      -2.235073152717e-05      -3.685704079838e+04      -3.733280118061e+04      -2.141444272878e-05      -3.722296693549e+04       1.712092443818e-05       1.712092443818e-05       7.466560236121e+04       1.672660211507e+01       2.888823819411e-05      -5.858101008480e-12      -8.363301057786e+00      -1.274352439342e-02      -8.363301057534e+00      -1.247274418640e-02 
       1.981034355469e+01      -2.042614869295e-05      -3.693174668832e+04      -3.741077065132e+04      -1.957055678621e-05      -3.730035028136e+04       1.564692975505e-05       1.564692975505e-05       7.482154130265e+04       1.676147224035e+01       2.640122031351e-05      -5.305066498775e-12      -8.380736120403e+00      -1.368680655678e-02      -8.380736120173e+00      -1.264276797032e-02 
       2.074397628281e+01      -1.866401716849e-05      -3.700010505109e+04      -3.748255321291e+04      -1.788230690226e-05      -3.737152728712e+04       1.429740007943e-05       1.429740007943e-05       7.496510642581e+04       1.679359003332e+01       2.412422343326e-05      -4.891514521382e-12      -8.396795016872e+00      -1.472113777444e-02      -8.396795016662e+00      -1.282537331950e-02 
       2.172160976582e+01      -1.705235950557e-05      -3.706486622702e+04      -3.755097188554e+04      -1.633822821869e-05      -3.743930689981e+04       1.306303288164e-05       1.306303288164e-05       7.510194377109e+04       1.682414537457e+01       2.204150870858e-05      -4.544919587596e-12      -8.412072687475e+00      -1.585452208977e-02      -8.412072687283e+00      -1.302256274699e-02 
       2.274531769542e+01      -1.558471076174e-05      -3.714127080732e+04      -3.763136729483e+04      -1.493211856885e-05      -3.751899961401e+04       1.193898686454e-05       1.193898686454e-05       7.526273458967e+04       1.686008057688e+01       2.014494408685e-05      -4.214846995944e-12      -8.430040288617e+00      -1.710514242828e-02      -8.430040288442e+00      -1.324153810175e-02 
       2.381727149336e+01      -1.423642373722e-05      -3.719943677619e+04      -3.769364648161e+04      -1.364036556891e-05      -3.758057388748e+04       1.090635525055e-05       1.090635525055e-05       7.538729296323e+04       1.688788512943e+01       1.840261910885e-05      -3.913191552005e-12      -8.443942564875e+00      -1.846877354933e-02      -8.443942564714e+00      -1.347317837657e-02 
       2.493974491737e+01      -1.299920389409e-05      -3.724118356113e+04      -3.773961831983e+04      -1.245502990402e-05      -3.762583855530e+04       9.958694512994e-06       9.958694512994e-06       7.547923663966e+04       1.690829645494e+01       1.680363154996e-05      -3.631262819975e-12      -8.454148227618e+00      -1.995705523250e-02      -8.454148227472e+00      -1.371977457218e-02 
       2.611511888409e+01      -1.186707854704e-05      -3.727537519851e+04      -3.777824688092e+04      -1.137037711581e-05      -3.766373354600e+04       9.091584747282e-06       9.091584747282e-06       7.555649376184e+04       1.692545126979e+01       1.534057521560e-05      -3.382827671338e-12      -8.462725635028e+00      -2.158638531657e-02      -8.462725634894e+00      -1.398649161223e-02 
       2.734588651927e+01      -1.083134549493e-05      -3.730175602379e+04      -3.780943264147e+04      -1.037807343692e-05      -3.769413489192e+04       8.298316654045e-06       8.298316654045e-06       7.561886528294e+04       1.693926466054e+01       1.400211494885e-05      -3.148818164092e-12      -8.469632330391e+00      -2.336932052145e-02      -8.469632330269e+00      -1.427524921821e-02 
       2.863465844609e+01      -9.891398582540e-06      -3.734828470596e+04      -3.786145981664e+04      -9.477539653703e-06      -3.774524908010e+04       7.578417343488e-06       7.578417343488e-06       7.572291963328e+04       1.696240611963e+01       1.278744977354e-05      -2.934303670926e-12      -8.481203059924e+00      -2.533907237500e-02      -8.481203059813e+00      -1.459919610243e-02 
       2.998416832259e+01      -9.035991625882e-06      -3.740625347292e+04      -3.792559439181e+04      -8.658010577033e-06      -3.780835442350e+04       6.923154142199e-06       6.923154142199e-06       7.585118878362e+04       1.699081703017e+01       1.168180564013e-05      -2.869579248364e-12      -8.495408515187e+00      -2.751241056718e-02      -8.495408515085e+00      -1.495842839624e-02 
       3.139727864015e+01      -8.254960217958e-06      -3.746705272714e+04      -3.799311058026e+04      -7.909720274851e-06      -3.787475159175e+04       6.325079916894e-06       6.325079916894e-06       7.598622116051e+04       1.702099547605e+01       1.067272976507e-05      -2.563114396991e-12      -8.510497738118e+00      -2.989540944829e-02      -8.510497738025e+00      -1.535170214074e-02 
       3.287698679520e+01      -7.542557265556e-06      -3.753257416444e+04      -3.806597805736e+04      -7.227190323236e-06      -3.794639615450e+04       5.779453352049e-06       5.779453352049e-06       7.613195611472e+04       1.705341390185e+01       9.752109123283e-06      -2.404042164040e-12      -8.526706951009e+00      -3.251963055053e-02      -8.526706950924e+00      -1.578427764351e-02 
       3.442643144715e+01      -6.894177228709e-06      -3.761202640144e+04      -3.815362323151e+04      -6.605995461834e-06      -3.803267143815e+04       5.282908321518e-06       5.282908321518e-06       7.630724646302e+04       1.709250153358e+01       8.914317777573e-06      -2.259843243053e-12      -8.546250766865e+00      -3.541489053110e-02      -8.546250766788e+00      -1.626360940485e-02 
       3.604889917583e+01      -6.309020203962e-06      -3.773517517017e+04      -3.828622006402e+04      -6.045383787819e-06      -3.816365891094e+04       4.834663229233e-06       4.834663229233e-06       7.657244012805e+04       1.715150302048e+01       8.157980511506e-06      -2.165804156887e-12      -8.575751510312e+00      -3.863971328980e-02      -8.575751510241e+00      -1.680718581301e-02 
       3.774783145282e+01      -5.773203098232e-06      -3.785687308513e+04      -3.841834614039e+04      -5.532033549319e-06      -3.829402204007e+04       4.424326881577e-06       4.424326881577e-06       7.683669228078e+04       1.721045286331e+01       7.465645375819e-06      -2.011367715570e-12      -8.605226431718e+00      -4.218339169947e-02      -8.605226431653e+00      -1.740082132981e-02 
       3.952683194126e+01      -5.285393584556e-06      -3.799613644871e+04      -3.856914989105e+04      -5.064681820633e-06      -3.844287050745e+04       4.050718227950e-06       4.050718227950e-06       7.713829978211e+04       1.727766579719e+01       6.835266000739e-06      -1.903285230675e-12      -8.638832898656e+00      -4.610342200556e-02      -8.638832898596e+00      -1.805875775941e-02 
       4.138967413970e+01      -4.842147867688e-06      -3.816178516900e+04      -3.874762399736e+04      -4.640026150846e-06      -3.861916139575e+04       3.711240201991e-06       3.711240201991e-06       7.749524799471e+04       1.735723875334e+01       6.262473866267e-06      -1.802617813472e-12      -8.678619376727e+00      -5.045005292285e-02      -8.678619376672e+00      -1.879145287856e-02 
       4.334030938621e+01      -4.437653824342e-06      -3.834122573472e+04      -3.894133544924e+04      -4.252496527307e-06      -3.881044814923e+04       3.401456178922e-06       3.401456178922e-06       7.788267089847e+04       1.744361841160e+01       5.739788226014e-06      -1.718362511538e-12      -8.721809205849e+00      -5.525433444988e-02      -8.721809205799e+00      -1.960030931684e-02 
       4.538287523966e+01      -4.070524772392e-06      -3.855464692899e+04      -3.917076851341e+04      -3.900766584959e-06      -3.903714935696e+04       3.120285399934e-06       3.120285399934e-06       7.834153702683e+04       1.754594138423e+01       5.265379153626e-06      -1.639427746924e-12      -8.772970692161e+00      -6.059914364740e-02      -8.772970692116e+00      -2.050406617820e-02 
       4.752170425608e+01      -3.736456501679e-06      -3.879651016630e+04      -3.943034979791e+04      -3.580711943593e-06      -3.929370233219e+04       2.864436327690e-06       2.864436327690e-06       7.886069959582e+04       1.766172381999e+01       4.833694669480e-06      -1.568464358736e-12      -8.830861910035e+00      -6.653560534184e-02      -8.830861909993e+00      -2.150920093861e-02 
       4.976133317857e+01      -3.429423135490e-06      -3.903465261523e+04      -3.968779540068e+04      -3.286558421342e-06      -3.954787252316e+04       2.629295200024e-06       2.629295200024e-06       7.937559080136e+04       1.777649297853e+01       4.436950794711e-06      -1.503567544333e-12      -8.888246489301e+00      -7.307761059339e-02      -8.888246489263e+00      -2.260883613157e-02 
       5.210651256035e+01      -3.149165563482e-06      -3.929298967541e+04      -3.996748175167e+04      -3.018056676899e-06      -3.982394100833e+04       2.414684984655e-06       2.414684984655e-06       7.993496350335e+04       1.790124284754e+01       4.074855800083e-06      -1.445270931000e-12      -8.950621423805e+00      -8.033073827165e-02      -8.950621423770e+00      -2.382644023157e-02 
       5.456221684132e+01      -2.893803804316e-06      -3.957695403186e+04      -4.027508547059e+04      -2.773418484382e-06      -4.012754074589e+04       2.219007466406e-06       2.219007466406e-06       8.055017094118e+04       1.803790142538e+01       3.744660311716e-06      -1.506967563218e-12      -9.018950712721e+00      -8.839207671770e-02      -9.018950712689e+00      -2.517848290111e-02 
       5.713365489949e+01      -2.660384815817e-06      -3.988331125824e+04      -4.060740841737e+04      -2.549790818950e-06      -4.045547089050e+04       2.040297423531e-06       2.040297423531e-06       8.121481683474e+04       1.818618248047e+01       3.443147142323e-06      -1.333191119280e-12      -9.093091240266e+00      -9.734491213843e-02      -9.093091240236e+00      -2.667784609717e-02 
       5.982628109974e+01      -2.444093877678e-06      -4.016213229287e+04      -4.091425483392e+04      -2.342574841327e-06      -4.075762474431e+04       1.874671249876e-06       1.874671249876e-06       8.182850966785e+04       1.832283240313e+01       3.163698789419e-06      -1.333997209846e-12      -9.161416201591e+00      -1.071506086535e-01      -9.161416201564e+00      -2.830392412156e-02 
       6.264580686326e+01      -2.247596452674e-06      -4.048214098309e+04      -4.126544704319e+04      -2.154321311153e-06      -4.110358642435e+04       1.724232947489e-06       1.724232947489e-06       8.253089408637e+04       1.847940024223e+01       2.909885567188e-06      -1.260706418741e-12      -9.239700121140e+00      -1.180873978685e-01      -9.239700121115e+00      -3.012017404250e-02 
       6.559821278220e+01      -2.066931261304e-06      -4.080272614359e+04      -4.161997125450e+04      -1.981240774356e-06      -4.145244392421e+04       1.585865648351e-06       1.585865648351e-06       8.323994250901e+04       1.863709275119e+01       2.676421103112e-06      -1.245349201608e-12      -9.318546375619e+00      -1.301790100551e-01      -9.318546375596e+00      -3.211855734902e-02 
       6.868976130536e+01      -1.897757339896e-06      -4.105901534249e+04      -4.191244747987e+04      -1.819165749129e-06      -4.173895844176e+04       1.456323398750e-06       1.456323398750e-06       8.382489495974e+04       1.876701510737e+01       2.457855360217e-06      -1.198270567974e-12      -9.383507553704e+00      -1.433003328663e-01      -9.383507553683e+00      -3.426133283962e-02 
       7.192701002165e+01      -1.744742966054e-06      -4.137012333320e+04      -4.226394740764e+04      -1.672574610713e-06      -4.208378039368e+04       1.339155375279e-06       1.339155375279e-06       8.452789481528e+04       1.892324244767e+01       2.260167097879e-06      -1.167123123265e-12      -9.461621223854e+00      -1.579904656803e-01      -9.461621223835e+00      -3.666704326515e-02 
       7.531682556961e+01      -1.598600899140e-06      -4.153888125053e+04      -4.247442567754e+04      -1.532564551009e-06      -4.228750437841e+04       1.227236543745e-06       1.227236543745e-06       8.494885135507e+04       1.901612100511e+01       2.071331949736e-06      -1.137347255729e-12      -9.508060502574e+00      -1.736111892127e-01      -9.508060502556e+00      -3.917930026854e-02 
       7.886639820251e+01      -1.466925656922e-06      -4.176984503764e+04      -4.275215720666e+04      -1.406416239361e-06      -4.255762522732e+04       1.126402508818e-06       1.126402508818e-06       8.550431441332e+04       1.913899541134e+01       1.901200957795e-06      -1.112054913178e-12      -9.569497705686e+00      -1.911003504985e-01      -9.569497705670e+00      -4.200387788132e-02 
       8.258325703979e+01      -1.346095879887e-06      -4.199978574565e+04      -4.303321229934e+04      -1.290658600430e-06      -4.283038341842e+04       1.033875369400e-06       1.033875369400e-06       8.606642459869e+04       1.926321141173e+01       1.745086088691e-06      -1.089261578580e-12      -9.631605705878e+00      -2.103765126409e-01      -9.631605705863e+00      -4.511004454186e-02 
       8.647528603739e+01      -1.236813758765e-06      -4.228315471293e+04      -4.337364550178e+04      -1.185965781307e-06      -4.316152889501e+04       9.501956621251e-07       9.501956621251e-07       8.674729100355e+04       1.941385054517e+01       1.603899878923e-06      -1.070002360870e-12      -9.706925272598e+00      -2.319227530383e-01      -9.706925272584e+00      -4.858939589821e-02 
       9.055074071062e+01      -1.133964814947e-06      -4.247377478566e+04      -4.362488997415e+04      -1.087434143419e-06      -4.340300991422e+04       8.714371525319e-07       8.714371525319e-07       8.724977994830e+04       1.952434761211e+01       1.471015769209e-06      -1.050492118132e-12      -9.762173806067e+00      -2.551413128636e-01      -9.762173806054e+00      -5.230635079349e-02 
       9.481826564525e+01      -1.038530107914e-06      -4.261553128437e+04      -4.383193024175e+04      -9.960042728423e-07      -4.359959600113e+04       7.983598798814e-07       7.983598798814e-07       8.766386048350e+04       1.961491815480e+01       1.347718691552e-06      -1.031873159696e-12      -9.807459077412e+00      -2.804067515871e-01      -9.807459077400e+00      -5.633240909379e-02 
       9.928691283381e+01      -9.510000811184e-07      -4.274810447796e+04      -4.403592993796e+04      -9.121480011575e-07      -4.379217900930e+04       7.313289920944e-07       7.313289920944e-07       8.807185987591e+04       1.970381961674e+01       1.234620983899e-06      -1.014802687686e-12      -9.851909808382e+00      -3.081398667427e-01      -9.851909808372e+00      -6.074511125128e-02 
       1.039661608761e+02      -8.747198812306e-07      -4.306866250008e+04      -4.443988523867e+04      -8.390744503655e-07      -4.418264853388e+04       6.729270322337e-07       6.729270322337e-07       8.887977047734e+04       1.988199507893e+01       1.136085451876e-06      -1.003552495437e-12      -9.940997539476e+00      -3.401508635666e-01      -9.940997539466e+00      -6.588578072252e-02 
       1.088659350846e+02      -8.004664349111e-07      -4.316567312811e+04      -4.462225539817e+04      -7.679373523010e-07      -4.435143266776e+04       6.160612279458e-07       6.160612279458e-07       8.924451079633e+04       1.996066478460e+01       1.040138117816e-06      -9.890423517205e-13      -9.980332392309e+00      -3.735606472314e-01      -9.980332392300e+00      -7.118391910378e-02 
       1.139966285374e+02      -7.338211735744e-07      -4.333603297230e+04      -4.488852161341e+04      -7.040908258237e-07      -4.460237655929e+04       5.650335472027e-07       5.650335472027e-07       8.977704322681e+04       2.007668965697e+01       9.540443879492e-07      -9.775387726526e-13      -1.003834482849e+01      -4.110190295080e-01      -1.003834482848e+01      -7.714150158358e-02 
       1.193691241231e+02      -6.709287953561e-07      -4.338516733965e+04      -4.503898697189e+04      -6.438370902465e-07      -4.473677585371e+04       5.168695210255e-07       5.168695210255e-07       9.007797394378e+04       2.014053025515e+01       8.727797694891e-07      -9.647614124618e-13      -1.007026512758e+01      -4.509967229612e-01      -1.007026512757e+01      -8.346221739612e-02 
       1.249948176251e+02      -6.155276698582e-07      -4.357751601810e+04      -4.534778646616e+04      -5.907643333130e-07      -4.502698440163e+04       4.744485066759e-07       4.744485066759e-07       9.069557293232e+04       2.027476628844e+01       8.012059300233e-07      -9.559866866901e-13      -1.013738314423e+01      -4.965448221329e-01      -1.013738314422e+01      -9.070214774394e-02 
       1.308856418936e+02      -5.629959353575e-07      -4.363250722087e+04      -4.552542077660e+04      -5.404369455632e-07      -4.518517780975e+04       4.342224046900e-07       4.342224046900e-07       9.105084155319e+04       2.035007124085e+01       7.333355729891e-07      -9.458820642234e-13      -1.017503562043e+01      -5.450568967866e-01      -1.017503562042e+01      -9.837084611967e-02 
       1.370540921568e+02      -5.163420857448e-07      -4.379880205991e+04      -4.583123043384e+04      -4.957441085283e-07      -4.546877469034e+04       3.985010539542e-07       3.985010539542e-07       9.166246086768e+04       2.048215326032e+01       6.730660807763e-07      -9.387071402148e-13      -1.024107663016e+01      -5.998964077956e-01      -1.024107663016e+01      -1.070691682461e-01 
       1.435132525246e+02      -4.721157593113e-07      -4.382459433515e+04      -4.600389766828e+04      -4.533734208330e-07      -4.561819751716e+04       3.646316361316e-07       3.646316361316e-07       9.200779533656e+04       2.055429708515e+01       6.159199170549e-07      -9.296422417631e-13      -1.027714854258e+01      -6.581593308825e-01      -1.027714854258e+01      -1.162678092261e-01 
       1.502768237421e+02      -4.318672463669e-07      -4.386075610830e+04      -4.620185030523e+04      -4.148145506475e-07      -4.579053787899e+04       3.338043285835e-07       3.338043285835e-07       9.240370061047e+04       2.063708309485e+01       5.639050195050e-07      -9.365095129565e-13      -1.031854154743e+01      -7.223559714845e-01      -1.031854154742e+01      -1.264053376723e-01 
       1.573591522508e+02      -3.962278357998e-07      -4.402060985427e+04      -4.654618956034e+04      -3.806737000824e-07      -4.610556076925e+04       3.065275637149e-07       3.065275637149e-07       9.309237912068e+04       2.078506681516e+01       5.178867024092e-07      -9.173472195631e-13      -1.039253340758e+01      -7.951790272457e-01      -1.039253340758e+01      -1.379389437389e-01 
       1.647752606189e+02      -3.612286686137e-07      -4.388827898235e+04      -4.659957848330e+04      -3.471406922328e-07      -4.612971263501e+04       2.797029084020e-07       2.797029084020e-07       9.319915696659e+04       2.080187859129e+01       4.726206437457e-07      -9.138158289660e-13      -1.040093929565e+01      -8.695918778443e-01      -1.040093929565e+01      -1.496402045012e-01 
       1.725408794066e+02      -3.318611262795e-07      -4.408560626519e+04      -4.702157639764e+04      -3.190101181030e-07      -4.651600592439e+04       2.572282419540e-07       2.572282419540e-07       9.404315279528e+04       2.098308462081e+01       4.347039543821e-07      -9.109976304446e-13      -1.049154231041e+01      -9.582502899633e-01      -1.049154231040e+01      -1.636824438505e-01 
       1.806724805324e+02      -3.024226845826e-07      -4.391609566408e+04      -4.707405568119e+04      -2.908020565968e-07      -4.653354895834e+04       2.346834156737e-07       2.346834156737e-07       9.414811136237e+04       2.099904605901e+01       3.966663171982e-07      -8.963675167047e-13      -1.049952302951e+01      -1.047271926905e+00      -1.049952302951e+01      -1.776783079520e-01 
       1.891873122127e+02      -2.761935622304e-07      -4.382716069398e+04      -4.723442342701e+04      -2.656718015807e-07      -4.665458675180e+04       2.145905391593e-07       2.145905391593e-07       9.446884685403e+04       2.106193456832e+01       3.627631279234e-07      -8.888836227068e-13      -1.053096728416e+01      -1.146837005582e+00      -1.053096728416e+01      -1.933599896960e-01 
       1.981034355469e+02      -2.518065614837e-07      -4.364831938597e+04      -4.732130423224e+04      -2.423047809224e-07      -4.669962622762e+04       1.958978359684e-07       1.958978359684e-07       9.464260846447e+04       2.109102335471e+01       3.312194767062e-07      -8.857545615105e-13      -1.054551167736e+01      -1.253480773607e+00      -1.054551167735e+01      -2.101326201393e-01 
       2.074397628281e+02      -2.321574588426e-07      -4.394716319713e+04      -4.795507878552e+04      -2.234875212221e-07      -4.728016924375e+04       1.808819574858e-07       1.808819574858e-07       9.591015757104e+04       2.136364807295e+01       3.058920346660e-07      -8.840381805106e-13      -1.068182403648e+01      -1.385277908491e+00      -1.068182403648e+01      -2.310094577282e-01 
       2.172160976582e+02      -2.102033637645e-07      -4.343607895450e+04      -4.773368836952e+04      -2.024430412134e-07      -4.701345976175e+04       1.640357240888e-07       1.640357240888e-07       9.546737673904e+04       2.125391996085e+01       2.774606878741e-07      -8.705568926233e-13      -1.062695998043e+01      -1.502956590621e+00      -1.062695998043e+01      -2.494288469335e-01 
       2.274531769542e+02      -1.916726851229e-07      -4.321666367578e+04      -4.786074156901e+04      -1.846856526817e-07      -4.708594415464e+04       1.498330129663e-07       1.498330129663e-07       9.572148313803e+04       2.129846474294e+01       2.534946127621e-07      -8.635736425644e-13      -1.064923237147e+01      -1.641854018106e+00      -1.064923237147e+01      -2.712784104518e-01 
       2.381727149336e+02      -1.758186451930e-07      -4.323496266813e+04      -4.828663012931e+04      -1.694985611883e-07      -4.744737769615e+04       1.376982593839e-07       1.376982593839e-07       9.657326025862e+04       2.147488862621e+01       2.330218784708e-07      -8.617645875373e-13      -1.073744431310e+01      -1.803802580068e+00      -1.073744431310e+01      -2.968320097879e-01 
       2.493974491737e+02      -1.596214958802e-07      -4.278828418112e+04      -4.822882407221e+04      -1.539716086193e-07      -4.732851244756e+04       1.252676954813e-07       1.252676954813e-07       9.645764814441e+04       2.143502448214e+01       2.120424888078e-07      -8.513004377805e-13      -1.071751224107e+01      -1.960711260930e+00      -1.071751224107e+01      -3.214584181502e-01 
       2.611511888409e+02      -1.454976465713e-07      -4.249247550887e+04      -4.837795628150e+04      -1.404348667076e-07      -4.740757962028e+04       1.144363558661e-07       1.144363558661e-07       9.675591256300e+04       2.148596828911e+01       1.937639950552e-07      -8.436428494742e-13      -1.074298414455e+01      -2.139095597375e+00      -1.074298414455e+01      -3.495156343481e-01 
       2.734588651927e+02      -1.333545547856e-07      -4.240632440851e+04      -4.881119940311e+04      -1.288008942270e-07      -4.775879008742e+04       1.051403793004e-07       1.051403793004e-07       9.762239880623e+04       2.166192263185e+01       1.780805350441e-07      -8.403203653683e-13      -1.083096131593e+01      -2.345685697299e+00      -1.083096131593e+01      -3.820824192816e-01 
       2.863465844609e+02      -1.200447429201e-07      -4.153769940714e+04      -4.838210716847e+04      -1.160306737318e-07      -4.726102584415e+04       9.488976580164e-08       9.488976580164e-08       9.676421433694e+04       2.145348267341e+01       1.607718631703e-07      -8.237919891709e-13      -1.072674133671e+01      -2.525291921723e+00      -1.072674133671e+01      -4.101692255615e-01 
       2.998416832259e+02      -1.103331569317e-07      -4.151055886528e+04      -4.898307317442e+04      -1.067284081461e-07      -4.776271690294e+04       8.745915077109e-08       8.745915077109e-08       9.796614634884e+04       2.170051264734e+01       1.482361995056e-07      -8.233404967480e-13      -1.085025632367e+01      -2.774545047221e+00      -1.085025632367e+01      -4.494831322715e-01 
       3.139727864015e+02      -1.002044809484e-07      -4.096120706163e+04      -4.902076144714e+04      -9.701393182312e-08      -4.770811312911e+04       7.967250528194e-08       7.967250528194e-08       9.804152289429e+04       2.169647836015e+01       1.350915276081e-07      -8.128566410785e-13      -1.084823918007e+01      -3.010852891893e+00      -1.084823918007e+01      -4.866060886899e-01 
       3.287698679520e+02      -9.097606325150e-08      -4.037191681238e+04      -4.906150559655e+04      -8.816121645281e-08      -4.764980556213e+04       7.257338297223e-08       7.257338297223e-08       9.812301119310e+04       2.169232717085e+01       1.231064618312e-07      -8.020419490846e-13      -1.084616358542e+01      -3.264567561616e+00      -1.084616358542e+01      -5.264636962118e-01 
