# Transfer functions T_i(k) for adiabatic (AD) mode (normalized to initial curvature=1) at redshift z=99
# for k=1.03944e-05 to 328.77 h/Mpc,
# number of wavenumbers equal to 605
# d_i   stands for (delta rho_i/rho_i)(k,z) with above normalization 
# d_tot stands for (delta rho_tot/rho_tot)(k,z) with rho_Lambda NOT included in rho_tot
# (note that this differs from the transfer function output from CAMB/CMBFAST, which gives the same
#  quantities divided by -k^2 with k in Mpc^-1; use format=camb to match CAMB)
# t_i   stands for theta_i(k,z) with above normalization 
# t_tot stands for (sum_i [rho_i+p_i] theta_i)/(sum_i [rho_i+p_i]))(k,z)
#
#    1:k (h/Mpc)              2:d_g                    3:d_b                    4:d_cdm                  5:d_ur                   6:d_tot                  7:phi                    8:psi                    9:h                     10:h_prime               11:eta                   12:eta_prime             13:t_g                   14:t_b                   15:t_ur                  16:t_tot              
       1.039441571510e-05      -1.591039949952e-05      -1.193284960213e-05      -1.193285002290e-05      -1.591039159081e-05      -1.204638112049e-05       6.121915551684e-01       5.968440962680e-01       2.386570004580e-05       3.208354778916e-08       9.999995712228e-01      -2.903210484240e-10      -1.512093117163e-13      -1.332085443544e-16      -1.610267315773e-13      -5.872818582490e-15 
       1.088428943559e-05      -1.744539867881e-05      -1.308410909527e-05      -1.308410960114e-05      -1.744538917048e-05      -1.320859375216e-05       6.121915257261e-01       5.968440777580e-01       2.616821920227e-05       3.517890892415e-08       9.999995298546e-01      -3.183294609524e-10      -1.817935418464e-13      -1.601502854777e-16      -1.935966205274e-13      -7.060678452300e-15 
       1.139725019325e-05      -1.912849031693e-05      -1.434643997710e-05      -1.434644058529e-05      -1.912847888535e-05      -1.448293447576e-05       6.121914937834e-01       5.968440586992e-01       2.869288117058e-05       3.857290453451e-08       9.999994844963e-01      -3.490410454232e-10      -2.185637826061e-13      -1.925465491626e-16      -2.327542688370e-13      -8.488799322342e-15 
       1.193438604663e-05      -2.097396178789e-05      -1.573055819177e-05      -1.573055892297e-05      -2.097394804413e-05      -1.588022117691e-05       6.121914593604e-01       5.968440376690e-01       3.146111784594e-05       4.229434630301e-08       9.999994347611e-01      -3.827157509045e-10      -2.627713641028e-13      -2.314928932214e-16      -2.798320510870e-13      -1.020577749789e-14 
       1.249683633289e-05      -2.299747784969e-05      -1.724821280493e-05      -1.724821368403e-05      -2.299746132606e-05      -1.741231468935e-05       6.121913965860e-01       5.968439883739e-01       3.449642736806e-05       4.637482844452e-08       9.999993802285e-01      -4.196381178695e-10      -3.159205485604e-13      -2.783136248052e-16      -3.364319906225e-13      -1.227003835965e-14 
       1.308579408449e-05      -2.521621736399e-05      -1.891228856061e-05      -1.891228961753e-05      -2.521619749824e-05      -1.909222232732e-05       6.121913554373e-01       5.968439601306e-01       3.782457923506e-05       5.084898493676e-08       9.999993204343e-01      -4.601244046040e-10      -3.798199472466e-13      -3.346036053157e-16      -4.044800357267e-13      -1.475182542111e-14 
       1.370250855978e-05      -2.764901363805e-05      -2.073691115788e-05      -2.073691242857e-05      -2.764898975416e-05      -2.093420416274e-05       6.121913045447e-01       5.968439281359e-01       4.147382485714e-05       5.575479948030e-08       9.999992548708e-01      -5.045161412955e-10      -4.566437106348e-13      -4.022863800577e-16      -4.862916719664e-13      -1.773558447711e-14 
       1.434828789286e-05      -3.031651798014e-05      -2.273756994209e-05      -2.273757146978e-05      -3.031648926546e-05      -2.295389688332e-05       6.121912549589e-01       5.968438946902e-01       4.547514293957e-05       6.113391712183e-08       9.999991829827e-01      -5.531911106433e-10      -5.490063159417e-13      -4.836480994009e-16      -5.846508702622e-13      -2.132285270538e-14 
       1.502450186827e-05      -3.324137367331e-05      -2.493124841407e-05      -2.493125025083e-05      -3.324133915064e-05      -2.516844554241e-05       6.121911970223e-01       5.968438568771e-01       4.986250050167e-05       6.703200159233e-08       9.999991041586e-01      -6.065611549072e-10      -6.600503648367e-13      -5.814766586633e-16      -7.029045081880e-13      -2.563569224307e-14 
       1.573258482650e-05      -3.644840854593e-05      -2.733656869439e-05      -2.733657090259e-05      -3.644836704070e-05      -2.759664939634e-05       6.121911313386e-01       5.968438134804e-01       5.467314180517e-05       7.349912178019e-08       9.999990177292e-01      -6.650798399206e-10      -7.935546073603e-13      -6.990860673497e-16      -8.450764480574e-13      -3.082086020564e-14 
       1.647403870647e-05      -3.996484572775e-05      -2.997394963152e-05      -2.997395228635e-05      -3.996479582752e-05      -3.025912151592e-05       6.121910599826e-01       5.968437661745e-01       5.994790457271e-05       8.059017670524e-08       9.999989229619e-01      -7.292456445561e-10      -9.540618169373e-13      -8.404872255346e-16      -1.016004576357e-12      -3.705479733065e-14 
       1.725043623124e-05      -4.382053450368e-05      -3.286577999443e-05      -3.286578318628e-05      -4.382047451057e-05      -3.317846362487e-05       6.121909826325e-01       5.968437159248e-01       6.573156637257e-05       8.836536203157e-08       9.999988190503e-01      -7.996021186455e-10      -1.147033729153e-12      -1.010500843496e-15      -1.221504983701e-12      -4.454962943873e-14 
       1.806342424406e-05      -4.804820332878e-05      -3.603660829493e-05      -3.603661213235e-05      -4.804813120140e-05      -3.637945772601e-05       6.121908945745e-01       5.968436571228e-01       7.207322426469e-05       9.689068201713e-08       9.999987051145e-01      -8.767448585041e-10      -1.379036771495e-12      -1.214881429324e-15      -1.468570593416e-12      -5.356038796243e-14 
       1.891472720151e-05      -5.268373855350e-05      -3.951335190498e-05      -3.951335651854e-05      -5.268365183742e-05      -3.988927720623e-05       6.121907993430e-01       5.968435934895e-01       7.902671303707e-05       1.062385069478e-07       9.999985801872e-01      -9.613328379116e-10      -1.657965354222e-12      -1.460599054727e-15      -1.765608418896e-12      -6.439368701435e-14 
       1.980615083129e-05      -5.776649193231e-05      -4.332552777754e-05      -4.332553332425e-05      -5.776638767669e-05      -4.373771974909e-05       6.121907385041e-01       5.968435685384e-01       8.665106664851e-05       1.164881789247e-07       9.999984432051e-01      -1.054079725203e-09      -1.993310715681e-12      -1.756094514900e-15      -2.122725840901e-12      -7.741816750766e-14 
       2.073958596245e-05      -6.333959945486e-05      -4.750549167645e-05      -4.750549834503e-05      -6.333947411219e-05      -4.795744883757e-05       6.121906241626e-01       5.968434921272e-01       9.501099669006e-05       1.277267291686e-07       9.999982930095e-01      -1.155773974603e-09      -2.396483950379e-12      -2.111286389797e-15      -2.552074693273e-12      -9.307700251514e-14 
       2.171701253604e-05      -6.945037013727e-05      -5.208872989815e-05      -5.208873791560e-05      -6.945021944263e-05      -5.258428824704e-05       6.121904974791e-01       5.968434078160e-01       1.041774758312e-04       1.400495508685e-07       9.999981283221e-01      -1.267279490704e-09      -2.881203957093e-12      -2.538328081423e-15      -3.068264313895e-12      -1.119030263604e-13 
       2.274050380486e-05      -7.615067346780e-05      -5.711415001033e-05      -5.711415964954e-05      -7.615049229313e-05      -5.765751554487e-05       6.121903658530e-01       5.968433212760e-01       1.142283192991e-04       1.535612495219e-07       9.999979477476e-01      -1.389543041397e-09      -3.463964591162e-12      -3.051760266151e-15      -3.688859759236e-12      -1.345368503899e-13 
       2.381223073113e-05      -8.349737982530e-05      -6.262441135195e-05      -6.262442294048e-05      -8.349716200598e-05      -6.322019572852e-05       6.121902097574e-01       5.968432167848e-01       1.252488458810e-04       1.683765300465e-07       9.999977497509e-01      -1.523601078975e-09      -4.164595003302e-12      -3.669012364039e-15      -4.434977521306e-12      -1.617486117214e-13 
       2.493446659134e-05      -9.155284957883e-05      -6.866629207464e-05      -6.866630600974e-05      -9.155258770084e-05      -6.931955175538e-05       6.121900519240e-01       5.968431145622e-01       1.373326120195e-04       1.846211514452e-07       9.999975326512e-01      -1.670593686591e-09      -5.006935627998e-12      -4.411380412506e-15      -5.332006106661e-12      -1.944642966301e-13 
       2.610959179822e-05      -1.003854521759e-04      -7.529107875068e-05      -7.529109550149e-05      -1.003851373331e-04      -7.600735783581e-05       6.121898598272e-01       5.968429823392e-01       1.505821910030e-04       2.024330232874e-07       9.999972946086e-01      -1.831764918161e-09      -6.019651667946e-12      -5.303286673862e-15      -6.410468657508e-12      -2.337970581788e-13 
       2.734009894987e-05      -1.100701604740e-04      -8.255501240047e-05      -8.255503253941e-05      -1.100697819513e-04      -8.334038971658e-05       6.121896682826e-01       5.968428572294e-01       1.651100650788e-04       2.219633350007e-07       9.999970335974e-01      -2.008486766227e-09      -7.237199665217e-12      -6.376023850754e-15      -7.707061508331e-12      -2.810853370799e-13 
       2.862859811694e-05      -1.206891698784e-04      -9.051975327549e-05      -9.051977748782e-05      -1.206887147954e-04      -9.138089385118e-05       6.121894493946e-01       5.968427110885e-01       1.810395549756e-04       2.433778882157e-07       9.999967474071e-01      -2.202257089914e-09      -8.701009587121e-12      -7.665662732618e-15      -9.265904179203e-12      -3.379381620485e-13 
       2.997782237893e-05      -1.323326091483e-04      -9.925291440823e-05      -9.925294351780e-05      -1.323320620196e-04      -1.001971260216e-04       6.121892096333e-01       5.968425509088e-01       1.985058870356e-04       2.668584648474e-07       9.999964336071e-01      -2.414721077015e-09      -1.046089032614e-11      -9.216137474617e-15      -1.114003868683e-11      -4.062900570244e-13 
       3.139063362138e-05      -1.450992985901e-04      -1.088286308217e-04      -1.088286658191e-04      -1.450986407996e-04      -1.098639259429e-04       6.121889462305e-01       5.968423752482e-01       2.176573316381e-04       2.926043884746e-07       9.999960895308e-01      -2.647681989766e-09      -1.257672483625e-11      -1.108023661304e-14      -1.339323397699e-11      -4.884667907963e-13 
       3.287002860635e-05      -1.590975896292e-04      -1.193281898806e-04      -1.193282319567e-04      -1.590967987937e-04      -1.204633535893e-04       6.121886577276e-01       5.968421823675e-01       2.386564639134e-04       3.208342121966e-07       9.999957122615e-01      -2.903117169939e-09      -1.512050731224e-11      -1.332134561070e-14      -1.610215924447e-11      -5.872645508338e-13 
       3.441914532896e-05      -1.744462836372e-04      -1.308407212237e-04      -1.308407718105e-04      -1.744453328501e-04      -1.320853856643e-04       6.121883411671e-01       5.968419716080e-01       2.616815436210e-04       3.517875740551e-07       9.999952985904e-01      -3.183193884624e-09      -1.817879372950e-11      -1.601582049094e-14      -1.935898582705e-11      -7.060450328464e-13 
       3.604126967346e-05      -1.912756409021e-04      -1.434639544625e-04      -1.434640152810e-04      -1.912744978111e-04      -1.448286804755e-04       6.121879997996e-01       5.968417456615e-01       2.869280305620e-04       3.857272267992e-07       9.999948450117e-01      -3.490290557713e-09      -2.185564554021e-11      -1.925534740594e-14      -2.327453290296e-11      -8.488499033031e-13 
       3.773984238309e-05      -2.097284748353e-04      -1.573050410047e-04      -1.573051141251e-04      -2.097271005427e-04      -1.588014075404e-04       6.121876051627e-01       5.968414776772e-01       3.146102282501e-04       4.229412980845e-07       9.999943476794e-01      -3.827011459575e-09      -2.627616781131e-11      -2.314963509730e-14      -2.798202910322e-11      -1.020538056688e-12 
       3.951846635827e-05      -2.299613936172e-04      -1.724814867081e-04      -1.724815746175e-04      -2.299597413669e-04      -1.741221890637e-04       6.121872026158e-01       5.968412135717e-01       3.449631492350e-04       4.637456467618e-07       9.999938023585e-01      -4.196218619161e-09      -3.159077906701e-11      -2.783236882610e-14      -3.364164594906e-11      -1.226951573575e-12 
       4.138091429893e-05      -2.521460734310e-04      -1.891221084789e-04      -1.891222141678e-04      -2.521440870066e-04      -1.909210655854e-04       6.121867326172e-01       5.968408965835e-01       3.782444283356e-04       5.084867016711e-07       9.999932044320e-01      -4.601040740570e-09      -3.798030415915e-11      -3.346102743296e-14      -4.044595267897e-11      -1.475113298333e-12 
       4.333113670686e-05      -2.764707770230e-04      -2.073681752255e-04      -2.073683022937e-04      -2.764683888233e-04      -2.093406477242e-04       6.121862324810e-01       5.968405629932e-01       4.147366045875e-04       5.575442183588e-07       9.999925488250e-01      -5.044914389714e-09      -4.566214491127e-11      -4.022980133585e-14      -4.862647059066e-11      -1.773467372103e-12 
       4.537327026525e-05      -3.031418984985e-04      -2.273745689401e-04      -2.273747217093e-04      -3.031390272805e-04      -2.295372882137e-04       6.121856782473e-01       5.968401922721e-01       4.547494434185e-04       6.113346492840e-07       9.999918299600e-01      -5.531606653249e-09      -5.489768646879e-11      -4.836675277056e-14      -5.846152474969e-11      -2.132164922960e-12 
       4.751164661317e-05      -3.323857444768e-04      -2.493111234435e-04      -2.493113071125e-04      -3.323822925451e-04      -2.516824333027e-04       6.121850783244e-01       5.968397927573e-01       4.986226142250e-04       6.703145853997e-07       9.999910417473e-01      -6.065250766684e-09      -6.600115740530e-11      -5.814960165027e-14      -7.028575392505e-11      -2.563410541438e-12 
       4.975080153356e-05      -3.644504251447e-04      -2.733640462518e-04      -2.733642670703e-04      -3.644462750516e-04      -2.759640580241e-04       6.121844112138e-01       5.968393457484e-01       5.467285341406e-04       7.349847074036e-07       9.999901774926e-01      -6.650369940105e-09      -7.935034268476e-11      -6.991075380356e-14      -8.450145656894e-11      -3.081876729564e-12 
       5.209548457420e-05      -3.996079886120e-04      -2.997375235780e-04      -2.997377890600e-04      -3.996029991520e-04      -3.025882863287e-04       6.121836914051e-01       5.968388667451e-01       5.994755781200e-04       8.058939405869e-07       9.999892298648e-01      -7.291934779555e-09      -9.539943548683e-11      -8.405121087093e-14      -1.015923048575e-10      -3.705203873132e-12 
       5.455066912219e-05      -4.381566871147e-04      -3.286554250995e-04      -3.286557442791e-04      -4.381506885484e-04      -3.317811119048e-04       6.121828982628e-01       5.968383378910e-01       6.573114885582e-04       8.836442228514e-07       9.999881908072e-01      -7.995383776202e-09      -1.146944873828e-10      -1.010522609554e-13      -1.221397593759e-10      -4.454599424680e-12 
       5.712156295313e-05      -4.804235318688e-04      -3.603632262091e-04      -3.603636099482e-04      -4.804163200951e-04      -3.637903385151e-04       6.121820269198e-01       5.968377569722e-01       7.207272198964e-04       9.688955279249e-07       9.999870515153e-01      -8.766689082539e-09      -1.378919494537e-10      -1.214915564076e-13      -1.468429047287e-10      -5.355559381482e-12 
       5.981361927751e-05      -5.267670453783e-04      -3.951300796892e-04      -3.951305410425e-04      -5.267583750505e-04      -3.988876711323e-04       6.121810686551e-01       5.968371167932e-01       7.902610820851e-04       1.062371511895e-06       9.999858023141e-01      -9.612389777541e-09      -1.657810781408e-10      -1.460640768231e-13      -1.765421756263e-10      -6.438736617697e-12 
       6.263254830773e-05      -5.775803086581e-04      -4.332511099299e-04      -4.332516645992e-04      -5.775698848009e-04      -4.373710317066e-04       6.121800202509e-01       5.968364174950e-01       8.665033291984e-04       1.164865616393e-06       9.999844325970e-01      -1.053966061658e-08      -1.993107004736e-10      -1.756056283953e-13      -2.122479669866e-10      -7.740982058068e-12 
       6.558432937020e-05      -6.332942715658e-04      -4.750499064071e-04      -4.750505732668e-04      -6.332817395438e-04      -4.795670759968e-04       6.121788739203e-01       5.968356528628e-01       9.501011465336e-04       1.277247845850e-06       9.999829307503e-01      -1.155637584737e-08      -2.396215438967e-10      -2.111270112392e-13      -2.551750188481e-10      -9.306600518120e-12 
       6.867522358831e-05      -6.943813982103e-04      -5.208812705452e-04      -5.208820722840e-04      -6.943663316904e-04      -5.258339661531e-04       6.121776087725e-01       5.968348062268e-01       1.041764144568e-03       1.400472147857e-06       9.999812840260e-01      -1.267114963439e-08      -2.880850074204e-10      -2.538281748136e-13      -3.067836793857e-10      -1.118885311757e-11 
       7.191178716309e-05      -7.613596932539e-04      -5.711342509286e-04      -5.711352148164e-04      -7.613415797969e-04      -5.765644342911e-04       6.121762332335e-01       5.968338880886e-01       1.142270429633e-03       1.535584414930e-06       9.999794784271e-01      -1.389345264368e-08      -3.463499138876e-10      -3.051619005992e-13      -3.688295819802e-10      -1.345177478897e-11 
       7.530088527984e-05      -8.347970197611e-04      -6.262353998285e-04      -6.262365586993e-04      -8.347752429804e-04      -6.321890694485e-04       6.121747141157e-01       5.968328758394e-01       1.252473117399e-03       1.683731533988e-06       9.999774986554e-01      -1.523363003230e-08      -4.163980131667e-10      -3.668948464692e-13      -4.434234180212e-10      -1.617234207518e-11 
       7.884970667002e-05      -9.153159476845e-04      -6.866524327398e-04      -6.866538260100e-04      -9.152897669280e-04      -6.931800110581e-04       6.121730494659e-01       5.968317634544e-01       1.373307652020e-03       1.846170964329e-06       9.999753278957e-01      -1.670306280452e-08      -5.006126194815e-10      -4.411040501548e-13      -5.331026094334e-10      -1.944310733292e-11 
       8.256577885962e-05      -1.003598995330e-03      -7.528981854249e-04      -7.528998604887e-04      -1.003567520153e-03      -7.600549428991e-04       6.121712267092e-01       5.968305443545e-01       1.505799720977e-03       2.024281453168e-06       9.999729477292e-01      -1.831420794297e-08      -6.018584713722e-10      -5.303119792278e-13      -6.409176553953e-10      -2.337533028200e-11 
       8.645698413597e-05      -1.100394390200e-03      -8.255349667432e-04      -8.255369806250e-04      -1.100356549675e-03      -8.333814862682e-04       6.121692293281e-01       5.968292139367e-01       1.651073961250e-03       2.219574728623e-06       9.999703379853e-01      -2.008072466512e-08      -7.235790242069e-10      -6.375828747987e-13      -7.705359039462e-10      -2.810276085438e-11 
       9.053157626715e-05      -1.206522352390e-03      -9.051793108755e-04      -9.051817320879e-04      -1.206476859600e-03      -9.137819960153e-04       6.121670390191e-01       5.968277521558e-01       1.810363464176e-03       2.433708400024e-06       9.999674764761e-01      -2.201759735430e-08      -8.699151508742e-10      -7.665430315112e-13      -9.263659433920e-10      -3.378620556125e-11 
       9.479819800938e-05      -1.322882046613e-03      -9.925072368245e-04      -9.925101477575e-04      -1.322827354210e-03      -1.001938868687e-03       6.121646376403e-01       5.968261490425e-01       1.985020295515e-03       2.668499910370e-06       9.999643389611e-01      -2.414122859317e-08      -1.045844108775e-09      -9.215832444110e-13      -1.113707950275e-09      -4.061897330372e-11 
       9.926589943941e-05      -1.450459139007e-03      -1.088259972906e-03      -1.088263472554e-03      -1.450393387371e-03      -1.098600319507e-03       6.121620097680e-01       5.968243924211e-01       2.176526945108e-03       2.925941997043e-06       9.999608987837e-01      -2.646963626009e-08      -1.257350255255e-09      -1.107950786822e-12      -1.338933323851e-09      -4.883346355935e-11 
       1.039441571510e-04      -1.590334083437e-03      -1.193250236665e-03      -1.193254444236e-03      -1.590255035536e-03      -1.204586720121e-03       6.121591180814e-01       5.968224647610e-01       2.386508888472e-03       3.208219628011e-06       9.999571267835e-01      -2.902253493337e-08      -1.511625180602e-09      -1.332077237062e-12      -1.609701661310e-09      -5.870902161841e-11 
       1.088428943559e-04      -1.743691226080e-03      -1.308369148192e-03      -1.308374206776e-03      -1.743596194321e-03      -1.320797574420e-03       6.121559528743e-01       5.968203523844e-01       2.616748413552e-03       3.517728464076e-06       9.999529909267e-01      -3.182155830029e-08      -1.817318403163e-09      -1.601499598544e-12      -1.935220712782e-09      -7.058152173832e-11 
       1.139725019325e-04      -1.911828734206e-03      -1.434593769952e-03      -1.434599851633e-03      -1.911714487180e-03      -1.448219127497e-03       6.121524814152e-01       5.968180349589e-01       2.869199703265e-03       3.857095250724e-06       9.999484561600e-01      -3.489042466695e-08      -2.184825167809e-09      -1.925391388824e-12      -2.326559653722e-09      -8.485469162781e-11 
       1.193438604663e-04      -2.096169508488e-03      -1.572995409293e-03      -1.573002721106e-03      -2.096032161249e-03      -1.587932743147e-03       6.121486745845e-01       5.968154937891e-01       3.146005442212e-03       4.229200037478e-06       9.999434840096e-01      -3.825513271467e-08      -2.626642212807e-09      -2.314827702212e-12      -2.797024768151e-09      -1.020138736666e-10 
       1.249683633289e-04      -2.298273118822e-03      -1.724748711703e-03      -1.724757502423e-03      -2.298108001533e-03      -1.741124078684e-03       6.121445052946e-01       5.968127112356e-01       3.449515004847e-03       4.637200574422e-06       9.999380323222e-01      -4.194414824793e-08      -3.157792989608e-09      -2.783021656959e-12      -3.362611778748e-09      -1.226425113892e-10 
       1.308579408449e-04      -2.519848815509e-03      -1.891141586780e-03      -1.891152155552e-03      -2.519650314831e-03      -1.909093100157e-03       6.121399308569e-01       5.968096584120e-01       3.782304311104e-03       5.084559224110e-06       9.999320547903e-01      -4.598872782534e-08      -3.796336566034e-09      -3.345925579149e-12      -4.042548307098e-09      -1.474419458464e-10 
       1.370250855978e-04      -2.762769883248e-03      -2.073586178341e-03      -2.073598884603e-03      -2.762531252411e-03      -2.093265149742e-03       6.121349187653e-01       5.968063117586e-01       4.147197769206e-03       5.575072130344e-06       9.999255007672e-01      -5.042309976141e-08      -4.563983597107e-09      -4.022589688946e-12      -4.859948173793e-09      -1.772552857242e-10 
       1.434828789286e-04      -3.029089238198e-03      -2.273630801148e-03      -2.273646077546e-03      -3.028802363640e-03      -2.295202988873e-03       6.121294169041e-01       5.968026409180e-01       4.547292155091e-03       6.112901537403e-06       9.999183147094e-01      -5.528476294072e-08      -5.486825804227e-09      -4.836253627540e-12      -5.842595288171e-09      -2.130959161855e-10 
       1.502450186827e-04      -3.321056567707e-03      -2.492973098255e-03      -2.492991464500e-03      -3.320711700148e-03      -2.516620069618e-03       6.121233876177e-01       5.967986162674e-01       4.985982928999e-03       6.702610954751e-06       9.999104356512e-01      -6.061485358503e-08      -6.596236190619e-09      -5.814412067688e-12      -7.023886369031e-09      -2.561821062504e-10 
       1.573258482650e-04      -3.641137029116e-03      -2.733474409570e-03      -2.733496490540e-03      -3.640722449737e-03      -2.759395029545e-03       6.121167771889e-01       5.967942028641e-01       5.466992981080e-03       7.349203914618e-06       9.999017967695e-01      -6.645845222986e-08      -7.929921230486e-09      -6.990379965386e-12      -8.443964598119e-09      -3.079781740837e-10 
       1.647403870647e-04      -3.992031753056e-03      -2.997175574267e-03      -2.997202121413e-03      -3.991533374356e-03      -3.025587630248e-03       6.121095281848e-01       5.967893643871e-01       5.994404242826e-03       8.058166268928e-06       9.998923248231e-01      -7.286491350350e-08      -9.533202921241e-09      -8.404232610428e-12      -1.015108153712e-08      -3.702441997461e-10 
       1.725043623124e-04      -4.376700193536e-03      -3.286314204644e-03      -3.286346121680e-03      -4.376101081748e-03      -3.317456178680e-03       6.121015808199e-01       5.967840597034e-01       6.572692243359e-03       8.835512749480e-06       9.998819396112e-01      -7.988841316363e-08      -1.146056070698e-08      -1.010417433377e-11      -1.220323482817e-08      -4.450958464673e-10 
       1.806342424406e-04      -4.798384617707e-03      -3.603343668863e-03      -3.603382040985e-03      -4.797664423134e-03      -3.637476668885e-03       6.120928686037e-01       5.967782435164e-01       7.206764081971e-03       9.687837826573e-06       9.998705531189e-01      -8.758822660245e-08      -1.377748025558e-08      -1.214763343778e-11      -1.467013231479e-08      -5.350760119015e-10 
       1.891472720151e-04      -5.260636834506e-03      -3.950953863312e-03      -3.950999996165e-03      -5.259771097772e-03      -3.988363730883e-03       6.120833169031e-01       5.967718667944e-01       7.901999992330e-03       1.062237158567e-05       9.998580687750e-01      -9.602934169759e-08      -1.656266655057e-08      -1.460435429986e-11      -1.763555460221e-08      -6.432410441135e-10 
       1.980615083129e-04      -5.767347387344e-03      -4.332093996395e-03      -4.332149460158e-03      -5.766306709213e-03      -4.373093599980e-03       6.120728424905e-01       5.967648742795e-01       8.664298920316e-03       1.164704095144e-05       9.998443808441e-01      -1.052829783541e-07      -1.991071466676e-08      -1.755814038286e-11      -2.120019578038e-08      -7.732643257662e-10 
       2.073958596245e-04      -6.322777481112e-03      -4.749997597340e-03      -4.750064279966e-03      -6.321526527963e-03      -4.794929328594e-03       6.120613583855e-01       5.967572078066e-01       9.500128559933e-03       1.277053664547e-05       9.998293734109e-01      -1.154271378506e-07      -2.393531872488e-08      -2.110953738849e-11      -2.548507253568e-08      -9.295607579208e-10 
       2.171701253604e-04      -6.931593759456e-03      -5.208209885102e-03      -5.208290053694e-03      -6.930090078816e-03      -5.257448371039e-03       6.120487707383e-01       5.967488027398e-01       1.041658010739e-02       1.400238675918e-05       9.998129193606e-01      -1.265473336870e-07      -2.877313265124e-08      -2.537840570278e-11      -3.063561892873e-08      -1.117436325186e-09 
       2.274050380486e-04      -7.598906267286e-03      -5.710617739158e-03      -5.710714122482e-03      -7.597098823915e-03      -5.764572796445e-03       6.120349656418e-01       5.967395858849e-01       1.142142824496e-02       1.535303746684e-05       9.997948794819e-01      -1.387370904541e-07      -3.458835302934e-08      -3.051117822967e-11      -3.682661031294e-08      -1.343267246529e-09 
       2.381223073113e-04      -8.330309908872e-03      -6.261482681399e-03      -6.261598559917e-03      -8.328137384846e-03      -6.320602515957e-03       6.120198333400e-01       5.967294819947e-01       1.252319711983e-02       1.683394102296e-05       9.997751010242e-01      -1.520990161728e-07      -4.157834004277e-08      -3.668218022844e-11      -4.426806863826e-08      -1.614716493076e-09 
       2.493446659134e-04      -9.131929505157e-03      -6.865476859516e-03      -6.865616174235e-03      -9.129318223522e-03      -6.930251536084e-03       6.120032411628e-01       5.967184027218e-01       1.373123234847e-02       1.845765281619e-05       9.997534165076e-01      -1.667453785058e-07      -4.998024378499e-08      -4.410047146771e-11      -5.321235765304e-08      -1.940991893884e-09 
       2.610959179822e-04      -1.001046900980e-02      -7.527722616417e-03      -7.527890107020e-03      -1.000733043149e-02      -7.598687822413e-03       6.119850532887e-01       5.967062565789e-01       1.505578021404e-02       2.023793722177e-05       9.997296428589e-01      -1.827991901383e-07      -6.007903829304e-08      -5.301902211209e-11      -6.396272354411e-08      -2.333158253099e-09 
       2.734009894987e-04      -1.097326492693e-02      -8.253835754599e-03      -8.254037120627e-03      -1.096949267764e-02      -8.331576867114e-03       6.119651109440e-01       5.966929388320e-01       1.650807424125e-02       2.218988393892e-05       9.997035786247e-01      -2.003950513138e-07      -7.221713445073e-08      -6.374134867490e-11      -7.688349136953e-08      -2.804509798875e-09 
       2.862859811694e-04      -1.202834454971e-02      -9.049973062027e-03      -9.050215155326e-03      -1.202381082416e-02      -9.135129538858e-03       6.119432492124e-01       5.966783375109e-01       1.810043031065e-02       2.433003515302e-05       9.996750037649e-01      -2.196804136798e-07      -8.680596513518e-08      -7.663207921546e-11      -9.241239107520e-08      -3.371020014002e-09 
       2.997782237893e-04      -1.318448913624e-02      -9.922884300163e-03      -9.923175357174e-03      -1.317904039873e-02      -1.001615441450e-02       6.119192827857e-01       5.966623293374e-01       1.984635071435e-02       2.667652508375e-05       9.996436767635e-01      -2.408166167274e-07      -1.043398336565e-07      -9.212961292099e-11      -1.110752734058e-07      -4.051879071160e-09 
       3.139063362138e-04      -1.445130254701e-02      -1.087996921258e-02      -1.088031913906e-02      -1.444475435822e-02      -1.098211515227e-02       6.118930106672e-01       5.966447790956e-01       2.176063827812e-02       2.924923277189e-05       9.996093330080e-01      -2.639802677380e-07      -1.254125892392e-07      -1.107618541980e-10      -1.335038175026e-07      -4.870140862292e-09 
       3.287002860635e-04      -1.583928563505e-02      -1.192933997313e-02      -1.192976067589e-02      -1.583141643352e-02      -1.204119330692e-02       6.118642073845e-01       5.966255369475e-01       2.385952135178e-02       3.206994956210e-05       9.995716827174e-01      -2.893645600630e-07      -1.507375766994e-07      -1.331620132894e-10      -1.604567712478e-07      -5.853497474546e-09 
       3.441914532896e-04      -1.735991683154e-02      -1.307988965763e-02      -1.308039544810e-02      -1.735046053882e-02      -1.320235719218e-02       6.118326342914e-01       5.966044412440e-01       2.616079089619e-02       3.516256229339e-05       9.995304082743e-01      -3.171809405846e-07      -1.811717405114e-07      -1.600905089702e-10      -1.928454264411e-07      -7.035212465646e-09 
       3.604126967346e-04      -1.902573942033e-02      -1.434136719962e-02      -1.434197528925e-02      -1.901437649465e-02      -1.447543724504e-02       6.117980229293e-01       5.965813129085e-01       2.868395057850e-02       3.855325411391e-05       9.994851611497e-01      -3.476605903858e-07      -2.177442659161e-07      -1.924648535738e-10      -2.317641369924e-07      -8.455234213146e-09 
       3.773984238309e-04      -2.085045562986e-02      -1.572445956496e-02      -1.572519063421e-02      -2.083680232489e-02      -1.587120857953e-02       6.117600834509e-01       5.965559571003e-01       3.145038126842e-02       4.227072452555e-05       9.994355609472e-01      -3.810563593592e-07      -2.616912019073e-07      -2.313826519270e-10      -2.785270864314e-07      -1.016153788166e-08 
       3.951846635827e-04      -2.284902817179e-02      -1.724088166281e-02      -1.724176058865e-02      -2.283262376046e-02      -1.740148133545e-02       6.117184970663e-01       5.965281597933e-01       3.448352117730e-02       4.634643004879e-05       9.993811894586e-01      -4.176446623516e-07      -3.144968708787e-07      -2.781704438061e-10      -3.347120705487e-07      -1.221173070689e-08 
       4.138091429893e-04      -2.503778962540e-02      -1.890347499808e-02      -1.890453168125e-02      -2.501808096814e-02      -1.907919968751e-02       6.116729137471e-01       5.964976859484e-01       3.780906336250e-02       5.081484782521e-05       9.993215894631e-01      -4.577275705761e-07      -3.779434696489e-07      -3.344178145304e-10      -4.022132740855e-07      -1.467497626732e-08 
       4.333113670686e-04      -2.743455972943e-02      -2.072631555326e-02      -2.072758594142e-02      -2.741088287388e-02      -2.091855012113e-02       6.116229509140e-01       5.964642784083e-01       4.145517188285e-02       5.571376423096e-05       9.992562598232e-01      -5.016350938147e-07      -4.541706574070e-07      -4.020370122941e-10      -4.833043184091e-07      -1.763430353657e-08 
       4.537327026525e-04      -3.005877118708e-02      -2.272483202886e-02      -2.272635933796e-02      -3.003032929208e-02      -2.293508000780e-02       6.115681908855e-01       5.964276557673e-01       4.545271867592e-02       6.108459067892e-05       9.991846519952e-01      -5.497276968287e-07      -5.457468965230e-07      -4.833255521195e-10      -5.807138852302e-07      -2.118937219954e-08 
       4.751164661317e-04      -3.293160406084e-02      -2.491593527987e-02      -2.491777144576e-02      -3.289744096021e-02      -2.514582732015e-02       6.115081735851e-01       5.963875087251e-01       4.983554289152e-02       6.697270923388e-05       9.991061652194e-01      -6.023988290738e-07      -6.557548257742e-07      -5.810385658113e-10      -6.977161940069e-07      -2.545978117114e-08 
       4.975080153356e-04      -3.607612909780e-02      -2.731815992427e-02      -2.732036745382e-02      -3.603509743702e-02      -2.756946255268e-02       6.114423984661e-01       5.963435002535e-01       5.464073490764e-02       7.342785080347e-05       9.990201418844e-01      -6.600779115681e-07      -7.878935295758e-07      -6.985232302139e-10      -8.382393737135e-07      -3.058903893173e-08 
       5.209548457420e-04      -3.951745902204e-02      -2.995181970379e-02      -2.995447364165e-02      -3.946818284122e-02      -3.022644399552e-02       6.113703162346e-01       5.962952589812e-01       5.990894728330e-02       8.050450862532e-05       9.989258620572e-01      -7.232332846932e-07      -9.466015227766e-07      -8.397356031622e-10      -1.006995029387e-06      -3.674930448264e-08 
       5.455066912219e-04      -4.328290993521e-02      -3.283917694647e-02      -3.284236757997e-02      -4.322373896461e-02      -3.313918747369e-02       6.112913260050e-01       5.962423797960e-01       6.568473515994e-02       8.826239069335e-05       9.988225375625e-01      -7.923754987569e-07      -1.137202627409e-06      -1.009495743358e-09      -1.209633235028e-06      -4.414706653241e-08 
       5.712156295313e-04      -4.740216955168e-02      -3.600462854023e-02      -3.600846442274e-02      -4.733112522821e-02      -3.633225197745e-02       6.112047709322e-01       5.961844186013e-01       7.201692884548e-02       9.676691431580e-05       9.987093061211e-01      -8.680608104985e-07      -1.366081830228e-06      -1.213572346285e-09      -1.452927814094e-06      -5.302993194862e-08 
       5.981361927751e-04      -5.190747385577e-02      -3.947490924817e-02      -3.947952080418e-02      -5.182218470580e-02      -3.983254256774e-02       6.111099328014e-01       5.961208887711e-01       7.895904160837e-02       1.060897466622e-04       9.985852248896e-01      -9.508948587177e-07      -1.640894796760e-06      -1.458878739289e-09      -1.744997643391e-06      -6.369473647948e-08 
       6.263254830773e-04      -5.683379071066e-02      -4.327931369946e-02      -4.328485785172e-02      -5.673141495415e-02      -4.366953195776e-02       6.110060250850e-01       5.960512579971e-01       8.656971570344e-02       1.163093953207e-04       9.984492611976e-01      -1.041536635035e-06      -1.970817930734e-06      -1.753778988590e-09      -2.095570568157e-06      -7.649723262920e-08 
       6.558432937020e-04      -6.221900788523e-02      -4.744994011058e-02      -4.745660531006e-02      -6.209614173281e-02      -4.787550280575e-02       6.108921902145e-01       5.959749433642e-01       9.491321062012e-02       1.275118537376e-04       9.983002877676e-01      -1.140702551578e-06      -2.366848173012e-06      -2.108228934741e-09      -2.516298889575e-06      -9.186365605670e-08 
       6.867522358831e-04      -6.810412646257e-02      -5.202195537133e-02      -5.202996831161e-02      -6.795669395641e-02      -5.248581191680e-02       6.107674890614e-01       5.958913068811e-01       1.040599366232e-01       1.397913054046e-04       9.981370701449e-01      -1.249170774563e-06      -2.842158724529e-06      -2.534293404525e-09      -3.021134356083e-06      -1.103045125184e-07 
       7.191178716309e-04      -7.453345407335e-02      -5.703388618917e-02      -5.704351933831e-02      -7.435657617931e-02      -5.753917901741e-02       6.106308976454e-01       5.957996506017e-01       1.140870386766e-01       1.532508930640e-04       9.979582606895e-01      -1.367785770608e-06      -3.412525013211e-06      -3.046437245446e-09      -3.626775889946e-06      -1.324310172375e-07 
       7.530088527984e-04      -8.155479612128e-02      -6.252793600400e-02      -6.253951698264e-02      -8.134263574939e-02      -6.307800131069e-02       6.104812945798e-01       5.956992094350e-01       1.250790339653e-01       1.680035573581e-04       9.977623843816e-01      -1.497462884548e-06      -4.096831302875e-06      -3.662033802184e-09      -4.353200863761e-06      -1.589746522711e-07 
       7.884970667002e-04      -8.921964197187e-02      -6.855033255613e-02      -6.856425494806e-02      -8.896521869765e-02      -6.914869725404e-02       6.103174606725e-01       5.955891489758e-01       1.371285098961e-01       1.841729523944e-04       9.975478342109e-01      -1.639193264550e-06      -4.917673950729e-06      -4.401902388819e-09      -5.224298751449e-06      -1.908104601975e-07 
       8.256577885962e-04      -9.758333975719e-02      -7.515170524836e-02      -7.516844240591e-02      -9.727831057503e-02      -7.580208019145e-02       6.101380612235e-01       5.954685543604e-01       1.503368848118e-01       2.018944415285e-04       9.973128505398e-01      -1.794048502937e-06      -5.902077547430e-06      -5.291179886444e-09      -6.268619728656e-06      -2.289846758886e-07 
       8.645698413597e-04      -1.067052544925e-01      -8.238749935113e-02      -8.240762051971e-02      -1.063396516359e-01      -8.309376664256e-02       6.099416458611e-01       5.953364284594e-01       1.648152410394e-01       2.213161856391e-04       9.970555188941e-01      -1.963185704074e-06      -7.082346256404e-06      -6.360096800872e-09      -7.520267017188e-06      -2.747475724353e-07 
       9.053157626715e-04      -1.166488952738e-01      -9.031842684586e-02      -9.034261567229e-02      -1.162108219018e-01      -9.108461936307e-02       6.097266285126e-01       5.951916771801e-01       1.806852313446e-01       2.426003229905e-04       9.967737451292e-01      -2.147851858803e-06      -8.497075978110e-06      -7.644653704897e-09      -9.019947043068e-06      -3.295923084561e-07 
       9.479819800938e-04      -1.274820181086e-01      -9.901095689296e-02      -9.904003562529e-02      -1.269572802221e-01      -9.984123065807e-02       6.094912854993e-01       5.950331082608e-01       1.980800712506e-01       2.659242575551e-04       9.964652491987e-01      -2.349388749061e-06      -1.019234610919e-05      -9.188515448235e-09      -1.081621667172e-05      -3.953009995934e-07 
       9.926589943941e-04      -1.392766696239e-01      -1.085378526582e-01      -1.085728093648e-01      -1.386483485172e-01      -1.094364469047e-01       6.092337387331e-01       5.948594175263e-01       2.171456187296e-01       2.914820561082e-04       9.961275450087e-01      -2.569236759104e-06      -1.222313710746e-05      -1.104386322616e-08      -1.296694988262e-05      -4.739990463858e-07 
       1.039441571510e-03      -1.521091763747e-01      -1.189787541515e-01      -1.190207764455e-01      -1.513571222964e-01      -1.199499388486e-01       6.089519465567e-01       5.946691822094e-01       2.380415528910e-01       3.194859673719e-04       9.957579257940e-01      -2.808938773506e-06      -1.465499821221e-05      -1.327341452074e-08      -1.554106720658e-05      -5.682192632341e-07 
       1.088428943559e-03      -1.660600537783e-01      -1.304208124524e-01      -1.304713283904e-01      -1.651602910615e-01      -1.314688199592e-01       6.086436885098e-01       5.944608480402e-01       2.609426567809e-01       3.501680691395e-04       9.953534433303e-01      -3.070142865036e-06      -1.756601301588e-05      -1.595272648782e-08      -1.862056452312e-05      -6.809773012046e-07 
       1.139725019325e-03      -1.812138130230e-01      -1.429593825063e-01      -1.430201081049e-01      -1.801378431820e-01      -1.440883181576e-01       6.083065562615e-01       5.942327212552e-01       2.860402162099e-01       3.837820565801e-04       9.949108953579e-01      -3.354604270669e-06      -2.104911250755e-05      -1.917225833156e-08      -2.230289415327e-05      -8.158602065122e-07 
       1.193438604663e-03      -1.976586433877e-01      -1.566987713983e-01      -1.567717692139e-01      -1.963726339480e-01      -1.579125013778e-01       6.079379337710e-01       5.939829521451e-01       3.135435384278e-01       4.206051739013e-04       9.944267969991e-01      -3.664185762180e-06      -2.521478503665e-05      -2.304068211677e-08      -2.670373932830e-05      -9.771300746310e-07 
       1.249683633289e-03      -2.154859462612e-01      -1.717530558903e-01      -1.718408047412e-01      -2.139497776185e-01      -1.730550659220e-01       6.075349934181e-01       5.937095309020e-01       3.436816094823e-01       4.609403120688e-04       9.938973734747e-01      -4.000856906062e-06      -3.019424414276e-05      -2.768866028401e-08      -3.196025686253e-05      -1.169845192352e-06 
       1.308579408449e-03      -2.347896640377e-01      -1.882469641306e-01      -1.883524410537e-01      -2.329558449972e-01      -1.896401823189e-01       6.070946610882e-01       5.934102562051e-01       3.767048821073e-01       5.051182582237e-04       9.933185139062e-01      -4.366689513138e-06      -3.614312842116e-05      -3.327194680081e-08      -3.823481479292e-05      -1.400000558913e-06 
       1.370250855978e-03      -2.556654259020e-01      -2.063168296270e-01      -2.064436189918e-01      -2.534777966258e-01      -2.078034174234e-01       6.066136293613e-01       5.930827463905e-01       4.128872379836e-01       5.535001486988e-04       9.926857801805e-01      -4.763853609317e-06      -4.324577338674e-05      -3.998113118550e-08      -4.571934910906e-05      -1.674691696421e-06 
       1.434828789286e-03      -2.782093347599e-01      -2.261116457519e-01      -2.262640463202e-01      -2.756016407723e-01      -2.276927209986e-01       6.060883215405e-01       5.927244035976e-01       4.525280926403e-01       6.064800847913e-04       9.919943659450e-01      -5.194605403910e-06      -5.172021166582e-05      -4.803885656126e-08      -5.464033425962e-05      -2.002302247548e-06 
       1.502450186827e-03      -3.025165402417e-01      -2.477941607681e-01      -2.479773442225e-01      -2.994107400587e-01      -2.494694877673e-01       6.055148825551e-01       5.923324045007e-01       4.959546884450e-01       6.644879565926e-04       9.912390698112e-01      -5.661275865138e-06      -6.182384542915e-05      -5.771804378112e-08      -6.526448218903e-05      -2.392720952978e-06 
       1.573258482650e-03      -3.286793295008e-01      -2.715421049512e-01      -2.717622848397e-01      -3.249837184693e-01      -2.733097013840e-01       6.048891616764e-01       5.919036792848e-01       5.435245696793e-01       7.279924707785e-04       9.904142745788e-01      -6.166250597911e-06      -7.386001981009e-05      -6.934344435744e-08      -7.790521338409e-05      -2.857588069311e-06 
       1.647403870647e-03      -3.567848387861e-01      -2.975495018489e-01      -2.978141424355e-01      -3.523918891277e-01      -2.994051722936e-01       6.042067286369e-01       5.914349211085e-01       5.956282848710e-01       7.975044268583e-04       9.895139637778e-01      -6.711947107118e-06      -8.818546496818e-05      -8.330446857946e-08      -9.292999403302e-05      -3.410576183638e-06 
       1.725043623124e-03      -3.869121824729e-01      -3.260280420649e-01      -3.263461145968e-01      -3.816962000852e-01      -3.279648270284e-01       6.034628014495e-01       5.909225134289e-01       6.526922291937e-01       8.735801236236e-04       9.885316123511e-01      -7.300780666203e-06      -1.052187074147e-04      -1.000696008347e-07      -1.107684114226e-04      -4.067704224310e-06 
       1.806342424406e-03      -4.191290437199e-01      -3.572086190191e-01      -3.575909013631e-01      -4.129435245079e-01      -3.592161348148e-01       6.026522929109e-01       5.903625620063e-01       7.151818027261e-01       9.568251157333e-04       9.874602474372e-01      -7.935126412730e-06      -1.254495070723e-04      -1.201995669997e-07      -1.319212625117e-04      -4.847689728767e-06 
       1.891472720151e-03      -4.534875393130e-01      -3.913429380343e-01      -3.918023733782e-01      -4.461623243665e-01      -3.934065987133e-01       6.017697835849e-01       5.897508588466e-01       7.836047467564e-01       1.047898131369e-03       9.862924017768e-01      -8.617268906274e-06      -1.494493158486e-04      -1.443646394302e-07      -1.569703689469e-04      -5.772335662633e-06 
       1.980615083129e-03      -4.900193731236e-01      -4.287052268167e-01      -4.292573692112e-01      -4.813575816070e-01      -4.308053474553e-01       6.008095147412e-01       5.890828602495e-01       8.585147384224e-01       1.147515241369e-03       9.850200909673e-01      -9.349341693526e-06      -1.778827059214e-04      -1.733725696537e-07      -1.865891317390e-04      -6.866951813333e-06 
       2.073958596245e-03      -5.287300553679e-01      -4.695940945311e-01      -4.702576170863e-01      -5.185049599005e-01      -4.717048271085e-01       5.997653829204e-01       5.883536633211e-01       9.405152341726e-01       1.256454259398e-03       9.836347947807e-01      -1.013325204969e-05      -2.115197407254e-04      -2.081837597718e-07      -2.215536215568e-04      -8.160803460963e-06 
       2.171701253604e-03      -5.695924232318e-01      -5.143344619196e-01      -5.151318168941e-01      -5.575441229775e-01      -5.164226132026e-01       5.986309736046e-01       5.875580136849e-01       1.030263633788e+00       1.375559450250e-03       9.821274874346e-01      -1.097059695727e-05      -2.512489674579e-04      -2.499643748651e-07      -2.627539982704e-04      -9.687584652897e-06 
       2.274050380486e-03      -6.125388612802e-01      -5.632796851173e-01      -5.642378172266e-01      -5.983712898973e-01      -5.653032994302e-01       5.973995435556e-01       5.866902626943e-01       1.128475634453e+00       1.505746371024e-03       9.804885986632e-01      -1.186255366213e-05      -2.980909250994e-04      -3.000904319938e-07      -3.112056366253e-04      -1.148589094047e-05 
       2.381223073113e-03      -6.574528775725e-01      -6.168137072714e-01      -6.179649677937e-01      -6.408309781984e-01      -6.187205138599e-01       5.960640571132e-01       5.857443673053e-01       1.235929935587e+00       1.648007027430e-03       9.787080385241e-01      -1.280976217083e-05      -3.532114186535e-04      -3.602174869776e-07      -3.680595553288e-04      -1.359968601426e-05 
       2.493446659134e-03      -7.041595486435e-01      -6.753533492300e-01      -6.767365983054e-01      -6.847070838261e-01      -6.770790331523e-01       5.946172080699e-01       5.847138720988e-01       1.353473196611e+00       1.803415211183e-03       9.767752031179e-01      -1.381218463899e-05      -4.179340731863e-04      -4.323324636797e-07      -4.346111705718e-04      -1.607872366926e-05 
       2.610959179822e-03      -7.524150731229e-01      -7.393507673703e-01      -7.410126602839e-01      -7.297134489561e-01      -7.408170347420e-01       5.930514753077e-01       5.835919161176e-01       1.482025320568e+00       1.973132112357e-03       9.746790272656e-01      -1.486894573784e-05      -4.937511768761e-04      -5.188048624843e-07      -5.123063703423e-04      -1.897889015954e-05 
       2.734009894987e-03      -8.018956331161e-01      -8.092959339348e-01      -8.112924703399e-01      -7.754842489977e-01      -8.104084218016e-01       5.913591510837e-01       5.823712060252e-01       1.622584940680e+00       2.158412025769e-03       9.724079849978e-01      -1.597815363986e-05      -5.823314266563e-04      -6.224679651129e-07      -6.027432896406e-04      -2.236241572310e-05 
       2.862859811694e-03      -8.521858286615e-01      -8.857192791080e-01      -8.881176597118e-01      -8.215645299563e-01      -8.863653364129e-01       5.895324385827e-01       5.810440491207e-01       1.776235319424e+00       2.360608418004e-03       9.699501935973e-01      -1.713670453584e-05      -6.855230245247e-04      -7.467010172409e-07      -7.076682817667e-04      -2.629789313121e-05 
       2.997782237893e-03      -9.027671087521e-01      -9.691943222544e-01      -9.720752010299e-01      -8.674015917337e-01      -9.692407442098e-01       5.875635140230e-01       5.796023436804e-01       1.944150402060e+00       2.581180025740e-03       9.672934521620e-01      -1.834007063723e-05      -8.053498498231e-04      -8.955500802323e-07      -8.289635313288e-04      -3.086001895650e-05 
       3.139063362138e-03      -9.530067510584e-01      -1.060340418015e+00      -1.063800579678e+00      -9.123379613180e-01      -1.059631182865e+00       5.854446253595e-01       5.780375971462e-01       2.127601159356e+00       2.821697179113e-03       9.644253316663e-01      -1.958207581231e-05      -9.439981831768e-04      -1.073845411114e-06      -9.686239323028e-04      -3.612895837993e-05 
       3.287002860635e-03      -1.002148356663e+00      -1.159825670419e+00      -1.163981196476e+00      -9.556068555937e-01      -1.158179780340e+00       5.831682662132e-01       5.763410126081e-01       2.327962392951e+00       3.083848587045e-03       9.613333777775e-01      -2.085466992480e-05      -1.103790786905e-03      -1.287334531370e-06      -1.128720423371e-03      -4.218922209113e-05 
       3.441914532896e-03      -1.049304785343e+00      -1.268369493596e+00      -1.273359623753e+00      -9.963318615090e-01      -1.265579189616e+00       5.807272190333e-01       5.745034395580e-01       2.546719247506e+00       3.369447634400e-03       9.580050925974e-01      -2.214770360601e-05      -1.287144327538e-03      -1.542880290966e-06      -1.311345725044e-03      -4.912791097875e-05 
       3.604126967345e-03      -1.093455330258e+00      -1.386745485402e+00      -1.392737217344e+00      -1.033531839291e+00      -1.382574995156e+00       5.781147725812e-01       5.725154941569e-01       2.785474434689e+00       3.680439577013e-03       9.544281913307e-01      -2.344872981396e-05      -1.496506414886e-03      -1.848671820296e-06      -1.518540406523e-03      -5.703220604464e-05 
       3.773984238305e-03      -1.133448446271e+00      -1.515784378852e+00      -1.522977798504e+00      -1.066133245450e+00      -1.509969368839e+00       5.753249282505e-01       5.703676701982e-01       3.045955597008e+00       4.018908973812e-03       9.505908378480e-01      -2.474283702885e-05      -1.734267573436e-03      -2.214400798574e-06      -1.752195640479e-03      -6.598593620749e-05 
       3.951846635814e-03      -1.168012877042e+00      -1.656376077897e+00      -1.665011161762e+00      -1.092992170302e+00      -1.648624698487e+00       5.723525008913e-01       5.680503493574e-01       3.330022323524e+00       4.387086726459e-03       9.464817005212e-01      -2.601255301537e-05      -2.002643630028e-03      -2.651695965481e-06      -2.013930082911e-03      -7.606512869161e-05 
       4.138091429848e-03      -1.195778693156e+00      -1.809472727111e+00      -1.819836894528e+00      -1.112927836810e+00      -1.799467930399e+00       5.691933818476e-01       5.655539863293e-01       3.639673789055e+00       4.787358389819e-03       9.420902796722e-01      -2.723782651248e-05      -2.303525265496e-03      -3.174282910047e-06      -2.304941635379e-03      -8.733240113542e-05 
       4.333113670534e-03      -1.215312663880e+00      -1.976090994456e+00      -1.988528485265e+00      -1.124769919167e+00      -1.963495430639e+00       5.658448224138e-01       5.628693351566e-01       3.977056970529e+00       5.222273533382e-03       9.374072709392e-01      -2.839615698417e-05      -2.638292972064e-03      -3.798508760962e-06      -2.625835871333e-03      -9.983028121942e-05 
       4.537327026042e-03      -1.225168399765e+00      -2.157312864658e+00      -2.172235969106e+00      -1.127422721684e+00      -2.141776866758e+00       5.623052885809e-01       5.599872794466e-01       4.344471938211e+00       5.694552040611e-03       9.324242400949e-01      -2.946285940235e-05      -3.007595522554e-03      -4.543791241842e-06      -2.976435472539e-03      -1.135734126599e-04 
       4.751164659838e-03      -1.223958219734e+00      -2.354290335766e+00      -2.372192371940e+00      -1.119943822036e+00      -2.335463329994e+00       5.585753649318e-01       5.568997573749e-01       4.744384743880e+00       6.207101200623e-03       9.271350506780e-01      -3.041159243541e-05      -3.411104284499e-03      -5.433082124230e-06      -3.355589793054e-03      -1.285402313226e-04 
       4.975080148993e-03      -1.210442762572e+00      -2.568242232802e+00      -2.589713737465e+00      -1.101643779165e+00      -2.545789543457e+00       5.546568705015e-01       5.535989566326e-01       5.179427474931e+00       6.763017268476e-03       9.215343754645e-01      -3.121507206948e-05      -3.847241855230e-03      -6.493762073528e-06      -3.760991729459e-03      -1.446642516336e-04 
       5.209548445017e-03      -1.183646828397e+00      -2.800459421384e+00      -2.826206449784e+00      -1.072196002783e+00      -2.774083885771e+00       5.505538561627e-01       5.500784714613e-01       5.652412899569e+00       7.365607441412e-03       9.156193663142e-01      -3.184615207688e-05      -4.312923409948e-03      -7.758046436391e-06      -4.189048128817e-03      -1.618263917764e-04 
       5.455066878190e-03      -1.142994100914e+00      -3.052302076004e+00      -3.083168905127e+00      -1.031759775150e+00      -3.021773044325e+00       5.462720607906e-01       5.463330086703e-01       6.166337810253e+00       8.018398526990e-03       9.093888407758e-01      -3.227918156888e-05      -4.803325764332e-03      -9.264128909430e-06      -4.634828696715e-03      -1.798492410891e-04 
       5.712156205140e-03      -1.088463875009e+00      -3.325201573722e+00      -3.362197163173e+00      -9.811022501640e-01      -3.290390989992e+00       5.418191949036e-01       5.423590333992e-01       6.724394326346e+00       8.725158414179e-03       9.028439246191e-01      -3.249176952002e-05      -5.311751854327e-03      -1.105736035597e-05      -5.092156675281e-03      -1.984956439023e-04 
       5.981361696754e-03      -1.020752095111e+00      -3.620659397495e+00      -3.664987895375e+00      -9.217089173809e-01      -3.581585217512e+00       5.372044993565e-01       5.381548096757e-01       7.329975790750e+00       9.489911576873e-03       8.959875835679e-01      -3.246677054202e-05      -5.829628383440e-03      -1.319075690952e-05      -5.553893639418e-03      -2.174731357490e-04 
       6.263254258196e-03      -9.414338927001e-01      -3.940242908149e+00      -3.993341811301e+00      -8.558621871115e-01      -3.897122549595e+00       5.324382790708e-01       5.337205430435e-01       7.986683622601e+00       1.031695755913e-02       8.888242326165e-01      -3.219461959521e-05      -6.346741191103e-03      -1.572746327508e-05      -6.012487927551e-03      -2.364480215173e-04 
       6.558431562524e-03      -8.531004793391e-01      -4.285585737616e+00      -4.349169433448e+00      -7.866634413831e-01      -4.238896476057e+00       5.275316429011e-01       5.290588488066e-01       8.698338866896e+00       1.121089689256e-02       8.813598064956e-01      -3.167573495602e-05      -6.851788418465e-03      -1.874165751521e-05      -6.460844978460e-03      -2.550712338892e-04 
       6.867519160582e-03      -7.594447908778e-01      -4.658381061302e+00      -4.734493043214e+00      -7.179716129430e-01      -4.608928432340e+00       5.224954868160e-01       5.241745580537e-01       9.468986086428e+00       1.217664700036e-02       8.736006913577e-01      -3.092284001246e-05      -7.333345365746e-03      -2.232080668623e-05      -6.893549185345e-03      -2.730189446965e-04 
       7.191171496729e-03      -6.652606322107e-01      -5.060380221456e+00      -5.151453387521e+00      -6.542263534730e-01      -5.009370991116e+00       5.173399785445e-01       5.190750821917e-01       1.030290677504e+01       1.321946982371e-02       8.655536040052e-01      -2.996292650150e-05      -7.781336665486e-03      -2.656773221010e-05      -7.308429117178e-03      -2.900496827614e-04 
       7.530072704257e-03      -5.763128629599e-01      -5.493373910617e+00      -5.602304666625e+00      -6.001310013130e-01      -5.442494992675e+00       5.120726485497e-01       5.137693576651e-01       1.120460933325e+01       1.434496507864e-02       8.572232212818e-01      -2.883839066289e-05      -8.189025719391e-03      -3.160400410193e-05      -7.708360535907e-03      -3.060767655752e-04 
       7.884936964503e-03      -4.990399917134e-01      -5.959198893046e+00      -6.089429012745e+00      -5.601806025017e-01      -5.910691913924e+00       5.066986744701e-01       5.082688662006e-01       1.217885802549e+01       1.555911009028e-02       8.486134866605e-01      -2.760698699699e-05      -8.555529909890e-03      -3.757141360494e-05      -8.103111983302e-03      -3.212527252912e-04 
       8.256508074902e-03      -4.400463458326e-01      -6.459703622513e+00      -6.615324316660e+00      -5.380429281391e-01      -6.416442894923e+00       5.012185404015e-01       5.025857796759e-01       1.323064863332e+01       1.686822066004e-02       8.397244997056e-01      -2.634000951634e-05      -8.888623306158e-03      -4.463839056035e-05      -8.510851902729e-03      -3.360555961393e-04 
       8.645557666719e-03      -4.053751912089e-01      -6.996748140714e+00      -7.182606651026e+00      -5.358381748985e-01      -6.962300104382e+00       4.956279632722e-01       4.967329542906e-01       1.436521330205e+01       1.827894390897e-02       8.305529862974e-01      -2.511823105336e-05      -9.207510199307e-03      -5.299884807043e-05      -8.958821095649e-03      -3.513605100968e-04 
       9.052881226195e-03      -3.995697647153e-01      -7.572153497147e+00      -7.793997543777e+00      -5.534093436765e-01      -7.550844333661e+00       4.899169082891e-01       4.907224621622e-01       1.558799508755e+01       1.979819155989e-02       8.210910253715e-01      -2.402548412531e-05      -9.544943939504e-03      -6.288370979980e-05      -9.482506463463e-03      -3.684755892883e-04 
       9.479290692733e-03      -4.246049740859e-01      -8.187679285165e+00      -8.452303611655e+00      -5.877328497590e-01      -8.184640113078e+00       4.840697880476e-01       4.845645779804e-01       1.690460722331e+01       2.143305023484e-02       8.113262582160e-01      -2.313962884323e-05      -9.947826397936e-03      -7.455910857754e-05      -1.012265672711e-02      -3.891089273099e-04 
       9.925601939390e-03      -4.788265234280e-01      -8.844962514236e+00      -9.160387051668e+00      -6.326724535214e-01      -8.866181574974e+00       4.780663505079e-01       4.782666736283e-01       1.832077410334e+01       2.319064957164e-02       8.012427558425e-01      -2.252174968906e-05      -1.047524249892e-02      -8.833524905969e-05      -1.091964596613e-02      -4.152395964634e-04 
       1.039261492092e-02      -5.561351236740e-01      -9.545432662085e+00      -9.921103875204e+00      -6.793000217429e-01      -9.597818990439e+00       4.718828504645e-01       4.718316274809e-01       1.984220775041e+01       2.507794389803e-02       7.908217111038e-01      -2.220462209705e-05      -1.119281493922e-02      -1.045716310346e-04      -1.190517553131e-02      -4.488657685898e-04 
       1.088108379590e-02      -6.457285151507e-01      -1.029022645231e+01      -1.073723157485e+01      -7.169847865786e-01      -1.038169490967e+01       4.654951646890e-01       4.652576114779e-01       2.147446314969e+01       2.710147198954e-02       7.800447423220e-01      -2.218260118132e-05      -1.216267336649e-02      -1.236787677345e-04      -1.309225788377e-02      -4.916289597678e-04 
       1.139167407410e-02      -7.327472046929e-01      -1.108005780125e+01      -1.161135314305e+01      -7.353159654720e-01      -1.121966254405e+01       4.588820891850e-01       4.585379181902e-01       2.322270628611e+01       2.926702040432e-02       7.688970138659e-01      -2.240567460764e-05      -1.342913976213e-02      -1.461207912628e-04      -1.446564753310e-02      -5.443506491956e-04 
       1.192490411388e-02      -8.001191091964e-01      -1.191503139489e+01      -1.254569654781e+01      -7.266847960620e-01      -1.211318679027e+01       4.520289375795e-01       4.516615938796e-01       2.509139309562e+01       3.157919999972e-02       7.573706716434e-01      -2.278079135848e-05      -1.500186612767e-02      -1.724219151971e-04      -1.597629771218e-02      -6.065750755859e-04 
       1.248106954268e-02      -8.316819011260e-01      -1.279447341748e+01      -1.354192564453e+01      -6.889981490507e-01      -1.306323100388e+01       4.449313470697e-01       4.446156190849e-01       2.708385128907e+01       3.404096164649e-02       7.454688273200e-01      -2.318291879840e-05      -1.684044190984e-02      -2.031520550439e-04      -1.754427498871e-02      -6.762712039830e-04 
       1.306015192574e-02      -8.162543623344e-01      -1.371670894184e+01      -1.460091062304e+01      -6.276210917797e-01      -1.407012576382e+01       4.375986302818e-01       4.373888052572e-01       2.920182124609e+01       3.665310209103e-02       7.332096859686e-01      -2.347674518170e-05      -1.884669329156e-02      -2.389245575428e-04      -1.907387440546e-02      -7.498935099035e-04 
       1.366171767776e-02      -7.517558120698e-01      -1.467886758097e+01      -1.572244128903e+01      -5.554458199505e-01      -1.513337420437e+01       4.300546365450e-01       4.299759141466e-01       3.144488257807e+01       3.941369450268e-02       7.206278701612e-01      -2.354619852632e-05      -2.087203870830e-02      -2.803696285300e-04      -2.048119884707e-02      -8.229624752225e-04 
       1.428481967396e-02      -6.479289588537e-01      -1.567666747495e+01      -1.690495217283e+01      -4.902383993953e-01      -1.625140881481e+01       4.223363984353e-01       4.223821294650e-01       3.380990434567e+01       4.231755770928e-02       7.077738379668e-01      -2.332524319471e-05      -2.274535367747e-02      -3.281186854257e-04      -2.172833419546e-02      -8.912004525386e-04 
       1.492792100706e-02      -5.260287784186e-01      -1.670435089552e+01      -1.814528728012e+01      -4.493116231165e-01      -1.742132220366e+01       4.144905207638e-01       4.146267216988e-01       3.629057456023e+01       4.535583449174e-02       6.947110785211e-01      -2.281955494488e-05      -2.432026135292e-02      -3.827593133286e-04      -2.285082570992e-02      -9.519895023234e-04 
       1.558886502105e-02      -4.144414392630e-01      -1.775475376055e+01      -1.943859545772e+01      -4.429941981343e-01      -1.863864334642e+01       4.065682953579e-01       4.067448300404e-01       3.887719091543e+01       4.851582775738e-02       6.815120306306e-01      -2.210899395206e-05      -2.553030685409e-02      -4.447913921033e-04      -2.396137438274e-02      -1.005640458650e-03 
       1.626491417422e-02      -3.406862440817e-01      -1.881950794771e+01      -2.077839000468e+01      -4.696539195938e-01      -1.989722612666e+01       3.986201939784e-01       3.987856409084e-01       4.155678000936e+01       5.178113417661e-02       6.682525337310e-01      -2.132570567035e-05      -2.643005773002e-02      -5.145830962481e-04      -2.521789150975e-02      -1.055808168558e-03 
       1.695286934301e-02      -3.222369560382e-01      -1.988940287828e+01      -2.215676179406e+01      -5.151475603087e-01      -2.118931923866e+01       3.906908939453e-01       3.908065014867e-01       4.431352358811e+01       5.513207928619e-02       6.550054534132e-01      -2.061295964475e-05      -2.719803264433e-02      -5.923983439092e-04      -2.676059548865e-02      -1.108604311459e-03 
       1.764926168430e-02      -3.598993848264e-01      -2.095508688619e+01      -2.356488886187e+01      -5.578602825870e-01      -2.250603777601e+01       3.828190126174e-01       3.828672918947e-01       4.712977772374e+01       5.854684722670e-02       6.418396576511e-01      -2.007878027319e-05      -2.808904478675e-02      -6.782007286586e-04      -2.864370192717e-02      -1.170478804298e-03 
       1.835058760363e-02      -4.369626092307e-01      -2.200745658524e+01      -2.499355556258e+01      -5.775429287991e-01      -2.383793502014e+01       3.750361439369e-01       3.750217860214e-01       4.998711112515e+01       6.200261463088e-02       6.288160139674e-01      -1.976487267971e-05      -2.934730436007e-02      -7.718985273751e-04      -3.079747723700e-02      -1.245763989617e-03 
       1.905354355797e-02      -5.249464628051e-01      -2.303834263348e+01      -2.643378859829e+01      -5.637995188056e-01      -2.517582122940e+01       3.673695878681e-01       3.673134474677e-01       5.286757719659e+01       6.547709477579e-02       6.159884883978e-01      -1.964082267662e-05      -3.111407572016e-02      -8.731812301747e-04      -3.304584400885e-02      -1.334879295392e-03 
       1.975521843946e-02      -5.936175282397e-01      -2.404080824264e+01      -2.787734911736e+01      -5.200524197030e-01      -2.651142473931e+01       3.598433524765e-01       3.597727517876e-01       5.575469823471e+01       6.894977561557e-02       6.034030807627e-01      -1.962530102188e-05      -3.337058883205e-02      -9.816310798835e-04      -3.517517898243e-02      -1.434129116979e-03 
       2.045321634933e-02      -6.210936588665e-01      -2.500960753969e+01      -2.931715553464e+01      -4.612703156126e-01      -2.783795081473e+01       3.524798836885e-01       3.524192045359e-01       5.863431106928e+01       7.240311862470e-02       5.910993825589e-01      -1.962119642439e-05      -3.594118456424e-02      -1.096683325280e-03      -3.702176105290e-02      -1.537085861905e-03 
       2.114570368999e-02      -6.001223046781e-01      -2.594084329155e+01      -3.074739182336e+01      -4.070023378182e-01      -2.915014323588e+01       3.452977963007e-01       3.452623211102e-01       6.149478364671e+01       7.582283373537e-02       5.791071957777e-01      -1.954947587092e-05      -3.855384757170e-02      -1.217784410193e-03      -3.853547807949e-02      -1.636907161356e-03 
       2.183139227336e-02      -5.387378517783e-01      -2.683206203746e+01      -3.216357682722e+01      -3.733207557503e-01      -3.044427474499e+01       3.383117252727e-01       3.383057794287e-01       6.432715365444e+01       7.919814834183e-02       5.674475521747e-01      -1.936931170690e-05      -4.093128291794e-02      -1.344359036698e-03      -3.979265277175e-02      -1.728528886709e-03 
       2.250947928866e-02      -4.559262589636e-01      -2.768230293214e+01      -3.356250272997e+01      -3.671798358476e-01      -3.171796775979e+01       3.315319270551e-01       3.315506591357e-01       6.712500545995e+01       8.252171005208e-02       5.561335851657e-01      -1.908126500490e-05      -4.287687187665e-02      -1.475758086065e-03      -4.095687460716e-02      -1.809960051105e-03 
       2.317956563857e-02      -3.745908967154e-01      -2.849112071461e+01      -3.494195289368e+01      -3.850192521019e-01      -3.296968112790e+01       3.249615943348e-01       3.249947896313e-01       6.988390578735e+01       8.578864186049e-02       5.451674572872e-01      -1.871737218885e-05      -4.432657819943e-02      -1.611500689000e-03      -4.220940213223e-02      -1.882416723461e-03 
       2.384156963309e-02      -3.144846750442e-01      -2.925942834420e+01      -3.630067837254e+01      -4.153988711030e-01      -3.419873197871e+01       3.186004455671e-01       3.186366868496e-01       7.260135674507e+01       8.899667563808e-02       5.345467700972e-01      -1.832414757567e-05      -4.535582719332e-02      -1.750962448495e-03      -4.368077955315e-02      -1.949402563100e-03 
       2.449564690182e-02      -2.872215025625e-01      -2.998836756541e+01      -3.763804061960e+01      -4.439633766025e-01      -3.540480391376e+01       3.124428368449e-01       3.124727675992e-01       7.527608123919e+01       9.214496236929e-02       5.242616560546e-01      -1.794660188713e-05      -4.614453665864e-02      -1.893643306400e-03      -4.540772739315e-02      -2.015337315156e-03 
       2.514212195473e-02      -2.943159069250e-01      -3.067950520802e+01      -3.895397567824e+01      -4.586171641111e-01      -3.658797360307e+01       3.064807680208e-01       3.064988893847e-01       7.790795135648e+01       9.523400612977e-02       5.142994081970e-01      -1.761676253936e-05      -4.691768123934e-02      -2.039101481725e-03      -4.732799328423e-02      -2.084166999145e-03 
       2.578143298704e-02      -3.282026500025e-01      -3.133478918122e+01      -4.024879122025e+01      -4.531608526197e-01      -3.774859582287e+01       3.007048126313e-01       3.007098106528e-01       8.049758244050e+01       9.826517084220e-02       5.046454775442e-01      -1.734859997988e-05      -4.788053100928e-02      -2.186872972270e-03      -4.930903830882e-02      -2.158360409016e-03 
       2.641408926964e-02      -3.754161052534e-01      -3.195635758461e+01      -4.152307185624e+01      -4.285131185761e-01      -3.888726318632e+01       2.951052295446e-01       2.950992000141e-01       8.304614371248e+01       1.012404190161e-01       4.952848791445e-01      -1.713897305722e-05      -4.916662981147e-02      -2.336522706254e-03      -5.119688156558e-02      -2.238504757341e-03 
       2.704063940089e-02      -4.207428902262e-01      -3.254640993732e+01      -4.277756688169e+01      -3.915594942528e-01      -4.000475033702e+01       2.896725189770e-01       2.896596062355e-01       8.555513376338e+01       1.041620381979e-01       4.862027648299e-01      -1.697243745356e-05      -5.080992947412e-02      -2.487641447352e-03      -5.286696415977e-02      -2.323450858899e-03 
       2.766164838054e-02      -4.511818929597e-01      -3.310729405919e+01      -4.401318997446e+01      -3.523618770538e-01      -4.110206111297e+01       2.843984019128e-01       2.843833399794e-01       8.802637994893e+01       1.070326975043e-01       4.773858809210e-01      -1.682769076271e-05      -5.274491780584e-02      -2.639836548953e-03      -5.426129609585e-02      -2.410864506197e-03 
       2.827768155684e-02      -4.588248886175e-01      -3.364160268834e+01      -4.523093411859e+01      -3.207959157570e-01      -4.218038355624e+01       2.792758016466e-01       2.792627121320e-01       9.046186823719e+01       1.098553027988e-01       4.688224726966e-01      -1.668361763238e-05      -5.483098341179e-02      -2.792630924210e-03      -5.540205482775e-02      -2.497942537726e-03 
       2.888929376710e-02      -4.421381581380e-01      -3.415125601408e+01      -4.643174901140e+01      -3.036590010347e-01      -4.324083817035e+01       2.742973978979e-01       2.742890388743e-01       9.286349802280e+01       1.126324856756e-01       4.605001144628e-01      -1.652412229824e-05      -5.689260966644e-02      -2.945794009167e-03      -5.637999393776e-02      -2.582165687437e-03 
       2.949702230981e-02      -4.056398078602e-01      -3.463916598460e+01      -4.761672999461e+01      -3.030054280433e-01      -4.428486308619e+01       2.694582937652e-01       2.694557886628e-01       9.523345998922e+01       1.153675108993e-01       4.524100548182e-01      -1.634002468084e-05      -5.876497558139e-02      -3.098757516821e-03      -5.732422223118e-02      -2.661755635165e-03 
       3.010138268639e-02      -3.581866123676e-01      -3.510733085685e+01      -4.878686072760e+01      -3.159993128626e-01      -4.531368249184e+01       2.647526289066e-01       2.647556082326e-01       9.757372145520e+01       1.180631618955e-01       4.445420022024e-01      -1.612987497722e-05      -6.033260287623e-02      -3.251265852744e-03      -5.836207785046e-02      -2.736021137482e-03 
       3.070286630818e-02      -3.104964073312e-01      -3.555794986304e+01      -4.994317841851e+01      -3.361622658096e-01      -4.632858554066e+01       2.601754459499e-01       2.601824555577e-01       9.988635683701e+01       1.207224356277e-01       4.368872220874e-01      -1.589842098937e-05      -6.155466896265e-02      -3.403065752485e-03      -5.958286207600e-02      -2.805328158975e-03 
       3.130193957039e-02      -2.725046509582e-01      -3.599420334780e+01      -5.108676273643e+01      -3.555091961612e-01      -4.733101694416e+01       2.557230829322e-01       2.557321101475e-01       1.021735254729e+02       1.233487029714e-01       4.294391216244e-01      -1.565398070145e-05      -6.247084669852e-02      -3.553439148149e-03      -6.101447810590e-02      -2.870814509825e-03 
       3.189904385593e-02      -2.511312981275e-01      -3.641780044759e+01      -5.221854907063e+01      -3.669002398975e-01      -4.832203889385e+01       2.513901868442e-01       2.513991709985e-01       1.044370981413e+02       1.259446135329e-01       4.221886813966e-01      -1.540675316333e-05      -6.318788449940e-02      -3.702255578001e-03      -6.261806043982e-02      -2.934182948439e-03 
       3.249459615342e-02      -2.489438024473e-01      -3.683117940370e+01      -5.333950475698e+01      -3.659632305316e-01      -4.930281093755e+01       2.471724424508e-01       2.471796916336e-01       1.066790095140e+02       1.285130878027e-01       4.151286695086e-01      -1.516595363164e-05      -6.385249999460e-02      -3.849078670063e-03      -6.430262313501e-02      -2.997199646746e-03 
       3.308899006411e-02      -2.639100683095e-01      -3.723746994999e+01      -5.445075745360e+01      -3.521145294682e-01      -5.027469642364e+01       2.430669271795e-01       2.430713676465e-01       1.089015149072e+02       1.310576179117e-01       4.082542808632e-01      -1.493835678652e-05      -6.461575079928e-02      -3.993357596202e-03      -6.595287968673e-02      -3.061365274139e-03 
       3.368259703912e-02      -2.901860133286e-01      -3.763846153666e+01      -5.555312773819e+01      -3.284599800904e-01      -5.123858085713e+01       2.390687075241e-01       2.390699597093e-01       1.111062554764e+02       1.335805875456e-01       4.015575309197e-01      -1.472764983662e-05      -6.559739305940e-02      -4.134838146271e-03      -6.746272376349e-02      -3.127699025447e-03 
       3.427576773646e-02      -3.197108306405e-01      -3.803699872640e+01      -5.664764807029e+01      -3.006911551155e-01      -5.219567632995e+01       2.351748138018e-01       2.351731546042e-01       1.132952961406e+02       1.360851624540e-01       3.950336635424e-01      -1.453409080992e-05      -6.686011174687e-02      -4.273027445474e-03      -6.876662511876e-02      -3.196561921155e-03 
       3.486883342232e-02      -3.441899486852e-01      -3.843545054505e+01      -5.773526594622e+01      -2.753411057998e-01      -5.314705735234e+01       2.313819131253e-01       2.313781244131e-01       1.154705318924e+02       1.385741719796e-01       3.886773497016e-01      -1.435504159033e-05      -6.839646705349e-02      -4.407557098438e-03      -6.985598676117e-02      -3.267662579911e-03 
       3.546210736590e-02      -3.569999227705e-01      -3.883607998565e+01      -5.881678045214e+01      -2.579381817269e-01      -5.409367595778e+01       2.276864422259e-01       2.276815921561e-01       1.176335609043e+02       1.410500596423e-01       3.824827987569e-01      -1.418572285960e-05      -7.013274405812e-02      -4.538032708781e-03      -7.078093374073e-02      -3.340135630025e-03 
       3.605588619481e-02      -3.546224314700e-01      -3.924147289828e+01      -5.989317584949e+01      -2.515160474843e-01      -5.503670721096e+01       2.240860693271e-01       2.240812867912e-01       1.197863516990e+02       1.435157908483e-01       3.764462199549e-01      -1.402033777864e-05      -7.194841997292e-02      -4.664036475853e-03      -7.163569703207e-02      -3.412738158092e-03 
       3.665045119063e-02      -3.372516422579e-01      -3.965416128399e+01      -6.096533054366e+01      -2.559174619004e-01      -5.597725600513e+01       2.205783501815e-01       2.205746220093e-01       1.219306610873e+02       1.459740689515e-01       3.705635453483e-01      -1.385306793634e-05      -7.370545434216e-02      -4.785136456219e-03      -7.253087069354e-02      -3.484064509057e-03 
       3.724606951266e-02      -3.086109963839e-01      -4.007699213916e+01      -6.203429912052e+01      -2.679736507495e-01      -5.691664359335e+01       2.171618555063e-01       2.171598698402e-01       1.240685982410e+02       1.484281024176e-01       3.648323437673e-01      -1.367906369127e-05      -7.528135030939e-02      -4.900881712256e-03      -7.356248906261e-02      -3.552799341224e-03 
       3.784299534431e-02      -2.748577650922e-01      -4.051211328576e+01      -6.310080100894e+01      -2.825737863528e-01      -5.785582879778e+01       2.138338700375e-01       2.138339262726e-01       1.262016020179e+02       1.508801430358e-01       3.592480063524e-01      -1.349515154790e-05      -7.659812290015e-02      -5.010906102404e-03      -7.478420655489e-02      -3.617943964948e-03 
       3.844147096019e-02      -2.431472808620e-01      -4.096211692984e+01      -6.416570700659e+01      -2.941394199779e-01      -5.879597421256e+01       2.105926408245e-01       2.105946272281e-01       1.283314140132e+02       1.533328957638e-01       3.538074518916e-01      -1.330021870016e-05      -7.763948952373e-02      -5.114711331243e-03      -7.619419978888e-02      -3.678975502412e-03 
       3.904172771505e-02      -2.197931647706e-01      -4.142967481909e+01      -6.523008857930e+01      -2.983168346146e-01      -5.973842044401e+01       2.074371169000e-01       2.074405610100e-01       1.304601771586e+02       1.557896147926e-01       3.485088582276e-01      -1.309560413786e-05      -7.845664071861e-02      -5.212098660741e-03      -7.773578730247e-02      -3.736045948835e-03 
       3.964398695723e-02      -2.088809031872e-01      -4.191724666661e+01      -6.629468770674e+01      -2.931204961491e-01      -6.068419754885e+01       2.043652124365e-01       2.043693893797e-01       1.325893754135e+02       1.582526947788e-01       3.433486136732e-01      -1.288433157417e-05      -7.915301374481e-02      -5.302431251873e-03      -7.931557830347e-02      -3.789836512732e-03 
       4.024846087044e-02      -2.114979614198e-01      -4.242729391964e+01      -6.736049779524e+01      -2.793439175195e-01      -6.163452475127e+01       2.013756047410e-01       2.013796824432e-01       1.347209955905e+02       1.607251235891e-01       3.383244649951e-01      -1.267108618472e-05      -7.985922279991e-02      -5.385550058295e-03      -8.083227805971e-02      -3.841604752370e-03 
       4.085535324819e-02      -2.252311118527e-01      -4.296245692053e+01      -6.842828932110e+01      -2.604553431243e-01      -6.259044024465e+01       1.984663571263e-01       1.984695677045e-01       1.368565786422e+02       1.632094981545e-01       3.334332295156e-01      -1.246091841223e-05      -8.070576920917e-02      -5.460863563807e-03      -8.220580988136e-02      -3.892877876602e-03 
       4.146486020563e-02      -2.453902029416e-01      -4.352526842384e+01      -6.949902418796e+01      -2.411023860604e-01      -6.355309762691e+01       1.956360328849e-01       1.956378156342e-01       1.389980483759e+02       1.657087356005e-01       3.286725526194e-01      -1.225847100089e-05      -8.178316735794e-02      -5.528033566596e-03      -8.340430527548e-02      -3.945152241006e-03 
       4.207717083329e-02      -2.659648337515e-01      -4.411758635455e+01      -7.057338800564e+01      -2.258990576685e-01      -6.452329803899e+01       1.928821394981e-01       1.928822483780e-01       1.411467760113e+02       1.682249779886e-01       3.240384383403e-01      -1.206704263170e-05      -8.312720528881e-02      -5.586889852743e-03      -8.445006161355e-02      -3.999612578254e-03 
       4.269246779746e-02      -2.808259405211e-01      -4.474219794471e+01      -7.165245413596e+01      -2.182513529302e-01      -6.550228519957e+01       1.902035173902e-01       1.902020744128e-01       1.433049082719e+02       1.707615801608e-01       3.195292231257e-01      -1.188794406054e-05      -8.471505109526e-02      -5.637028096673e-03      -8.541461945553e-02      -4.056883267373e-03 
       4.331092789152e-02      -2.865399774078e-01      -4.540158288096e+01      -7.273715440134e+01      -2.184427286464e-01      -6.649114454195e+01       1.875987693474e-01       1.875962013036e-01       1.454743088027e+02       1.733211906691e-01       3.151424994967e-01      -1.171947215771e-05      -8.644951142104e-02      -5.678129448717e-03      -8.639622736787e-02      -4.116475131356e-03 
       4.393272254233e-02      -2.813770560779e-01      -4.609785007637e+01      -7.382810420710e+01      -2.250717693225e-01      -6.749065365937e+01       1.850654251930e-01       1.850623818837e-01       1.476562084142e+02       1.759059264699e-01       3.108744043451e-01      -1.155841535509e-05      -8.822429427564e-02      -5.709801225505e-03      -8.748338648763e-02      -4.177417856194e-03 
       4.455801827569e-02      -2.665650535259e-01      -4.683183168715e+01      -7.492618231967e+01      -2.347094389623e-01      -6.850163469272e+01       1.826013313217e-01       1.825985336516e-01       1.498523646393e+02       1.785180469965e-01       3.067215713694e-01      -1.140021751180e-05      -8.992215923446e-02      -5.732425035296e-03      -8.873589719533e-02      -4.238152181811e-03 
       4.518697714421e-02      -2.500178968791e-01      -4.760748016239e+01      -7.603227380708e+01      -2.398720795699e-01      -6.952545075098e+01       1.802069730763e-01       1.802049168711e-01       1.520645476142e+02       1.811592452270e-01       3.026830472724e-01      -1.123547957179e-05      -9.135939860228e-02      -5.744954294946e-03      -9.015297823569e-02      -4.294760663399e-03 
       4.581975712116e-02      -2.292505280573e-01      -4.842546630581e+01      -7.714719580162e+01      -2.447784180422e-01      -7.056288128032e+01       1.778778375643e-01       1.778769394025e-01       1.542943916032e+02       1.838346289150e-01       2.987548603837e-01      -1.106971283833e-05      -9.275166718698e-02      -5.747739827578e-03      -9.167566058085e-02      -4.350243952430e-03 
       4.645651246315e-02      -2.101651435853e-01      -4.928768831906e+01      -7.827155407632e+01      -2.442382488217e-01      -7.161475180512e+01       1.756131601481e-01       1.756135797906e-01       1.565431081526e+02       1.865444963543e-01       2.949338911129e-01      -1.089579290462e-05      -9.396077230537e-02      -5.740555428190e-03      -9.328081105073e-02      -4.401362294275e-03 
       4.709739404439e-02      -1.965084457805e-01      -5.019598581805e+01      -7.940636376876e+01      -2.378446444368e-01      -7.268223480421e+01       1.734119059863e-01       1.734134907478e-01       1.588127275375e+02       1.892917239053e-01       2.912183996181e-01      -1.071373958834e-05      -9.503138562987e-02      -5.723277863899e-03      -9.489168858472e-02      -4.447757683158e-03 
       4.774254966524e-02      -1.795774038744e-01      -5.115140249033e+01      -8.055253538804e+01      -2.406409177984e-01      -7.376627053175e+01       1.712678249258e-01       1.712703083524e-01       1.611050707761e+02       1.920848516575e-01       2.876046020054e-01      -1.054780733469e-05      -9.655280650142e-02      -5.696189540999e-03      -9.646442757217e-02      -4.500968669652e-03 
       4.839212433710e-02      -1.725180091596e-01      -5.215514729834e+01      -8.171009957333e+01      -2.250970532219e-01      -7.486698398640e+01       1.691870521949e-01       1.691903906757e-01       1.634201991467e+02       1.949112644698e-01       2.840890060374e-01      -1.035391155921e-05      -9.739003264364e-02      -5.658845866096e-03      -9.808632489467e-02      -4.538787410149e-03 
       4.904626054591e-02      -1.777327687663e-01      -5.320762642415e+01      -8.288014042356e+01      -2.071653307921e-01      -7.598554121864e+01       1.671638565398e-01       1.671671781381e-01       1.657602808471e+02       1.977807012261e-01       2.806692776672e-01      -1.015724870228e-05      -9.827360453218e-02      -5.611917250781e-03      -9.952011911277e-02      -4.573236833335e-03 
       4.970509849602e-02      -1.928663219641e-01      -5.431056378813e+01      -8.406319765584e+01      -1.919973243093e-01      -7.712266835302e+01       1.651964016526e-01       1.651988490632e-01       1.681263953117e+02       2.006946888638e-01       2.773421920912e-01      -9.963894597714e-06      -9.935313738991e-02      -5.554947629478e-03      -1.007622813742e-01      -4.607589986531e-03 
       5.036877633628e-02      -2.098728454561e-01      -5.546416123901e+01      -8.526026957466e+01      -2.095251292714e-01      -7.827943102428e+01       1.632745901738e-01       1.632745901738e-01       1.705205391493e+02       2.036684078102e-01       2.741036626508e-01      -9.827175232570e-06      -1.018347631702e-01      -5.488595117792e-03      -1.018342039051e-01      -4.669674335886e-03 
       5.103743036975e-02      -2.075901554941e-01      -5.666779799816e+01      -8.647111374482e+01      -2.072459422111e-01      -7.945454759353e+01       1.614109891294e-01       1.614109891294e-01       1.729422274896e+02       2.066738917211e-01       2.709489681858e-01      -9.668339244136e-06      -1.033375001837e-01      -5.412998798871e-03      -1.033369458606e-01      -4.714879572784e-03 
       5.171119524854e-02      -2.053684709893e-01      -5.792168044266e+01      -8.769645369535e+01      -2.050276506222e-01      -8.064921105380e+01       1.595956868073e-01       1.595956868073e-01       1.753929073907e+02       2.097279343854e-01       2.678755264687e-01      -9.508549865430e-06      -1.048645167617e-01      -5.328516856446e-03      -1.048639671927e-01      -4.759655134758e-03 
       5.239020415505e-02      -2.032050976020e-01      -5.922500211336e+01      -8.893649923181e+01      -2.028675697956e-01      -8.186346979347e+01       1.578259584781e-01       1.578259584781e-01       1.778729984636e+02       2.128302203320e-01       2.648785644567e-01      -9.351629471154e-06      -1.064156551474e-01      -5.235680112151e-03      -1.064151101660e-01      -4.804075279703e-03 
       5.307458897075e-02      -2.010976513841e-01      -6.057730708293e+01      -9.019208369769e+01      -2.007633215614e-01      -8.309793628089e+01       1.561003116756e-01       1.561003116756e-01       1.803841673954e+02       2.159824986415e-01       2.619556962237e-01      -9.196273766661e-06      -1.079917898678e-01      -5.135097101722e-03      -1.079912493207e-01      -4.848265112269e-03 
       5.376448043353e-02      -1.990416432295e-01      -6.197736077756e+01      -9.146300704764e+01      -1.987104255626e-01      -8.435225796312e+01       1.544155423114e-01       1.544155423114e-01       1.829260140953e+02       2.191839808430e-01       2.591016389278e-01      -9.042660160681e-06      -1.095925266705e-01      -5.027155686214e-03      -1.095919904215e-01      -4.892268484687e-03 
       5.446000828457e-02      -1.970334947272e-01      -6.342335750280e+01      -9.274958400638e+01      -1.967053115570e-01      -8.562641645130e+01       1.527692740183e-01       1.527692740183e-01       1.854991680128e+02       2.224348473622e-01       2.563125364131e-01      -8.893161687994e-06      -1.112179557507e-01      -4.912754419711e-03      -1.112174236811e-01      -4.936224826484e-03 
       5.516130140571e-02      -1.950692728742e-01      -6.491358515240e+01      -9.405176552195e+01      -1.947440542022e-01      -8.692010984449e+01       1.511587913401e-01       1.511587913401e-01       1.881035310439e+02       2.257345249226e-01       2.535839436904e-01      -8.743227685678e-06      -1.128677904550e-01      -4.792453185389e-03      -1.128672624613e-01      -4.980208095147e-03 
       5.586848794792e-02      -1.931452112875e-01      -6.644522903514e+01      -9.536969792760e+01      -1.928228958766e-01      -8.823302770731e+01       1.495815578442e-01       1.495815578442e-01       1.907393958552e+02       2.290824781223e-01       2.509117308697e-01      -8.599200708098e-06      -1.145417630632e-01      -4.667406275402e-03      -1.145412390611e-01      -5.024382924162e-03 
       5.658169545170e-02      -1.912583116399e-01      -6.801645281130e+01      -9.670355860131e+01      -1.909388444074e-01      -8.956503454613e+01       1.480355068183e-01       1.480355068183e-01       1.934071172026e+02       2.324785625673e-01       2.482925166606e-01      -8.456370015344e-06      -1.162398013659e-01      -4.538303164339e-03      -1.162392812836e-01      -5.068850954875e-03 
       5.730105096009e-02      -1.894026058601e-01      -6.962252594403e+01      -9.805235038734e+01      -1.890859438038e-01      -9.091459098561e+01       1.465164490278e-01       1.465164490278e-01       1.961047007747e+02       2.359191445545e-01       2.457194153886e-01      -8.319226054498e-06      -1.179600884874e-01      -4.406385699551e-03      -1.179595722773e-01      -5.113731697921e-03 
       5.802668112475e-02      -1.875758919552e-01      -7.126080244238e+01      -9.941655359566e+01      -1.872619973578e-01      -9.228168582256e+01       1.450229515328e-01       1.450229515328e-01       1.988331071913e+02       2.394044703157e-01       2.431901136570e-01      -8.183439246303e-06      -1.197027475317e-01      -4.272733185844e-03      -1.197022351579e-01      -5.159193139661e-03 
       5.875871230577e-02      -1.857734558726e-01      -7.292722755253e+01      -1.007953231521e+02      -1.854623001719e-01      -9.366500748682e+01       1.435516807100e-01       1.435516807100e-01       2.015906463041e+02       2.429314696668e-01       2.406991242023e-01      -8.053227997160e-06      -1.214662433889e-01      -4.138394222617e-03      -1.214657348334e-01      -5.205336171495e-03 
       5.949727066567e-02      -1.839915729845e-01      -7.461716306492e+01      -1.021882926024e+02      -1.836831357228e-01      -9.506354709592e+01       1.421000383532e-01       1.421000383532e-01       2.043765852048e+02       2.464978644396e-01       2.382421829164e-01      -7.924864576953e-06      -1.232494369582e-01      -4.004728308674e-03      -1.232489322198e-01      -5.252323621653e-03 
       6.024248225797e-02      -1.822261223681e-01      -7.632548063945e+01      -1.035948641316e+02      -1.819203913408e-01      -9.647603145536e+01       1.406652597392e-01       1.406652597392e-01       2.071897282632e+02       2.501008377676e-01       2.358147916070e-01      -7.801122881593e-06      -1.250509197894e-01      -3.873185306944e-03      -1.250504188838e-01      -5.300321880963e-03 
       6.099447311085e-02      -1.804729427721e-01      -7.804699702320e+01      -1.050140040616e+02      -1.801699141489e-01      -9.790082216160e+01       1.392443022126e-01       1.392443022126e-01       2.100280081232e+02       2.537364544171e-01       2.334119065248e-01      -7.680353675945e-06      -1.268687242494e-01      -3.745026305112e-03      -1.268682272085e-01      -5.349447653726e-03 
       6.175336930616e-02      -1.787286663030e-01      -7.977590725405e+01      -1.064453020938e+02      -1.784283432456e-01      -9.933669615370e+01       1.378349755079e-01       1.378349755079e-01       2.128906041876e+02       2.574020918825e-01       2.310299900311e-01      -7.563717731871e-06      -1.287015390708e-01      -3.621938700138e-03      -1.287010459413e-01      -5.399906957729e-03 
       6.251929705421e-02      -1.769891688243e-01      -8.150618761362e+01      -1.078874504230e+02      -1.766915625860e-01      -1.007816621823e+02       1.364342501332e-01       1.364342501332e-01       2.157749008460e+02       2.610929496990e-01       2.286640153127e-01      -7.450774971718e-06      -1.305469640055e-01      -3.505294237532e-03      -1.305464748495e-01      -5.451816932617e-03 
       6.329238276460e-02      -1.752509976931e-01      -8.323119984202e+01      -1.093396328813e+02      -1.749561265420e-01      -1.022340375825e+02       1.350397925667e-01       1.350397925667e-01       2.186792657626e+02       2.648052172628e-01       2.263101793268e-01      -7.341384323196e-06      -1.324030937373e-01      -3.396858749522e-03      -1.324026086314e-01      -5.505373071091e-03 
       6.407275311340e-02      -1.735105291683e-01      -8.494462571976e+01      -1.108004536947e+02      -1.732184181531e-01      -1.036917141003e+02       1.336489496650e-01       1.336489496650e-01       2.216009073894e+02       2.685338442216e-01       2.239640830044e-01      -7.235491194628e-06      -1.342674030777e-01      -3.298013795150e-03      -1.342669221108e-01      -5.560689304639e-03 
       6.486053510691e-02      -1.717642866718e-01      -8.663918981528e+01      -1.122686256715e+02      -1.714749676661e-01      -1.051525261014e+02       1.322592627189e-01       1.322592627189e-01       2.245372513429e+02       2.722737373664e-01       2.216216789480e-01      -7.133749283768e-06      -1.361373454085e-01      -3.210489604947e-03      -1.361368686832e-01      -5.617931544010e-03 
       6.565585614227e-02      -1.700091730619e-01      -8.830749527151e+01      -1.137428861428e+02      -1.697226839772e-01      -1.066143094821e+02       1.308685301677e-01       1.308685301677e-01       2.274857722857e+02       2.760198073865e-01       2.192793393152e-01      -7.035415310420e-06      -1.380103760629e-01      -3.136017363291e-03      -1.380099036933e-01      -5.677265921934e-03 
       6.645884406518e-02      -1.682421466456e-01      -8.994219095754e+01      -1.152217101436e+02      -1.679585309796e-01      -1.080746924010e+02       1.294745392341e-01       1.294745392341e-01       2.304434202872e+02       2.797664054064e-01       2.169334001478e-01      -6.940930888742e-06      -1.398836705928e-01      -3.076183054789e-03      -1.398832027032e-01      -5.738826037538e-03 
       6.726962722477e-02      -1.664607660595e-01      -9.153595186402e+01      -1.167037596800e+02      -1.661800719563e-01      -1.095314600881e+02       1.280755061538e-01       1.280755061538e-01       2.334075193599e+02       2.835082835535e-01       2.145809054681e-01      -6.850063372427e-06      -1.417546050530e-01      -3.032658183395e-03      -1.417541417768e-01      -5.802765997956e-03 
       6.808833452604e-02      -1.646621060337e-01      -9.308076963558e+01      -1.181871836287e+02      -1.643843868025e-01      -1.109818732653e+02       1.266692594872e-01       1.266692594872e-01       2.363743672574e+02       2.872388473577e-01       2.122182448653e-01      -6.762709633960e-06      -1.436198821995e-01      -3.007025323906e-03      -1.436194236789e-01      -5.869201071825e-03 
       6.891509547984e-02      -1.628440679381e-01      -9.456933845973e+01      -1.196703328356e+02      -1.625693804817e-01      -1.124234653766e+02       1.252541851712e-01       1.252541851712e-01       2.393406656712e+02       2.909521480618e-01       2.098427163254e-01      -6.679176338463e-06      -1.454765276476e-01      -3.000738415473e-03      -1.454760740309e-01      -5.938239223867e-03 
       6.975004025066e-02      -1.610048892334e-01      -9.599416566565e+01      -1.211516652352e+02      -1.607332934565e-01      -1.138538289885e+02       1.238289407949e-01       1.238289407949e-01       2.423033304705e+02       2.946424252142e-01       2.074520770855e-01      -6.598903082933e-06      -1.473216611666e-01      -3.015332729153e-03      -1.473212126071e-01      -6.010004266228e-03 
       7.059329970233e-02      -1.591427821449e-01      -9.734800709415e+01      -1.226292448994e+02      -1.588743406301e-01      -1.152702722096e+02       1.223920686558e-01       1.223920686558e-01       2.452584897989e+02       2.983030915913e-01       2.050438603061e-01      -6.522338229250e-06      -1.491519891408e-01      -3.052041610854e-03      -1.491515457956e-01      -6.084558753159e-03 
       7.144500544176e-02      -1.572567396184e-01      -9.862395423846e+01      -1.241015392287e+02      -1.569915163350e-01      -1.166704846454e+02       1.209427089266e-01       1.209427089266e-01       2.482030784573e+02       3.019285568145e-01       2.026165998063e-01      -6.448756355150e-06      -1.509647163795e-01      -3.112159260313e-03      -1.509642784073e-01      -6.161993221493e-03 
       7.230528986090e-02      -1.553455350842e-01      -9.981478113137e+01      -1.255666819031e+02      -1.550835955749e-01      -1.180518341850e+02       1.194798270057e-01       1.194798270057e-01       2.511333638062e+02       3.055124035319e-01       2.001685346681e-01      -6.378278094024e-06      -1.527566342051e-01      -3.196898502862e-03      -1.527562017660e-01      -6.242370285863e-03 
       7.317428617696e-02      -1.534091791312e-01      -1.009152657672e+02      -1.270232108066e+02      -1.531505879797e-01      -1.194123258838e+02       1.180031885536e-01       1.180031885536e-01       2.540464216132e+02       3.090496846349e-01       1.976991958641e-01      -6.311023575791e-06      -1.545252690669e-01      -3.306974845774e-03      -1.545248423174e-01      -6.325705018500e-03 
       7.405212847100e-02      -1.514471626828e-01      -1.019190283984e+02      -1.284693214470e+02      -1.511919845710e-01      -1.207495075802e+02       1.165122173594e-01       1.165122173594e-01       2.569386428940e+02       3.125343374913e-01       1.952075601106e-01      -6.246257405932e-06      -1.562675896506e-01      -3.443294094375e-03      -1.562671687457e-01      -6.412020281901e-03 
       7.493895172510e-02      -1.494601042875e-01      -1.028220545522e+02      -1.299035502851e+02      -1.492084015199e-01      -1.220615677093e+02       1.150070737494e-01       1.150070737494e-01       2.598071005702e+02       3.159617873392e-01       1.926937959590e-01      -6.184418067152e-06      -1.579813085819e-01      -3.606164781888e-03      -1.579808936696e-01      -6.501276520009e-03 
       7.583489185804e-02      -1.474486136487e-01      -1.036196630142e+02      -1.313245287458e+02      -1.472004463713e-01      -1.233466705609e+02       1.134879624695e-01       1.134879624695e-01       2.626490574916e+02       3.193274480742e-01       1.901581627350e-01      -6.124932433098e-06      -1.596641328146e-01      -3.796068826877e-03      -1.596637240371e-01      -6.593460245738e-03 
       7.674008575965e-02      -1.454137098587e-01      -1.043089781708e+02      -1.327307117266e+02      -1.451691348416e-01      -1.246031118431e+02       1.119552692124e-01       1.119552692124e-01       2.654614234532e+02       3.226268769739e-01       1.876011797366e-01      -6.067226011912e-06      -1.613138409969e-01      -4.012830472972e-03      -1.613134384869e-01      -6.688461146133e-03 
       7.765467132399e-02      -1.433572133705e-01      -1.048877685652e+02      -1.341213084893e+02      -1.431162828750e-01      -1.258299032783e+02       1.104100544768e-01       1.104100544768e-01       2.682426169787e+02       3.258575385919e-01       1.850245155013e-01      -6.012043109063e-06      -1.629291654162e-01      -4.256455016187e-03      -1.629287692960e-01      -6.786232203492e-03 
       7.857878748124e-02      -1.412811723491e-01      -1.053555085131e+02      -1.354952456179e+02      -1.410439330692e-01      -1.270260858483e+02       1.088533869519e-01       1.088533869519e-01       2.709904912358e+02       3.290167069011e-01       1.824297984924e-01      -5.958348614081e-06      -1.645087430727e-01      -4.526041113908e-03      -1.645083534505e-01      -6.886585592330e-03 
       7.951257422856e-02      -1.391877400828e-01      -1.057121495422e+02      -1.368516318544e+02      -1.389542333616e-01      -1.281909225845e+02       1.072865016695e-01       1.072865016695e-01       2.737032637089e+02       3.321023067430e-01       1.798189632262e-01      -5.905752452989e-06      -1.660515363999e-01      -4.820986306184e-03      -1.660511533715e-01      -6.989391035400e-03 
       8.045617265987e-02      -1.370800256967e-01      -1.059596988993e+02      -1.381901900657e+02      -1.368502852473e-01      -1.293244934364e+02       1.057112640306e-01       1.057112640306e-01       2.763803801313e+02       3.351141801954e-01       1.771949666284e-01      -5.854928450890e-06      -1.675574664543e-01      -5.139857874261e-03      -1.675570900977e-01      -7.094428659503e-03 
       8.140972499466e-02      -1.349610985653e-01      -1.061009320396e+02      -1.395105828294e+02      -1.347351508408e-01      -1.304269463901e+02       1.041294950828e-01       1.041294950828e-01       2.790211656588e+02       3.380522652164e-01       1.745606866145e-01      -5.804881660650e-06      -1.690265022318e-01      -5.481195906765e-03      -1.690261326082e-01      -7.201476295880e-03 
       8.237337460583e-02      -1.328347395824e-01      -1.061407868220e+02      -1.408130556855e+02      -1.326126022103e-01      -1.314992371346e+02       1.025435464734e-01       1.025435464734e-01       2.816261113710e+02       3.409184995348e-01       1.719198847454e-01      -5.755188738521e-06      -1.704596126167e-01      -5.843041560530e-03      -1.704592497674e-01      -7.310273975788e-03 
       8.334726604670e-02      -1.307047107018e-01      -1.060853015398e+02      -1.420978448854e+02      -1.304863924651e-01      -1.325424819155e+02       1.009557390360e-01       1.009557390360e-01       2.841956897708e+02       3.437151412392e-01       1.692762656365e-01      -5.706374190228e-06      -1.718579266733e-01      -6.223106999108e-03      -1.718575706196e-01      -7.420517928592e-03 
       8.433154507717e-02      -1.285752895192e-01      -1.059421831736e+02      -1.433657082557e+02      -1.283607895280e-01      -1.335584789754e+02       9.936874450220e-02       9.936874450220e-02       2.867314165113e+02       3.464460599650e-01       1.666341068944e-01      -5.657652392669e-06      -1.732233792407e-01      -6.618763053816e-03      -1.732230299825e-01      -7.531883102003e-03 
       8.532635868907e-02      -1.264509792286e-01      -1.057208039514e+02      -1.446177636507e+02      -1.262402864260e-01      -1.345495757699e+02       9.778543843116e-02       9.778543843116e-02       2.892355273015e+02       3.491165094803e-01       1.639980374047e-01      -5.608539805032e-06      -1.745585972255e-01      -7.027083337593e-03      -1.745582547402e-01      -7.644025565724e-03 
       8.633185513081e-02      -1.243369938521e-01      -1.054334116611e+02      -1.458556388418e+02      -1.241300857691e-01      -1.355189766363e+02       9.620908308328e-02       9.620908308328e-02       2.917112776836e+02       3.517335931688e-01       1.613732820642e-01      -5.559548667013e-06      -1.758671323445e-01      -7.444381879587e-03      -1.758667965844e-01      -7.756521251897e-03 
       8.734818393131e-02      -1.222374199024e-01      -1.050911029672e+02      -1.470809137191e+02      -1.220342641184e-01      -1.364696707874e+02       9.464252572447e-02       9.464252572447e-02       2.941618274381e+02       3.543045491169e-01       1.587645170474e-01      -5.509697566069e-06      -1.771526036627e-01      -7.867448715054e-03      -1.771522745585e-01      -7.869020626924e-03 
       8.837549592326e-02      -1.201578749066e-01      -1.047091475232e+02      -1.482958264917e+02      -1.199584275352e-01      -1.374058240785e+02       9.308917436397e-02       9.308917436397e-02       2.965916529834e+02       3.568384737174e-01       1.561771577312e-01      -5.458803149098e-06      -1.784195594012e-01      -8.291974868147e-03      -1.784192368587e-01      -7.981042964607e-03 
       8.941394326581e-02      -1.181032186581e-01      -1.043024815259e+02      -1.495030154053e+02      -1.179074250435e-01      -1.383318788866e+02       9.155232286500e-02       9.155232286500e-02       2.990060308107e+02       3.593459025148e-01       1.536165802140e-01      -5.407102691609e-06      -1.796732673552e-01      -8.714070822182e-03      -1.796729512574e-01      -8.092198024089e-03 
       9.046367946662e-02      -1.160790466446e-01      -1.038898342109e+02      -1.507056466964e+02      -1.158868400091e-01      -1.392532894700e+02       9.003562265519e-02       9.003562265519e-02       3.014112933927e+02       3.618395015633e-01       1.510886922078e-01      -5.354155518276e-06      -1.809200605777e-01      -9.128804565988e-03      -1.809197507816e-01      -8.201977969250e-03 
       9.152485940339e-02      -1.140899928841e-01      -1.034882655034e+02      -1.519067622102e+02      -1.139012965703e-01      -1.401751531349e+02       8.854216007503e-02       8.854216007503e-02       3.038135244203e+02       3.643312250502e-01       1.485985108502e-01      -5.299398960024e-06      -1.821659161834e-01      -9.531873501879e-03      -1.821656125251e-01      -8.309956852522e-03 
       9.259763934485e-02      -1.121409987739e-01      -1.031170649686e+02      -1.531100123771e+02      -1.119557257160e-01      -1.411034061294e+02       8.707524017114e-02       8.707524017114e-02       3.062200247542e+02       3.668350607354e-01       1.461514139359e-01      -5.243448401621e-06      -1.834178280737e-01      -9.918561335747e-03      -1.834175303677e-01      -8.415684362747e-03 
       9.368217697132e-02      -1.102374978957e-01      -1.027987531582e+02      -1.543197793652e+02      -1.100555496830e-01      -1.420450774863e+02       8.563849784601e-02       8.563849784601e-02       3.086395587303e+02       3.693676100116e-01       1.437533161416e-01      -5.185549808551e-06      -1.846840969689e-01      -1.028352963678e-02      -1.846838050058e-01      -8.518665310404e-03 
       9.477863139475e-02      -1.083828550028e-01      -1.025506043061e+02      -1.555394192026e+02      -1.082041263906e-01      -1.430055544282e+02       8.423423115509e-02       8.423423115509e-02       3.110788384052e+02       3.719416297950e-01       1.414079743186e-01      -5.125454249704e-06      -1.859711013407e-01      -1.062276750103e-02      -1.859708148975e-01      -8.618533041246e-03 
       9.588716317841e-02      -1.065822325079e-01      -1.023967003274e+02      -1.567742180428e+02      -1.064066077233e-01      -1.439928446193e+02       8.286598722363e-02       8.286598722363e-02       3.135484360856e+02       3.745762882665e-01       1.391211950155e-01      -5.063778443231e-06      -1.872884253011e-01      -1.093093584101e-02      -1.872881441332e-01      -8.714840621637e-03 
       9.700793435611e-02      -1.048387179424e-01      -1.023568215556e+02      -1.580279328009e+02      -1.046660750528e-01      -1.450130464240e+02       8.153585815359e-02       8.153585815359e-02       3.160558656019e+02       3.772860045806e-01       1.368963922709e-01      -4.999934652115e-06      -1.886432784397e-01      -1.120359276585e-02      -1.886430022903e-01      -8.807187429403e-03 
       9.814110845115e-02      -1.031560487340e-01      -1.024522431180e+02      -1.593059393175e+02      -1.029862587855e-01      -1.460738119719e+02       8.024652980001e-02       8.024652980001e-02       3.186118786349e+02       3.800893352302e-01       1.347380052211e-01      -4.933820838103e-06      -1.900449390163e-01      -1.143659822840e-02      -1.900446676151e-01      -8.895296575966e-03 
       9.928685049485e-02      -1.015364112368e-01      -1.027022604857e+02      -1.606121345912e+02      -1.013693410460e-01      -1.471812801869e+02       7.899955379705e-02       7.899955379705e-02       3.212242691823e+02       3.830009791828e-01       1.326485916814e-01      -4.865372216804e-06      -1.915007565227e-01      -1.162589534231e-02      -1.915004895914e-01      -8.978830991463e-03 
       1.004453270449e-01      -9.998210181099e-02      -1.031259451164e+02      -1.619513042151e+02      -9.981761430652e-02      -1.483422832057e+02       7.779661781169e-02       7.779661781169e-02       3.239026084301e+02       3.860374804059e-01       1.306309538320e-01      -4.795914215676e-06      -1.930190029494e-01      -1.176796306823e-02      -1.930187402029e-01      -9.057569490805e-03 
       1.016167062032e-01      -9.849437819014e-02      -1.037399961199e+02      -1.633276726454e+02      -9.833233452131e-02      -1.495628312370e+02       7.663874206648e-02       7.663874206648e-02       3.266553452907e+02       3.892135098441e-01       1.286868180448e-01      -4.724191789085e-06      -1.946070137710e-01      -1.185995742003e-02      -1.946067549221e-01      -9.131358132363e-03 
       1.028011576338e-01      -9.707404781251e-02      -1.045600774518e+02      -1.647454214933e+02      -9.691430830010e-02      -1.508487412170e+02       7.552665807582e-02       7.552665807582e-02       3.294908429867e+02       3.925433476315e-01       1.268174455972e-01      -4.650351881610e-06      -1.962719290547e-01      -1.189935444429e-02      -1.962716738158e-01      -9.200084002231e-03 
       1.039988525803e-01      -9.572090046888e-02      -1.055978630654e+02      -1.662082888179e+02      -9.556332708835e-02      -1.522048572153e+02       7.446045110986e-02       7.446045110986e-02       3.324165776359e+02       3.960390784556e-01       1.250230589706e-01      -4.575538583932e-06      -1.980197911390e-01      -1.188496008072e-02      -1.980195392278e-01      -9.263794114844e-03 
       1.052099638834e-01      -9.443387316525e-02      -1.068631571610e+02      -1.677190184905e+02      -9.427833096544e-02      -1.536349236681e+02       7.343956553877e-02       7.343956553877e-02       3.354380369811e+02       3.997099884413e-01       1.233028117619e-01      -4.499195580450e-06      -1.998552430784e-01      -1.181564502901e-02      -1.998549942206e-01      -9.322492569333e-03 
       1.064346659978e-01      -9.321182209151e-02      -1.083630698408e+02      -1.692812671209e+02      -9.305817994064e-02      -1.551430205221e+02       7.246354376353e-02       7.246354376353e-02       3.385625342418e+02       4.035666718103e-01       1.216560735087e-01      -4.421483249712e-06      -2.017835819735e-01      -1.169175730263e-02      -2.017833359052e-01      -9.376431729850e-03 
       1.076731350094e-01      -9.205201723961e-02      -1.101002427871e+02      -1.708965177452e+02      -9.190015065197e-02      -1.567307654619e+02       7.153073652526e-02       7.153073652526e-02       3.417930354903e+02       4.076134832923e-01       1.200802263655e-01      -4.343201681771e-06      -2.038069851738e-01      -1.151409375077e-02      -2.038067416462e-01      -9.425814285574e-03 
       1.089255486525e-01      -9.095041130927e-02      -1.120692923682e+02      -1.725654762822e+02      -9.080020571066e-02      -1.583979135762e+02       7.063870462492e-02       7.063870462492e-02       3.451309525644e+02       4.118506435800e-01       1.185714009732e-01      -4.264321817523e-06      -2.059255630026e-01      -1.128594618684e-02      -2.059253217900e-01      -9.471142689043e-03 
       1.101920863262e-01      -8.990440077103e-02      -1.142711186903e+02      -1.742898606341e+02      -8.975574794062e-02      -1.601460086883e+02       6.978590417624e-02       6.978590417624e-02       3.485797212683e+02       4.162825215668e-01       1.171271587469e-01      -4.185010310418e-06      -2.081414998918e-01      -1.100871932459e-02      -2.081412607834e-01      -9.512711926715e-03 
       1.114729291118e-01      -8.890804219363e-02      -1.166892271298e+02      -1.760683630131e+02      -8.876084781813e-02      -1.619714594151e+02       6.896864469500e-02       6.896864469500e-02       3.521367260262e+02       4.209015048152e-01       1.157416007676e-01      -4.106090844526e-06      -2.104509895912e-01      -1.068844060906e-02      -2.104507524076e-01      -9.551290912436e-03 
       1.127682597891e-01      -8.795646321319e-02      -1.193115569234e+02      -1.778999234304e+02      -8.781064412711e-02      -1.638715548173e+02       6.818384087310e-02       6.818384087310e-02       3.557998468608e+02       4.257018105985e-01       1.144097715921e-01      -4.027448580927e-06      -2.128511407129e-01      -1.032957314330e-02      -2.128509052992e-01      -9.587446234083e-03 
       1.140782628537e-01      -8.704345152923e-02      -1.221171687180e+02      -1.797819989132e+02      -8.689893864926e-02      -1.658410131140e+02       6.742755556234e-02       6.742755556234e-02       3.595639978265e+02       4.306716998848e-01       1.131253462866e-01      -3.949560214570e-06      -2.153360837096e-01      -9.938850876016e-03      -2.153358499424e-01      -9.621975969549e-03 
       1.154031245340e-01      -8.616251352945e-02      -1.250815475476e+02      -1.817111843736e+02      -8.601925234149e-02      -1.678733003489e+02       6.669563325881e-02       6.669563325881e-02       3.634223687473e+02       4.357963997789e-01       1.118816334594e-01      -3.872926943735e-06      -2.178984321019e-01      -9.523737299360e-03      -2.178981998895e-01      -9.655731452973e-03 
       1.167430328075e-01      -8.530666922508e-02      -1.281752503117e+02      -1.836828780056e+02      -8.516462069741e-02      -1.699601497814e+02       6.598355554835e-02       6.598355554835e-02       3.673657560113e+02       4.410569141724e-01       1.106713373042e-01      -3.797808135780e-06      -2.205286878018e-01      -9.092642088296e-03      -2.205284570862e-01      -9.689627633840e-03 
       1.180981774189e-01      -8.446899923338e-02      -1.313654545905e+02      -1.856921483773e+02      -8.432813968056e-02      -1.720925084206e+02       6.528686027787e-02       6.528686027787e-02       3.713842967546e+02       4.464324858992e-01       1.094872594434e-01      -3.724530419388e-06      -2.232164721928e-01      -8.654816657420e-03      -2.232162429496e-01      -9.724673691985e-03 
       1.194687498966e-01      -8.364197143483e-02      -1.346143631681e+02      -1.877321861084e+02      -8.350229345793e-02      -1.742590256718e+02       6.460059586586e-02       6.460059586586e-02       3.754643722167e+02       4.518966107333e-01       1.083213756640e-01      -3.653466335861e-06      -2.259485331274e-01      -8.220129931195e-03      -2.259483053667e-01      -9.761863946265e-03 
       1.208549435706e-01      -8.281777358028e-02      -1.378804661888e+02      -1.897946182544e+02      -8.267928640451e-02      -1.764465035896e+02       6.391956145974e-02       6.391956145974e-02       3.795892365089e+02       4.574181562734e-01       1.071652332197e-01      -3.584889990760e-06      -2.287093043697e-01      -7.798958706281e-03      -2.287090781367e-01      -9.802182374136e-03 
       1.222569535902e-01      -8.198975325710e-02      -1.411217919903e+02      -1.918724832304e+02      -8.185248053648e-02      -1.786428290914e+02       6.323939763218e-02       6.323939763218e-02       3.837449664608e+02       4.629688946206e-01       1.060117728104e-01      -3.519013167118e-06      -2.314846719395e-01      -7.402015625463e-03      -2.314844473103e-01      -9.846718532736e-03 
       1.236749769417e-01      -8.115083060463e-02      -1.442930084723e+02      -1.939566746990e+02      -8.101481085421e-02      -1.808336197742e+02       6.255535629613e-02       6.255535629613e-02       3.879133493980e+02       4.685147832135e-01       1.048532646555e-01      -3.456148241718e-06      -2.342576145250e-01      -7.040103947454e-03      -2.342573916068e-01      -9.896466098058e-03 
       1.251092124670e-01      -8.029441370541e-02      -1.473479690378e+02      -1.960376892923e+02      -8.015969911780e-02      -1.830040437568e+02       6.186298258715e-02       6.186298258715e-02       3.920753785847e+02       4.740205837977e-01       1.036824437809e-01      -3.396444936495e-06      -2.370105129708e-01      -6.723880080247e-03      -2.370102918988e-01      -9.952373978119e-03 
       1.265598608818e-01      -7.941478672110e-02      -1.502424869460e+02      -1.981060617055e+02      -7.928144109227e-02      -1.851395998352e+02       6.115836408761e-02       6.115836408761e-02       3.962121234111e+02       4.794516766099e-01       1.024929116742e-01      -3.339976332628e-06      -2.397260573718e-01      -6.463107691423e-03      -2.397258383050e-01      -1.001526760208e-02 
       1.280271247951e-01      -7.850660464351e-02      -1.529310302638e+02      -2.001519670829e+02      -7.837470251568e-02      -1.872252869083e+02       6.043782492977e-02       6.043782492977e-02       4.003039341657e+02       4.847721848378e-01       1.012786504486e-01      -3.286895682068e-06      -2.423863093000e-01      -6.267610694362e-03      -2.423860924189e-01      -1.008595782110e-02 
       1.295112087282e-01      -7.756578478511e-02      -1.553733788663e+02      -2.021661400182e+02      -7.743540852816e-02      -1.892473736171e+02       5.969847876682e-02       5.969847876682e-02       4.043322800364e+02       4.899490233139e-01       1.000349064852e-01      -3.237188027149e-06      -2.449747261568e-01      -6.145467055604e-03      -2.449745116569e-01      -1.016504382247e-02 
       1.310123191347e-01      -7.658908923813e-02      -1.575324187914e+02      -2.041395373038e+02      -7.646032709543e-02      -1.911927851916e+02       5.893797084589e-02       5.893797084589e-02       4.082790746077e+02       4.949504945441e-01       9.875777868612e-02      -3.190808945631e-06      -2.474754591843e-01      -6.103610630067e-03      -2.474752472721e-01      -1.025297775819e-02 
       1.325306644210e-01      -7.557428932852e-02      -1.593751483230e+02      -2.060638769198e+02      -7.544723319392e-02      -1.930496984386e+02       5.815461407337e-02       5.815461407337e-02       4.121277538396e+02       4.997478207684e-01       9.744444954265e-02      -3.147706065586e-06      -2.498741194965e-01      -6.147751246850e-03      -2.498739103842e-01      -1.035008153072e-02 
       1.340664549670e-01      -7.452065951734e-02      -1.608773428460e+02      -2.079321605066e+02      -7.439540162581e-02      -1.948086823278e+02       5.734766371239e-02       5.734766371239e-02       4.158643210131e+02       5.043176068098e-01       9.609361135997e-02      -3.107542176977e-06      -2.521590095062e-01      -6.281058443057e-03      -2.521588034049e-01      -1.045639395871e-02 
       1.356199031477e-01      -7.342849812052e-02      -1.620206891643e+02      -2.097385936292e+02      -7.330512879814e-02      -1.964621947877e+02       5.651707719742e-02       5.651707719742e-02       4.194771872584e+02       5.086409904251e-01       9.470510538908e-02      -3.070296684581e-06      -2.543206980980e-01      -6.505168887803e-03      -2.543204952125e-01      -1.057180727264e-02 
       1.371912233555e-01      -7.229961505281e-02      -1.627977048618e+02      -2.114791383579e+02      -7.217821940337e-02      -1.980057868312e+02       5.566377988041e-02       5.566377988041e-02       4.229582767158e+02       5.127062327415e-01       9.328033168284e-02      -3.035601181670e-06      -2.563533158486e-01      -6.818798123586e-03      -2.563531163707e-01      -1.069590577626e-02 
       1.387806320229e-01      -7.113674328533e-02      -1.632078052424e+02      -2.131511763518e+02      -7.101739928301e-02      -1.994372256986e+02       5.478931767951e-02       5.478931767951e-02       4.263023527037e+02       5.165068204365e-01       9.182170112767e-02      -3.003221548188e-06      -2.582536061140e-01      -7.218960814866e-03      -2.582534102183e-01      -1.082811480463e-02 
       1.403883476462e-01      -6.994399816084e-02      -1.632629618390e+02      -2.147540366930e+02      -6.982677356567e-02      -2.007577916767e+02       5.389613328964e-02       5.389613328964e-02       4.295080733859e+02       5.200444120182e-01       9.033307336686e-02      -2.972553905045e-06      -2.600223981722e-01      -7.699412266116e-03      -2.600222060091e-01      -1.096752033966e-02 
       1.420145908098e-01      -6.872665419501e-02      -1.629844519858e+02      -2.162897169334e+02      -6.861160433903e-02      -2.019723716629e+02       5.298748412679e-02       5.298748412679e-02       4.325794338667e+02       5.233294029012e-01       8.881964821120e-02      -2.943466167239e-06      -2.616648897586e-01      -8.252018681161e-03      -2.616647014506e-01      -1.111308707851e-02 
       1.436595842114e-01      -6.749099983778e-02      -1.624053761115e+02      -2.177621782872e+02      -6.737816542835e-02      -2.030892668499e+02       5.206729094485e-02       5.206729094485e-02       4.355243565743e+02       5.263801788182e-01       8.728769921207e-02      -2.915372239099e-06      -2.631902737725e-01      -8.865761598753e-03      -2.631900894091e-01      -1.126349366304e-02 
       1.453235526881e-01      -6.624420793014e-02      -1.615693567428e+02      -2.191778303581e+02      -6.613361329524e-02      -2.041203907343e+02       5.114009812050e-02       5.114009812050e-02       4.383556607163e+02       5.292238412364e-01       8.574452647604e-02      -2.887873735811e-06      -2.646121009839e-01      -9.527417347221e-03      -2.646119206182e-01      -1.141724919746e-02 
       1.470067232437e-01      -6.499395350783e-02      -1.605292998328e+02      -2.205447575152e+02      -6.488560561369e-02      -2.050804464953e+02       5.021078368630e-02       5.021078368630e-02       4.410895150304e+02       5.318940430411e-01       8.419797209056e-02      -2.860507932124e-06      -2.659471978736e-01      -1.022166903222e-02      -2.659470215206e-01      -1.157266943360e-02 
       1.487093250766e-01      -6.374864011665e-02      -1.593478836037e+02      -2.218740838344e+02      -6.364252731604e-02      -2.059881191035e+02       4.928478532953e-02       4.928478532953e-02       4.437481676689e+02       5.344342898361e-01       8.265681558273e-02      -2.832885212943e-06      -2.672173172840e-01      -1.093164601722e-02      -2.672171449180e-01      -1.172802059585e-02 
       1.504315896089e-01      -6.251671457851e-02      -1.580945438113e+02      -2.231782588926e+02      -6.241280664025e-02      -2.068642112871e+02       4.836757733111e-02       4.836757733111e-02       4.463565177851e+02       5.368931059614e-01       8.112989880072e-02      -2.804619824118e-06      -2.684467214254e-01      -1.163911525055e-02      -2.684465529807e-01      -1.188145731941e-02 
       1.521737505165e-01      -6.130650343571e-02      -1.568446217941e+02      -2.244709205004e+02      -6.120475191254e-02      -2.077314009606e+02       4.746458404632e-02       4.746458404632e-02       4.489418410008e+02       5.393235965388e-01       7.962599367312e-02      -2.775240923516e-06      -2.696619628979e-01      -1.232488761655e-02      -2.696617982694e-01      -1.203107583331e-02 
       1.539360437612e-01      -6.012681296817e-02      -1.556782390285e+02      -2.257688399329e+02      -6.002715143813e-02      -2.086156617195e+02       4.658147489527e-02       4.658147489527e-02       4.515376798658e+02       5.417861876482e-01       7.815424219138e-02      -2.744870575710e-06      -2.708932547791e-01      -1.296972324737e-02      -2.708930938241e-01      -1.217510270522e-02 
       1.557187076226e-01      -5.898460807929e-02      -1.546753317428e+02      -2.270880846988e+02      -5.888695387279e-02      -2.095423626518e+02       4.572325741785e-02       4.572325741785e-02       4.541761693975e+02       5.443434429373e-01       7.672292242585e-02      -2.712417449629e-06      -2.721718789275e-01      -1.355548919015e-02      -2.721717214687e-01      -1.231197224100e-02 
       1.575219827324e-01      -5.788691636829e-02      -1.539144000467e+02      -2.284449627027e+02      -5.779117285945e-02      -2.105368501981e+02       4.489444636514e-02       4.489444636514e-02       4.568899254054e+02       5.470544569094e-01       7.533931059811e-02      -2.678238298021e-06      -2.735273826234e-01      -1.406416428201e-02      -2.735272284547e-01      -1.244007040979e-02 
       1.593461121101e-01      -5.683967291497e-02      -1.534697284018e+02      -2.298567873618e+02      -5.674573152302e-02      -2.116246497118e+02       4.409913456763e-02       4.409913456763e-02       4.597135747236e+02       5.499807356314e-01       7.401011162675e-02      -2.642150492508e-06      -2.749905189245e-01      -1.448044259996e-02      -2.749903678157e-01      -1.255823961073e-02 
       1.611913411993e-01      -5.584679340426e-02      -1.534070081515e+02      -2.313371601020e+02      -5.575453729283e-02      -2.128269345462e+02       4.334009280398e-02       4.334009280398e-02       4.626743202040e+02       5.531735857002e-01       7.273989022931e-02      -2.603857913142e-06      -2.765869411460e-01      -1.479066652777e-02      -2.765867928501e-01      -1.266537947882e-02 
       1.630579179063e-01      -5.491181603296e-02      -1.537823019989e+02      -2.329011438633e+02      -5.482112272494e-02      -2.141646031206e+02       4.261970780215e-02       4.261970780215e-02       4.658022877267e+02       5.566827741893e-01       7.153253666082e-02      -2.563765759392e-06      -2.783415328346e-01      -1.498502151735e-02      -2.783413870947e-01      -1.276094232737e-02 
       1.649460926397e-01      -5.403596926720e-02      -1.546380063249e+02      -2.345602045107e+02      -5.394671442551e-02      -2.156535206673e+02       4.193908313294e-02       4.193908313294e-02       4.691204090215e+02       5.605478895341e-01       7.038995130856e-02      -2.521917290642e-06      -2.802740882101e-01      -1.505741387808e-02      -2.802739447670e-01      -1.284475202824e-02 
       1.668561183526e-01      -5.321912172396e-02      -1.559997106949e+02      -2.363226717429e+02      -5.313118322807e-02      -2.173044166654e+02       4.129814992080e-02       4.129814992080e-02       4.726453434857e+02       5.647943752733e-01       6.931202858698e-02      -2.478453709013e-06      -2.823973290354e-01      -1.500555224825e-02      -2.823971876367e-01      -1.291694119991e-02 
       1.687882505850e-01      -5.245853453109e-02      -1.578765409062e+02      -2.381942645628e+02      -5.237179540899e-02      -2.191233673998e+02       4.069588039610e-02       4.069588039610e-02       4.763885291257e+02       5.694425426876e-01       6.829739618805e-02      -2.433415540695e-06      -2.847214109380e-01      -1.483328403731e-02      -2.847212713438e-01      -1.297847509611e-02 
       1.707427475096e-01      -5.175101327770e-02      -1.602565726082e+02      -2.401760609737e+02      -5.166536621842e-02      -2.211094330917e+02       4.012996432439e-02       4.012996432439e-02       4.803521219475e+02       5.744886863783e-01       6.734222966616e-02      -2.387574429380e-06      -2.872444811960e-01      -1.454723819389e-02      -2.872443431891e-01      -1.303028739837e-02 
       1.727198699783e-01      -5.109105488444e-02      -1.631077630583e+02      -2.422647939217e+02      -5.100640530300e-02      -2.232550424550e+02       3.959702479842e-02       3.959702479842e-02       4.845295878434e+02       5.799169075540e-01       6.644114759655e-02      -2.341034833374e-06      -2.899585903850e-01      -1.415972449258e-02      -2.899584537770e-01      -1.307394170252e-02 
       1.747198815714e-01      -5.047208723432e-02      -1.663792698877e+02      -2.444540893488e+02      -5.038835571760e-02      -2.255472078198e+02       3.909295799123e-02       3.909295799123e-02       4.889081786976e+02       5.856984171539e-01       6.558758135703e-02      -2.294257966002e-06      -2.928493439405e-01      -1.368762634047e-02      -2.928492085770e-01      -1.311145109118e-02 
       1.767430486482e-01      -4.988609004558e-02      -1.699999060594e+02      -2.467327600897e+02      -4.980321492403e-02      -2.279658923296e+02       3.861275306499e-02       3.861275306499e-02       4.934655201794e+02       5.917882409825e-01       6.477350970833e-02      -2.247879579948e-06      -2.958942547258e-01      -1.315231544240e-02      -2.958941204913e-01      -1.314520304158e-02 
       1.787896404004e-01      -4.932489378233e-02      -1.738822975867e+02      -2.490859788201e+02      -4.924283273651e-02      -2.304856055261e+02       3.815087756403e-02       3.815087756403e-02       4.981719576401e+02       5.981249508138e-01       6.398990512710e-02      -2.202339631409e-06      -2.990626085853e-01      -1.257739912858e-02      -2.990624754069e-01      -1.317761320747e-02 
       1.808599289070e-01      -4.877855956190e-02      -1.779246417868e+02      -2.514958532737e+02      -4.869728994388e-02      -2.330761429080e+02       3.770147932827e-02       3.770147932827e-02       5.029917065475e+02       6.046434127890e-01       6.322754291875e-02      -2.157562832040e-06      -3.023218385474e-01      -1.199146109817e-02      -3.023217063945e-01      -1.321178069991e-02 
       1.829541891925e-01      -4.824154730514e-02      -1.820335082673e+02      -2.539542225735e+02      -4.816106148286e-02      -2.357165460566e+02       3.726065570125e-02       3.726065570125e-02       5.079084451470e+02       6.112923797743e-01       6.247999892893e-02      -2.114606953263e-06      -3.056463210110e-01      -1.141914668534e-02      -3.056461898872e-01      -1.325047026324e-02 
       1.850726992858e-01      -4.770247642805e-02      -1.860775814050e+02      -2.564288359642e+02      -4.762278999433e-02      -2.383603459683e+02       3.682089145944e-02       3.682089145944e-02       5.128576719283e+02       6.179619464187e-01       6.173508198850e-02      -2.073662882028e-06      -3.089811032523e-01      -1.089138509011e-02      -3.089809732093e-01      -1.329629218912e-02 
       1.872157402839e-01      -4.715169556588e-02      -1.899296027223e+02      -2.588889071066e+02      -4.707284424924e-02      -2.409628925157e+02       3.637561452393e-02       3.637561452393e-02       5.177778142131e+02       6.245446795002e-01       6.098205573665e-02      -2.034838197472e-06      -3.122724686190e-01      -1.043658235932e-02      -3.122723397501e-01      -1.335152145839e-02 
       1.893835964156e-01      -4.658156303480e-02      -1.934732288807e+02      -2.613080771350e+02      -4.650359836286e-02      -2.434848281341e+02       3.591963937376e-02       3.591963937376e-02       5.226161542701e+02       6.309462186268e-01       6.021245562656e-02      -1.998481109926e-06      -3.154732368825e-01      -1.008012720075e-02      -3.154731093134e-01      -1.341822268249e-02 
       1.915765551102e-01      -4.598575702111e-02      -1.966028197613e+02      -2.636606406185e+02      -4.590874319814e-02      -2.458889658228e+02       3.544859343792e-02       3.544859343792e-02       5.273212812370e+02       6.370767075817e-01       5.941911387266e-02      -1.964578349865e-06      -3.185384799089e-01      -9.843425569284e-03      -3.185383537908e-01      -1.349794251867e-02 
       1.937949070674e-01      -4.536001328201e-02      -1.992311217783e+02      -2.659255366338e+02      -4.528402277329e-02      -2.481447305473e+02       3.495947815560e-02       3.495947815560e-02       5.318510732675e+02       6.428620679619e-01       5.859709745358e-02      -1.933207538623e-06      -3.214311584807e-01      -9.743128804679e-03      -3.214310339809e-01      -1.359180526465e-02 
       1.960389463306e-01      -4.470149797435e-02      -2.012908161992e+02      -2.680826678496e+02      -4.462660796643e-02      -2.502253824662e+02       3.445015457522e-02       3.445015457522e-02       5.361653356993e+02       6.482363372959e-01       5.774283590322e-02      -1.904251577916e-06      -3.241182913543e-01      -9.789177033578e-03      -3.241181686479e-01      -1.370007229933e-02 
       1.983089703634e-01      -4.401021628130e-02      -2.027452989676e+02      -2.701215260211e+02      -4.393650291127e-02      -2.521167254788e+02       3.392043488297e-02       3.392043488297e-02       5.402430520421e+02       6.531640482093e-01       5.685595273171e-02      -1.877546578861e-06      -3.265821448463e-01      -9.984895173305e-03      -3.265820241046e-01      -1.382257842344e-02 
       2.006052801287e-01      -4.328823314981e-02      -2.035872582581e+02      -2.720363931269e+02      -4.321576742444e-02      -2.538129612803e+02       3.337132882005e-02       3.337132882005e-02       5.440727862538e+02       6.576277950586e-01       5.593795267355e-02      -1.852838258330e-06      -3.288140161478e-01      -1.032546646585e-02      -3.288138975293e-01      -1.395826643545e-02 
       2.029281801717e-01      -4.253941221330e-02      -2.038445868698e+02      -2.738308218638e+02      -4.246825471478e-02      -2.553212607643e+02       3.280549859557e-02       3.280549859557e-02       5.476616437276e+02       6.616459933475e-01       5.499319704794e-02      -1.829869097115e-06      -3.308231130344e-01      -1.079928552354e-02      -3.308229966737e-01      -1.410572670813e-02 
       2.052779787053e-01      -4.176977431809e-02      -2.035755431433e+02      -2.755140280977e+02      -4.169997221993e-02      -2.566580712758e+02       3.222660469047e-02       3.222660469047e-02       5.510280561954e+02       6.652543733590e-01       5.402750518386e-02      -1.808078727678e-06      -3.326273006775e-01      -1.138648804591e-02      -3.326271866795e-01      -1.426262576301e-02 
       2.076549876996e-01      -4.098650801451e-02      -2.028704929804e+02      -2.771028077826e+02      -4.091809159184e-02      -2.578509520442e+02       3.163940652256e-02       3.163940652256e-02       5.542056155652e+02       6.685187037695e-01       5.304860321833e-02      -1.787103595856e-06      -3.342594634527e-01      -1.206112298167e-02      -3.342593518848e-01      -1.442627498094e-02 
       2.100595229749e-01      -4.019840087579e-02      -2.018452279802e+02      -2.786198116573e+02      -4.013138195199e-02      -2.589361407304e+02       3.104932899982e-02       3.104932899982e-02       5.572396233146e+02       6.715207316225e-01       5.206514889992e-02      -1.766658633012e-06      -3.357604749215e-01      -1.279123951857e-02      -3.357603658112e-01      -1.459337863415e-02 
       2.124919042982e-01      -3.941405160855e-02      -2.006351328220e+02      -2.800895505031e+02      -3.934842293329e-02      -2.599543917769e+02       3.046187665474e-02       3.046187665474e-02       5.601791010061e+02       6.743550801639e-01       5.108600658446e-02      -1.746330029196e-06      -3.371776467488e-01      -1.354066236459e-02      -3.371775400820e-01      -1.476024425934e-02 
       2.149524554836e-01      -3.864152547695e-02      -1.993891977769e+02      -2.815413233000e+02      -3.857726040560e-02      -2.609524585495e+02       2.988276774478e-02       2.988276774478e-02       5.630826465999e+02       6.771376285614e-01       5.012060146689e-02      -1.725383155217e-06      -3.385689185601e-01      -1.427388516133e-02      -3.385688142807e-01      -1.492368128819e-02 
       2.174415044964e-01      -3.788929103547e-02      -1.982585334524e+02      -2.830005656307e+02      -3.782634641328e-02      -2.619742557152e+02       2.931689319248e-02       2.931689319248e-02       5.660011312615e+02       6.799637521049e-01       4.917660254625e-02      -1.703836466756e-06      -3.399819780363e-01      -1.495104973224e-02      -3.399818760525e-01      -1.507945393983e-02 
       2.199593835622e-01      -3.716416871700e-02      -1.973921275647e+02      -2.844985860853e+02      -3.710248551453e-02      -2.630681813692e+02       2.876918233970e-02       2.876918233970e-02       5.689971721707e+02       6.829536041486e-01       4.826216744200e-02      -1.681095909020e-06      -3.414769018878e-01      -1.553991366274e-02      -3.414768020743e-01      -1.522494625834e-02 
       2.225064292787e-01      -3.647227519153e-02      -1.969305760429e+02      -2.860650897549e+02      -3.641178133744e-02      -2.642800385196e+02       2.824381622671e-02       2.824381622671e-02       5.721301795099e+02       6.862177884354e-01       4.738413238278e-02      -1.657033610564e-06      -3.431089920133e-01      -1.601048157204e-02      -3.431088942177e-01      -1.535770245278e-02 
       2.250829827337e-01      -3.581800635646e-02      -1.969827594743e+02      -2.877192387435e+02      -3.575862254598e-02      -2.656421526566e+02       2.774314967007e-02       2.774314967007e-02       5.754384774871e+02       6.898253572917e-01       4.654610988540e-02      -1.631695710237e-06      -3.449127745909e-01      -1.633678064995e-02      -3.449126786458e-01      -1.547509247718e-02 
       2.276893896260e-01      -3.520421667571e-02      -1.976386787441e+02      -2.894898156450e+02      -3.514585730448e-02      -2.671918398904e+02       2.726978086966e-02       2.726978086966e-02       5.789796312900e+02       6.938744507490e-01       4.575258425383e-02      -1.605095107565e-06      -3.469373196478e-01      -1.650789431292e-02      -3.469372253745e-01      -1.557731361386e-02 
       2.303260003924e-01      -3.463163799203e-02      -1.989481733274e+02      -2.913930293702e+02      -3.457421698472e-02      -2.689499857082e+02       2.682437278926e-02       2.682437278926e-02       5.827860587404e+02       6.984171852160e-01       4.500469852254e-02      -1.577309696892e-06      -3.492086853875e-01      -1.651914294448e-02      -3.492085926080e-01      -1.566463988091e-02 
       2.329931703385e-01      -3.409894736924e-02      -2.009176161842e+02      -2.934348043207e+02      -3.404238324356e-02      -2.709224139163e+02       2.640599102532e-02       2.640599102532e-02       5.868696086414e+02       7.034664351776e-01       4.430091340930e-02      -1.548643386145e-06      -3.517333090413e-01      -1.637460560990e-02      -3.517332175888e-01      -1.573793126533e-02 
       2.356912597752e-01      -3.360286307458e-02      -2.035111811246e+02      -2.956201645449e+02      -3.354708200724e-02      -2.731077625997e+02       2.601302959780e-02       2.601302959780e-02       5.912403290898e+02       7.090273159889e-01       4.363883535640e-02      -1.519387484971e-06      -3.545137482679e-01      -1.609419284659e-02      -3.545136579944e-01      -1.580029823067e-02 
       2.384206341604e-01      -3.313804474545e-02      -2.066475859200e+02      -2.979376043239e+02      -3.308298549670e-02      -2.754841915063e+02       2.564205206039e-02       2.564205206039e-02       5.958752086478e+02       7.150495917094e-01       4.301292332440e-02      -1.489907540688e-06      -3.575248850693e-01      -1.570362686000e-02      -3.575247958547e-01      -1.585468751016e-02 
       2.411816642459e-01      -3.269756774189e-02      -2.102032498743e+02      -3.003670016811e+02      -3.264318470656e-02      -2.780163429140e+02       2.528863859617e-02       2.528863859617e-02       6.007340033621e+02       7.214519601795e-01       4.241606483284e-02      -1.460607952560e-06      -3.607260683310e-01      -1.523845079985e-02      -3.607259800898e-01      -1.590494698162e-02 
       2.439747262300e-01      -3.227324200530e-02      -2.140213606880e+02      -3.028763397487e+02      -3.221950758832e-02      -2.806540431436e+02       2.494739771740e-02       2.494739771740e-02       6.057526794973e+02       7.281158486818e-01       4.183951983864e-02      -1.431840332503e-06      -3.640580116557e-01      -1.473916263256e-02      -3.640579243409e-01      -1.595497201631e-02 
       2.468002019165e-01      -3.185671221108e-02      -2.179243147165e+02      -3.054300227949e+02      -3.180361696052e-02      -2.833410115125e+02       2.461285398366e-02       2.461285398366e-02       6.108600455897e+02       7.349086140429e-01       4.127442168632e-02      -1.403995108932e-06      -3.674543934178e-01      -1.425019937053e-02      -3.674543070215e-01      -1.600898910062e-02 
       2.496584788785e-01      -3.143994930307e-02      -2.217267731110e+02      -3.079899656419e+02      -3.138750089389e-02      -2.860177473384e+02       2.427972886424e-02       2.427972886424e-02       6.159799312839e+02       7.416897368964e-01       4.071221624730e-02      -1.377330388556e-06      -3.708449538977e-01      -1.381591485210e-02      -3.708448684482e-01      -1.607106364397e-02 
       2.525499506303e-01      -3.101581148839e-02      -2.252518340246e+02      -3.105154334047e+02      -3.096403271565e-02      -2.886238700623e+02       2.394313979265e-02       2.394313979265e-02       6.210308668094e+02       7.483133791145e-01       4.014492004315e-02      -1.352099228420e-06      -3.741567740004e-01      -1.347479478630e-02      -3.741566895573e-01      -1.614427251160e-02 
       2.554750168040e-01      -3.057884272037e-02      -2.283413530712e+02      -3.129726551628e+02      -3.052776796330e-02      -2.911075665935e+02       2.359934772451e-02       2.359934772451e-02       6.259453103257e+02       7.546544508578e-01       3.956641610249e-02      -1.328546013025e-06      -3.773273087819e-01      -1.326059457451e-02      -3.773272254289e-01      -1.623136761781e-02 
       2.584340833344e-01      -3.012511693230e-02      -2.308759962550e+02      -3.153341240350e+02      -3.007478753276e-02      -2.934280826446e+02       2.324584986469e-02       2.324584986469e-02       6.306682480700e+02       7.606181923759e-01       3.897267863851e-02      -1.306518459056e-06      -3.803091783534e-01      -1.319686120238e-02      -3.803090961880e-01      -1.633412729665e-02 
       2.614275626498e-01      -2.965296339485e-02      -2.327782789564e+02      -3.175781684906e+02      -2.960342379314e-02      -2.955558362147e+02       2.288126780418e-02       2.288126780418e-02       6.351563369812e+02       7.661298418692e-01       3.836136780089e-02      -1.286038097928e-06      -3.830650018100e-01      -1.329396710678e-02      -3.830649209346e-01      -1.645271251972e-02 
       2.644558738710e-01      -2.916264390570e-02      -2.340235489003e+02      -3.196923822098e+02      -2.911393697579e-02      -2.974769037577e+02       2.250557307059e-02       2.250557307059e-02       6.393847644196e+02       7.711529572195e-01       3.773236166606e-02      -1.266882903519e-06      -3.855765580975e-01      -1.354910872146e-02      -3.855764786098e-01      -1.658601202427e-02 
       2.675194430176e-01      -2.865616872757e-02      -2.346425038663e+02      -3.216733190163e+02      -2.860833154595e-02      -2.991931551721e+02       2.211995205071e-02       2.211995205071e-02       6.433466380325e+02       7.756896114786e-01       3.708753198564e-02      -1.248828871058e-06      -3.878448837560e-01      -1.394581308802e-02      -3.878448057393e-01      -1.673157133443e-02 
       2.706187032217e-01      -2.813799322178e-02      -2.347181990465e+02      -3.235300011080e+02      -2.809105357624e-02      -3.007246685142e+02       2.172684387364e-02       2.172684387364e-02       6.470600022159e+02       7.797777820297e-01       3.643064560376e-02      -1.231743356496e-06      -3.898889674981e-01      -1.445467447881e-02      -3.898888910149e-01      -1.688565499031e-02 
       2.737540949511e-01      -2.761332394485e-02      -2.343910674069e+02      -3.252858684492e+02      -2.756729607437e-02      -3.021120929495e+02       2.132996019648e-02       2.132996019648e-02       6.505717368984e+02       7.835195201560e-01       3.576782767421e-02      -1.214911184646e-06      -3.917598349956e-01      -1.503770031347e-02      -3.917597600780e-01      -1.704443544286e-02 
       2.769260662395e-01      -2.708921352323e-02      -2.338351426093e+02      -3.269734926962e+02      -2.704409714866e-02      -3.034086879509e+02       2.093357980391e-02       2.093357980391e-02       6.539469853925e+02       7.870337305678e-01       3.510587633371e-02      -1.198330792876e-06      -3.935169386352e-01      -1.564782670407e-02      -3.935168652839e-01      -1.720302965661e-02 
       2.801350729270e-01      -2.657279184590e-02      -2.332511736687e+02      -3.286364455385e+02      -2.652857093463e-02      -3.046808005646e+02       2.054249820498e-02       2.054249820498e-02       6.572728910770e+02       7.904797936937e-01       3.445260413790e-02      -1.181495922071e-06      -3.952399686646e-01      -1.623693835799e-02      -3.952398968468e-01      -1.735715833549e-02 
       2.833815789091e-01      -2.607089807193e-02      -2.328431739350e+02      -3.303215901661e+02      -2.602754203354e-02      -3.059979712262e+02       2.016129544059e-02       2.016129544059e-02       6.606431803322e+02       7.940243305551e-01       3.381546507277e-02      -1.164277881215e-06      -3.970122356254e-01      -1.675868959359e-02      -3.970121652776e-01      -1.750294653122e-02 
       2.866660563954e-01      -2.558926362916e-02      -2.327963414725e+02      -3.320741522662e+02      -2.554672997783e-02      -3.074255245800e+02       1.979385892639e-02       1.979385892639e-02       6.641483045325e+02       7.978248937219e-01       3.320080411988e-02      -1.146510613019e-06      -3.989125158268e-01      -1.717400322198e-02      -3.989124468610e-01      -1.763744860945e-02 
       2.899889861791e-01      -2.513178069378e-02      -2.332589734244e+02      -3.339292084197e+02      -2.509001908107e-02      -3.090148377621e+02       1.944282592198e-02       1.944282592198e-02       6.678584168393e+02       8.020051627237e-01       3.261292473738e-02      -1.128049507857e-06      -4.010026490496e-01      -1.745333643874e-02      -4.010025813619e-01      -1.775852379102e-02 
       2.933508579160e-01      -2.470015623883e-02      -2.343200077854e+02      -3.359111682800e+02      -2.465911321638e-02      -3.107994845408e+02       1.910946785889e-02       1.910946785889e-02       6.718223365601e+02       8.066483287547e-01       3.205394381295e-02      -1.109025737685e-06      -4.033242308966e-01      -1.758392141965e-02      -4.033241643774e-01      -1.786580734232e-02 
       2.967521704153e-01      -2.429388599811e-02      -2.360061384455e+02      -3.380281152433e+02      -2.425350977703e-02      -3.127901615150e+02       1.879352599250e-02       1.879352599250e-02       6.760562304867e+02       8.117816686673e-01       3.152346949086e-02      -1.089449670159e-06      -4.058908997896e-01      -1.756682129663e-02      -4.058908343337e-01      -1.795997430400e-02 
       3.001934319413e-01      -2.391051340859e-02      -2.382793261502e+02      -3.402729924125e+02      -2.387075807316e-02      -3.149752786156e+02       1.849341225559e-02       1.849341225559e-02       6.805459848250e+02       8.173785123698e-01       3.101893828102e-02      -1.069528483244e-06      -4.086893206697e-01      -1.741767031777e-02      -4.086892561849e-01      -1.804288864311e-02 
       3.036751605276e-01      -2.354616216025e-02      -2.410362323118e+02      -3.426311589859e+02      -2.350699076387e-02      -3.173270586033e+02       1.820671026032e-02       1.820671026032e-02       6.852623179719e+02       8.233764481811e-01       3.053648419975e-02      -1.049525520751e-06      -4.116882876760e-01      -1.716937045241e-02      -4.116882240905e-01      -1.811835444767e-02 
       3.071978843033e-01      -2.319609718005e-02      -2.441310875447e+02      -3.450789683823e+02      -2.315748347770e-02      -3.198038676941e+02       1.793040690335e-02       1.793040690335e-02       6.901579367645e+02       8.296796220163e-01       3.007126209187e-02      -1.029693372751e-06      -4.148398737426e-01      -1.686310351103e-02      -4.148398110081e-01      -1.819079884754e-02 
       3.107621418325e-01      -2.285485233929e-02      -2.473768259621e+02      -3.475837622040e+02      -2.281678220959e-02      -3.223503839557e+02       1.766098065915e-02       1.766098065915e-02       6.951675244080e+02       8.361591769176e-01       2.961759236945e-02      -1.010314800631e-06      -4.180796503642e-01      -1.654779969946e-02      -4.180795884588e-01      -1.826519981900e-02 
       3.143684824675e-01      -2.251695389480e-02      -2.505757371307e+02      -3.501064240704e+02      -2.247942503665e-02      -3.249043720356e+02       1.739483670880e-02       1.739483670880e-02       7.002128481408e+02       8.426681956517e-01       2.916965085009e-02      -9.916371304628e-07      -4.213341588990e-01      -1.627130640255e-02      -4.213340978259e-01      -1.834603099477e-02 
       3.180174667161e-01      -2.217728086415e-02      -2.535336993651e+02      -3.526034765705e+02      -2.214030173793e-02      -3.274005748715e+02       1.712853637045e-02       1.712853637045e-02       7.052069531409e+02       8.490505400747e-01       2.872183771441e-02      -9.738097664196e-07      -4.245253302524e-01      -1.607676014906e-02      -4.245252700373e-01      -1.843687914201e-02 
       3.217096666243e-01      -2.183175005942e-02      -2.560868632026e+02      -3.550331807862e+02      -2.179533739804e-02      -3.297797846447e+02       1.685926130987e-02       1.685926130987e-02       7.100663615725e+02       8.551625700306e-01       2.826953502762e-02      -9.569036878158e-07      -4.275813443298e-01      -1.599660918712e-02      -4.275812850153e-01      -1.853994867168e-02 
       3.254456661739e-01      -2.147796462491e-02      -2.581257584753e+02      -3.573639783049e+02      -2.144213967008e-02      -3.319994376762e+02       1.658528997115e-02       1.658528997115e-02       7.147279566097e+02       8.608995754912e-01       2.780989778324e-02      -9.409080461432e-07      -4.304498461087e-01      -1.604845532114e-02      -4.304497877456e-01      -1.865593040264e-02 
       3.292260616973e-01      -2.111559451406e-02      -2.596115414472e+02      -3.595814690017e+02      -2.108037859644e-02      -3.340418095414e+02       1.630628753073e-02       1.630628753073e-02       7.191629380035e+02       8.662163846216e-01       2.734233885230e-02      -9.257595204415e-07      -4.331082496723e-01      -1.623304440151e-02      -4.331081923108e-01      -1.878408582288e-02 
       3.330514623091e-01      -2.074626932174e-02      -2.605811741092e+02      -3.616895815792e+02      -2.071167971016e-02      -3.359157647850e+02       1.602324072580e-02       1.602324072580e-02       7.233791631584e+02       8.711317606057e-01       2.686842536213e-02      -9.112533705872e-07      -4.355659366221e-01      -1.653392918944e-02      -4.355658803029e-01      -1.892227891494e-02 
       3.369224903559e-01      -2.037315669999e-02      -2.611400289664e+02      -3.637084604476e+02      -2.033920339355e-02      -3.376538969288e+02       1.573817622564e-02       1.573817622564e-02       7.274169208953e+02       8.757215616724e-01       2.639142059570e-02      -8.972689019350e-07      -4.378608360886e-01      -1.691990576869e-02      -4.378607808362e-01      -1.906721605596e-02 
       3.408397818850e-01      -2.000020371796e-02      -2.614436481111e+02      -3.656667230179e+02      -1.996688783031e-02      -3.393034024765e+02       1.545362185503e-02       1.545362185503e-02       7.313334460359e+02       8.800958580673e-01       2.591539569797e-02      -8.835243912099e-07      -4.400479832141e-01      -1.734888622079e-02      -4.400479290336e-01      -1.921460090988e-02 
       3.448039871328e-01      -1.963154857089e-02      -2.616748870945e+02      -3.675973912225e+02      -1.959886202266e-02      -3.409192575350e+02       1.517223572119e-02       1.517223572119e-02       7.351947824449e+02       8.843831753808e-01       2.544463467051e-02      -8.698505375587e-07      -4.421916408138e-01      -1.777414178652e-02      -4.421915876904e-01      -1.935978250713e-02 
       3.488157710346e-01      -1.927111426159e-02      -2.620224888343e+02      -3.695358292107e+02      -1.923904041726e-02      -3.425592553102e+02       1.489656267176e-02       1.489656267176e-02       7.390716584214e+02       8.887194900397e-01       2.498324862693e-02      -8.560444444382e-07      -4.443597971198e-01      -1.815027304042e-02      -4.443597450198e-01      -1.949845151466e-02 
       3.528758137560e-01      -1.892221079965e-02      -2.626529876846e+02      -3.715186718005e+02      -1.889072607453e-02      -3.442788354525e+02       1.462881364185e-02       1.462881364185e-02       7.430373436010e+02       8.932374281430e-01       2.453483368976e-02      -8.420033401686e-07      -4.466187651958e-01      -1.844133953088e-02      -4.466187140715e-01      -1.962766731186e-02 
       3.569848112472e-01      -1.858734002765e-02      -2.636976468767e+02      -3.735817171118e+02      -1.855641586196e-02      -3.461273627248e+02       1.437073572064e-02       1.437073572064e-02       7.471634342236e+02       8.980576334241e-01       2.410225982646e-02      -8.277004366407e-07      -4.490288669186e-01      -1.862356524639e-02      -4.490288167120e-01      -1.974610478914e-02 
       3.611434758224e-01      -1.826753256368e-02      -2.652202297461e+02      -3.757504711794e+02      -1.823713873435e-02      -3.481354614059e+02       1.412313919848e-02       1.412313919848e-02       7.515009423588e+02       9.032576100010e-01       2.368689037387e-02      -8.131858064859e-07      -4.516288543496e-01      -1.869148233394e-02      -4.516288050005e-01      -1.985439709872e-02 
       3.653525367639e-01      -1.796213151475e-02      -2.672092317484e+02      -3.780324344088e+02      -1.793223971135e-02      -3.503075135863e+02       1.388569743271e-02       1.388569743271e-02       7.560648688176e+02       9.088519140937e-01       2.328823578051e-02      -7.985642338049e-07      -4.544260055941e-01      -1.865698465163e-02      -4.544259570469e-01      -1.995461902075e-02 
       3.696127409538e-01      -1.766874356572e-02      -2.695734288766e+02      -3.804117184149e+02      -1.763933093769e-02      -3.526165720128e+02       1.365687478481e-02       1.365687478481e-02       7.608234368298e+02       9.147784737826e-01       2.290382171966e-02      -7.839812991472e-07      -4.573892846802e-01      -1.854799152854e-02      -4.573892368913e-01      -2.004982682332e-02 
       3.739248535338e-01      -1.738393601243e-02      -2.721656014981e+02      -3.828554106723e+02      -1.735498722000e-02      -3.550131958140e+02       1.343440023405e-02       1.343440023405e-02       7.657108213447e+02       9.209199126851e-01       2.252996243524e-02      -7.695846644230e-07      -4.604600034003e-01      -1.840258581632e-02      -4.604599563425e-01      -2.014357286638e-02 
       3.782896585951e-01      -1.710392078445e-02      -2.748025481603e+02      -3.853230884473e+02      -1.707542865659e-02      -3.574362974170e+02       1.321575996508e-02       1.321575996508e-02       7.706461768945e+02       9.271308001844e-01       2.216257526026e-02      -7.555207825774e-07      -4.635654464290e-01      -1.826495511165e-02      -4.635654000922e-01      -2.023980482554e-02 
       3.827079599000e-01      -1.682557751848e-02      -2.773134454823e+02      -3.877800328429e+02      -1.679754156145e-02      -3.598313502140e+02       1.299889433152e-02       1.299889433152e-02       7.755600656859e+02       9.332818782323e-01       2.179831931621e-02      -7.419067653877e-07      -4.666409847279e-01      -1.817494934212e-02      -4.666409391162e-01      -2.034211860322e-02 
       3.871805816365e-01      -1.654665623544e-02      -2.795584500010e+02      -3.901991266271e+02      -1.651908066816e-02      -3.621547848277e+02       1.278231384035e-02       1.278231384035e-02       7.803982532542e+02       9.392698729471e-01       2.143477693227e-02      -7.288221253893e-07      -4.696349813462e-01      -1.816313859346e-02      -4.696349364736e-01      -2.045319515219e-02 
       3.917083692089e-01      -1.626584267891e-02      -2.814482452020e+02      -3.925592184791e+02      -1.623873424987e-02      -3.643756370595e+02       1.256510134893e-02       1.256510134893e-02       7.851184369582e+02       9.450196882464e-01       2.107044176147e-02      -7.162748759011e-07      -4.725098882378e-01      -1.824506567593e-02      -4.725098441232e-01      -2.057397179385e-02 
       3.962921900649e-01      -1.598277217464e-02      -2.829557788044e+02      -3.948450110608e+02      -1.595613795133e-02      -3.664772498784e+02       1.234691168053e-02       1.234691168053e-02       7.896900221217e+02       9.504878301405e-01       2.070471455323e-02      -7.042001639056e-07      -4.752439584081e-01      -1.841863262772e-02      -4.752439150703e-01      -2.070331115922e-02 
       4.009329345627e-01      -1.569823023157e-02      -2.841239392985e+02      -3.970546653453e+02      -1.567207513146e-02      -3.684646717392e+02       1.212815453050e-02       1.212815453050e-02       7.941093306907e+02       9.556819699546e-01       2.033821887650e-02      -6.924863376450e-07      -4.778410275248e-01      -1.866513785906e-02      -4.778409849773e-01      -2.083852691901e-02 
       4.056315168792e-01      -1.541415976297e-02      -2.850620330767e+02      -3.992058931925e+02      -1.538848422420e-02      -3.703691058899e+02       1.191005283859e-02       1.191005283859e-02       7.984117863849e+02       9.606739118166e-01       1.997291602040e-02      -6.810079472306e-07      -4.803369976621e-01      -1.895321887705e-02      -4.803369559083e-01      -2.097622502934e-02 
       4.103888759632e-01      -1.513328929920e-02      -2.859253777580e+02      -4.013345692712e+02      -1.510808782254e-02      -3.722436556018e+02       1.169441354908e-02       1.169441354908e-02       8.026691385424e+02       9.655904304712e-01       1.961173924067e-02      -6.696523334515e-07      -4.827952562049e-01      -1.924516146376e-02      -4.827952152356e-01      -2.111308606850e-02 
       4.152059765344e-01      -1.485827490002e-02      -2.868767924441e+02      -4.034806767846e+02      -1.483353633871e-02      -3.741459338994e+02       1.148302013525e-02       1.148302013525e-02       8.069613535693e+02       9.705702280134e-01       1.925759289278e-02      -6.583308589174e-07      -4.852851542126e-01      -1.950467805143e-02      -4.852851140067e-01      -2.124623139181e-02 
       4.200838101329e-01      -1.459090474465e-02      -2.880467012967e+02      -4.056727090925e+02      -1.456661417924e-02      -3.761191973102e+02       1.127705985731e-02       1.127705985731e-02       8.113454181850e+02       9.757168054187e-01       1.891240540415e-02      -6.469813129711e-07      -4.878584421809e-01      -1.970390750127e-02      -4.878584027094e-01      -2.137339439839e-02 
       4.250233962207e-01      -1.433186874802e-02      -2.895087912402e+02      -4.079238203057e+02      -1.430800986325e-02      -3.781854747369e+02       1.107698143615e-02       1.107698143615e-02       8.158476406114e+02       9.810824425234e-01       1.857690209105e-02      -6.355786153636e-07      -4.905412600307e-01      -1.982895897926e-02      -4.905412212617e-01      -2.149345777598e-02 
       4.300257833389e-01      -1.408103650551e-02      -2.912759275349e+02      -4.102390959149e+02      -1.405759346330e-02      -3.803508953645e+02       1.088272596149e-02       1.088272596149e-02       8.204781918299e+02       9.866832174402e-01       1.825099761400e-02      -6.241604453348e-07      -4.933416468172e-01      -1.988235104036e-02      -4.933416087201e-01      -2.160710581231e-02 
       4.350920503249e-01      -1.383767773207e-02      -2.933041436493e+02      -4.126191921257e+02      -1.381463655835e-02      -3.826092776916e+02       1.069388293206e-02       1.069388293206e-02       8.252383842514e+02       9.925083085140e-01       1.793405307077e-02      -6.128077557487e-07      -4.962541917083e-01      -1.988190142693e-02      -4.962541542570e-01      -2.171683166719e-02 
       4.402233075914e-01      -1.360044851514e-02      -2.954983992939e+02      -4.150548604147e+02      -1.357779837386e-02      -3.849385269980e+02       1.050963235580e-02       1.050963235580e-02       8.301097208295e+02       9.985091050009e-01       1.762476366502e-02      -6.016152776601e-07      -4.992545893249e-01      -1.985631547876e-02      -4.992545525005e-01      -2.182606432621e-02 
       4.454206984736e-01      -1.336738381649e-02      -2.977265039810e+02      -4.175189401072e+02      -1.334511812130e-02      -3.872962078259e+02       1.032867586132e-02       1.032867586132e-02       8.350378802144e+02       1.004585184603e+00       1.732102284766e-02      -5.906656440796e-07      -5.022926285091e-01      -1.983805348543e-02      -5.022925923015e-01      -2.193782460605e-02 
       4.506854006466e-01      -1.313637676719e-02      -2.998492354716e+02      -4.199731554647e+02      -1.311449327602e-02      -3.896297108912e+02       1.014956114616e-02       1.014956114616e-02       8.399463109295e+02       1.010608576751e+00       1.702045164475e-02      -5.800036634621e-07      -5.053043239672e-01      -1.985612658372e-02      -5.053042883753e-01      -2.205409196809e-02 
       4.560186276189e-01      -1.290611424318e-02      -3.017707400751e+02      -4.223904850196e+02      -1.288461332742e-02      -3.919022674687e+02       9.971368665604e-03       9.971368665604e-03       8.447809700391e+02       1.016489297639e+00       1.672153859705e-02      -5.696436725886e-07      -5.082446837916e-01      -1.992818659332e-02      -5.082446488196e-01      -2.217584237099e-02 
       4.614216303071e-01      -1.267631740146e-02      -3.034537313499e+02      -4.247644075792e+02      -1.265519989471e-02      -3.941028411476e+02       9.793903433692e-03       9.793903433692e-03       8.495288151584e+02       1.022200889626e+00       1.642396333183e-02      -5.595806155064e-07      -5.111004791604e-01      -2.005939817321e-02      -5.111004448131e-01      -2.230335892436e-02 
       4.668956986955e-01      -1.244762729470e-02      -3.049322969760e+02      -4.271048017568e+02      -1.242689252595e-02      -3.962447280680e+02       9.617581806476e-03       9.617581806476e-03       8.542096035136e+02       1.027775112806e+00       1.612839868060e-02      -5.497754280069e-07      -5.138875901242e-01      -2.023856941349e-02      -5.138875564032e-01      -2.243554610464e-02 
       4.724421635890e-01      -1.222087113312e-02      -3.062779487866e+02      -4.294204673085e+02      -1.220051643702e-02      -3.983460600901e+02       9.442899172742e-03       9.442899172742e-03       8.588409346171e+02       1.033252576351e+00       1.583562912529e-02      -5.401576874417e-07      -5.166263212735e-01      -2.044394952879e-02      -5.166262881757e-01      -2.256987684289e-02 
       4.780623984623e-01      -1.199701650505e-02      -3.075872761864e+02      -4.317223243740e+02      -1.197703694138e-02      -4.004305371068e+02       9.270435395533e-03       9.270435395533e-03       8.634446487480e+02       1.038686388928e+00       1.554657307187e-02      -5.306503459888e-07      -5.193432269471e-01      -2.064864461806e-02      -5.193431944642e-01      -2.270328113396e-02 
       4.837578214154e-01      -1.177727170547e-02      -3.089679002345e+02      -4.340339728066e+02      -1.175765973515e-02      -4.025339249703e+02       9.100989026458e-03       9.100989026458e-03       8.680679456132e+02       1.044161914592e+00       1.526252620505e-02      -5.212056361731e-07      -5.220809891776e-01      -2.082825281742e-02      -5.220809572960e-01      -2.283367416661e-02 
       4.895298972391e-01      -1.156274040641e-02      -3.105099729888e+02      -4.363856377150e+02      -1.154348628691e-02      -4.046947437543e+02       8.935342675010e-03       8.935342675010e-03       8.727712754300e+02       1.049774579020e+00       1.498477837914e-02      -5.118143984785e-07      -5.248873208084e-01      -2.096725415561e-02      -5.248872895098e-01      -2.296050526059e-02 
       4.953801396020e-01      -1.135371768627e-02      -3.122476847285e+02      -4.387908548242e+02      -1.133481117598e-02      -4.069292991372e+02       8.773721735631e-03       8.773721735631e-03       8.775817096485e+02       1.055565642902e+00       1.471370673919e-02      -5.024879892879e-07      -5.277828521853e-01      -2.106279955234e-02      -5.277828214508e-01      -2.308412084146e-02 
       5.013101133638e-01      -1.114952203549e-02      -3.141463982708e+02      -4.412372618188e+02      -1.113095436297e-02      -4.092221777394e+02       8.615654925519e-03       8.615654925519e-03       8.824745236377e+02       1.061497420795e+00       1.444853872988e-02      -4.932460495537e-07      -5.307487405837e-01      -2.112471691310e-02      -5.307487103974e-01      -2.320529827493e-02 
       5.073214370266e-01      -1.094919302458e-02      -3.161332235109e+02      -4.437073557933e+02      -1.093095750393e-02      -4.115479123005e+02       8.460499992212e-03       8.460499992212e-03       8.874147115866e+02       1.067509086865e+00       1.418822943171e-02      -4.841255429533e-07      -5.337545730821e-01      -2.117176433257e-02      -5.337545434325e-01      -2.332573056042e-02 
       5.134157853330e-01      -1.075201186311e-02      -3.181302622233e+02      -4.461937397241e+02      -1.073410345237e-02      -4.138885433754e+02       8.307818757508e-03       8.307818757508e-03       8.923874794481e+02       1.073560901418e+00       1.393208177360e-02      -4.751770038305e-07      -5.367804798295e-01      -2.122563173699e-02      -5.367804507089e-01      -2.344795194486e-02 
       5.195948920219e-01      -1.055731692443e-02      -3.200648531730e+02      -4.486867590226e+02      -1.053973201396e-02      -4.162250636622e+02       8.157188796409e-03       8.157188796409e-03       8.973735180452e+02       1.079609297578e+00       1.367941595422e-02      -4.664328371518e-07      -5.398046773853e-01      -2.130406624454e-02      -5.398046487889e-01      -2.357382770323e-02 
       5.258605527531e-01      -1.036437782792e-02      -3.218793198389e+02      -4.511643805856e+02      -1.034711419336e-02      -4.185306221309e+02       8.008073911897e-03       8.008073911897e-03       9.023287611712e+02       1.085586999480e+00       1.342934183094e-02      -4.578859760920e-07      -5.427935278139e-01      -2.141543186315e-02      -5.427934997398e-01      -2.370335587510e-02 
       5.322146282141e-01      -1.017294206672e-02      -3.235610141617e+02      -4.536136311333e+02      -1.015599783198e-02      -4.207926654874e+02       7.860253594601e-03       7.860253594601e-03       9.072272622665e+02       1.091460487877e+00       1.318148142824e-02      -4.495095945213e-07      -5.457302714923e-01      -2.155690372125e-02      -5.457302439386e-01      -2.383547706223e-02 
       5.386590474225e-01      -9.983606128986e-03      -3.251594163352e+02      -4.560504504458e+02      -9.966978111702e-03      -4.230318039895e+02       7.714132656599e-03       7.714132656599e-03       9.121009008916e+02       1.097280069902e+00       1.293649557790e-02      -4.412819583155e-07      -5.486400619887e-01      -2.171628875314e-02      -5.486400349510e-01      -2.396929377520e-02 
       5.451958112383e-01      -9.797154043464e-03      -3.267500696708e+02      -4.584973418400e+02      -9.780837381776e-03      -4.252780038932e+02       7.570244238939e-03       7.570244238939e-03       9.169946836800e+02       1.103118835208e+00       1.269525497778e-02      -4.331781834820e-07      -5.515594441336e-01      -2.187676865552e-02      -5.515594176040e-01      -2.410363780196e-02 
       5.518269961031e-01      -9.613903528113e-03      -3.283900772879e+02      -4.609586616086e+02      -9.597892581410e-03      -4.275435575845e+02       7.428762307679e-03       7.428762307679e-03       9.219173232172e+02       1.109003632673e+00       1.245802832860e-02      -4.251641142063e-07      -5.545018423678e-01      -2.202300008772e-02      -5.545018163364e-01      -2.423669262640e-02 
       5.585547580240e-01      -9.433998725884e-03      -3.301154289959e+02      -4.634370020353e+02      -9.418287508456e-03      -4.298360869514e+02       7.289761758212e-03       7.289761758212e-03       9.268740040705e+02       1.114951249412e+00       1.222492947387e-02      -4.172234949401e-07      -5.574756502499e-01      -2.214659932603e-02      -5.574756247060e-01      -2.436750558434e-02 
       5.653813368197e-01      -9.257695866278e-03      -3.319462948055e+02      -4.659489058023e+02      -9.242277975032e-03      -4.321722168121e+02       7.153455340243e-03       7.153455340243e-03       9.318978116045e+02       1.121005370108e+00       1.199631996033e-02      -4.093738635662e-07      -5.605027101216e-01      -2.224858870032e-02      -5.605026850539e-01      -2.449705482121e-02 
       5.723090606529e-01      -9.084807567772e-03      -3.338605065289e+02      -4.684969517064e+02      -9.069677078525e-03      -4.345506706791e+02       7.019741749614e-03       7.019741749614e-03       9.369939034128e+02       1.127165515923e+00       1.177204390546e-02      -4.016375525581e-07      -5.635827825631e-01      -2.233810177275e-02      -5.635827579616e-01      -2.462671389071e-02 
       5.793403508692e-01      -8.914567253200e-03      -3.357930079457e+02      -4.710568725091e+02      -8.899719794753e-03      -4.369416408422e+02       6.888074312146e-03       6.888074312146e-03       9.421137450182e+02       1.133357667360e+00       1.155119921789e-02      -3.940217502703e-07      -5.666788578226e-01      -2.242805381396e-02      -5.666788336801e-01      -2.475704266215e-02 
       5.864777271687e-01      -8.746491718375e-03      -3.376909205488e+02      -4.736154691595e+02      -8.731923916464e-03      -4.393262414201e+02       6.758122098858e-03       6.758122098858e-03       9.472309383189e+02       1.139536220132e+00       1.133324459224e-02      -3.865375835287e-07      -5.697681337546e-01      -2.252985854045e-02      -5.697681100661e-01      -2.488890929675e-02 
       5.937238131390e-01      -8.580621422313e-03      -3.395402499150e+02      -4.761814930026e+02      -8.566329863791e-03      -4.417094981112e+02       6.629942003527e-03       6.629942003527e-03       9.523629860051e+02       1.145716555395e+00       1.111828371169e-02      -3.791987396288e-07      -5.728583009368e-01      -2.264901345310e-02      -5.728582776974e-01      -2.502343588607e-02 
       6.010813421777e-01      -8.416851293236e-03      -3.413377816116e+02      -4.787497274588e+02      -8.402832697553e-03      -4.440866491845e+02       6.503440047814e-03       6.503440047814e-03       9.574994549177e+02       1.151885649051e+00       1.090615485623e-02      -3.719921631191e-07      -5.759428473206e-01      -2.278331352772e-02      -5.759428245256e-01      -2.516004316351e-02 
       6.085531638393e-01      -8.255092976833e-03      -3.430968273481e+02      -4.813102794676e+02      -8.241344109262e-03      -4.464516299544e+02       6.378510498030e-03       6.378510498030e-03       9.626205589353e+02       1.158024879397e+00       1.069666863801e-02      -3.648913101360e-07      -5.790124620545e-01      -2.292463577803e-02      -5.790124396986e-01      -2.529715053103e-02 
       6.161422506428e-01      -8.095803114375e-03      -3.448689089777e+02      -4.838829990836e+02      -8.082319797037e-03      -4.488285637889e+02       6.255476686540e-03       6.255476686540e-03       9.677659981673e+02       1.164194334553e+00       1.049035779860e-02      -3.578894565901e-07      -5.820971891999e-01      -2.306327246064e-02      -5.820971672764e-01      -2.543442106716e-02 
       6.238517053790e-01      -7.939327262616e-03      -3.466972429874e+02      -4.864854470365e+02      -7.926104622622e-03      -4.512384307391e+02       6.134585762497e-03       6.134585762497e-03       9.729708940729e+02       1.170446567672e+00       1.028763042200e-02      -3.509840642214e-07      -5.852233053353e-01      -2.319222844928e-02      -5.852232838358e-01      -2.557178644464e-02 
       6.316847689635e-01      -7.785388067615e-03      -3.485754437120e+02      -4.891035955373e+02      -7.772421731727e-03      -4.536687712206e+02       6.015614008931e-03       6.015614008931e-03       9.782071910746e+02       1.176748172497e+00       1.008810828934e-02      -3.441627541366e-07      -5.883741073315e-01      -2.331029276336e-02      -5.883740862485e-01      -2.570843369114e-02 
       6.396448288827e-01      -7.633914326034e-03      -3.504946144614e+02      -4.917397321714e+02      -7.621200103450e-03      -4.561200984141e+02       5.898523350717e-03       5.898523350717e-03       9.834794643427e+02       1.183101810389e+00       9.891733006140e-03      -3.374342049842e-07      -5.915509258677e-01      -2.342186353614e-02      -5.915509051943e-01      -2.584507872978e-02 
       6.477354282875e-01      -7.484933579114e-03      -3.524431378998e+02      -4.944052372645e+02      -7.472467301728e-03      -4.585999534668e+02       5.783364644055e-03       5.783364644055e-03       9.888104745290e+02       1.189529759242e+00       9.698599394018e-03      -3.308165004748e-07      -5.947648998919e-01      -2.353426687224e-02      -5.947648796212e-01      -2.598325044599e-02 
       6.559602757945e-01      -7.337960519393e-03      -3.543773252162e+02      -4.970772454498e+02      -7.325738942530e-03      -4.610829415381e+02       5.669775214620e-03       5.669775214620e-03       9.941544908995e+02       1.195967411057e+00       9.508103201522e-03      -3.243028585637e-07      -5.979837254017e-01      -2.365344100756e-02      -5.979837055287e-01      -2.612262996446e-02 
       6.643232560598e-01      -7.192875228583e-03      -3.562834488902e+02      -4.997519344800e+02      -7.180895331006e-03      -4.635638358161e+02       5.557666649915e-03       5.557666649915e-03       9.995038689600e+02       1.202401773359e+00       9.320097528314e-03      -3.178916292193e-07      -6.012009061596e-01      -2.378145191655e-02      -6.012008866797e-01      -2.626328513000e-02 
       6.728284411997e-01      -7.049935966077e-03      -3.581858584689e+02      -5.024475922289e+02      -7.038194216766e-03      -4.660613284994e+02       5.447236583805e-03       5.447236583805e-03       1.004895184458e+03       1.208881304328e+00       9.134913205428e-03      -3.115864998877e-07      -6.044406712565e-01      -2.391572806766e-02      -6.044406521639e-01      -2.640574004923e-02 
       6.814801031383e-01      -6.909000257763e-03      -3.600893894622e+02      -5.051532892845e+02      -6.897493327925e-03      -4.685672112210e+02       5.338354114703e-03       5.338354114703e-03       1.010306578569e+03       1.215382620218e+00       8.952323999097e-03      -3.053704677305e-07      -6.076913288197e-01      -2.405108779736e-02      -6.076913101092e-01      -2.654876960437e-02 
       6.902827269736e-01      -6.770111926137e-03      -3.620115500590e+02      -5.078712905544e+02      -6.758836366093e-03      -4.710860136212e+02       5.231039947483e-03       5.231039947483e-03       1.015742581109e+03       1.221916007535e+00       8.772360394667e-03      -2.992364291522e-07      -6.109580221019e-01      -2.418310863393e-02      -6.109580037676e-01      -2.669189823492e-02 
       6.992410254616e-01      -6.633534992538e-03      -3.639802294229e+02      -5.106235139550e+02      -6.622486864948e-03      -4.736399405111e+02       5.125501297274e-03       5.125501297274e-03       1.021247027910e+03       1.228539318098e+00       8.595370939396e-03      -2.931929951422e-07      -6.142696770138e-01      -2.431060405896e-02      -6.142696590492e-01      -2.683603675671e-02 
       7.083599547303e-01      -6.498942950565e-03      -3.659713219948e+02      -5.133911391567e+02      -6.488118927433e-03      -4.762099010830e+02       5.021485851567e-03       5.021485851567e-03       1.026782278313e+03       1.235202930963e+00       8.420932483526e-03      -2.872315065775e-07      -6.176014830819e-01      -2.443567115587e-02      -6.176014654816e-01      -2.698056732798e-02 
       7.176447313498e-01      -6.366273646031e-03      -3.679745505221e+02      -5.161757929468e+02      -6.355670538414e-03      -4.787956565918e+02       4.918956929678e-03       4.918956929678e-03       1.032351585894e+03       1.241907490107e+00       8.248987169989e-03      -2.813565008434e-07      -6.209537622949e-01      -2.456209881986e-02      -6.209537450536e-01      -2.712607562556e-02 
       7.271008508973e-01      -6.235597031017e-03      -3.699914023128e+02      -5.189892137699e+02      -6.225211538233e-03      -4.814070439235e+02       4.817979504113e-03       4.817979504113e-03       1.037978427540e+03       1.248679863042e+00       8.079647484130e-03      -2.755754859006e-07      -6.243399484085e-01      -2.469275537689e-02      -6.243399315211e-01      -2.727350225285e-02 
       7.367341081734e-01      -6.106588916898e-03      -3.719974315806e+02      -5.218088165460e+02      -6.096418316248e-03      -4.840218382907e+02       4.718296307796e-03       4.718296307796e-03       1.043617633092e+03       1.255461649138e+00       7.912479795523e-03      -2.698750153543e-07      -6.277308411072e-01      -2.482769973128e-02      -6.277308245692e-01      -2.742175535798e-02 
       7.465506192458e-01      -5.979462597373e-03      -3.740177290933e+02      -5.246540477448e+02      -5.969503755677e-03      -4.866597936360e+02       4.620072058310e-03       4.620072058310e-03       1.049308095490e+03       1.262304128907e+00       7.747760318986e-03      -2.642596097075e-07      -6.311520806474e-01      -2.496490896132e-02      -6.311520644537e-01      -2.757149528855e-02 
       7.565568455175e-01      -5.854180175939e-03      -3.760593495923e+02      -5.275237385709e+02      -5.844430003990e-03      -4.893210311910e+02       4.523270371441e-03       4.523270371441e-03       1.055047477142e+03       1.269206718866e+00       7.585425749990e-03      -2.587233065915e-07      -6.346033752875e-01      -2.510184868052e-02      -6.346033594332e-01      -2.772232740717e-02 
       7.667596200406e-01      -5.730607146286e-03      -3.781174272207e+02      -5.304089539443e+02      -5.721062788077e-03      -4.919974927366e+02       4.427781822049e-03       4.427781822049e-03       1.060817907889e+03       1.276147737740e+00       7.425290807288e-03      -2.532589606782e-07      -6.380738843896e-01      -2.523743326591e-02      -6.380738688700e-01      -2.787367871722e-02 
       7.771661763261e-01      -5.608929676906e-03      -3.802112605463e+02      -5.333315258204e+02      -5.599587942625e-03      -4.947099999510e+02       4.333758355460e-03       4.333758355460e-03       1.066663051641e+03       1.283182253314e+00       7.267612923127e-03      -2.478756653353e-07      -6.415911418475e-01      -2.537271485351e-02      -6.415911266572e-01      -2.802674643332e-02 
       7.877841799308e-01      -5.488826096947e-03      -3.823110803784e+02      -5.362674761035e+02      -5.479684386804e-03      -4.974343741754e+02       4.240949120976e-03       4.240949120976e-03       1.072534952207e+03       1.290247211869e+00       7.111970667123e-03      -2.425631509507e-07      -6.451236207996e-01      -2.550944583729e-02      -6.451236059346e-01      -2.818060734859e-02 
       7.986217631414e-01      -5.370438737599e-03      -3.844308601273e+02      -5.392354266365e+02      -5.361494196465e-03      -5.001879953930e+02       4.149471221077e-03       4.149471221077e-03       1.078470853273e+03       1.297388733297e+00       6.958562725566e-03      -2.373287014327e-07      -6.486943811931e-01      -2.564892435431e-02      -6.486943666486e-01      -2.833632726081e-02 
       8.096875631153e-01      -5.253633338685e-03      -3.865623103608e+02      -5.422265771296e+02      -5.244883345149e-03      -5.029623925616e+02       4.059217717068e-03       4.059217717068e-03       1.084453154259e+03       1.304584414715e+00       6.807208728323e-03      -2.321661049104e-07      -6.522922215855e-01      -2.579080836565e-02      -6.522922073574e-01      -2.849343213183e-02 
       8.209907638875e-01      -5.138401073649e-03      -3.887111103630e+02      -5.452434200935e+02      -5.129843010680e-03      -5.057604740298e+02       3.970179175172e-03       3.970179175172e-03       1.090486840187e+03       1.311841413355e+00       6.657892013894e-03      -2.270731048303e-07      -6.559207205935e-01      -2.593398442072e-02      -6.559207066775e-01      -2.865188831747e-02 
       8.325411427102e-01      -5.024792699326e-03      -3.908899331940e+02      -5.482953489050e+02      -5.016423845403e-03      -5.085918662419e+02       3.882395367002e-03       3.882395367002e-03       1.096590697810e+03       1.319184781804e+00       6.510679462839e-03      -2.220503852351e-07      -6.595924045103e-01      -2.607758091343e-02      -6.595923909019e-01      -2.881203608529e-02 
       8.443491212515e-01      -4.912642805448e-03      -3.930851685143e+02      -5.513698106688e+02      -4.904460737847e-03      -5.114442130016e+02       3.795735239751e-03       3.795735239751e-03       1.102739621338e+03       1.326581924531e+00       6.365350247988e-03      -2.170915054236e-07      -6.632909755700e-01      -2.622185011603e-02      -6.632909622653e-01      -2.897329924218e-02 
       8.564258222607e-01      -4.802082086394e-03      -3.953138166622e+02      -5.544869909038e+02      -4.794084145455e-03      -5.143366369404e+02       3.710305788354e-03       3.710305788354e-03       1.108973981808e+03       1.334083427231e+00       6.222085745100e-03      -2.122027399417e-07      -6.670417266210e-01      -2.636775387580e-02      -6.670417136157e-01      -2.913677685451e-02 
       8.687831323856e-01      -4.692870496459e-03      -3.975524152966e+02      -5.576256376803e+02      -4.685054454423e-03      -5.172481549318e+02       3.625917633388e-03       3.625917633388e-03       1.115251275361e+03       1.341634207597e+00       6.080567099384e-03      -2.073748856518e-07      -6.708171165082e-01      -2.651578564098e-02      -6.708171037986e-01      -2.930150539391e-02 
       8.814337719335e-01      -4.585173153699e-03      -3.998252527459e+02      -5.608100912597e+02      -4.577536477427e-03      -5.202024045652e+02       3.542702820087e-03       3.542702820087e-03       1.121620182519e+03       1.349296372220e+00       5.941017198370e-03      -2.026141918088e-07      -6.746481985277e-01      -2.666591240425e-02      -6.746481861098e-01      -2.946865048436e-02 
       8.943913724798e-01      -4.478776493760e-03      -4.021136741228e+02      -5.640201664484e+02      -4.471317029358e-03      -5.231800106352e+02       3.460490616017e-03       3.460490616017e-03       1.128040332897e+03       1.357018642495e+00       5.803147874029e-03      -1.979112070119e-07      -6.785093333774e-01      -2.681757604197e-02      -6.785093212476e-01      -2.963716111120e-02 
       9.076705633606e-01      -4.373834123391e-03      -4.044424968104e+02      -5.672804233773e+02      -4.366549433449e-03      -5.262048715723e+02       3.379403845341e-03       3.379403845341e-03       1.134560846755e+03       1.364863766083e+00       5.667166444097e-03      -1.932717897009e-07      -6.824318948873e-01      -2.697074984788e-02      -6.824318830417e-01      -2.980821593515e-02 
       9.212870682466e-01      -4.270144014833e-03      -4.067915833130e+02      -5.705719173733e+02      -4.263032024251e-03      -5.292584011532e+02       3.299282758484e-03       3.299282758484e-03       1.141143834747e+03       1.372782832662e+00       5.532803826280e-03      -1.886879561418e-07      -6.863914278957e-01      -2.712569772625e-02      -6.863914163310e-01      -2.998093301371e-02 
       9.352578131720e-01      -4.167807762415e-03      -4.091787742911e+02      -5.739145922586e+02      -4.160866208950e-03      -5.323596525577e+02       3.220209790670e-03       3.220209790670e-03       1.147829184517e+03       1.380826033798e+00       5.400199539457e-03      -1.841640531611e-07      -6.904130281869e-01      -2.728293077260e-02      -6.904130168992e-01      -3.015633575221e-02 
       9.496010476076e-01      -4.066685766701e-03      -4.115917962398e+02      -5.772966885799e+02      -4.059912634642e-03      -5.354971234227e+02       3.142074593853e-03       3.142074593853e-03       1.154593377160e+03       1.388963042909e+00       5.269167726180e-03      -1.796942407223e-07      -6.944815324681e-01      -2.744243611106e-02      -6.944815214543e-01      -3.033385058822e-02 
       9.643364804132e-01      -3.966791341709e-03      -4.140391449429e+02      -5.807267146018e+02      -3.960184585504e-03      -5.386790772557e+02       3.064888149961e-03       3.064888149961e-03       1.161453429204e+03       1.397215434700e+00       5.139727029546e-03      -1.752786848297e-07      -6.986077280930e-01      -2.760413010789e-02      -6.986077173498e-01      -3.051387151345e-02 
       9.794854327925e-01      -3.868118064002e-03      -4.165271533612e+02      -5.842113480027e+02      -3.861675644740e-03      -5.419119484571e+02       2.988645987869e-03       2.988645987869e-03       1.168422696005e+03       1.405600011689e+00       5.011870111792e-03      -1.709169231289e-07      -7.028000163205e-01      -2.776807791046e-02      -7.028000058445e-01      -3.069672509208e-02 
       9.950710107137e-01      -3.770541559086e-03      -4.190444392711e+02      -5.877400593784e+02      -3.764261658263e-03      -5.451853778360e+02       2.913250019561e-03       2.913250019561e-03       1.175480118757e+03       1.414089453833e+00       4.885431835764e-03      -1.666039019229e-07      -7.070447371284e-01      -2.793445362981e-02      -7.070447269166e-01      -3.088192273518e-02 
       1.011118299649e+00      -3.674140653634e-03      -4.216098646723e+02      -5.913331103680e+02      -3.668021305491e-03      -5.485188348246e+02       2.838764117498e-03       2.838764117498e-03       1.182666220736e+03       1.422734941989e+00       4.760520276730e-03      -1.623427803166e-07      -7.113674809452e-01      -2.810358130962e-02      -7.113674709945e-01      -3.107047817976e-02 
       1.027654584949e+00      -3.578792594317e-03      -4.242124316604e+02      -5.949801497832e+02      -3.572832049423e-03      -5.519021648567e+02       2.765091254785e-03       2.765091254785e-03       1.189960299566e+03       1.431509632513e+00       4.636972015484e-03      -1.581283848627e-07      -7.157548259492e-01      -2.827546694494e-02      -7.157548162567e-01      -3.126188636801e-02 
       1.044709601705e+00      -3.484470129402e-03      -4.268556342986e+02      -5.986854422004e+02      -3.478666682349e-03      -5.553393930393e+02       2.692210443441e-03       2.692210443441e-03       1.197370884401e+03       1.440423968826e+00       4.514751878242e-03      -1.539594154227e-07      -7.202119938499e-01      -2.845020343233e-02      -7.202119844129e-01      -3.145635820447e-02 
       1.062315818564e+00      -3.391197881278e-03      -4.295523373918e+02      -6.024628756128e+02      -3.385549776798e-03      -5.588438546064e+02       2.620142277547e-03       2.620142277547e-03       1.204925751226e+03       1.449512941671e+00       4.393894910249e-03      -1.498367531121e-07      -7.247564800200e-01      -2.862802144208e-02      -7.247564708356e-01      -3.165458813118e-02 
       1.080508760706e+00      -3.298888825457e-03      -4.322965955090e+02      -6.063079145323e+02      -3.293394461688e-03      -5.624109280643e+02       2.548818169722e-03       2.548818169722e-03       1.212615829065e+03       1.458764221518e+00       4.274285654779e-03      -1.457568062519e-07      -7.293821196935e-01      -2.880917135419e-02      -7.293821107590e-01      -3.185638165330e-02 
       1.099327377988e+00      -3.207496283427e-03      -4.350894363548e+02      -6.102227086017e+02      -3.202154137625e-03      -5.660425302502e+02       2.478201759074e-03       2.478201759074e-03       1.220445417203e+03       1.468182688009e+00       4.155863040135e-03      -1.417175256794e-07      -7.340913526915e-01      -2.899382304833e-02      -7.340913440045e-01      -3.206185645904e-02 
       1.118814465254e+00      -3.117023936980e-03      -4.379416060808e+02      -6.142193469860e+02      -3.111832474251e-03      -5.697502000387e+02       2.408296876824e-03       2.408296876824e-03       1.228438693972e+03       1.477798542222e+00       4.038633811540e-03      -1.377189036285e-07      -7.388992795530e-01      -2.918220530999e-02      -7.388992711110e-01      -3.227161642632e-02 
       1.139017142838e+00      -3.027439789461e-03      -4.408577477194e+02      -6.183043531882e+02      -3.022397528204e-03      -5.735399873710e+02       2.339078837330e-03       2.339078837330e-03       1.236608706376e+03       1.487627498674e+00       3.922556583762e-03      -1.337595398264e-07      -7.438137575365e-01      -2.937462935732e-02      -7.438137493371e-01      -3.248600485966e-02 
       1.159987406523e+00      -2.938683756844e-03      -4.438376217990e+02      -6.224790517765e+02      -2.933789318644e-03      -5.774129399996e+02       2.270500692325e-03       2.270500692325e-03       1.244958103553e+03       1.497672122845e+00       3.807552455687e-03      -1.298368623222e-07      -7.488360693817e-01      -2.957134126863e-02      -7.488360614227e-01      -3.270510736270e-02 
       1.181782757508e+00      -2.850719166243e-03      -4.468854441832e+02      -6.267497301511e+02      -2.845971234475e-03      -5.813748493043e+02       2.202533959096e-03       2.202533959096e-03       1.253499460302e+03       1.507947384370e+00       3.693573614855e-03      -1.259492593278e-07      -7.539736999058e-01      -2.977267941829e-02      -7.539736921851e-01      -3.292925731027e-02 
       1.204466924296e+00      -2.763509089872e-03      -4.500063494917e+02      -6.311232317700e+02      -2.758906408482e-03      -5.854321022761e+02       2.135150266796e-03       2.135150266796e-03       1.262246463540e+03       1.518469895009e+00       3.580572536556e-03      -1.220950756482e-07      -7.592349549889e-01      -2.997891668213e-02      -7.592349475043e-01      -3.315880911477e-02 
       1.228110689814e+00      -2.677022195426e-03      -4.532068357889e+02      -6.356083732912e+02      -2.672563559803e-03      -5.895929096065e+02       2.068325537546e-03       2.068325537546e-03       1.271216746582e+03       1.529260993548e+00       3.468508885422e-03      -1.182729092165e-07      -7.646305040244e-01      -3.019042587449e-02      -7.646304967741e-01      -3.339422141374e-02 
       1.252792838276e+00      -2.591219525387e-03      -4.564925838968e+02      -6.402129418273e+02      -2.586903795614e-03      -5.938645142705e+02       2.002029688351e-03       2.002029688351e-03       1.280425883655e+03       1.540339473837e+00       3.357332218833e-03      -1.144810281692e-07      -7.701697439367e-01      -3.040755391609e-02      -7.701697369187e-01      -3.363590095669e-02 
       1.278601237189e+00      -2.506066871020e-03      -4.598705073766e+02      -6.449465286347e+02      -2.501892964209e-03      -5.982558245731e+02       1.936236282876e-03       1.936236282876e-03       1.289893057269e+03       1.551728441734e+00       3.246998202198e-03      -1.107179235155e-07      -7.758642276541e-01      -3.063075907850e-02      -7.758642208668e-01      -3.388435262324e-02 
       1.305634070045e+00      -2.421523155445e-03      -4.633467111297e+02      -6.498175965374e+02      -2.417490057116e-03      -6.027747014608e+02       1.870913566216e-03       1.870913566216e-03       1.299635193075e+03       1.563448281592e+00       3.137453577978e-03      -1.069817734613e-07      -7.817241473543e-01      -3.086042874521e-02      -7.817241407959e-01      -3.414001926638e-02 
       1.334001234132e+00      -2.337562186860e-03      -4.669303434154e+02      -6.548390878661e+02      -2.333668926399e-03      -6.074331380663e+02       1.806041274503e-03       1.806041274503e-03       1.309678175732e+03       1.575530090661e+00       3.028664355557e-03      -1.032714321431e-07      -7.877650516615e-01      -3.109720123118e-02      -7.877650453305e-01      -3.440358364473e-02 
       1.363825914699e+00      -2.254142404851e-03      -4.706277162906e+02      -6.600202025576e+02      -2.250388081664e-03      -6.122396304249e+02       1.741587149495e-03       1.741587149495e-03       1.320040405115e+03       1.587995841212e+00       2.920576391182e-03      -9.958508007465e-08      -7.939979267109e-01      -3.134157501002e-02      -7.939979206058e-01      -3.467553535654e-02 
       1.395246340115e+00      -2.171235250535e-03      -4.744475732200e+02      -6.653738270169e+02      -2.167619012134e-03      -6.172060640278e+02       1.677529042593e-03       1.677529042593e-03       1.330747654034e+03       1.600876314337e+00       2.813152515470e-03      -9.592147262868e-08      -8.004381630492e-01      -3.159422242051e-02      -8.004381571687e-01      -3.495655635140e-02 
       1.428417711027e+00      -2.088841009424e-03      -4.784067319168e+02      -6.709218076508e+02      -2.085362000337e-03      -6.223528932696e+02       1.613867606855e-03       1.613867606855e-03       1.341843615302e+03       1.614224755292e+00       2.706393964009e-03      -9.228055928909e-08      -8.071123833033e-01      -3.185595970736e-02      -8.071123776459e-01      -3.524777377904e-02 
       1.463514277278e+00      -2.006933417750e-03      -4.825151104538e+02      -6.766778477418e+02      -2.003590826094e-03      -6.276928518690e+02       1.550582569378e-03       1.550582569378e-03       1.353355695484e+03       1.628074214463e+00       2.600266746146e-03      -8.866117316142e-08      -8.140371126671e-01      -3.212739922411e-02      -8.140371072315e-01      -3.554990328221e-02 
       1.500731506377e+00      -1.925472059538e-03      -4.867747647106e+02      -6.826488322096e+02      -1.922265145119e-03      -6.332318902859e+02       1.487641951169e-03       1.487641951169e-03       1.365297664419e+03       1.642439744089e+00       2.494716990069e-03      -8.506163951152e-08      -8.212198772593e-01      -3.240929800642e-02      -8.212198720444e-01      -3.586334316387e-02 
       1.540288242703e+00      -1.844498790173e-03      -4.912128749676e+02      -6.888671874052e+02      -1.841426737101e-03      -6.390007076598e+02       1.425079112486e-03       1.425079112486e-03       1.377734374810e+03       1.657401495468e+00       2.389800971443e-03      -8.148365302746e-08      -8.287007527299e-01      -3.270258191900e-02      -8.287007477342e-01      -3.618974430750e-02 
       1.582428693406e+00      -1.763991340791e-03      -4.958307420808e+02      -6.953394676273e+02      -1.761053375505e-03      -6.450048684122e+02       1.362875950324e-03       1.362875950324e-03       1.390678935255e+03       1.672973415793e+00       2.285488040979e-03      -7.792636405467e-08      -8.364867126743e-01      -3.300811612223e-02      -8.364867078966e-01      -3.652950055393e-02 
       1.627423992086e+00      -1.684003903010e-03      -5.006508097243e+02      -7.020945758340e+02      -1.681199159228e-03      -6.512714634624e+02       1.301074759646e-03       1.301074759646e-03       1.404189151668e+03       1.689225996640e+00       2.181849263937e-03      -7.439210479210e-08      -8.446130028809e-01      -3.332701419342e-02      -8.446129983199e-01      -3.688410912787e-02 
       1.675572985692e+00      -1.604592928527e-03      -5.056896994070e+02      -7.091557122804e+02      -1.601920445537e-03      -6.578220255426e+02       1.239719234398e-03       1.239719234398e-03       1.418311424561e+03       1.706215139938e+00       2.078957938949e-03      -7.088336210568e-08      -8.531075743150e-01      -3.366032535687e-02      -8.531075699691e-01      -3.725478251895e-02 
       1.727201772779e+00      -1.525829978802e-03      -5.109597102349e+02      -7.165413868149e+02      -1.523288677537e-03      -6.646735870928e+02       1.178864519414e-03       1.178864519414e-03       1.433082773630e+03       1.723984932221e+00       1.976906494960e-03      -6.740331790657e-08      -8.619924702432e-01      -3.400902401141e-02      -8.619924661106e-01      -3.764249918711e-02 
       1.782661416417e+00      -1.447826756802e-03      -5.164765114974e+02      -7.242729438734e+02      -1.445415371799e-03      -6.718460160805e+02       1.118596973859e-03       1.118596973859e-03       1.448545887747e+03       1.742586940909e+00       1.875839771196e-03      -6.395689639744e-08      -8.712934743758e-01      -3.437407345306e-02      -8.712934704544e-01      -3.804837691582e-02 
       1.842323209855e+00      -1.370732971319e-03      -5.222558831080e+02      -7.323713193754e+02      -1.368449987359e-03      -6.793588629497e+02       1.059032333383e-03       1.059032333383e-03       1.464742638751e+03       1.762071930995e+00       1.775951874244e-03      -6.055069997586e-08      -8.810359692102e-01      -3.475640005445e-02      -8.810359654977e-01      -3.847351277508e-02 
       1.906570961143e+00      -1.294726159215e-03      -5.283043103349e+02      -7.408488279598e+02      -1.292569767553e-03      -6.872232000416e+02       1.000307403528e-03       1.000307403528e-03       1.481697655920e+03       1.782468327361e+00       1.677472104388e-03      -5.719263064492e-08      -8.912341671870e-01      -3.515694811023e-02      -8.912341636804e-01      -3.891858546817e-02 
       1.975790075473e+00      -1.220047637771e-03      -5.346393292845e+02      -7.497267516712e+02      -1.218015624969e-03      -6.954591295266e+02       9.426091037230e-04       9.426091037230e-04       1.499453503342e+03       1.803828657078e+00       1.580714072385e-03      -5.389327801830e-08      -9.019143318432e-01      -3.557628790945e-02      -9.019143285388e-01      -3.938467137885e-02 
       2.050353823144e+00      -1.146946106747e-03      -5.412590071207e+02      -7.590041522819e+02      -1.145035846611e-03      -7.040655879738e+02       8.861293222774e-04       8.861293222774e-04       1.518008304564e+03       1.826149948612e+00       1.485999483156e-03      -5.066366248584e-08      -9.130749774124e-01      -3.601461539696e-02      -9.130749743060e-01      -3.987174415731e-02 
       2.130608069751e+00      -1.075715802502e-03      -5.481646065469e+02      -7.686826433034e+02      -1.073924178914e-03      -7.130440892406e+02       8.310953666586e-04       8.310953666586e-04       1.537365286607e+03       1.849436099720e+00       1.393709515097e-03      -4.751678605272e-08      -9.247180527734e-01      -3.647206978651e-02      -9.247180498599e-01      -4.037989834318e-02 
       2.216856723667e+00      -1.006667091189e-03      -5.553535811242e+02      -7.787577793647e+02      -1.004990470180e-03      -7.223906050314e+02       7.777471861505e-04       7.777471861505e-04       1.557515558729e+03       1.873676835367e+00       1.304246604789e-03      -4.446633499316e-08      -9.368384204098e-01      -3.694826880855e-02      -9.368384176833e-01      -4.090888240410e-02 
       2.309350833013e+00      -9.400931137866e-04      -5.628086454759e+02      -7.892069233875e+02      -9.385273741343e-04      -7.320839622168e+02       7.263110818249e-04       7.263110818249e-04       1.578413846775e+03       1.898817049717e+00       1.217990191062e-03      -4.152527899745e-08      -9.494085274045e-01      -3.744236592676e-02      -9.494085248583e-01      -4.145752953596e-02 
       2.408284166381e+00      -8.762773159840e-04      -5.705177651409e+02      -8.000112726699e+02      -8.748178635655e-04      -7.421069290659e+02       6.770061787995e-04       6.770061787995e-04       1.600022545340e+03       1.924812222439e+00       1.135307781095e-03      -3.870611601702e-08      -9.624061135930e-01      -3.795331063067e-02      -9.624061112197e-01      -4.202484158186e-02 
       2.513796969118e+00      -8.154469965188e-04      -5.784554366538e+02      -8.111368878340e+02      -8.140888591658e-04      -7.524278240575e+02       6.300079867904e-04       6.300079867904e-04       1.622273775668e+03       1.951580071853e+00       1.056493664316e-03      -3.601889591339e-08      -9.757900381350e-01      -3.847964704188e-02      -9.757900359264e-01      -4.260904727768e-02 
       2.625987629569e+00      -7.577799503112e-04      -5.866033333017e+02      -8.225558711483e+02      -7.565178591345e-04      -7.630210083292e+02       5.854539587044e-04       5.854539587044e-04       1.645111742297e+03       1.979054255849e+00       9.817783721747e-04      -3.347145181498e-08      -9.895271299770e-01      -3.901990443992e-02      -9.895271279245e-01      -4.320867355119e-02 
       2.744929960642e+00      -7.033725466077e-04      -5.949292053168e+02      -8.342263333810e+02      -7.022010731707e-04      -7.738472613331e+02       5.434183714454e-04       5.434183714454e-04       1.668452666762e+03       2.007132794047e+00       9.112864062556e-04      -3.106806017552e-08      -1.003566398929e+00      -3.957242344129e-02      -1.003566397024e+00      -4.382154704182e-02 
       2.870692567079e+00      -6.522649601895e-04      -6.034154118978e+02      -8.461208086681e+02      -6.511786083371e-04      -7.848814025648e+02       5.039323855522e-04       5.039323855522e-04       1.692241617336e+03       2.035750600713e+00       8.450700610750e-04      -2.881046886086e-08      -1.017875302123e+00      -4.013567515380e-02      -1.017875300356e+00      -4.444620955298e-02 
       3.003356777944e+00      -6.044291420042e-04      -6.120402636620e+02      -8.582093754093e+02      -6.034224623753e-04      -7.960956224675e+02       4.669743024471e-04       4.669743024471e-04       1.716418750819e+03       2.064835544638e+00       7.830929402441e-04      -2.669743560433e-08      -1.032417773956e+00      -4.070828109058e-02      -1.032417772319e+00      -4.508109285718e-02 
       3.143030673842e+00      -5.597831174658e-04      -6.207819088824e+02      -8.704626508596e+02      -5.588507976264e-04      -8.074625278042e+02       4.324807046957e-04       4.324807046957e-04       1.740925301719e+03       2.094316436853e+00       7.252486685005e-04      -2.472534370816e-08      -1.047158219942e+00      -4.128904089594e-02      -1.047158218426e+00      -4.572467344975e-02 
       3.289858202671e+00      -5.182107395073e-04      -6.296284348711e+02      -8.828623706813e+02      -5.173476600238e-04      -8.189653461698e+02       4.003619195619e-04       4.003619195619e-04       1.765724741363e+03       2.124149947059e+00       6.713868890659e-04      -2.288904625060e-08      -1.062074974933e+00      -4.187692862228e-02      -1.062074973530e+00      -4.637597932221e-02 
       3.444023643325e+00      -4.795648204385e-04      -6.385637563921e+02      -8.953874283594e+02      -4.787661073618e-04      -8.305843408056e+02       3.705041581416e-04       3.705041581416e-04       1.790774856719e+03       2.154284747808e+00       6.213167598438e-04      -2.118204536679e-08      -1.077142375203e+00      -4.247113516894e-02      -1.077142373904e+00      -4.703392055431e-02 
       3.605752430110e+00      -4.436837844405e-04      -6.475764111169e+02      -9.080212874371e+02      -4.429448328100e-04      -8.423042226445e+02       3.427825957026e-04       3.427825957026e-04       1.816042574874e+03       2.184681230729e+00       5.748289582199e-04      -1.959719647014e-08      -1.092340616566e+00      -4.307086119513e-02      -1.092340615365e+00      -4.769762959132e-02 
       3.775309589662e+00      -4.104018837799e-04      -6.566610168114e+02      -9.207557293948e+02      -4.097183645559e-04      -8.541174411657e+02       3.170691891815e-04       3.170691891815e-04       1.841511458790e+03       2.215319890885e+00       5.317087661444e-04      -1.812717108199e-08      -1.107659946554e+00      -4.367567449026e-02      -1.107659945443e+00      -4.836667337090e-02 
       3.952996932004e+00      -3.795486606264e-04      -6.658065046533e+02      -9.335760289425e+02      -3.789165288166e-04      -8.660102501347e+02       2.932322084523e-04       2.932322084523e-04       1.867152057885e+03       2.246165002174e+00       4.917352669187e-04      -1.676443992998e-08      -1.123082502115e+00      -4.428500333585e-02      -1.123082501087e+00      -4.904029196791e-02 
       4.139149865523e+00      -3.509594900762e-04      -6.750060021655e+02      -9.464723949745e+02      -3.503749748405e-04      -8.779735839136e+02       2.711444627161e-04       2.711444627161e-04       1.892944789949e+03       2.277193073384e+00       4.546951667254e-04      -1.550172746679e-08      -1.138596537642e+00      -4.489841119711e-02      -1.138596536692e+00      -4.971797652990e-02 
       4.334134407024e+00      -3.244761069835e-04      -6.842525876977e+02      -9.594350258663e+02      -3.239357010572e-04      -8.899983607398e+02       2.506836724675e-04       2.506836724675e-04       1.918870051733e+03       2.308380565284e+00       4.203834070250e-04      -1.433203967366e-08      -1.154190283521e+00      -4.551546739854e-02      -1.154190282642e+00      -5.039921818626e-02 
       4.538344703503e+00      -2.999479421632e-04      -6.935380298800e+02      -9.724525850943e+02      -2.994483890793e-04      -9.020740421720e+02       2.317334990833e-04       2.317334990833e-04       1.944905170189e+03       2.339700136527e+00       3.886048902352e-04      -1.324872412879e-08      -1.169850069076e+00      -4.613571015003e-02      -1.169850068263e+00      -5.108343169220e-02 
       4.752201195312e+00      -2.772338631427e-04      -7.028552085665e+02      -9.855145735624e+02      -2.767721414337e-04      -9.141909451346e+02       2.141849089103e-04       2.141849089103e-04       1.971029147125e+03       2.371126730114e+00       3.591767734749e-04      -1.224554328836e-08      -1.185563365808e+00      -4.675864253979e-02      -1.185563365057e+00      -5.177006954350e-02 
       4.976149428769e+00      -2.562008524238e-04      -7.121925606600e+02      -9.986059483868e+02      -2.557741622869e-04      -9.263349878658e+02       1.979351076600e-04       1.979351076600e-04       1.997211896774e+03       2.402623720844e+00       3.319266671735e-04      -1.131662297452e-08      -1.201311861116e+00      -4.738374199286e-02      -1.201311860422e+00      -5.245836230713e-02 
       5.210659457381e+00      -2.367266873937e-04      -7.215439764982e+02      -1.011716947593e+03      -2.363324324648e-04      -9.384972451459e+02       1.828896844631e-04       1.828896844631e-04       2.023433895186e+03       2.434168086695e+00       3.066962544268e-04      -1.045655988818e-08      -1.217084043989e+00      -4.801048675098e-02      -1.217084043347e+00      -5.314779707449e-02 
       5.456225739813e+00      -2.186957153359e-04      -7.308947392849e+02      -1.024828290889e+03      -2.183314919911e-04      -9.506596843597e+02       1.689592629265e-04       1.689592629265e-04       2.049656581778e+03       2.465712940727e+00       2.833356474769e-04      -9.660247289817e-09      -1.232856470956e+00      -4.863818843132e-02      -1.232856470363e+00      -5.383738589569e-02 
       5.713367436630e+00      -2.020024255844e-04      -7.402366017029e+02      -1.037927160181e+03      -2.016660058195e-04      -9.628105517518e+02       1.560623420197e-04       1.560623420197e-04       2.075854320362e+03       2.497227931511e+00       2.617081780539e-04      -8.923020750889e-09      -1.248613966303e+00      -4.926618666441e-02      -1.248613965756e+00      -5.452645673224e-02 
       5.982629016144e+00      -1.865475664274e-04      -7.495537348114e+02      -1.050992478490e+03      -1.862368876261e-04      -9.749301739113e+02       1.441222238569e-04       1.441222238569e-04       2.101984956981e+03       2.528661942403e+00       2.416852219913e-04      -8.240497456030e-09      -1.264330971707e+00      -4.989369971131e-02      -1.264330971202e+00      -5.521392777944e-02 
       6.264581095054e+00      -1.722401368774e-04      -7.588339180590e+02      -1.064006488107e+03      -1.719532879370e-04      -9.870021461345e+02       1.330686081804e-04       1.330686081804e-04       2.128012976214e+03       2.559972503899e+00       2.231488911633e-04      -7.608655762862e-09      -1.279986252416e+00      -5.051992032901e-02      -1.279986251950e+00      -5.589887635868e-02 
       6.559821456700e+00      -1.589952781428e-04      -7.680609837974e+02      -1.076946572064e+03      -1.587304892987e-04      -9.990054825504e+02       1.228359310021e-04       1.228359310021e-04       2.153893144129e+03       2.591105198079e+00       2.059892369741e-04      -7.023746812525e-09      -1.295552599470e+00      -5.114389665579e-02      -1.295552599039e+00      -5.658013269020e-02 
       6.868976205922e+00      -1.467344477830e-04      -7.772169407207e+02      -1.089788315782e+03      -1.464900801245e-04      -1.010917447002e+03       1.133635025993e-04       1.133635025993e-04       2.179576631563e+03       2.622001000664e+00       1.901044828904e-04      -6.482301817422e-09      -1.311000500729e+00      -5.176468483125e-02      -1.311000500332e+00      -5.725644138216e-02 
       7.192701032936e+00      -1.353852444166e-04      -7.862852310201e+02      -1.102507704155e+03      -1.351597795717e-04      -1.022715849421e+03       1.045953929659e-04       1.045953929659e-04       2.205015408310e+03       2.652602458921e+00       1.754008391227e-04      -5.981121079956e-09      -1.326301229827e+00      -5.238119502806e-02      -1.326301229461e+00      -5.792655456974e-02 
       7.531682569088e+00      -1.248802930900e-04      -7.952448252747e+02      -1.115076229029e+03      -1.246723249437e-04      -1.034374138207e+03       9.647954022143e-05       9.647954022143e-05       2.230152458057e+03       2.682840638440e+00       1.617909975949e-04      -5.517229298789e-09      -1.341420319558e+00      -5.299233379074e-02      -1.341420319220e+00      -5.858900742567e-02 
       7.886639824861e+00      -1.151576275871e-04      -8.040769051502e+02      -1.127466945102e+03      -1.149658531993e-04      -1.045867379065e+03       8.896807412414e-05       8.896807412414e-05       2.254933890204e+03       2.712650951522e+00       1.491946835927e-04      -5.087888290315e-09      -1.356325476073e+00      -5.359692674362e-02      -1.356325475761e+00      -5.924240480358e-02 
       8.258325705669e+00      -1.061598548731e-04      -8.127609710638e+02      -1.139651345811e+03      -1.059830668994e-04      -1.057169102667e+03       8.201665142921e-05       8.201665142921e-05       2.279302691623e+03       2.741964756293e+00       1.375375349936e-04      -4.690562877609e-09      -1.370982378434e+00      -5.419382799111e-02      -1.370982378146e+00      -5.988527945264e-02 
       8.647528604335e+00      -9.783338135084e-05      -8.212715539248e+02      -1.151594212788e+03      -9.767046172065e-05      -1.068246585698e+03       7.558386318772e-05       7.558386318772e-05       2.303188425577e+03       2.770697164594e+00       1.267501099871e-04      -4.322885874052e-09      -1.385348582562e+00      -5.478161665257e-02      -1.385348582297e+00      -6.051581627925e-02 
       9.055074071264e+00      -9.012922151303e-05      -8.295874877214e+02      -1.163265610583e+03      -8.997913372803e-05      -1.079072087242e+03       6.963186550453e-05       6.963186550453e-05       2.326531221166e+03       2.798776289924e+00       1.167689467720e-04      -3.982693042956e-09      -1.399388145206e+00      -5.535905918877e-02      -1.399388144962e+00      -6.113247360992e-02 
       9.481826564591e+00      -8.300176225964e-05      -8.376840587469e+02      -1.174631385130e+03      -8.286354580109e-05      -1.089613870702e+03       6.412541588925e-05       6.412541588925e-05       2.349262770261e+03       2.826119812513e+00       1.075349446520e-04      -3.667969743751e-09      -1.413059906481e+00      -5.592482304294e-02      -1.413059906257e+00      -6.173349813107e-02 
       9.928691283402e+00      -7.640892579744e-05      -8.455377760678e+02      -1.185658354595e+03      -7.628169021659e-05      -1.099841182251e+03       5.903200697818e-05       5.903200697818e-05       2.371316709191e+03       2.852648036022e+00       9.899359083445e-05      -3.376856978303e-09      -1.426324018218e+00      -5.647756169004e-02      -1.426324018011e+00      -6.231718386295e-02 
       1.039661608762e+01      -7.031177103206e-05      -8.531243298771e+02      -1.196313163074e+03      -7.019469075060e-05      -1.109723000424e+03       5.432155063050e-05       5.432155063050e-05       2.392626326147e+03       2.878280481067e+00       9.109442809682e-05      -3.107634950374e-09      -1.439140240724e+00      -5.701604838151e-02      -1.439140240533e+00      -6.288182819676e-02 
       1.088659350847e+01      -6.467424395123e-05      -8.604201139769e+02      -1.206562365280e+03      -6.456655342645e-05      -1.119228338106e+03       4.996619384878e-05       4.996619384878e-05       2.413124730559e+03       2.902936865203e+00       8.379074894116e-05      -2.858710745403e-09      -1.451468432777e+00      -5.753895843171e-02      -1.451468432602e+00      -6.342571741162e-02 
       1.139966285374e+01      -5.946291529376e-05      -8.674003155314e+02      -1.216371973333e+03      -5.936390467196e-05      -1.128325579600e+03       4.594010722087e-05       4.594010722087e-05       2.432743946667e+03       2.926535168508e+00       7.703923793849e-05      -2.628608028309e-09      -1.463267584415e+00      -5.804509215396e-02      -1.463267584254e+00      -6.394712395839e-02 
       1.193691241231e+01      -5.464699822719e-05      -8.740438253053e+02      -1.225712317645e+03      -5.455600892360e-05      -1.136987210311e+03       4.221950622503e-05       4.221950622503e-05       2.451424635290e+03       2.949004099107e+00       7.080000993814e-05      -2.415966727707e-09      -1.474502049702e+00      -5.853338649825e-02      -1.474502049554e+00      -6.444454317898e-02 
       1.249948176251e+01      -5.018538230299e-05      -8.801101508682e+02      -1.234246009315e+03      -5.010182419427e-05      -1.144900278493e+03       3.877262734160e-05       3.877262734160e-05       2.468492018631e+03       2.969531927841e+00       6.501979839922e-05      -2.218969514076e-09      -1.484765964056e+00      -5.898799915257e-02      -1.484765963920e+00      -6.490027713522e-02 
       1.308856418936e+01      -4.605636616125e-05      -8.856081965288e+02      -1.241985926093e+03      -4.597968527045e-05      -1.152076687131e+03       3.558270484616e-05       3.558270484616e-05       2.483971852185e+03       2.988149579819e+00       5.967048817765e-05      -2.036658251661e-09      -1.494074790034e+00      -5.940999245029e-02      -1.494074789909e+00      -6.531506952660e-02 
       1.370540921568e+01      -4.224495654362e-05      -8.906724781991e+02      -1.249121535194e+03      -4.217462387430e-05      -1.158692098190e+03       3.263815605526e-05       3.263815605526e-05       2.498243070389e+03       3.005312749096e+00       5.473265597708e-05      -1.868371837530e-09      -1.502656374663e+00      -5.980901686779e-02      -1.502656374548e+00      -6.569897030359e-02 
       1.435132525246e+01      -3.873739380517e-05      -8.954962909156e+02      -1.255924173842e+03      -3.867290327960e-05      -1.164998178235e+03       2.992835283304e-05       2.992835283304e-05       2.511848347683e+03       3.021674350422e+00       5.018847970830e-05      -1.713503560443e-09      -1.510837175316e+00      -6.019867590073e-02      -1.510837175211e+00      -6.606634510297e-02 
       1.502768237421e+01      -3.551625651816e-05      -9.002220111437e+02      -1.262594306359e+03      -3.545713108140e-05      -1.171180793143e+03       2.743983592121e-05       2.743983592121e-05       2.525188612718e+03       3.037716568151e+00       4.601538895674e-05      -1.571284681653e-09      -1.518858284172e+00      -6.058929792985e-02      -1.518858284075e+00      -6.642784579307e-02 
       1.573591522508e+01      -3.255888189680e-05      -9.048566193344e+02      -1.269141970312e+03      -3.250468223777e-05      -1.177249226809e+03       2.515509617391e-05       2.515509617391e-05       2.538283940623e+03       3.053463572943e+00       4.218402169195e-05      -1.440714035744e-09      -1.526731786559e+00      -6.098204550558e-02      -1.526731786471e+00      -6.678410393296e-02 
       1.647752606189e+01      -2.983807007644e-05      -9.092170146894e+02      -1.275310701025e+03      -2.978840218175e-05      -1.182965545801e+03       2.305311748760e-05       2.305311748760e-05       2.550621402050e+03       3.068298228013e+00       3.865913434914e-05      -1.320589207087e-09      -1.534149114087e+00      -6.136525168253e-02      -1.534149114006e+00      -6.712172138781e-02 
       1.725408794066e+01      -2.732705168828e-05      -9.130084563426e+02      -1.280687192080e+03      -2.728156612061e-05      -1.187946359089e+03       2.111321635393e-05       2.111321635393e-05       2.561374384161e+03       3.081226088898e+00       3.540604111035e-05      -1.209726385383e-09      -1.540613044523e+00      -6.171962209386e-02      -1.540613044449e+00      -6.741903377050e-02 
       1.806724805324e+01      -2.500605079194e-05      -9.160325062450e+02      -1.284993386193e+03      -2.496443104538e-05      -1.191933712854e+03       1.932011336253e-05       1.932011336253e-05       2.569986772386e+03       3.091578095153e+00       3.239911890749e-05      -1.107251305807e-09      -1.545789047644e+00      -6.203238598172e-02      -1.545789047577e+00      -6.766149717814e-02 
       1.891873122127e+01      -2.286452128380e-05      -9.183548015707e+02      -1.288320383765e+03      -2.282646841839e-05      -1.195012216098e+03       1.766566176961e-05       1.766566176961e-05       2.576640767531e+03       3.099573819300e+00       2.962470638772e-05      -1.012698651806e-09      -1.549786909712e+00      -6.230871823914e-02      -1.549786909650e+00      -6.785403355327e-02 
       1.981034355469e+01      -2.089626097868e-05      -9.202288442863e+02      -1.291032637781e+03      -2.086148639422e-05      -1.197518964439e+03       1.614507122889e-05       1.614507122889e-05       2.582065275561e+03       3.106087767031e+00       2.707477082013e-05      -9.257958693896e-10      -1.553043883572e+00      -6.256721581774e-02      -1.553043883516e+00      -6.801594105389e-02 
       2.074397628281e+01      -1.909425624557e-05      -9.219410548843e+02      -1.293538886916e+03      -1.906248303069e-05      -1.199832338087e+03       1.475292477054e-05       1.475292477054e-05       2.587077773833e+03       3.112101598388e+00       2.474022875081e-05      -8.462344544542e-10      -1.556050799246e+00      -6.282878959399e-02      -1.556050799194e+00      -6.816888779814e-02 
       2.172160976582e+01      -1.744599751289e-05      -9.235383163482e+02      -1.295934618847e+03      -1.741696959300e-05      -1.202037671766e+03       1.347955772193e-05       1.347955772193e-05       2.591869237693e+03       3.117836789902e+00       2.260487301844e-05      -7.734620903409e-10      -1.558918394998e+00      -6.309911181554e-02      -1.558918394951e+00      -6.831790690248e-02 
       2.274531769542e+01      -1.594506352258e-05      -9.255124588353e+02      -1.298732068450e+03      -1.591853553813e-05      -1.204629461553e+03       1.232000953156e-05       1.232000953156e-05       2.597464136901e+03       3.124576116814e+00       2.066038515593e-05      -7.071969486022e-10      -1.562288058450e+00      -6.340602466155e-02      -1.562288058407e+00      -6.849139125303e-02 
       2.381727149336e+01      -1.456618364578e-05      -9.269848707164e+02      -1.300915685774e+03      -1.454195229279e-05      -1.206642070290e+03       1.125475448641e-05       1.125475448641e-05       2.601831371549e+03       3.129814923062e+00       1.887402088074e-05      -6.463194278240e-10      -1.564907461571e+00      -6.369952797213e-02      -1.564907461531e+00      -6.863456328031e-02 
       2.493974491737e+01      -1.330074977013e-05      -9.280536433291e+02      -1.302537575488e+03      -1.327862608660e-05      -1.208133142809e+03       1.027714206598e-05       1.027714206598e-05       2.605075150975e+03       3.133702836757e+00       1.723462759459e-05      -5.904496846803e-10      -1.566851418414e+00      -6.398420515906e-02      -1.566851418379e+00      -6.875093704876e-02 
       2.611511888409e+01      -1.214288857594e-05      -9.289758400883e+02      -1.303903807847e+03      -1.212269339245e-05      -1.209392524318e+03       9.382635396035e-06       9.382635396035e-06       2.607807615695e+03       3.136991869378e+00       1.573459743085e-05      -5.393294766472e-10      -1.568495934722e+00      -6.427731462355e-02      -1.568495934689e+00      -6.885729926991e-02 
       2.734588651927e+01      -1.108362792094e-05      -9.296449975189e+02      -1.305028490064e+03      -1.106519700337e-05      -1.210415494543e+03       8.564303193198e-06       8.564303193198e-06       2.610056980128e+03       3.139670014423e+00       1.436230712463e-05      -4.925620965366e-10      -1.569835007242e+00      -6.457994548663e-02      -1.569835007212e+00      -6.895358850534e-02 
       2.863465844609e+01      -1.012233796893e-05      -9.308336183632e+02      -1.306874424081e+03      -1.010550816019e-05      -1.212108293954e+03       7.821660852404e-06       7.821660852404e-06       2.613748848162e+03       3.144088350579e+00       1.311694465566e-05      -4.501228437370e-10      -1.572044175317e+00      -6.494337168521e-02      -1.572044175290e+00      -6.909188044734e-02 
       2.998416832259e+01      -9.247357373196e-06      -9.322906012927e+02      -1.309146910661e+03      -9.231984928837e-06      -1.214191297243e+03       7.145698243898e-06       7.145698243898e-06       2.618293821322e+03       3.149521761992e+00       1.198340024800e-05      -4.114955817932e-10      -1.574760881021e+00      -6.535502648010e-02      -1.574760880996e+00      -6.925660551955e-02 
       3.139727864015e+01      -8.448736756239e-06      -9.338318398993e+02      -1.311538742968e+03      -8.434694498963e-06      -1.216384877564e+03       6.528727879889e-06       6.528727879889e-06       2.623077485937e+03       3.155245098292e+00       1.094878212871e-05      -3.762402415392e-10      -1.577622549169e+00      -6.580283694239e-02      -1.577622549146e+00      -6.943226824408e-02 
       3.287698679520e+01      -7.720155729605e-06      -9.355239066663e+02      -1.314116731716e+03      -7.707327011689e-06      -1.218753902251e+03       5.965867076554e-06       5.965867076554e-06       2.628233463433e+03       3.161426959078e+00       1.000490239491e-05      -3.440780384251e-10      -1.580713479560e+00      -6.629357478565e-02      -1.580713479539e+00      -6.962307151997e-02 
       3.442643144715e+01      -7.057125988284e-06      -9.375647803732e+02      -1.317214447283e+03      -7.045401642327e-06      -1.221601700385e+03       5.453648964875e-06       5.453648964875e-06       2.634428894566e+03       3.168854596619e+00       9.145947514765e-06      -3.148114638498e-10      -1.584427298329e+00      -6.684709917928e-02      -1.584427298309e+00      -6.984685998161e-02 
       3.604889917583e+01      -6.458569573156e-06      -9.407788488590e+02      -1.321851606151e+03      -6.447842257669e-06      -1.225889033903e+03       4.991242950697e-06       4.991242950697e-06       2.643703212302e+03       3.180020993811e+00       8.370525333298e-06      -2.883963667201e-10      -1.590010496923e+00      -6.752189343564e-02      -1.590010496905e+00      -7.015947530442e-02 
       3.774783145282e+01      -5.910642824081e-06      -9.437983087287e+02      -1.326512718160e+03      -5.900828198556e-06      -1.230166237705e+03       4.567950099922e-06       4.567950099922e-06       2.653025436320e+03       3.191165608393e+00       7.660693147131e-06      -2.642152167026e-10      -1.595582804212e+00      -6.823938271668e-02      -1.595582804196e+00      -7.047814296945e-02 
       3.952683194126e+01      -5.411763930658e-06      -9.473000782956e+02      -1.331821495866e+03      -5.402780321174e-06      -1.235047352322e+03       4.182550122637e-06       4.182550122637e-06       2.663642991731e+03       3.203882076464e+00       7.014405162412e-06      -2.422015198275e-10      -1.601941038247e+00      -6.904114343436e-02      -1.601941038232e+00      -7.083919410608e-02 
       4.138967413970e+01      -4.958461890049e-06      -9.515464427381e+02      -1.338081119599e+03      -4.950233414308e-06      -1.240820655101e+03       3.832362278664e-06       3.832362278664e-06       2.676162239199e+03       3.218919020819e+00       6.427166201602e-06      -2.222032248608e-10      -1.609459510423e+00      -6.995032685627e-02      -1.609459510409e+00      -7.126024358004e-02 
       4.334030938621e+01      -4.544809610331e-06      -9.560371121887e+02      -1.344896961825e+03      -4.537270232351e-06      -1.247086635706e+03       3.512805991712e-06       3.512805991712e-06       2.689793923650e+03       3.235240344797e+00       5.891294423536e-06      -2.039558747987e-10      -1.617620172411e+00      -7.094766777510e-02      -1.617620172398e+00      -7.171884634160e-02 
       4.538287523966e+01      -4.169367907104e-06      -9.614018445162e+02      -1.352955677416e+03      -4.162454014410e-06      -1.254503655242e+03       3.222771152903e-06       3.222771152903e-06       2.705911354832e+03       3.254555109684e+00       5.404928800695e-06      -1.873988443867e-10      -1.627277554853e+00      -7.208045886380e-02      -1.627277554842e+00      -7.225437439790e-02 
       4.752170425608e+01      -3.827741151402e-06      -9.675815340531e+02      -1.362052183482e+03      -3.821396454888e-06      -1.262894791775e+03       2.958861965874e-06       2.958861965874e-06       2.724104366963e+03       3.276405459356e+00       4.962374816761e-06      -1.723382521399e-10      -1.638202729688e+00      -7.334952274465e-02      -1.638202729678e+00      -7.285832239849e-02 
       4.976133317857e+01      -3.513765745973e-06      -9.735895611787e+02      -1.371106301262e+03      -3.507944181305e-06      -1.271224995113e+03       2.716313880068e-06       2.716313880068e-06       2.742212602525e+03       3.298106326704e+00       4.555641713748e-06      -1.584973547575e-10      -1.649053163361e+00      -7.469905723195e-02      -1.649053163352e+00      -7.347163403417e-02 
       5.210651256035e+01      -3.227213963124e-06      -9.800752906262e+02      -1.380955985231e+03      -3.221869868486e-06      -1.280279483003e+03       2.494952668238e-06       2.494952668238e-06       2.761911970462e+03       3.321696148161e+00       4.184437868465e-06      -1.458687470891e-10      -1.660848074089e+00      -7.618559837017e-02      -1.660848074081e+00      -7.414128872465e-02 
       5.456221684132e+01      -2.965934479094e-06      -9.872668486444e+02      -1.391774230857e+03      -2.961025788146e-06      -1.290234737848e+03       2.293117196691e-06       2.293117196691e-06       2.783548461714e+03       3.347634425280e+00       3.845977945598e-06      -1.343588311900e-10      -1.673817212648e+00      -7.783423022723e-02      -1.673817212640e+00      -7.487974442629e-02 
       5.713365489949e+01      -2.727328495101e-06      -9.951795078534e+02      -1.403449617159e+03      -2.722817475075e-06      -1.301001879439e+03       2.108800227250e-06       2.108800227250e-06       2.806899234318e+03       3.375692461313e+00       3.536896085103e-06      -1.238534747388e-10      -1.687846230664e+00      -7.965663290560e-02      -1.687846230657e+00      -7.568445862216e-02 
       5.982628109974e+01      -2.506177661457e-06      -1.002197424801e+03      -1.414300174009e+03      -2.502035200650e-06      -1.310957051057e+03       1.937965199826e-06       1.937965199826e-06       2.828600348018e+03       3.401656065562e+00       3.250421598961e-06      -1.141142663756e-10      -1.700828032788e+00      -8.155224994062e-02      -1.700828032781e+00      -7.646077879044e-02 
       6.264580686326e+01      -2.305302826223e-06      -1.010444198614e+03      -1.426670917637e+03      -2.301495203589e-06      -1.322344499787e+03       1.782797915238e-06       1.782797915238e-06       2.853341835275e+03       3.431352722596e+00       2.990222029134e-06      -1.052759172229e-10      -1.715676361304e+00      -8.369112884489e-02      -1.715676361298e+00      -7.734428464681e-02 
       6.559821278220e+01      -2.120563660902e-06      -1.018811129106e+03      -1.439182273105e+03      -2.117064010597e-06      -1.333865421119e+03       1.640096916274e-06       1.640096916274e-06       2.878364546211e+03       3.461413455580e+00       2.750927829524e-06      -9.715506472001e-11      -1.730706727795e+00      -8.600601864670e-02      -1.730706727790e+00      -7.826129620598e-02 
       6.868976130536e+01      -1.947593307957e-06      -1.025240662411e+03      -1.449633081817e+03      -1.944381949239e-06      -1.343403428713e+03       1.506481987097e-06       1.506481987097e-06       2.899266163635e+03       3.486343917051e+00       2.526868486570e-06      -8.953663183834e-11      -1.743171958531e+00      -8.835126813633e-02      -1.743171958525e+00      -7.908620582880e-02 
       7.192701002165e+01      -1.791153713770e-06      -1.033394609555e+03      -1.462103972849e+03      -1.788203187219e-06      -1.354858677505e+03       1.385643408749e-06       1.385643408749e-06       2.924207945697e+03       3.516273572701e+00       2.324236020429e-06      -8.266353313195e-11      -1.758136786355e+00      -9.103723746571e-02      -1.758136786350e+00      -8.005691851627e-02 
       7.531682556961e+01      -1.641719221615e-06      -1.037360101992e+03      -1.469853225996e+03      -1.639017692468e-06      -1.361808535433e+03       1.270204147330e-06       1.270204147330e-06       2.939706451993e+03       3.534524756602e+00       2.130653871320e-06      -7.607452257562e-11      -1.767262378305e+00      -9.358581835242e-02      -1.767262378301e+00      -8.078671324243e-02 
       7.886639820251e+01      -1.507088128990e-06      -1.043275573662e+03      -1.479903085792e+03      -1.504611024253e-06      -1.370939753451e+03       1.166207513635e-06       1.166207513635e-06       2.959806171584e+03       3.558465208217e+00       1.956262271019e-06      -7.015471572233e-11      -1.779232604113e+00      -9.653488909265e-02      -1.779232604109e+00      -8.168436545587e-02 
       8.258325703979e+01      -1.383548466861e-06      -1.049289291121e+03      -1.490095913397e+03      -1.381277322663e-06      -1.380203024524e+03       1.070780441203e-06       1.070780441203e-06       2.980191826794e+03       3.582776122241e+00       1.796241551582e-06      -6.472221670555e-11      -1.791388061124e+00      -9.975450860401e-02      -1.791388061121e+00      -8.262995430901e-02 
       8.647528603739e+01      -1.271823258254e-06      -1.057037920121e+03      -1.502328431692e+03      -1.269738473722e-06      -1.391401193289e+03       9.844866138156e-07       9.844866138156e-07       3.004656863383e+03       3.612145420603e+00       1.651538609068e-06      -5.981981084159e-11      -1.806072710305e+00      -1.034336502296e-01      -1.806072710302e+00      -8.374044541728e-02 
       9.055074071062e+01      -1.166666382763e-06      -1.062052369730e+03      -1.511607757430e+03      -1.164756907890e-06      -1.399763930528e+03       9.032588595571e-07       9.032588595571e-07       3.023215514860e+03       3.634179510229e+00       1.515328492030e-06      -5.519538982081e-11      -1.817089755117e+00      -1.071721695040e-01      -1.817089755114e+00      -8.472166752629e-02 
       9.481826564525e+01      -1.069096082189e-06      -1.065729354372e+03      -1.519445247522e+03      -1.067349231493e-06      -1.406741935692e+03       8.278885050066e-07       8.278885050066e-07       3.038890495044e+03       3.652649838608e+00       1.388939702046e-06      -5.090041687674e-11      -1.826324919307e+00      -1.111168417253e-01      -1.826324919304e+00      -8.566692446695e-02 
       9.928691283381e+01      -9.795969995210e-07      -1.069187973302e+03      -1.527242607474e+03      -9.779993229679e-07      -1.413653719480e+03       7.587530398710e-07       7.587530398710e-07       3.054485214949e+03       3.670984600299e+00       1.273006248921e-06      -4.696100790467e-11      -1.835492300152e+00      -1.154082743219e-01      -1.835492300149e+00      -8.666211663387e-02 
       1.039661608761e+02      -9.016231138254e-07      -1.078451092433e+03      -1.541857302142e+03      -9.001556620406e-07      -1.427033476715e+03       6.985404333285e-07       6.985404333285e-07       3.083714604284e+03       3.706183625195e+00       1.172041951080e-06      -4.355812503047e-11      -1.853091812600e+00      -1.207866136261e-01      -1.853091812597e+00      -8.813970301538e-02 
       1.088659350846e+02      -8.256953097088e-07      -1.081019961674e+03      -1.549069104592e+03      -8.243543988267e-07      -1.433329932161e+03       6.398873739698e-07       6.398873739698e-07       3.098138209184e+03       3.723007266418e+00       1.073686148177e-06      -4.021462835411e-11      -1.861503633211e+00      -1.258613887675e-01      -1.861503633209e+00      -8.922499048484e-02 
       1.139966285374e+02      -7.575671091720e-07      -1.085922057810e+03      -1.559205716916e+03      -7.563398503923e-07      -1.442377313186e+03       5.872678614716e-07       5.872678614716e-07       3.118411433832e+03       3.747038658691e+00       9.854507602976e-07      -3.722709889598e-11      -1.873519329348e+00      -1.317278809051e-01      -1.873519329346e+00      -9.056597800770e-02 
       1.193691241231e+02      -6.932574101658e-07      -1.087241725919e+03      -1.565513694268e+03      -6.921372968887e-07      -1.447742963584e+03       5.375870443428e-07       5.375870443428e-07       3.131027388536e+03       3.761542038913e+00       9.021397644233e-07      -3.439145775811e-11      -1.880771019458e+00      -1.376737518933e-01      -1.880771019456e+00      -9.173939330828e-02 
       1.249948176251e+02      -6.366180378848e-07      -1.092986050378e+03      -1.577287867549e+03      -6.355924841185e-07      -1.458259627651e+03       4.938467054784e-07       4.938467054784e-07       3.154575735099e+03       3.789515878649e+00       8.287952898933e-07      -3.191614524454e-11      -1.894757939326e+00      -1.448396701017e-01      -1.894757939325e+00      -9.335138888247e-02 
       1.308856418936e+02      -5.829074802733e-07      -1.094704937316e+03      -1.584730271637e+03      -5.819714438442e-07      -1.464614975682e+03       4.523564159060e-07       4.523564159060e-07       3.169460543274e+03       3.806719744976e+00       7.592199708224e-07      -2.955139713983e-11      -1.903359872489e+00      -1.520955937919e-01      -1.903359872488e+00      -9.477401181412e-02 
       1.370540921568e+02      -5.352122159432e-07      -1.099881796678e+03      -1.596648380389e+03      -5.343558279265e-07      -1.475162755764e+03       4.155250363919e-07       4.155250363919e-07       3.193296760778e+03       3.834919554520e+00       6.974611157779e-07      -2.746975518631e-11      -1.917459777262e+00      -1.606323462673e-01      -1.917459777260e+00      -9.659777498018e-02 
       1.435132525246e+02      -4.899876369370e-07      -1.101007427275e+03      -1.604172983622e+03      -4.892066194412e-07      -1.481494738541e+03       3.805899724449e-07       3.805899724449e-07       3.208345967244e+03       3.852213734724e+00       6.388782900090e-07      -2.547827242928e-11      -1.926106867363e+00      -1.693210678548e-01      -1.926106867362e+00      -9.823898829325e-02 
       1.502768237421e+02      -4.488247555897e-07      -1.102586830398e+03      -1.612703729956e+03      -4.481123686446e-07      -1.488719736779e+03       3.487949131899e-07       3.487949131899e-07       3.225407459912e+03       3.871920805732e+00       5.855617342012e-07      -2.366904756301e-11      -1.935960402867e+00      -1.789534242591e-01      -1.935960402866e+00      -1.000685224288e-01 
       1.573591522508e+02      -4.124031403289e-07      -1.108002788819e+03      -1.626393513755e+03      -4.117516562448e-07      -1.500754425760e+03       3.206762489772e-07       3.206762489772e-07       3.252787027509e+03       3.904276190067e+00       5.384145838784e-07      -2.208879725244e-11      -1.952138095034e+00      -1.903210637774e-01      -1.952138095033e+00      -1.023991338204e-01 
       1.647752606189e+02      -3.765816628292e-07      -1.104948746953e+03      -1.630299033272e+03      -3.759897414000e-07      -1.503484959383e+03       2.929923038820e-07       2.929923038820e-07       3.260598066545e+03       3.912438506378e+00       4.919871724014e-07      -2.049737607744e-11      -1.956219253190e+00      -2.010442878008e-01      -1.956219253189e+00      -1.041761964008e-01 
       1.725408794066e+02      -3.465662133953e-07      -1.111763404465e+03      -1.647016969679e+03      -3.460246010963e-07      -1.518212366943e+03       2.698296123606e-07       2.698296123606e-07       3.294033939358e+03       3.952061649177e+00       4.531530744365e-07      -1.920930160594e-11      -1.976030824590e+00      -2.150921385929e-01      -1.976030824589e+00      -1.070495077504e-01 
       1.806724805324e+02      -3.164521881558e-07      -1.108006291242e+03      -1.651257925108e+03      -3.159606156566e-07      -1.521110064995e+03       2.465571951378e-07       2.465571951378e-07       3.302515850216e+03       3.960903636781e+00       4.141242363524e-07      -1.786634690457e-11      -1.980451818391e+00      -2.280143600658e-01      -1.980451818390e+00      -1.091722516383e-01 
       1.891873122127e+02      -2.896179884223e-07      -1.106854715496e+03      -1.659460426883e+03      -2.891711109011e-07      -1.527649019237e+03       2.258294516336e-07       2.258294516336e-07       3.318920853767e+03       3.979402083609e+00       3.793661255341e-07      -1.668046912149e-11      -1.989701041805e+00      -2.429031800282e-01      -1.989701041804e+00      -1.117746952765e-01 
       1.981034355469e+02      -2.646413698277e-07      -1.103244407979e+03      -1.665299172223e+03      -2.642360035715e-07      -1.531877172516e+03       2.065289264843e-07       2.065289264843e-07       3.330598344445e+03       3.991986510296e+00       3.469988520692e-07      -1.556813358338e-11      -1.995993255149e+00      -2.585892392204e-01      -1.995993255148e+00      -1.143863510239e-01 
       2.074397628281e+02      -2.445829197465e-07      -1.113629737144e+03      -1.690380275613e+03      -2.442114792511e-07      -1.553996681999e+03       1.910763671239e-07       1.910763671239e-07       3.380760551225e+03       4.051609440546e+00       3.210998644294e-07      -1.474410004817e-11      -2.025804720274e+00      -2.802172126936e-01      -2.025804720273e+00      -1.187840590105e-01 
       2.172160976582e+02      -2.220642338659e-07      -1.100857302556e+03      -1.686048240639e+03      -2.217298482402e-07      -1.548498495213e+03       1.736471325571e-07       1.736471325571e-07       3.372096481278e+03       4.039030461055e+00       2.918618030493e-07      -1.369868440637e-11      -2.019515230528e+00      -2.964615988165e-01      -2.019515230528e+00      -1.210059402498e-01 
       2.274531769542e+02      -2.030786581298e-07      -1.096703502600e+03      -1.694110755968e+03      -2.027758233369e-07      -1.554464072129e+03       1.589781552823e-07       1.589781552823e-07       3.388221511936e+03       4.056681064073e+00       2.672623547263e-07      -1.285345770121e-11      -2.028340532037e+00      -3.173177984592e-01      -2.028340532037e+00      -1.244957095761e-01 
       2.381727149336e+02      -1.868553729848e-07      -1.099444099133e+03      -1.712969196886e+03      -1.865797999638e-07      -1.570321222134e+03       1.464688245363e-07       1.464688245363e-07       3.425938393772e+03       4.100532144095e+00       2.462926990781e-07      -1.216671838277e-11      -2.050266072048e+00      -3.430616636099e-01      -2.050266072047e+00      -1.292191812955e-01 
       2.493974491737e+02      -1.702268327952e-07      -1.089214248481e+03      -1.715211102753e+03      -1.699786587492e-07      -1.570593292808e+03       1.336042769443e-07       1.336042769443e-07       3.430422205506e+03       4.103647259560e+00       2.247138891982e-07      -1.139994319504e-11      -2.051823629780e+00      -3.660327291583e-01      -2.051823629780e+00      -1.327551150373e-01 
       2.611511888409e+02      -1.557335235106e-07      -1.083396405270e+03      -1.725087108142e+03      -1.555094003412e-07      -1.577789185315e+03       1.224067928159e-07       1.224067928159e-07       3.450174216284e+03       4.125204054125e+00       2.059362355440e-07      -1.075187837913e-11      -2.062602027063e+00      -3.933090422528e-01      -2.062602027063e+00      -1.372903472520e-01 
       2.734588651927e+02      -1.432898371575e-07      -1.083425921939e+03      -1.745441731541e+03      -1.430866266347e-07      -1.594456887937e+03       1.128156221228e-07       1.128156221228e-07       3.490883463082e+03       4.172001964715e+00       1.898595875847e-07      -1.022888728764e-11      -2.086000982358e+00      -4.264504588372e-01      -2.086000982357e+00      -1.431891591119e-01 
       2.863465844609e+02      -1.295569401674e-07      -1.062148670171e+03      -1.735547240381e+03      -1.293758859167e-07      -1.583105384214e+03       1.021565451486e-07       1.021565451486e-07       3.471094480763e+03       4.145143394808e+00       1.719691188161e-07      -9.540872533087e-12      -2.072571697404e+00      -4.513183957987e-01      -2.072571697404e+00      -1.464472731538e-01 
       2.998416832259e+02      -1.195990881099e-07      -1.063760783147e+03      -1.762870073388e+03      -1.194349223449e-07      -1.605719410685e+03       9.449872255602e-08       9.449872255602e-08       3.525740146776e+03       4.208305278053e+00       1.591387145241e-07      -9.139621440298e-12      -2.104152639027e+00      -4.923084587815e-01      -2.104152639026e+00      -1.538425980984e-01 
       3.139727864015e+02      -1.091538340488e-07      -1.051235125065e+03      -1.770512651248e+03      -1.090067781263e-07      -1.610061879868e+03       8.641691325501e-08       8.641691325501e-08       3.541025302496e+03       4.223499554596e+00       1.455821319770e-07      -8.648630070186e-12      -2.111749777298e+00      -5.286044548937e-01      -2.111749777298e+00      -1.596232512200e-01 
       3.287698679520e+02      -9.962246349864e-08      -1.037619073748e+03      -1.778731918970e+03      -9.949097377454e-08      -1.614709826348e+03       7.904066162725e-08       7.904066162725e-08       3.557463837940e+03       4.239827237587e+00       1.332085798096e-07      -8.195915240303e-12      -2.119913618794e+00      -5.677850461717e-01      -2.119913618794e+00      -1.658619195611e-01 
