# Transfer functions T_i(k) for adiabatic (AD) mode (normalized to initial curvature=1) at redshift z=5.4
# for k=1.03944e-05 to 328.77 h/Mpc,
# number of wavenumbers equal to 605
# d_i   stands for (delta rho_i/rho_i)(k,z) with above normalization 
# d_tot stands for (delta rho_tot/rho_tot)(k,z) with rho_Lambda NOT included in rho_tot
# (note that this differs from the transfer function output from CAMB/CMBFAST, which gives the same
#  quantities divided by -k^2 with k in Mpc^-1; use format=camb to match CAMB)
# t_i   stands for theta_i(k,z) with above normalization 
# t_tot stands for (sum_i [rho_i+p_i] theta_i)/(sum_i [rho_i+p_i]))(k,z)
#
#    1:k (h/Mpc)              2:d_g                    3:d_b                    4:d_cdm                  5:d_ur                   6:d_tot                  7:phi                    8:psi                    9:h                     10:h_prime               11:eta                   12:eta_prime             13:t_g                   14:t_b                   15:t_ur                  16:t_tot              
       1.039441571510e-05      -2.613525509961e-04      -1.960326929124e-04      -1.960326943778e-04      -2.613522463519e-04      -1.961552855886e-04       6.000831358235e-01       5.989201086735e-01       3.920653887555e-04       1.253829784754e-07       9.999988399647e-01      -9.142157761143e-11      -1.176465578666e-11      -1.755304266794e-15      -1.201514145436e-11      -2.995293666811e-14 
       1.088428943559e-05      -2.865647708440e-04      -2.149455550286e-04      -2.149455567903e-04      -2.865644045825e-04      -2.150799704804e-04       6.000830598108e-01       5.989200479815e-01       4.298911135807e-04       1.374796858761e-07       9.999987280470e-01      -1.002411049955e-10      -1.414413465096e-11      -2.110341054177e-15      -1.444528256045e-11      -3.601111702093e-14 
       1.139725019325e-05      -3.142088924843e-04      -2.356830912825e-04      -2.356830934005e-04      -3.142084521501e-04      -2.358304691897e-04       6.000829739881e-01       5.989199786611e-01       4.713661868010e-04       1.507434594123e-07       9.999986053344e-01      -1.099114214409e-10      -1.700487549521e-11      -2.537105193528e-15      -1.736692489959e-11      -4.329457550026e-14 
       1.193438604663e-05      -3.445194365055e-04      -2.584213433467e-04      -2.584213458931e-04      -3.445189071103e-04      -2.585829331501e-04       6.000828809673e-01       5.989199042494e-01       5.168426917863e-04       1.652868937444e-07       9.999984707820e-01      -1.205145345514e-10      -2.044419038475e-11      -3.050331743595e-15      -2.087947173198e-11      -5.205112329463e-14 
       1.249683633289e-05      -3.777535259658e-04      -2.833533353523e-04      -2.833533384138e-04      -3.777528895003e-04      -2.835305068029e-04       6.000827788362e-01       5.989198222706e-01       5.667066768277e-04       1.812334478506e-07       9.999983232511e-01      -1.321404392136e-10      -2.457911214862e-11      -3.667298547775e-15      -2.510243016064e-11      -6.257868055070e-14 
       1.308579408449e-05      -4.141930653521e-04      -3.106907142632e-04      -3.106907179439e-04      -4.141923001616e-04      -3.108849689825e-04       6.000826667157e-01       5.989197321846e-01       6.213814358878e-04       1.987184912391e-07       9.999981614853e-01      -1.448877708030e-10      -2.955031721803e-11      -4.409003119386e-15      -3.017947343918e-11      -7.523541390828e-14 
       1.370250855978e-05      -4.541471258245e-04      -3.406655462644e-04      -3.406655506896e-04      -4.541462058766e-04      -3.408785304105e-04       6.000825439904e-01       5.989196335666e-01       6.813311013793e-04       2.178904533392e-07       9.999979841133e-01      -1.588645665746e-10      -3.552693555874e-11      -5.300687476805e-15      -3.628333120530e-11      -9.045192985747e-14 
       1.434828789286e-05      -4.979545594100e-04      -3.735322863399e-04      -3.735322916602e-04      -4.979534534080e-04      -3.737658044836e-04       6.000824094487e-01       5.989195255575e-01       7.470645833204e-04       2.389120837736e-07       9.999977896300e-01      -1.741895593103e-10      -4.271229071921e-11      -6.372757965435e-15      -4.362166242863e-11      -1.087459097616e-13 
       1.502450186827e-05      -5.459868649062e-04      -4.095699384492e-04      -4.095699448456e-04      -5.459855352218e-04      -4.098259687757e-04       6.000822617150e-01       5.989194069835e-01       8.191398896912e-04       2.619618337523e-07       9.999975763839e-01      -1.909929287879e-10      -5.135082997222e-11      -7.661707369454e-15      -5.244411913348e-11      -1.307397223991e-13 
       1.573258482650e-05      -5.986513291151e-04      -4.490844243762e-04      -4.490844320663e-04      -5.986497305108e-04      -4.493651353363e-04       6.000820998638e-01       5.989192771894e-01       8.981688641325e-04       2.872353704071e-07       9.999973425655e-01      -2.094164770957e-10      -6.173642739261e-11      -9.211419295097e-15      -6.305083661023e-11      -1.571815842075e-13 
       1.647403870647e-05      -6.563944674747e-04      -4.924111797583e-04      -4.924111890036e-04      -6.563925455900e-04      -4.927189483063e-04       6.000819222803e-01       5.989191342645e-01       9.848223780071e-04       3.149472385221e-07       9.999970861906e-01      -2.296173290492e-10      -7.422244668556e-11      -1.107406556659e-14      -7.580264193882e-11      -1.889710152491e-13 
       1.725043623124e-05      -7.197057970431e-04      -5.399180024273e-04      -5.399180135425e-04      -7.197034864859e-04      -5.402554339953e-04       6.000817278579e-01       5.989189782822e-01       1.079836027085e-03       3.453326807828e-07       9.999968050821e-01      -2.517662260127e-10      -8.923354580880e-11      -1.331385955842e-14      -9.113332131336e-11      -2.271894211957e-13 
       1.806342424406e-05      -7.891219673016e-04      -5.920081730484e-04      -5.920081864117e-04      -7.891191894649e-04      -5.923781234170e-04       6.000815142943e-01       5.989188067638e-01       1.184016372823e-03       3.786496360016e-07       9.999964968535e-01      -2.760517550341e-10      -1.072804078848e-10      -1.600648895539e-14      -1.095643744420e-10      -2.731368698318e-13 
       1.891472720151e-05      -8.652312912708e-04      -6.491238804165e-04      -6.491238964827e-04      -8.652279516598e-04      -6.495294796629e-04       6.000812803894e-01       5.989186192015e-01       1.298247792965e-03       4.151809267081e-07       9.999961588963e-01      -3.026780481056e-10      -1.289768515046e-10      -1.924416813662e-14      -1.317227482775e-10      -3.283763092294e-13 
       1.980615083129e-05      -9.486787029878e-04      -7.117499720296e-04      -7.117499913452e-04      -9.486746880372e-04      -7.121946507426e-04       6.000810228576e-01       5.989184120591e-01       1.423499982690e-03       4.552366625350e-07       9.999957883290e-01      -3.318723756814e-10      -1.550609954306e-10      -2.313563262523e-14      -1.583621397620e-10      -3.947866386805e-13 
       2.073958596245e-05      -1.040171202274e-03      -7.804180765328e-04      -7.804180997548e-04      -1.040166375422e-03      -7.809055945113e-04       6.000807427909e-01       5.989181873111e-01       1.560836199510e-03       4.991568661987e-07       9.999953820191e-01      -3.638826422170e-10      -1.864199718009e-10      -2.781433202683e-14      -1.903886440393e-10      -4.746267522315e-13 
       2.171701253604e-05      -1.140483791854e-03      -8.557111036442e-04      -8.557111315632e-04      -1.140477988864e-03      -8.562455812966e-04       6.000804343512e-01       5.989179398776e-01       1.711422263126e-03       5.473143715195e-07       9.999949365123e-01      -3.989790843611e-10      -2.241202465653e-10      -3.344011276739e-14      -2.288915288228e-10      -5.706120959496e-13 
       2.274050380486e-05      -1.250466016612e-03      -9.382682049809e-04      -9.382682385461e-04      -1.250459040218e-03      -9.388541576875e-04       6.000800960346e-01       5.989176680828e-01       1.876536477092e-03       6.001179760572e-07       9.999944480317e-01      -4.374602931250e-10      -2.694442382654e-10      -4.020241195798e-14      -2.751802817954e-10      -6.860071807995e-13 
       2.381223073113e-05      -1.371049099974e-03      -1.028790193746e-03      -1.028790234100e-03      -1.371040712830e-03      -1.029432569451e-03       6.000797253413e-01       5.989173706971e-01       2.057580468200e-03       6.580159162276e-07       9.999939124299e-01      -4.796501782337e-10      -3.239330679243e-10      -4.833374387391e-14      -3.308291009135e-10      -8.247363928638e-13 
       2.493446659134e-05      -1.503253765188e-03      -1.128045492624e-03      -1.128045541141e-03      -1.503243682116e-03      -1.128749712945e-03       6.000793188410e-01       5.989170443983e-01       2.256091082282e-03       7.214996725495e-07       9.999933251596e-01      -5.259078259890e-10      -3.894399257504e-10      -5.810867507160e-14      -3.977303928148e-10      -9.915174231115e-13 
       2.610959179822e-05      -1.648198804032e-03      -1.236876657984e-03      -1.236876716311e-03      -1.648186682227e-03      -1.237648663158e-03       6.000788731365e-01       5.989166862834e-01       2.473753432622e-03       7.911081396515e-07       9.999926812468e-01      -5.766250732935e-10      -4.681924952562e-10      -6.985790339506e-14      -4.781590984371e-10      -1.192021539695e-12 
       2.734009894987e-05      -1.807110454122e-03      -1.356207530367e-03      -1.356207600491e-03      -1.807095881348e-03      -1.357053828402e-03       6.000783844055e-01       5.989162940679e-01       2.712415200982e-03       8.674322011886e-07       9.999919752182e-01      -6.322308475372e-10      -5.628680171442e-10      -8.398637374453e-14      -5.748499322725e-10      -1.433066366408e-12 
       2.862859811694e-05      -1.981332666664e-03      -1.487051077220e-03      -1.487051161526e-03      -1.981315147488e-03      -1.487978797581e-03       6.000778485449e-01       5.989158638659e-01       2.974102323051e-03       9.511197440421e-07       9.999912010874e-01      -6.931952605937e-10      -6.766858193641e-10      -1.009704093589e-13      -6.910903246508e-10      -1.722847268260e-12 
       2.997782237893e-05      -2.172338342349e-03      -1.630517989553e-03      -1.630518090908e-03      -2.172317281167e-03      -1.631534941825e-03       6.000772610056e-01       5.989153921167e-01       3.261036181815e-03       1.042881158149e-06       9.999903522897e-01      -7.600360216769e-10      -8.135153087136e-10      -1.213880348263e-13      -8.308320604292e-10      -2.071215898613e-12 
       3.139063362138e-05      -2.381741629044e-03      -1.787826109755e-03      -1.787826231607e-03      -2.381716309942e-03      -1.788940847703e-03       6.000766168368e-01       5.989148748552e-01       3.575652463214e-03       1.143495365273e-06       9.999894216243e-01      -8.333182994753e-10      -9.780078830592e-10      -1.459332953816e-13      -9.988254553625e-10      -2.490014652946e-12 
       3.287002860635e-05      -2.611311375779e-03      -1.960310767642e-03      -1.960310914136e-03      -2.611280938124e-03      -1.961532659128e-03       6.000759104419e-01       5.989143076306e-01       3.920621828272e-03       1.253816430190e-06       9.999884011917e-01      -9.136621648872e-10      -1.175754639147e-09      -1.754411539023e-13      -1.200780624909e-09      -2.993478618653e-12 
       3.441914532896e-05      -2.862985851447e-03      -2.149436114995e-03      -2.149436291115e-03      -2.862949260709e-03      -2.150775418273e-03       6.000751359992e-01       5.989136856977e-01       4.298872582229e-03       1.374780808139e-06       9.999872823398e-01      -1.001744848563e-09      -1.413476578826e-09      -2.109128407783e-13      -1.443561333580e-09      -3.598718948514e-12 
       3.604126967346e-05      -3.138888836947e-03      -2.356807549836e-03      -2.356807761569e-03      -3.138844849984e-03      -2.358275496740e-03       6.000742867804e-01       5.989130036860e-01       4.713615523137e-03       1.507415294301e-06       9.999860555840e-01      -1.098314690006e-09      -1.699252165870e-09      -2.535553603216e-13      -1.735417886248e-09      -4.326303590772e-12 
       3.773984238309e-05      -3.441347230626e-03      -2.584185345884e-03      -2.584185600435e-03      -3.441294352347e-03      -2.585794232515e-03       6.000733558801e-01       5.989122563028e-01       5.168371200871e-03       1.652845733875e-06       9.999847105157e-01      -1.204182222892e-09      -2.042791008206e-09      -3.048228237864e-13      -2.086267001835e-09      -5.200954556857e-12 
       3.951846635827e-05      -3.772910271521e-03      -2.833499584997e-03      -2.833499891023e-03      -3.772846705936e-03      -2.835262870472e-03       6.000723350147e-01       5.989114366907e-01       5.666999782045e-03       1.812306582326e-06       9.999832357264e-01      -1.320246531096e-09      -2.455764699564e-09      -3.664568655496e-13      -2.508028157860e-09      -6.252387232470e-12 
       4.138091429893e-05      -4.136370571305e-03      -3.106866544861e-03      -3.106866912767e-03      -4.136294159010e-03      -3.108798958827e-03       6.000712156966e-01       5.989105377986e-01       6.213733825533e-03       1.987151374151e-06       9.999816187205e-01      -1.447486852824e-09      -2.952202235661e-09      -4.405405142626e-13      -3.015027748974e-09      -7.516316687444e-12 
       4.333113670686e-05      -4.534787064449e-03      -3.406606654488e-03      -3.406607096783e-03      -4.534695211155e-03      -3.408724314048e-03       6.000699886695e-01       5.989095522071e-01       6.813214193565e-03       2.178864212075e-06       9.999798457834e-01      -1.586973116826e-09      -3.548964731572e-09      -5.295857768229e-13      -3.624484565814e-09      -9.035669559619e-12 
       4.537327026525e-05      -4.971510077930e-03      -3.735264182689e-03      -3.735264714422e-03      -4.971399663167e-03      -3.737584719480e-03       6.000686431386e-01       5.989084719540e-01       7.470529428844e-03       2.389072363284e-06       9.999779018940e-01      -1.739885263912e-09      -4.266311794720e-09      -6.366604194323e-13      -4.357093204333e-09      -1.086203778249e-11 
       4.751164661317e-05      -5.450208696308e-03      -4.095628837222e-03      -4.095629476467e-03      -5.450075972564e-03      -4.098171535350e-03       6.000671679730e-01       5.989072872688e-01       8.191258952935e-03       2.619560058807e-06       9.999757705661e-01      -1.907509811804e-09      -5.128601823045e-09      -7.653526626686e-13      -5.237724808126e-09      -1.305742486476e-11 
       4.975080153356e-05      -5.974900608429e-03      -4.490759428951e-03      -4.490760197442e-03      -5.974741070841e-03      -4.493545374631e-03       6.000655505934e-01       5.989059883382e-01       8.981520394884e-03       2.872283639698e-06       9.999734337495e-01      -2.091258955667e-09      -6.165100980131e-09      -9.200498004022e-13      -6.296269059004e-09      -1.569634642567e-11 
       5.209548457420e-05      -6.549984655869e-03      -4.924009831177e-03      -4.924010755030e-03      -6.549792892167e-03      -4.927062074799e-03       6.000637772946e-01       5.989045638482e-01       9.848021510059e-03       3.149388150883e-06       9.999708716414e-01      -2.292678386728e-09      -7.410984734228e-09      -1.105970398235e-12      -7.568645262487e-09      -1.886834971882e-11 
       5.455066912219e-05      -7.180276305901e-03      -5.399057433962e-03      -5.399058544600e-03      -7.180045808559e-03      -5.402401165473e-03       6.000618330532e-01       5.989030025639e-01       1.079811708920e-02       3.453225541882e-06       9.999680625415e-01      -2.513462024736e-09      -8.908509884190e-09      -1.329521471707e-12      -9.098016893759e-09      -2.268104411313e-11 
       5.712156295313e-05      -7.871046276697e-03      -5.919934350137e-03      -5.919935685308e-03      -7.870769229328e-03      -5.923597088400e-03       6.000597014180e-01       5.989012904233e-01       1.183987137062e-02       3.786374614598e-06       9.999649826517e-01      -2.755463156674e-09      -1.070847344374e-08      -1.598190474830e-12      -1.093625018610e-08      -2.726373243150e-11 
       5.981361927751e-05      -8.628062580695e-03      -6.491061618697e-03      -6.491063223769e-03      -8.627729591853e-03      -6.495073415762e-03       6.000573644311e-01       5.988994132825e-01       1.298212644754e-02       4.151662903260e-06       9.999616058985e-01      -3.020712363663e-09      -1.287189789402e-08      -1.921129853656e-12      -1.314566560999e-08      -3.277178470804e-11 
       6.263254830773e-05      -9.457636249616e-03      -7.117286714523e-03      -7.117288644047e-03      -9.457236033630e-03      -7.121680375497e-03       6.000548022766e-01       5.988973551862e-01       1.423457728809e-02       4.552190654820e-06       9.999579037003e-01      -3.311432231753e-09      -1.547210484897e-08      -2.309285849959e-12      -1.580114078460e-08      -3.939187435238e-11 
       6.558432937020e-05      -1.036667100502e-02      -7.803924668204e-03      -7.803926987740e-03      -1.036619000482e-02      -7.808735987352e-03       6.000519932817e-01       5.988950986088e-01       1.560785397548e-02       4.991357125028e-06       9.999538447231e-01      -3.630057359210e-09      -1.859718761687e-08      -2.775799304444e-12      -1.899263503432e-08      -4.734827760507e-11 
       6.867522358831e-05      -1.136271718957e-02      -8.556803150252e-03      -8.556805938592e-03      -1.136213911896e-02      -8.562071163966e-03       6.000489135320e-01       5.988926242411e-01       1.711361187718e-02       5.472889407045e-06       9.999493946220e-01      -3.979249462778e-09      -2.235297649069e-08      -3.336451739863e-12      -2.282821972053e-08      -5.691042558207e-11 
       7.191178716309e-05      -1.245403025643e-02      -9.382311908723e-03      -9.382315260576e-03      -1.245333554904e-02      -9.388079165802e-03       6.000455374331e-01       5.988899120190e-01       1.876463052115e-02       6.000874029367e-06       9.999445157680e-01      -4.361922700322e-09      -2.686658209701e-08      -4.010411316160e-12      -2.743771539419e-08      -6.840197877472e-11 
       7.530088527984e-05      -1.364963408379e-02      -1.028745694746e-02      -1.028746097671e-02      -1.364879923693e-02      -1.029376979693e-02       6.000418360002e-01       5.988869379454e-01       2.057492195342e-02       6.579791619298e-06       9.999391669153e-01      -4.781266003846e-09      -3.229072235750e-08      -4.820279183750e-12      -3.297705578975e-08      -8.221169310150e-11 
       7.884970667002e-05      -1.495938950299e-02      -1.127991995512e-02      -1.127992479857e-02      -1.495838629142e-02      -1.128682885146e-02       6.000377781948e-01       5.988836772098e-01       2.255984959714e-02       7.214554875562e-06       9.999333028552e-01      -5.240766028043e-09      -3.880879411022e-08      -5.793505896062e-12      -3.963352357457e-08      -9.880649312552e-11 
       8.256577885962e-05      -1.639406827807e-02      -1.236812343322e-02      -1.236812925524e-02      -1.639286281259e-02      -1.237568325883e-02       6.000333298512e-01       5.988801025820e-01       2.473625851049e-02       7.910550222565e-06       9.999268740521e-01      -5.744238012580e-09      -4.664103339767e-08      -6.963220026755e-12      -4.763203069204e-08      -1.187471306143e-10 
       8.645698413597e-05      -1.796543293023e-02      -1.356130211671e-02      -1.356130911497e-02      -1.796398450038e-02      -1.356957252085e-02       6.000284533614e-01       5.988761833884e-01       2.712261822994e-02       8.673683456849e-06       9.999198262262e-01      -6.295850001560e-09      -5.605193730703e-08      -8.368704557521e-12      -5.724264979228e-08      -1.427069325731e-10 
       9.053157626715e-05      -1.968632254577e-02      -1.486958125371e-02      -1.486958966569e-02      -1.968458228582e-02      -1.487862700620e-02       6.000231076218e-01       5.988718866182e-01       2.973917933137e-02       9.510429805101e-06       9.999120998824e-01      -6.900159769987e-09      -6.735905060376e-08      -1.005755998135e-11      -6.878964308069e-08      -1.714943615118e-10 
       9.479819800938e-05      -2.157074504205e-02      -1.630406244424e-02      -1.630407255526e-02      -2.156865428793e-02      -1.631395380216e-02       6.000172476941e-01       5.988671759914e-01       3.260814511052e-02       1.042788878164e-05       9.999036298936e-01      -7.562146630897e-09      -8.094360263550e-08      -1.208676120592e-11      -8.266228644875e-08      -2.060799741675e-10 
       9.926589943941e-05      -2.363397594247e-02      -1.787691772590e-02      -1.787692987870e-02      -2.363146429316e-02      -1.788773081019e-02       6.000108242788e-01       5.988620117085e-01       3.575385975741e-02       1.143384433548e-05       9.998943448367e-01      -8.287249081497e-09      -9.726319839317e-08      -1.452473360651e-11      -9.932783476604e-08      -2.476287657496e-10 
       1.039441571510e-04      -2.589266400282e-02      -1.960149271886e-02      -1.960150732576e-02      -2.588964692054e-02      -1.961330989744e-02       6.000037831698e-01       5.988563500910e-01       3.920301465153e-02       1.253683078503e-05       9.998841665124e-01      -9.081404855772e-09      -1.168670079635e-07      -1.745378528120e-11      -1.193470570858e-07      -2.975388913634e-10 
       1.088428943559e-04      -2.836494352013e-02      -2.149241971318e-02      -2.149243726911e-02      -2.836131960882e-02      -2.150532998301e-02       5.999960654237e-01       5.988501434655e-01       4.298487453821e-02       1.374620507511e-05       9.998730092383e-01      -9.951094949096e-09      -1.404140470972e-07      -2.097249740809e-11      -1.433928352753e-07      -3.574880828883e-10 
       1.139725019325e-04      -3.107055375771e-02      -2.356574160976e-02      -2.356576270931e-02      -3.106620136623e-02      -2.357984097341e-02       5.999876062386e-01       5.988433394070e-01       4.713152541862e-02       1.507222600638e-05       9.998607792019e-01      -1.090338835324e-08      -1.686949456486e-07      -2.519914640049e-11      -1.722724263004e-07      -4.294891300559e-10 
       1.193438604663e-04      -3.403096499574e-02      -2.583904780004e-02      -2.583907315781e-02      -3.402573821461e-02      -2.585443962598e-02       5.999783347391e-01       5.988358806379e-01       5.167814631562e-02       1.652614105926e-05       9.998473736319e-01      -1.194599262865e-08      -2.026580319687e-07      -3.027589982550e-11      -2.069540949203e-07      -5.159563309289e-10 
       1.249683633289e-04      -3.726951115418e-02      -2.833162310731e-02      -2.833165358157e-02      -3.726323500403e-02      -2.834841846186e-02       5.999681732597e-01       5.988277042183e-01       5.666330716315e-02       1.812028156587e-05       9.998326799883e-01      -1.308730729594e-08      -2.434405747443e-07      -3.637292365677e-11      -2.485989635967e-07      -6.197848920656e-10 
       1.308579408449e-04      -4.081152836969e-02      -3.106461104049e-02      -3.106464766177e-02      -4.080399312441e-02      -3.108292897683e-02       5.999570368358e-01       5.988187412814e-01       6.212929532354e-02       1.986816702409e-05       9.998165750703e-01      -1.433647430490e-08      -2.924060697099e-07      -4.369444731608e-11      -2.985990768219e-07      -7.444459169178e-10 
       1.370250855978e-04      -4.468449922430e-02      -3.406119274402e-02      -3.406123675124e-02      -4.467545338185e-02      -3.408116053144e-02       5.999448325201e-01       5.988089167732e-01       6.812247350247e-02       2.178461941297e-05       9.997989240072e-01      -1.570345813375e-08      -3.511886014424e-07      -5.248700534765e-11      -3.586228682956e-07      -8.940997777551e-10 
       1.434828789286e-04      -4.891820062930e-02      -3.734678314069e-02      -3.734683602064e-02      -4.890734296013e-02      -3.736853640533e-02       5.999314586965e-01       5.987981478380e-01       7.469367204127e-02       2.388588847713e-05       9.997795791844e-01      -1.719907011439e-08      -4.217465375089e-07      -6.304252320668e-11      -4.306694356948e-07      -1.073731466979e-09 
       1.502450186827e-04      -5.354485519759e-02      -4.094924586516e-02      -4.094930940233e-02      -5.353182499648e-02      -4.097292861877e-02       5.999168039226e-01       5.987863437631e-01       8.189861880466e-02       2.618978905582e-05       9.997583790305e-01      -1.883507586836e-08      -5.064256170007e-07      -7.571168373624e-11      -5.171332780407e-07      -1.289312157116e-09 
       1.573258482650e-04      -5.859928379358e-02      -4.489912889466e-02      -4.489920523367e-02      -5.858364897157e-02      -4.492489341639e-02       5.999007467041e-01       5.987734062884e-01       8.979841046734e-02       2.871585150419e-05       9.997351467007e-01      -2.062423900186e-08      -6.080340830696e-07      -9.092029796212e-11      -6.208814558981e-07      -1.547991736959e-09 
       1.647403870647e-04      -6.411905583476e-02      -4.922992272618e-02      -4.923001444198e-02      -6.410029919407e-02      -4.925792924708e-02       5.998831540583e-01       5.987592271139e-01       9.846002888397e-02       3.148548659494e-05       9.997096888637e-01      -2.258040170539e-08      -7.299335211511e-07      -1.091751597164e-10      -7.453454893733e-07      -1.858327980854e-09 
       1.725043623124e-04      -7.014463534069e-02      -5.397834331808e-02      -5.397845349950e-02      -7.012213841340e-02      -5.400875945796e-02       5.998638803780e-01       5.987436868610e-01       1.079569069990e-01       3.452216615568e-05       9.996817939425e-01      -2.471855286759e-08      -8.761465043376e-07      -1.310750011320e-10      -8.946306647770e-07      -2.230559175322e-09 
       1.806342424406e-04      -7.671951917968e-02      -5.918464215289e-02      -5.918477450670e-02      -7.669254234619e-02      -5.921764204924e-02       5.998427668108e-01       5.987266560561e-01       1.183695490134e-01       3.785162099563e-05       9.996512306469e-01      -2.705491002557e-08      -1.051482417818e-06      -1.573467450063e-10      -1.073645962805e-06      -2.676928661363e-09 
       1.891472720151e-04      -8.389036089271e-02      -6.489294599192e-02      -6.489310496714e-02      -8.385802017620e-02      -6.492870903790e-02       5.998196398685e-01       5.987079927526e-01       1.297862099343e-01       4.150205772904e-05       9.996177461439e-01      -2.960698187951e-08      -1.261689756028e-06      -1.888565267089e-10      -1.288258273317e-06      -3.212069400606e-09 
       1.980615083129e-04      -9.170707503465e-02      -7.115162909882e-02      -7.115182003326e-02      -9.166831471839e-02      -7.119033819411e-02       5.997943099981e-01       5.986875415322e-01       1.423036400665e-01       4.550439634213e-05       9.995810641456e-01      -3.239367344965e-08      -1.513635274286e-06      -2.266398829880e-10      -1.545475206797e-06      -3.853460464162e-09 
       2.073958596245e-04      -1.002229150682e-01      -7.801372109149e-02      -7.801395039006e-02      -1.001764747361e-01      -7.805556029625e-02       5.997665701444e-01       5.986651321755e-01       1.560279007801e-01       4.989253034853e-05       9.995408826281e-01      -3.543529916878e-08      -1.815516304102e-06      -2.719304352060e-10      -1.853661484734e-06      -4.621966702085e-09 
       2.171701253604e-04      -1.094945129861e-01      -8.553735377701e-02      -8.553762911386e-02      -1.094388898150e-01      -8.558250521800e-02       5.997361949829e-01       5.986405795961e-01       1.710752582277e-01       5.470361180303e-05       9.994968720616e-01      -3.875371016261e-08      -2.177110395284e-06      -3.262187855407e-10      -2.222794725882e-06      -5.542478526573e-09 
       2.274050380486e-04      -1.195818746841e-01      -9.378625050655e-02      -9.378658108891e-02      -1.195152771545e-01      -9.383489040147e-02       5.997029379989e-01       5.986136798628e-01       1.875731621778e-01       5.997836338390e-05       9.994486723112e-01      -4.237231768129e-08      -2.610074508506e-06      -3.912545622573e-10      -2.664767067302e-06      -6.644662989123e-09 
       2.381223073113e-04      -1.305483113477e-01      -1.028302623667e-01      -1.028306592290e-01      -1.304686059995e-01      -1.028825559335e-01       5.996665310815e-01       5.985842113180e-01       2.056613184580e-01       6.576142019873e-05       9.993958908169e-01      -4.631615311788e-08      -3.128289905171e-06      -4.691479141093e-10      -3.193740419270e-06      -7.963852791963e-09 
       2.493446659134e-04      -1.424602961702e-01      -1.127459552534e-01      -1.127464316220e-01      -1.423649447136e-01      -1.128020503011e-01       5.996266818235e-01       5.985519312198e-01       2.254928632440e-01       7.210170394781e-05       9.993380989806e-01      -5.061191137725e-08      -3.748274042908e-06      -5.624041198650e-10      -3.826563571265e-06      -9.542087124697e-09 
       2.610959179822e-04      -1.553872226170e-01      -1.236172529948e-01      -1.236178246941e-01      -1.552732108148e-01      -1.236772718817e-01       5.995830723496e-01       5.985165748013e-01       2.472356493883e-01       7.905283258746e-05       9.992748296746e-01      -5.528791604993e-08      -4.489661140449e-06      -6.739994700404e-10      -4.583261037984e-06      -1.142933384956e-08 
       2.734009894987e-04      -1.694010550499e-01      -1.355361413213e-01      -1.355368273244e-01      -1.692648017162e-01      -1.356001710428e-01       5.995353565805e-01       5.984778532417e-01       2.710736546487e-01       8.667356895282e-05       9.992055745244e-01      -6.037420398816e-08      -5.375757956513e-06      -8.075075911643e-10      -5.487604168408e-06      -1.368491489999e-08 
       2.862859811694e-04      -1.845758206531e-01      -1.486034387210e-01      -1.486042617326e-01      -1.844130822555e-01      -1.486715186212e-01       5.994831580389e-01       5.984354505374e-01       2.972085234652e-01       9.502831125311e-05       9.991297785237e-01      -6.590238673843e-08      -6.434205046620e-06      -9.671411406647e-10      -6.567775920582e-06      -1.637917013597e-08 
       2.997782237893e-04      -2.009869432210e-01      -1.629296405166e-01      -1.629306277014e-01      -2.007926956609e-01      -1.630017472696e-01       5.994260682520e-01       5.983890225230e-01       3.258612554028e-01       1.041876305577e-04       9.990468392053e-01      -7.190565243407e-08      -7.697731232164e-06      -1.157894989734e-09      -7.857142822967e-06      -1.959538443692e-08 
       3.139063362138e-04      -2.187103622171e-01      -1.786358423040e-01      -1.786370261541e-01      -2.184786685588e-01      -1.787118716154e-01       5.993636435415e-01       5.983381935393e-01       3.572740523082e-01       1.142288581261e-04       9.989561002544e-01      -7.841859182803e-08      -9.205032452360e-06      -1.385678781349e-09      -9.395146243239e-06      -2.343201910155e-08 
       3.287002860635e-04      -2.378214133010e-01      -1.958547511953e-01      -1.958561705435e-01      -2.375452673152e-01      -1.959344956089e-01       5.992954039238e-01       5.982825557889e-01       3.917123410870e-01       1.252367285209e-04       9.988568498443e-01      -8.547699336128e-08      -1.100177126488e-05      -1.657577200431e-09      -1.122832813103e-05      -2.800527903165e-08 
       3.441914532896e-04      -2.583934160340e-01      -2.147317913907e-01      -2.147334926535e-01      -2.580645674459e-01      -2.148149135487e-01       5.992208286085e-01       5.982216637442e-01       4.294669853070e-01       1.373040824799e-04       9.987483138602e-01      -9.311763238366e-08      -1.314174260865e-05      -1.981915471519e-09      -1.341150342479e-05      -3.345204522194e-08 
       3.604126967346e-04      -2.804959284288e-01      -2.354263146588e-01      -2.354283532411e-01      -2.801046850285e-01      -2.355123151325e-01       5.991393546697e-01       5.981550324938e-01       4.708567064823e-01       1.505326359265e-04       9.986296533730e-01      -1.013779463736e-07      -1.568819388595e-05      -2.368399233787e-09      -1.600909345034e-05      -3.993321162842e-08 
       3.773984238309e-04      -3.041926263022e-01      -2.581129237700e-01      -2.581153658075e-01      -3.037276227384e-01      -2.582011026855e-01       5.990503743980e-01       5.980821356564e-01       5.162307316151e-01       1.650338204650e-04       9.984999596399e-01      -1.102955295770e-07      -1.871528664937e-05      -2.828587921844e-09      -1.909662997913e-05      -4.763745814753e-08 
       3.951846635827e-04      -3.295387145372e-01      -2.829829198311e-01      -2.829858441062e-01      -3.289866771277e-01      -2.830723310627e-01       5.989532322096e-01       5.980024008415e-01       5.659716882123e-01       1.809297019359e-04       9.983582486057e-01      -1.199075558448e-07      -2.230977894416e-05      -3.375978092830e-09      -2.276243760734e-05      -5.678547084554e-08 
       4.138091429893e-04      -3.565779082370e-01      -3.102458847055e-01      -3.102493851994e-01      -3.559233521252e-01      -3.103352819171e-01       5.988472224750e-01       5.979152073860e-01       6.204987703988e-01       1.983539845542e-04       9.982034573495e-01      -1.302501567585e-07      -2.657283591064e-05      -4.026548461017e-09      -2.710949667248e-05      -6.763460923084e-08 
       4.333113670686e-04      -3.853387916940e-01      -3.401314105588e-01      -3.401355991807e-01      -3.845637300809e-01      -3.402191833236e-01       5.987315864849e-01       5.978198816071e-01       6.802711983614e-01       2.174531074094e-04       9.980344379367e-01      -1.413575551405e-07      -3.162207338351e-05      -4.798879576297e-09      -3.225747965401e-05      -8.048402819552e-08 
       4.537327026525e-04      -4.158306281774e-01      -3.728909903066e-01      -3.728960001205e-01      -4.149142503018e-01      -3.729750892095e-01       5.986055107995e-01       5.977156942249e-01       7.457920002410e-01       2.383874425094e-04       9.978499538238e-01      -1.532608612963e-07      -3.759371771889e-05      -5.714643110216e-09      -3.834494429604e-05      -9.568018993522e-08 
       4.751164661317e-04      -4.480385359131e-01      -4.088000821088e-01      -4.088060711817e-01      -4.469568660267e-01      -4.088779314290e-01       5.984681244550e-01       5.976018556165e-01       8.176121423634e-01       2.613326024862e-04       9.976486741901e-01      -1.659870839406e-07      -4.464493301645e-05      -6.798697116343e-09      -4.553164852745e-05      -1.136226868058e-07 
       4.975080153356e-04      -4.819180203201e-01      -4.481603638950e-01      -4.481675200521e-01      -4.806435556396e-01      -4.482287605414e-01       5.983184970771e-01       5.974775129245e-01       8.963350401042e-01       2.864808679802e-04       9.974291686977e-01      -1.795574138233e-07      -5.295612727132e-05      -8.080254724491e-09      -5.400093372978e-05      -1.347702702716e-07 
       5.209548457420e-04      -5.173888249578e-01      -4.913021971800e-01      -4.913107429538e-01      -5.158902029837e-01      -4.913571936487e-01       5.981556390318e-01       5.973417469873e-01       9.826214859076e-01       3.140427466109e-04       9.971899064565e-01      -1.939856503897e-07      -6.273338371591e-05      -9.592677232766e-09      -6.396209454250e-05      -1.596468361039e-07 
       5.455066912219e-04      -5.543282194867e-01      -5.385873112517e-01      -5.385975102912e-01      -5.525698984474e-01      -5.386240821865e-01       5.979784973472e-01       5.971935660824e-01       1.077195020582e+00       3.442486706600e-04       9.969292461929e-01      -2.092760938692e-07      -7.421064845507e-05      -1.137456166964e-08      -7.565261578940e-05      -1.888471162840e-07 
       5.712156295313e-04      -5.925637993744e-01      -5.904117376512e-01      -5.904239020696e-01      -5.905057515057e-01      -5.904244281830e-01       5.977859587886e-01       5.970319053795e-01       1.180847804139e+00       3.773508529252e-04       9.966454393117e-01      -2.254214566261e-07      -8.765173052897e-05      -1.346989057141e-08      -8.934012319507e-05      -2.230416537876e-07 
       5.981361927751e-04      -6.318658170531e-01      -6.472090078926e-01      -6.472235059155e-01      -6.294634026115e-01      -6.471905619756e-01       5.975768490993e-01       5.968556223478e-01       1.294447011831e+00       4.136253069213e-04       9.963366245562e-01      -2.424001507310e-07      -1.033518397214e-04      -1.592806400885e-08      -1.053238303483e-04      -2.629805603103e-07 
       6.263254830773e-04      -6.719396391189e-01      -7.094536358721e-01      -7.094709021071e-01      -6.691435024433e-01      -7.093956061503e-01       5.973499320066e-01       5.966634917587e-01       1.418941804214e+00       4.533740486536e-04       9.960008227201e-01      -2.601737025151e-07      -1.216382727782e-04      -1.880483065149e-08      -1.239352141224e-04      -3.094953681661e-07 
       6.558432937020e-04      -7.124183218009e-01      -7.776649223473e-01      -7.776854683177e-01      -7.091745192291e-01      -7.775572593469e-01       5.971039154761e-01       5.964542071577e-01       1.555370936635e+00       4.969274998148e-04       9.956359421634e-01      -2.786836203590e-07      -1.428700500577e-04      -2.216291068450e-08      -1.455375847434e-04      -3.634981500305e-07 
       6.867522358831e-04      -7.528560371612e-01      -8.524110891051e-01      -8.524355160066e-01      -7.491064408558e-01      -8.522419124121e-01       5.968374511718e-01       5.962263744888e-01       1.704871032013e+00       5.446471005916e-04       9.952397728445e-01      -2.978483879443e-07      -1.674362476550e-04      -2.607047171315e-08      -1.705241347148e-04      -4.259768208046e-07 
       7.191178716309e-04      -7.927231566605e-01      -9.343137886915e-01      -9.343428028360e-01      -7.884060295517e-01      -9.340691428294e-01       5.965491423131e-01       5.959785150692e-01       1.868685605672e+00       5.969281609127e-04       9.948099930211e-01      -3.175601833898e-07      -1.957518264346e-04      -3.060529882740e-08      -1.993139983710e-04      -4.979855945701e-07 
       7.530088527984e-04      -8.314033028162e-01      -1.024053007700e+00      -1.024087435676e+00      -8.264545676432e-01      -1.023716603567e+00       5.962375457671e-01       5.957090600554e-01       2.048174871352e+00       6.542029597227e-04       9.943441668359e-01      -3.376819976856e-07      -2.282520362241e-04      -3.584703826196e-08      -2.323457830802e-04      -5.806288842552e-07 
       7.884970667002e-04      -8.681943584539e-01      -1.122372411983e+00      -1.122413219591e+00      -8.625491439550e-01      -1.121925363538e+00       5.959011852075e-01       5.954163585094e-01       2.244826439182e+00       7.169441286650e-04       9.938397583939e-01      -3.580447716548e-07      -2.653825624219e-04      -4.188215490398e-08      -2.700680161911e-04      -6.750377427795e-07 
       8.256577885962e-04      -9.023140926166e-01      -1.230085134678e+00      -1.230133449737e+00      -8.959088865226e-01      -1.229505699049e+00       5.955385502528e-01       5.950986700963e-01       2.460266899474e+00       7.856683194382e-04       9.932941228181e-01      -3.784453759146e-07      -3.075864778447e-04      -4.880386861559e-08      -3.129259506091e-04      -7.823370726088e-07 
       8.645698413597e-04      -9.329120840643e-01      -1.348080101620e+00      -1.348137238731e+00      -9.256875732859e-01      -1.347343431882e+00       5.951481138741e-01       5.947541760450e-01       2.696274477461e+00       8.609402153397e-04       9.927045279418e-01      -3.986452895432e-07      -3.552876705272e-04      -5.670467338795e-08      -3.613443012348e-04      -9.036023052096e-07 
       9.053157626715e-04      -9.590892067799e-01      -1.477328890477e+00      -1.477396373348e+00      -9.509943536051e-01      -1.476406811036e+00       5.947283401889e-01       5.943809824626e-01       2.954792746696e+00       9.433768857158e-04       9.920681593287e-01      -4.183708276294e-07      -4.088695822423e-04      -6.567303323025e-08      -4.157056490299e-04      -1.039805364736e-06 
       9.479819800938e-04      -9.799283850740e-01      -1.618893158666e+00      -1.618972757525e+00      -9.709242957771e-01      -1.617753996945e+00       5.942776909958e-01       5.939771235964e-01       3.237945515049e+00       1.033652520682e-03       9.913821240014e-01      -4.373150611089e-07      -4.686486912677e-04      -7.579753034247e-08      -4.763246534241e-04      -1.191749757639e-06 
       9.926589943941e-04      -9.945352653208e-01      -1.773932748725e+00      -1.774026514750e+00      -9.846002552460e-01      -1.772541226383e+00       5.937946410849e-01       5.935405758589e-01       3.548053029500e+00       1.132503597223e-03       9.906434697566e-01      -4.551423519566e-07      -5.348455284009e-04      -8.715981742161e-08      -5.434187850229e-04      -1.359996688833e-06 
       1.039441571510e-03      -1.002092021442e+00      -1.943714463486e+00      -1.943824766905e+00      -9.912273372187e-01      -1.942031675733e+00       5.932776850875e-01       5.930692664281e-01       3.887649533810e+00       1.240734490815e-03       9.898491930838e-01      -4.714955326004e-07      -6.075538398068e-04      -9.982057992907e-08      -6.170771292320e-04      -1.544785380910e-06 
       1.088428943559e-03      -1.001924658359e+00      -2.129621578292e+00      -2.129751153235e+00      -9.901602752358e-01      -2.127605087407e+00       5.927253414937e-01       5.925610837571e-01       4.259502306470e+00       1.359223574339e-03       9.889962436302e-01      -4.860070778113e-07      -6.867087983724e-04      -1.138213340227e-07      -6.972299626559e-04      -1.745955249409e-06 
       1.139725019325e-03      -9.935844578481e-01      -2.333164164898e+00      -2.333316174476e+00      -9.809829349008e-01      -2.330768242740e+00       5.921361591090e-01       5.920138950326e-01       4.666632348952e+00       1.488929865024e-03       9.880815373922e-01      -4.983141367128e-07      -7.720592069074e-04      -1.291897328163e-07      -7.836233098769e-04      -1.962879633823e-06 
       1.193438604663e-03      -9.769361016923e-01      -2.555990309224e+00      -2.556168398839e+00      -9.635970928565e-01      -2.553166314682e+00       5.915087149574e-01       5.914255616120e-01       5.112336797678e+00       1.630900242705e-03       9.871019603542e-01      -5.080779562216e-07      -8.631538046471e-04      -1.459039105744e-07      -8.758043816695e-04      -2.194425070877e-06 
       1.249683633289e-03      -9.522546597989e-01      -2.799898204062e+00      -2.800106585432e+00      -9.383153382758e-01      -2.796595142526e+00       5.908416009069e-01       5.907939504830e-01       5.600213170864e+00       1.786277276905e-03       9.860543585084e-01      -5.150079819582e-07      -9.593405440838e-04      -1.639143342471e-07      -9.731257437370e-04      -2.438957910374e-06 
       1.308579408449e-03      -9.203181271409e-01      -3.066849315676e+00      -3.067092857518e+00      -9.059493619599e-01      -3.063014549804e+00       5.901334117406e-01       5.901169546617e-01       6.134185715035e+00       1.956307748557e-03       9.849355379873e-01      -5.188897341284e-07      -1.059796389677e-03      -1.831365784930e-07      -1.074777790721e-03      -2.694420434009e-06 
       1.370250855978e-03      -8.824839246523e-01      -3.358982569366e+00      -3.359266924921e+00      -8.678813147105e-01      -3.354562673846e+00       5.893827130615e-01       5.893925015663e-01       6.718533849843e+00       2.142351854459e-03       9.837422387958e-01      -5.196153610924e-07      -1.163596516041e-03      -2.034396418914e-07      -1.179860235210e-03      -2.958504415527e-06 
       1.434828789286e-03      -8.407359605134e-01      -3.678629798964e+00      -3.678961538107e+00      -8.261017006265e-01      -3.673571471419e+00       5.885880121025e-01       5.886185712146e-01       7.357923076215e+00       2.345893218509e-03       9.824711222350e-01      -5.172151411080e-07      -1.269829766391e-03      -2.246799032699e-07      -1.287503109061e-03      -3.228950832856e-06 
       1.502450186827e-03      -7.976769230054e-01      -4.028332253979e+00      -4.028719064689e+00      -7.831936954177e-01      -4.022583232651e+00       5.877476917462e-01       5.877931831367e-01       8.057438129377e+00       2.568549600756e-03       9.811187039947e-01      -5.118859413400e-07      -1.377777437004e-03      -2.466865590032e-07      -1.397045173819e-03      -3.503994288620e-06 
       1.573258482650e-03      -7.564480042192e-01      -4.410858636375e+00      -4.411309556001e+00      -7.422418346488e-01      -4.404368449908e+00       5.868599640578e-01       5.869144044027e-01       8.822619112002e+00       2.812084547553e-03       9.796813272431e-01      -5.040131235326e-07      -1.487148976187e-03      -2.693143202677e-07      -1.508271571587e-03      -3.782962682585e-06 
       1.647403870647e-03      -7.205500892343e-01      -4.829224454211e+00      -4.829750174848e+00      -7.066439176451e-01      -4.821944854752e+00       5.859228016426e-01       5.859803322192e-01       9.659500349696e+00       3.078419849051e-03       9.781551019162e-01      -4.941796086884e-07      -1.598375153159e-03      -2.924695968503e-07      -1.621701520748e-03      -4.067008862733e-06 
       1.725043623124e-03      -6.935498519379e-01      -5.286712816232e+00      -5.287326071246e+00      -6.798113724697e-01      -5.278597685807e+00       5.849338597740e-01       5.849890569284e-01       1.057465214249e+01       3.369648845175e-03       9.765358292283e-01      -4.831561810902e-07      -1.712930519749e-03      -3.161645804546e-07      -1.738900354096e-03      -4.359914810261e-06 
       1.806342424406e-03      -6.786666628667e-01      -5.786896932085e+00      -5.787612980292e+00      -6.647566566888e-01      -5.777901454040e+00       5.838904196968e-01       5.839386269316e-01       1.157522596058e+01       3.688050719992e-03       9.748189558525e-01      -4.718666152827e-07      -1.833641180533e-03      -3.405749231112e-07      -1.862767945894e-03      -4.668850600200e-06 
       1.891472720151e-03      -6.782560382723e-01      -6.333664150173e+00      -6.334501364440e+00      -6.635888789227e-01      -6.323743063279e+00       5.827893296524e-01       5.828269823598e-01       1.266900272888e+01       4.036105607299e-03       9.729995077097e-01      -4.613224940493e-07      -1.964904159296e-03      -3.660999137619e-07      -1.997730127345e-03      -5.004903832738e-06 
       1.980615083129e-03      -6.932410596406e-01      -6.931241610103e+00      -6.932222238242e+00      -6.769708107221e-01      -6.920346512045e+00       5.816269681907e-01       5.816518722537e-01       1.386444447648e+01       4.416510659045e-03       9.710720449760e-01      -4.525262030911e-07      -2.112719386082e-03      -3.934344592354e-07      -2.149735995967e-03      -5.383135568623e-06 
       2.073958596245e-03      -7.225769565292e-01      -7.584224208652e+00      -7.585375214091e+00      -7.036299808317e-01      -7.572299905005e+00       5.803992811339e-01       5.804107997250e-01       1.517075042818e+01       4.832197316518e-03       9.690307028015e-01      -4.463451608887e-07      -2.284423306165e-03      -4.235791466948e-07      -2.325952285902e-03      -5.821875726425e-06 
       2.171701253604e-03      -7.628864823401e-01      -8.297603470307e+00      -8.298957642127e+00      -7.400554682404e-01      -8.284583858694e+00       5.791017948885e-01       5.791008951498e-01       1.659791528425e+01       5.286349164147e-03       9.668691576440e-01      -4.433690651667e-07      -2.488011285625e-03      -4.578558738148e-07      -2.534058891982e-03      -6.341003804663e-06 
       2.274050380486e-03      -8.084261341885e-01      -9.076799580216e+00      -9.078396613950e+00      -7.805406484807e-01      -9.062603444967e+00       5.777297627201e-01       5.777188808134e-01       1.815679322790e+01       5.782421673643e-03       9.645807802043e-01      -4.437490305368e-07      -2.731001042537e-03      -4.977953447410e-07      -2.781108551519e-03      -6.959085423561e-06 
       2.381223073113e-03      -8.515646460207e-01      -9.927694239877e+00      -9.929582158858e+00      -8.177262672912e-01      -9.912222218792e+00       5.762782908243e-01       5.762609910541e-01       1.985916431772e+01       6.324162494279e-03       9.621586976049e-01      -4.472059177476e-07      -3.018880125720e-03      -5.450571267452e-07      -3.072026558184e-03      -7.689531060469e-06 
       2.493446659134e-03      -8.838797860868e-01      -1.085666656568e+01      -1.085890314774e+01      -8.437409533178e-01      -1.083980014549e+01       5.747425463070e-01       5.747229824264e-01       2.171780629548e+01       6.915634368851e-03       9.595960090813e-01      -4.527723635344e-07      -3.353386599883e-03      -6.011200600873e-07      -3.408006672340e-03      -8.536365920553e-06 
       2.610959179822e-03      -8.978873766048e-01      -1.187063035943e+01      -1.187328476002e+01      -8.519007540395e-01      -1.185223418835e+01       5.731179310401e-01       5.731001606761e-01       2.374656952004e+01       7.561238631230e-03       9.568858866718e-01      -4.590866964339e-07      -3.731069878293e-03      -6.670301458550e-07      -3.785273440021e-03      -9.490797226501e-06 
       2.734009894987e-03      -8.891768907992e-01      -1.297707470581e+01      -1.298022921935e+01      -8.387177498934e-01      -1.295700285623e+01       5.714002737143e-01       5.713875278091e-01       2.596045843870e+01       8.265741766430e-03       9.540217686100e-01      -4.645719021799e-07      -4.142824657066e-03      -7.430938437601e-07      -4.194872223415e-03      -1.053026156895e-05 
       2.862859811694e-03      -8.584622779405e-01      -1.418410635326e+01      -1.418785841432e+01      -8.057053101495e-01      -1.416221236699e+01       5.695859023669e-01       5.695799563211e-01       2.837571682864e+01       9.034305148552e-03       9.509974795669e-01      -4.675828303953e-07      -4.575165558144e-03      -8.286513187857e-07      -4.624185504722e-03      -1.162182213578e-05 
       2.997782237893e-03      -8.127837285089e-01      -1.550049388856e+01      -1.550495850834e+01      -7.602393165017e-01      -1.547664309985e+01       5.676715734788e-01       5.676723887028e-01       3.100991701668e+01       9.872512921548e-03       9.478070439251e-01      -4.671493438081e-07      -5.013818346775e-03      -9.221125867969e-07      -5.060609670952e-03      -1.273123979536e-05 
       3.139063362138e-03      -7.649896976668e-01      -1.693571611257e+01      -1.694102896381e+01      -7.146901637398e-01      -1.690979718671e+01       5.656543297428e-01       5.656601117177e-01       3.388205792762e+01       1.078640681042e-02       9.444446907715e-01      -4.630840198942e-07      -5.449517706410e-03      -1.021306852399e-06      -5.497113840393e-03      -1.383727940211e-05 
       3.287002860635e-03      -7.308369891442e-01      -1.850001177014e+01      -1.850633317450e+01      -6.833343325954e-01      -1.847194332324e+01       5.635311822556e-01       5.635389201227e-01       3.701266634901e+01       1.178251858761e-02       9.409045364030e-01      -4.562356941415e-07      -5.884736981643e-03      -1.124282738059e-06      -5.938249401552e-03      -1.494792700668e-05 
       3.441914532896e-03      -7.237832269429e-01      -2.020443153164e+01      -2.021195185089e+01      -6.773309065275e-01      -2.017416020470e+01       5.612987506768e-01       5.613051623248e-01       4.042390370178e+01       1.286790476636e-02       9.371803092614e-01      -4.484865298216e-07      -6.338621072840e-03      -1.230338569928e-06      -6.403901134104e-03      -1.611168221980e-05 
       3.604126967345e-03      -7.487624653718e-01      -2.206089194241e+01      -2.206983871823e+01      -6.992114347149e-01      -2.202838071294e+01       5.589529734832e-01       5.589556094054e-01       4.413967743645e+01       1.405017849244e-02       9.332650589090e-01      -4.421216806045e-07      -6.846387730054e-03      -1.341199134386e-06      -6.927404146630e-03      -1.741494275704e-05 
       3.773984238305e-03      -7.975917771840e-01      -2.408223234329e+01      -2.409287889563e+01      -7.394829212900e-01      -2.404744225221e+01       5.564890408073e-01       5.564871626474e-01       4.818575779127e+01       1.533754402762e-02       9.291511626148e-01      -4.389647505736e-07      -7.450070100444e-03      -1.461570082337e-06      -7.545680479918e-03      -1.895833850676e-05 
       3.951846635814e-03      -8.493394834983e-01      -2.628227175186e+01      -2.629494792172e+01      -7.782531476070e-01      -2.624514697476e+01       5.539015877889e-01       5.538964211876e-01       5.258989584344e+01       1.673883129888e-02       9.248305297988e-01      -4.394965143334e-07      -8.180788849043e-03      -1.598584353573e-06      -8.282614473261e-03      -2.081345677334e-05 
       4.138091429848e-03      -8.779441107595e-01      -2.867587065332e+01      -2.869097378196e+01      -7.933414237111e-01      -2.863633831797e+01       5.511851966928e-01       5.511793354802e-01       5.738194756392e+01       1.826353027044e-02       9.202950206654e-01      -4.424721320662e-07      -9.038833602456e-03      -1.759858026741e-06      -9.132582025005e-03      -2.297625194020e-05 
       4.333113670534e-03      -8.658867012118e-01      -3.127899018371e+01      -3.129699758293e+01      -7.727675688843e-01      -3.123698607083e+01       5.483349195657e-01       5.483310290738e-01       6.259399516585e+01       1.992183245313e-02       9.155369361637e-01      -4.451943087314e-07      -9.984220383072e-03      -1.950524021400e-06      -1.005600445462e-02      -2.534803984265e-05 
       4.537327026042e-03      -8.175341077475e-01      -3.410875847878e+01      -3.413023974987e+01      -7.250013621557e-01      -3.406427514260e+01       5.453466784331e-01       5.453460787571e-01       6.826047949975e+01       2.172467664593e-02       9.105493637820e-01      -4.449143642087e-07      -1.095153621622e-02      -2.170480341352e-06      -1.099767643874e-02      -2.777567391466e-05 
       4.751164659838e-03      -7.621031731874e-01      -3.718353187179e+01      -3.720916252299e+01      -6.781732304053e-01      -3.713667044987e+01       5.422170912031e-01       5.422190343079e-01       7.441832504598e+01       2.368379678640e-02       9.053259673334e-01      -4.405251534866e-07      -1.189234068701e-02      -2.414146864388e-06      -1.192655386641e-02      -3.015479123720e-05 
       4.975080148993e-03      -7.386613852762e-01      -4.052296016004e+01      -4.055353986127e+01      -6.636394741274e-01      -4.047395675861e+01       5.389429018482e-01       5.389451183747e-01       8.110707972254e+01       2.581177028036e-02       8.998604736397e-01      -4.335972507878e-07      -1.282532700092e-02      -2.674102686400e-06      -1.287455996025e-02      -3.254422483015e-05 
       5.209548445017e-03      -7.672218394148e-01      -4.414804579697e+01      -4.418452217748e+01      -6.909823503393e-01      -4.409725120689e+01       5.355201671136e-01       5.355204977069e-01       8.836904435496e+01       2.812205690652e-02       8.941459198600e-01      -4.275885777255e-07      -1.385174369183e-02      -2.947836271342e-06      -1.393661116209e-02      -3.519008209270e-05 
       5.455066878190e-03      -8.260640583973e-01      -4.808119292552e+01      -4.812469534522e+01      -7.342017724563e-01      -4.802902483328e+01       5.319438383944e-01       5.319418670955e-01       9.624939069044e+01       3.062902571153e-02       8.881742669373e-01      -4.253051833027e-07      -1.509860985554e-02      -3.243573256705e-06      -1.520868011831e-02      -3.837971675166e-05 
       5.712156205140e-03      -8.612054208108e-01      -5.234627958178e+01      -5.239816114060e+01      -7.484386788856e-01      -5.229320477570e+01       5.282084679919e-01       5.282057983682e-01       1.047963222812e+02       3.334799482550e-02       8.819372803394e-01      -4.263156134719e-07      -1.660680681891e-02      -3.579357830054e-06      -1.669604957429e-02      -4.218247922652e-05 
       5.981361696754e-03      -8.333619869546e-01      -5.696869157484e+01      -5.703057362208e+01      -7.126517623216e-01      -5.691529491350e+01       5.243090202196e-01       5.243077515363e-01       1.140611472442e+02       3.629525188912e-02       8.754271121952e-01      -4.269050052329e-07      -1.826162647853e-02      -3.973064677760e-06      -1.828407817700e-02      -4.631507616687e-05 
       6.263254258196e-03      -7.653507177242e-01      -6.197537762458e+01      -6.204919663434e+01      -6.589555529091e-01      -6.192250809282e+01       5.202416419926e-01       5.202422989120e-01       1.240983932687e+02       3.948810348882e-02       8.686370468211e-01      -4.234982262362e-07      -1.987986604337e-02      -4.429690882366e-06      -1.984550725684e-02      -5.037696777614e-05 
       6.558431562524e-03      -7.302345024426e-01      -6.739489169900e+01      -6.748294639247e+01      -6.449204700735e-01      -6.734377458113e+01       5.160031409519e-01       5.160041960069e-01       1.349658927849e+02       4.294491896270e-02       8.615609356305e-01      -4.167125631415e-07      -2.143014099958e-02      -4.939101638671e-06      -2.141393848755e-02      -5.435270272229e-05 
       6.867519160582e-03      -7.686560290280e-01      -7.325742245861e+01      -7.336243116892e+01      -6.825837694996e-01      -7.320963415603e+01       5.115896895768e-01       5.115894248127e-01       1.467248623378e+02       4.668515373487e-02       8.541919781170e-01      -4.111262369876e-07      -2.314418801139e-02      -5.491358987888e-06      -2.320237005613e-02      -5.879982156121e-05 
       7.191171496729e-03      -8.239394279861e-01      -7.959478465545e+01      -7.971996855265e+01      -7.116419430673e-01      -7.955215620780e+01       5.069961923598e-01       5.069948424310e-01       1.594399371053e+02       5.072934054753e-02       8.465222059307e-01      -4.096827626881e-07      -2.527981207749e-02      -6.097251432606e-06      -2.535200814048e-02      -6.424773474481e-05 
       7.530072704257e-03      -8.050537498720e-01      -8.644037868607e+01      -8.658957339266e+01      -6.783727314706e-01      -8.640505259672e+01       5.022173453298e-01       5.022166540755e-01       1.731791467853e+02       5.509905678278e-02       8.385434999414e-01      -4.093060820276e-07      -2.773235749219e-02      -6.788262366427e-06      -2.769356386959e-02      -7.037810086889e-05 
       7.884936964503e-03      -7.269274763323e-01      -9.382916214920e+01      -9.400693550327e+01      -6.264589001969e-01      -9.380387996708e+01       4.972492173563e-01       4.972498027235e-01       1.880138710065e+02       5.981692973809e-02       8.302491892921e-01      -4.050008229959e-07      -3.010963047649e-02      -7.589152327297e-06      -2.997096054437e-02      -7.635174155868e-05 
       8.256508074902e-03      -7.068483963911e-01      -1.017975581981e+02      -1.020093330311e+02      -6.361442280487e-01      -1.017859041501e+02       4.920887692818e-01       4.920892445873e-01       2.040186660622e+02       6.490660481491e-02       8.216334236535e-01      -3.979169898403e-07      -3.238243908979e-02      -8.498334684619e-06      -3.232186148016e-02      -8.225651784771e-05 
       8.645557666719e-03      -7.654705473149e-01      -1.103833020056e+02      -1.106354776156e+02      -6.765340445964e-01      -1.103896124005e+02       4.867319874676e-01       4.867314489975e-01       2.212709552312e+02       7.039264671862e-02       8.126894038912e-01      -3.937914690434e-07      -3.507779215468e-02      -9.509268352106e-06      -3.513090223966e-02      -8.926362952200e-05 
       9.052881226195e-03      -7.680783218522e-01      -1.196251718067e+02      -1.199253000402e+02      -6.521093899086e-01      -1.196544568378e+02       4.811739963491e-01       4.811735721104e-01       2.398506000804e+02       7.630035267694e-02       8.034097114583e-01      -3.924051906378e-07      -3.835580856649e-02      -1.064465962150e-05      -3.829153275310e-02      -9.752221671156e-05 
       9.479290692733e-03      -6.856019794539e-01      -1.295625284749e+02      -1.299195374776e+02      -6.018882889372e-01      -1.296208757740e+02       4.754112081814e-01       4.754116704288e-01       2.598390749552e+02       8.265551240439e-02       7.937885024771e-01      -3.877195748612e-07      -4.157327202067e-02      -1.194413590690e-05      -4.136021285647e-02      -1.056356059642e-04 
       9.925601939390e-03      -6.780662942990e-01      -1.402348019779e+02      -1.406592361734e+02      -6.245557697973e-01      -1.403298379538e+02       4.694416376980e-01       4.694418647611e-01       2.813184723468e+02       8.948404953974e-02       7.838217113152e-01      -3.806341683585e-07      -4.464746959737e-02      -1.342772971935e-05      -4.460082604753e-02      -1.137152960501e-04 
       1.039261492092e-02      -7.254622629885e-01      -1.516803759204e+02      -1.521846209307e+02      -6.389629105186e-01      -1.518211290037e+02       4.632628982906e-01       4.632625880761e-01       3.043692418614e+02       9.681149150948e-02       7.735053871099e-01      -3.769150972717e-07      -4.841183028169e-02      -1.510705006816e-05      -4.844537789177e-02      -1.234602689851e-04 
       1.088108379590e-02      -7.036367987721e-01      -1.639360751235e+02      -1.645346197225e+02      -6.030525749922e-01      -1.641330896565e+02       4.568724202701e-01       4.568723417813e-01       3.290692394451e+02       1.046623775638e-01       7.628369921860e-01      -3.735325439820e-07      -5.258522881860e-02      -1.700970185070e-05      -5.247027404964e-02      -1.340822073351e-04 
       1.139167407410e-02      -6.513786238799e-01      -1.770341651584e+02      -1.777439263486e+02      -5.943725296917e-01      -1.773000774883e+02       4.502711539357e-01       4.502712050006e-01       3.554878526971e+02       1.130588396667e-01       7.518182603499e-01      -3.667509640995e-07      -5.653058813368e-02      -1.917422879985e-05      -5.650115834795e-02      -1.443392070740e-04 
       1.192490411388e-02      -6.506245253593e-01      -1.910004456028e+02      -1.918411008616e+02      -5.862786749519e-01      -1.913502376489e+02       4.434654481153e-01       4.434654290574e-01       3.836822017233e+02       1.220178840655e-01       7.404542891318e-01      -3.617863786291e-07      -6.103167938130e-02      -2.164712348118e-05      -6.101670549402e-02      -1.560135597305e-04 
       1.248106954268e-02      -6.394260420156e-01      -2.058523152459e+02      -2.068465443296e+02      -5.764201610597e-01      -2.063033862708e+02       4.364585033980e-01       4.364585094860e-01       4.136930886592e+02       1.315528553668e-01       7.287551233771e-01      -3.563853761025e-07      -6.579649485383e-02      -2.445719697754e-05      -6.577442880305e-02      -1.683581490314e-04 
       1.306015192574e-02      -6.297211200184e-01      -2.215939197759e+02      -2.227676359548e+02      -5.674360639246e-01      -2.221663992993e+02       4.292614976139e-01       4.292614927207e-01       4.455352719095e+02       1.416683053565e-01       7.167390682401e-01      -3.508846273015e-07      -7.085102310271e-02      -2.761642809882e-05      -7.083394445096e-02      -1.814989490632e-04 
       1.366171767776e-02      -6.184586712186e-01      -2.382132675786e+02      -2.395958148513e+02      -5.572842455519e-01      -2.389301863831e+02       4.218910256759e-01       4.218910266710e-01       4.791916297027e+02       1.523576076030e-01       7.044322342491e-01      -3.453143253265e-07      -7.620121519736e-02      -3.119786605743e-05      -7.617904607530e-02      -1.954392984664e-04 
       1.428481967396e-02      -6.074385502538e-01      -2.556767004491e+02      -2.573008823829e+02      -5.474510604898e-01      -2.565640668906e+02       4.143678143753e-01       4.143678142724e-01       5.146017647658e+02       1.636018339031e-01       6.918706392594e-01      -3.395693487880e-07      -8.182149907896e-02      -3.522998342967e-05      -8.180079871872e-02      -2.101273831517e-04 
       1.492792100706e-02      -5.962441620376e-01      -2.739271205829e+02      -2.758290250708e+02      -5.373241581817e-01      -2.750138112456e+02       4.067198927712e-01       4.067198927352e-01       5.516580501416e+02       1.753668663814e-01       6.791017014305e-01      -3.337504097322e-07      -8.770401530719e-02      -3.975009631242e-05      -8.768347828004e-02      -2.255484749552e-04 
       1.558886502105e-02      -5.848875335789e-01      -2.928828392158e+02      -2.951014850772e+02      -5.271036196227e-01      -2.942003494581e+02       3.989822966150e-01       3.989822966453e-01       5.902029701544e+02       1.876018877106e-01       6.661831434972e-01      -3.279004249301e-07      -9.382104965606e-02      -4.478457590788e-05      -9.380092917270e-02      -2.416362990288e-04 
       1.626491417422e-02      -5.734722358221e-01      -3.124383154955e+02      -3.150150056510e+02      -5.168134826180e-01      -3.140202601006e+02       3.911951257822e-01       3.911951257688e-01       6.300300113019e+02       2.002409381509e-01       6.531818610865e-01      -3.220000724324e-07      -1.001401931889e-01      -5.035003275137e-05      -1.001204731621e-01      -2.583130794256e-04 
       1.695286934301e-02      -5.620422576018e-01      -3.324681913663e+02      -3.354458548623e+02      -5.065144530474e-01      -3.343497882240e+02       3.834015241245e-01       3.834015241289e-01       6.708917097247e+02       2.132050844967e-01       6.401698434527e-01      -3.160946281997e-07      -1.066218736693e-01      -5.645767646857e-05      -1.066025413397e-01      -2.754813496051e-04 
       1.764926168430e-02      -5.506688995497e-01      -3.528354034367e+02      -3.562574514721e+02      -4.962657763850e-01      -3.550525333544e+02       3.756458963633e-01       3.756458963632e-01       7.125149029441e+02       2.264073680497e-01       6.272212401785e-01      -3.102193541987e-07      -1.132226204467e-01      -6.309398182214e-05      -1.132036834150e-01      -2.930303422856e-04 
       1.835058760363e-02      -5.394128424320e-01      -3.733991780952e+02      -3.773087790395e+02      -4.861223720043e-01      -3.759877819429e+02       3.679703409256e-01       3.679703409249e-01       7.546175580790e+02       2.397580611023e-01       6.144063305632e-01      -3.044094462577e-07      -1.198975812513e-01      -7.025203914555e-05      -1.198790308574e-01      -3.108468030225e-04 
       1.905354355797e-02      -5.283288816911e-01      -3.940246237666e+02      -3.984637933353e+02      -4.761343888678e-01      -3.970199261619e+02       3.604124194056e-01       3.604124194059e-01       7.969275866706e+02       2.531706921652e-01       6.017878237821e-01      -2.986843639387e-07      -1.266035146047e-01      -7.789977567309e-05      -1.265853459884e-01      -3.288175432317e-04 
       1.975521843946e-02      -5.174626388340e-01      -4.145898687679e+02      -4.195988958566e+02      -4.663424973050e-01      -4.180258706840e+02       3.530029852650e-01       3.530029852650e-01       8.391977917132e+02       2.665667658999e-01       5.894172294638e-01      -2.930760931675e-07      -1.333011768077e-01      -8.601123660843e-05      -1.332833829326e-01      -3.468403554565e-04 
       2.045321634933e-02      -5.068499960636e-01      -4.349931107069e+02      -4.406096378531e+02      -4.567790865569e-01      -4.389017783517e+02       3.457665255389e-01       3.457665255388e-01       8.812192757062e+02       2.798800593698e-01       5.773354237360e-01      -2.875911202219e-07      -1.399574580221e-01      -9.453345880741e-05      -1.399400297076e-01      -3.648241254917e-04 
       2.114570368999e-02      -4.965149186261e-01      -4.551521825085e+02      -4.614113393448e+02      -4.474658028951e-01      -4.595635227013e+02       3.387193762092e-01       3.387193762092e-01       9.228226786897e+02       2.930569228595e-01       5.655696799108e-01      -2.822276346681e-07      -1.465455336370e-01      -1.034274048360e-04      -1.465284614223e-01      -3.826956422779e-04 
       2.183139227336e-02      -4.864716339022e-01      -4.750055838402e+02      -4.819397926678e+02      -4.384154420464e-01      -4.799474416717e+02       3.318711814020e-01       3.318711814020e-01       9.638795853355e+02       3.060567406832e-01       5.541360881567e-01      -2.770371467123e-07      -1.530450964781e-01      -1.126543958267e-04      -1.530283703384e-01      -4.003980521202e-04 
       2.250947928866e-02      -4.767277153064e-01      -4.945125181834e+02      -5.021512324428e+02      -4.296348265691e-01      -5.000103181713e+02       3.252271190987e-01       3.252271190987e-01       1.004302464886e+03       3.188519585337e-01       5.430433019624e-01      -2.719824408118e-07      -1.594423696878e-01      -1.221762589494e-04      -1.594259792690e-01      -4.178909118006e-04 
       2.317956563857e-02      -4.672823433943e-01      -5.136460624956e+02      -5.220161346145e+02      -4.211232248679e-01      -5.197230919337e+02       3.187866086383e-01       3.187866086383e-01       1.044032269229e+03       3.314240311800e-01       5.322903464123e-01      -2.670748309395e-07      -1.657280805930e-01      -1.319550716334e-04      -1.657120155903e-01      -4.351450813979e-04 
       2.384156963309e-02      -4.581305890905e-01      -5.323927493672e+02      -5.415186703887e+02      -4.128761918340e-01      -5.390703346198e+02       3.125462924769e-01       3.125462924769e-01       1.083037340777e+03       3.437631204696e-01       5.218716202733e-01      -2.622986349154e-07      -1.718973099460e-01      -1.419589347022e-04      -1.718815602342e-01      -4.521432534471e-04 
       2.449564690182e-02      -4.492655029843e-01      -5.507509654792e+02      -5.606545277398e+02      -4.048874717666e-01      -5.580481660051e+02       3.065013785705e-01       3.065013785705e-01       1.121309055480e+03       3.558667146391e-01       5.117791054870e-01      -2.576750679828e-07      -1.779488016317e-01      -1.521463949311e-04      -1.779333573197e-01      -4.688757838441e-04 
       2.514212195473e-02      -4.406773857129e-01      -5.687259615285e+02      -5.794265890157e+02      -3.971483175376e-01      -5.766598348557e+02       3.006452798501e-01       3.006452798501e-01       1.158853178031e+03       3.677368999607e-01       5.020018166654e-01      -2.531806998642e-07      -1.838835984545e-01      -1.624849087746e-04      -1.838684499805e-01      -4.853401714953e-04 
       2.578143298704e-02      -4.323542286922e-01      -5.863266527309e+02      -5.978419357665e+02      -3.896478970316e-01      -5.949126973145e+02       2.949698646676e-01       2.949698646676e-01       1.195683871533e+03       3.793784016350e-01       4.925262001800e-01      -2.489244923129e-07      -1.897040626049e-01      -1.729606852267e-04      -1.896892008175e-01      -5.015401627333e-04 
       2.641408926964e-02      -4.242856089991e-01      -6.035683007344e+02      -6.159136504075e+02      -3.823768658249e-01      -6.128201533809e+02       2.894677912010e-01       2.894677912010e-01       1.231827300815e+03       3.907995867736e-01       4.833399099059e-01      -2.445796336791e-07      -1.954143772573e-01      -1.835268408978e-04      -1.953997933867e-01      -5.174788625829e-04 
       2.704063940089e-02      -4.164592245300e-01      -6.204672087055e+02      -6.336561301733e+02      -3.753240692582e-01      -6.303968724931e+02       2.841309893527e-01       2.841309893527e-01       1.267312260347e+03       4.020100454713e-01       4.744295954916e-01      -2.404329894551e-07      -2.010193370674e-01      -1.941774148523e-04      -2.010050227356e-01      -5.331673254974e-04 
       2.766164838054e-02      -4.088657046478e-01      -6.370442841321e+02      -6.510880114974e+02      -3.684811379377e-01      -6.476618126660e+02       2.789527345361e-01       2.789527345361e-01       1.302176022995e+03       4.130215919848e-01       4.657839011367e-01      -2.364321947000e-07      -2.065248488058e-01      -2.048835260553e-04      -2.065107959924e-01      -5.486157934145e-04 
       2.827768155684e-02      -4.014922057272e-01      -6.533160496217e+02      -6.682245552803e+02      -3.618364175975e-01      -6.646304042327e+02       2.739245965155e-01       2.739245965155e-01       1.336449110561e+03       4.238443377872e-01       4.573888808302e-01      -2.325596216915e-07      -2.119359678054e-01      -2.155952582837e-04      -2.119221688936e-01      -5.638290752765e-04 
       2.888929376710e-02      -3.943303070593e-01      -6.693047637052e+02      -6.850858954431e+02      -3.553824039842e-01      -6.813230768942e+02       2.690404957380e-01       2.690404957380e-01       1.370171790886e+03       4.344910021244e-01       4.492342522690e-01      -2.287060606994e-07      -2.172590533581e-01      -2.263241753913e-04      -2.172455010622e-01      -5.788248911379e-04 
       2.949702230981e-02      -3.873697820307e-01      -6.850302819311e+02      -7.016901614556e+02      -3.491098001869e-01      -6.977581970837e+02       2.642938040818e-01       2.642938040818e-01       1.403380322911e+03       4.449736083278e-01       4.413090840934e-01      -2.250663399097e-07      -2.225001168161e-01      -2.370355386855e-04      -2.224868041639e-01      -5.936128218109e-04 
       3.010138268639e-02      -3.806037036065e-01      -7.005158494010e+02      -7.180583411713e+02      -3.430124416748e-01      -7.139570676598e+02       2.596794475161e-01       2.596794475161e-01       1.436116682343e+03       4.553053990872e-01       4.336047699394e-01      -2.213418606884e-07      -2.276657792493e-01      -2.476933513132e-04      -2.276526995436e-01      -6.082037790678e-04 
       3.070286630818e-02      -3.740222620910e-01      -7.157787946933e+02      -7.342066829045e+02      -3.370814358613e-01      -7.299360760351e+02       2.551909925583e-01       2.551909925583e-01       1.468413365809e+03       4.654970615436e-01       4.261106664733e-01      -2.177956401519e-07      -2.327613839142e-01      -2.583080345790e-04      -2.327485307718e-01      -6.226127608782e-04 
       3.130193957039e-02      -3.676186681475e-01      -7.308407433869e+02      -7.501545150704e+02      -3.313106709477e-01      -7.457148750086e+02       2.508237461121e-01       2.508237461121e-01       1.500309030141e+03       4.755610672677e-01       4.188189158904e-01      -2.143190684178e-07      -2.377931663609e-01      -2.688066156794e-04      -2.377805336338e-01      -6.368439094485e-04 
       3.189904385593e-02      -3.613866777691e-01      -7.457230374773e+02      -7.659213850937e+02      -3.256945156188e-01      -7.613132570714e+02       2.465734933627e-01       2.465734933627e-01       1.531842770187e+03       4.855100755625e-01       4.117224967550e-01      -2.110664376229e-07      -2.427674560265e-01      -2.791968449319e-04      -2.427550377813e-01      -6.509142720366e-04 
       3.249459615342e-02      -3.553205728862e-01      -7.604461292293e+02      -7.815258128352e+02      -3.202278693483e-01      -7.767500107193e+02       2.424361027265e-01       2.424361027265e-01       1.563051625670e+03       4.953557930579e-01       4.048144213615e-01      -2.076365589082e-07      -2.476901060048e-01      -2.894474660813e-04      -2.476778965290e-01      -6.648335814320e-04 
       3.308899006411e-02      -3.494131262256e-01      -7.750273423898e+02      -7.969835125153e+02      -3.149041418839e-01      -7.920410733749e+02       2.384069880911e-01       2.384069880911e-01       1.593967025031e+03       5.051087716913e-01       3.980871653383e-01      -2.045179142882e-07      -2.525663920518e-01      -2.995382315580e-04      -2.525543858457e-01      -6.786118539615e-04 
       3.368259703912e-02      -3.436616585483e-01      -7.894915791142e+02      -8.123167222431e+02      -3.097209934053e-01      -8.072090596846e+02       2.344839802709e-01       2.344839802709e-01       1.624633444486e+03       5.147830131899e-01       3.915369755272e-01      -2.012042037968e-07      -2.574033149042e-01      -3.094158205192e-04      -2.573915065949e-01      -6.922582313188e-04 
       3.427576773646e-02      -3.380592969269e-01      -8.038541700456e+02      -8.275395550373e+02      -3.046721643602e-01      -8.222682473432e+02       2.306627233786e-01       2.306627233786e-01       1.655079110075e+03       5.243880182027e-01       3.851567052600e-01      -1.982456987781e-07      -2.622056246793e-01      -3.191219600142e-04      -2.621940091013e-01      -7.057911401444e-04 
       3.486883342232e-02      -3.326037039837e-01      -8.181389582817e+02      -8.426732379540e+02      -2.997556165247e-01      -8.372402343058e+02       2.269412913104e-01       2.269412913104e-01       1.685346475908e+03       5.339371242994e-01       3.789430120949e-01      -1.950633302003e-07      -2.669799900507e-01      -3.285717669645e-04      -2.669685621497e-01      -7.192139393606e-04 
       3.546210736590e-02      -3.272887739639e-01      -8.323609050335e+02      -8.577311752601e+02      -2.949657890656e-01      -8.521386441216e+02       2.233157923533e-01       2.233157923533e-01       1.715462350520e+03       5.434393668390e-01       3.728895029940e-01      -1.920825430723e-07      -2.717309285145e-01      -3.377620487531e-04      -2.717196834195e-01      -7.325374242646e-04 
       3.605588619481e-02      -3.221125520819e-01      -8.465439824638e+02      -8.727347954658e+02      -2.903009444210e-01      -8.669852644556e+02       2.197847797493e-01       2.197847797493e-01       1.745469590932e+03       5.529084781950e-01       3.669937189936e-01      -1.891671661602e-07      -2.764653061792e-01      -3.466465641790e-04      -2.764542390975e-01      -7.457715109426e-04 
       3.665045119063e-02      -3.170705331330e-01      -8.607051382008e+02      -8.876992330752e+02      -2.857569992756e-01      -8.817954860740e+02       2.163452963579e-01       2.163452963579e-01       1.775398466150e+03       5.623544311382e-01       3.612507667862e-01      -1.862955248160e-07      -2.811881092854e-01      -3.552168279743e-04      -2.811772155691e-01      -7.589273371363e-04 
       3.724606951266e-02      -3.121601524806e-01      -8.748643949297e+02      -9.026425162162e+02      -2.813317064912e-01      -8.965876164295e+02       2.129953218666e-01       2.129953218666e-01       1.805285032432e+03       5.717884783748e-01       3.556571676604e-01      -1.835082045866e-07      -2.859049640674e-01      -3.634590889048e-04      -2.858942391874e-01      -7.720168171511e-04 
       3.784299534431e-02      -3.073783214740e-01      -8.890424104020e+02      -9.175827957011e+02      -2.770222233341e-01      -9.113801658703e+02       2.097330068959e-01       2.097330068959e-01       1.835165591402e+03       5.812228006635e-01       3.502099336605e-01      -1.807740680224e-07      -2.906219608264e-01      -3.713348051687e-04      -2.906114003317e-01      -7.850491320991e-04 
       3.844147096019e-02      -3.027217175601e-01      -9.032568487138e+02      -9.325356907480e+02      -2.728255666383e-01      -9.261890453584e+02       2.065560193548e-01       2.065560193548e-01       1.865071381496e+03       5.906674388304e-01       3.449051465087e-01      -1.780641928071e-07      -2.953441198564e-01      -3.787726936100e-04      -2.953337194152e-01      -7.980256532099e-04 
       3.904172771505e-02      -2.981886043609e-01      -9.175296892746e+02      -9.475213739178e+02      -2.687401881038e-01      -9.410346732825e+02       2.034631535803e-01       2.034631535803e-01       1.895042747836e+03       6.001353540036e-01       3.397407820399e-01      -1.754501821819e-07      -3.000779216517e-01      -3.858453254101e-04      -3.000676770018e-01      -8.109739746086e-04 
       3.964398695723e-02      -2.937754670213e-01      -9.318777216657e+02      -9.625542699901e+02      -2.647629108791e-01      -9.559318186354e+02       2.004520319608e-01       2.004520319608e-01       1.925108539980e+03       6.096359907330e-01       3.347128793400e-01      -1.728655090674e-07      -3.048280883719e-01      -3.924729451696e-04      -3.048179953665e-01      -8.238933899955e-04 
       4.024846087044e-02      -2.894807030133e-01      -9.463230529396e+02      -9.776543948859e+02      -2.608922927063e-01      -9.709007880956e+02       1.975215504668e-01       1.975215504668e-01       1.955308789772e+03       6.191822665052e-01       3.298195909955e-01      -1.703401960782e-07      -3.096010787036e-01      -3.986142694720e-04      -3.095911332526e-01      -8.367935753232e-04 
       4.085535324819e-02      -2.853009182058e-01      -9.608814912372e+02      -9.928357448413e+02      -2.571252766149e-01      -9.859558361079e+02       1.946694051540e-01       1.946694051540e-01       1.985671489683e+03       6.287832738112e-01       3.250570734335e-01      -1.678611301269e-07      -3.144014387745e-01      -4.042744401488e-04      -3.143916369056e-01      -8.496867052831e-04 
       4.146486020563e-02      -2.812342806132e-01      -9.755743700773e+02      -1.008117048715e+03      -2.534602097699e-01      -1.001116065331e+03       1.918943519050e-01       1.918943519050e-01       2.016234097431e+03       6.384511925612e-01       3.204232516968e-01      -1.654402432340e-07      -3.192352584772e-01      -4.094104241757e-04      -3.192255962806e-01      -8.625812575287e-04 
       4.207717083329e-02      -2.772780153359e-01      -9.904183030930e+02      -1.023513739232e+03      -2.498945998314e-01      -1.016397064933e+03       1.891944992708e-01       1.891944992708e-01       2.047027478465e+03       6.481959422111e-01       3.159149660299e-01      -1.630624824438e-07      -3.241074974387e-01      -4.140808010479e-04      -3.240979711055e-01      -8.754988277320e-04 
       4.269246779746e-02      -2.734304579263e-01      -1.005434972415e+03      -1.039045249730e+03      -2.464269181300e-01      -1.031818584852e+03       1.865687862096e-01       1.865687862096e-01       2.078090499459e+03       6.580302715736e-01       3.115304765834e-01      -1.607315440337e-07      -3.290245300238e-01      -4.181178541685e-04      -3.290151357868e-01      -8.884290392657e-04 
       4.331092789152e-02      -2.696886420374e-01      -1.020638951993e+03      -1.054724568052e+03      -2.430545503119e-01      -1.047393837587e+03       1.840149850442e-01       1.840149850442e-01       2.109449136103e+03       6.679621597499e-01       3.072659816378e-01      -1.584633428056e-07      -3.339903456506e-01      -4.216212042671e-04      -3.339810798749e-01      -9.013975018101e-04 
       4.393272254233e-02      -2.660503759692e-01      -1.036050015295e+03      -1.070569464385e+03      -2.397754737444e-01      -1.063140874500e+03       1.815318053314e-01       1.815318053314e-01       2.141138928770e+03       6.780035225760e-01       3.031194060150e-01      -1.562322403578e-07      -3.390109021846e-01      -4.245473182867e-04      -3.390017612880e-01      -9.144122844842e-04 
       4.455801827569e-02      -2.625137404640e-01      -1.051687020366e+03      -1.086597348645e+03      -2.365879711372e-01      -1.079077300195e+03       1.791178890961e-01       1.791178890961e-01       2.173194697290e+03       6.881654756892e-01       2.990884631333e-01      -1.540470663557e-07      -3.440917573719e-01      -4.268733084181e-04      -3.440827378446e-01      -9.274836933817e-04 
       4.518697714421e-02      -2.590748899094e-01      -1.067560417872e+03      -1.102817709355e+03      -2.334885816630e-01      -1.095212736446e+03       1.767706021305e-01       1.767706021305e-01       2.205635418710e+03       6.984541142711e-01       2.951687498276e-01      -1.519129839768e-07      -3.492359586683e-01      -4.285909229211e-04      -3.492270571355e-01      -9.406180560515e-04 
       4.581975712116e-02      -2.557327504006e-01      -1.083692415357e+03      -1.119251221432e+03      -2.304763318806e-01      -1.111568059999e+03       1.744892285362e-01       1.744892285362e-01       2.238502442864e+03       7.088827788253e-01       2.913590777014e-01      -1.498240601855e-07      -3.544501762918e-01      -4.296393789263e-04      -3.544413894127e-01      -9.538225164392e-04 
       4.645651246315e-02      -2.524838647309e-01      -1.100094654527e+03      -1.135908654790e+03      -2.275481038944e-01      -1.128154157429e+03       1.722714718277e-01       1.722714718277e-01       2.271817309580e+03       7.194585320303e-01       2.876556332886e-01      -1.478704434458e-07      -3.597379414613e-01      -4.301388357006e-04      -3.597292660152e-01      -9.671247589203e-04 
       4.709739404439e-02      -2.493257365932e-01      -1.116781155100e+03      -1.152802758830e+03      -2.247016829606e-01      -1.144983953655e+03       1.701154517519e-01       1.701154517519e-01       2.305605517659e+03       7.301891825497e-01       2.840552098087e-01      -1.457680939586e-07      -3.651031584071e-01      -4.299819019339e-04      -3.650945912749e-01      -9.805176979730e-04 
       4.774254966524e-02      -2.462563747968e-01      -1.133769452842e+03      -1.169950852526e+03      -2.219352356374e-01      -1.162074769180e+03       1.680199951052e-01       1.680199951052e-01       2.339901705051e+03       7.410862075360e-01       2.805559192448e-01      -1.438107989279e-07      -3.705515656549e-01      -4.291789606127e-04      -3.705431037680e-01      -9.940173123453e-04 
       4.839212433710e-02      -2.432716915932e-01      -1.151065735925e+03      -1.187358818988e+03      -2.192450823743e-01      -1.179432523962e+03       1.659823208874e-01       1.659823208874e-01       2.374717637976e+03       7.521533915244e-01       2.771531195130e-01      -1.419710741388e-07      -3.760850553283e-01      -4.277833983065e-04      -3.760766957622e-01      -1.007636711202e-03 
       4.904626054591e-02      -2.403697887350e-01      -1.168684973012e+03      -1.205040896797e+03      -2.166295492684e-01      -1.197071544487e+03       1.640009669010e-01       1.640009669010e-01       2.410081793595e+03       7.633994227235e-01       2.738443047237e-01      -1.400124788014e-07      -3.817079714491e-01      -4.257452565181e-04      -3.816997113618e-01      -1.021378920720e-03 
       4.970509849602e-02      -2.375472963732e-01      -1.186636207661e+03      -1.223006267224e+03      -2.140855630179e-01      -1.215000973164e+03       1.620738119124e-01       1.620738119124e-01       2.446012534449e+03       7.748305813646e-01       2.706260007606e-01      -1.381795141951e-07      -3.874234540332e-01      -4.230968184406e-04      -3.874152906823e-01      -1.035256857575e-03 
       5.036877633628e-02      -2.348005358915e-01      -1.204923396060e+03      -1.241260079003e+03      -2.116098231968e-01      -1.233225761820e+03       1.601982920677e-01       1.601982920677e-01       2.482520158005e+03       7.864498673009e-01       2.674939050474e-01      -1.363898060972e-07      -3.932330028733e-01      -4.198451463486e-04      -3.932249336504e-01      -1.049275381945e-03 
       5.103743036975e-02      -2.321264557138e-01      -1.223553693532e+03      -1.259810167168e+03      -2.091995823580e-01      -1.251753624057e+03       1.583723444627e-01       1.583723444627e-01       2.519620334337e+03       7.982622336564e-01       2.644445786583e-01      -1.346320246592e-07      -3.991390944238e-01      -4.160756803101e-04      -3.991311168282e-01      -1.063454091079e-03 
       5.171119524854e-02      -2.295226759046e-01      -1.242537654680e+03      -1.278666945559e+03      -2.068526929714e-01      -1.270594976268e+03       1.565943420670e-01       1.565943420670e-01       2.557333891119e+03       8.102743096596e-01       2.614753044393e-01      -1.329090800723e-07      -4.051450432188e-01      -4.117122972120e-04      -4.051371548298e-01      -1.077789333053e-03 
       5.239020415505e-02      -2.269842730465e-01      -1.261868441316e+03      -1.297826401214e+03      -2.045647214303e-01      -1.289745369428e+03       1.548609347796e-01       1.548609347796e-01       2.595652802427e+03       8.224832682311e-01       2.585804906106e-01      -1.312332201561e-07      -4.112494355466e-01      -4.068180968342e-04      -4.112416341155e-01      -1.092287470869e-03 
       5.307458897075e-02      -2.245095473272e-01      -1.281557277444e+03      -1.317301093601e+03      -2.023341393399e-01      -1.309217129756e+03       1.531709748779e-01       1.531709748779e-01       2.634602187202e+03       8.348969858216e-01       2.557582238415e-01      -1.295879457525e-07      -4.174562095712e-01      -4.014872464140e-04      -4.174484929108e-01      -1.106973131542e-03 
       5.376448043353e-02      -2.220936611277e-01      -1.301595987828e+03      -1.337084547799e+03      -2.001565848478e-01      -1.329003527508e+03       1.515211646204e-01       1.515211646204e-01       2.674169095598e+03       8.475111789499e-01       2.530029991338e-01      -1.279790285043e-07      -4.237632233868e-01      -3.956747999277e-04      -4.237555894749e-01      -1.121833904013e-03 
       5.446000828457e-02      -2.197331992516e-01      -1.321982057429e+03      -1.357177098906e+03      -1.980289833919e-01      -1.349104449653e+03       1.499091829742e-01       1.499091829742e-01       2.714354197813e+03       8.603257885530e-01       2.503109430781e-01      -1.264085860369e-07      -4.301704473418e-01      -3.894641451301e-04      -4.301628942765e-01      -1.136882799438e-03 
       5.516130140571e-02      -2.174240545922e-01      -1.342707002740e+03      -1.377573770634e+03      -1.959476259739e-01      -1.369514378570e+03       1.483322737551e-01       1.483322737551e-01       2.755147541268e+03       8.733374444053e-01       2.476774705720e-01      -1.249101383568e-07      -4.366761961851e-01      -3.828984373431e-04      -4.366687222026e-01      -1.152122372802e-03 
       5.586848794792e-02      -2.151628942474e-01      -1.363764695842e+03      -1.398271219236e+03      -1.939095366125e-01      -1.390229539649e+03       1.467880627125e-01       1.467880627125e-01       2.796542438472e+03       8.865433824503e-01       2.450985771238e-01      -1.233531461563e-07      -4.432790877598e-01      -3.760675483437e-04      -4.432716912251e-01      -1.167563274157e-03 
       5.658169545170e-02      -2.129458083018e-01      -1.385144575788e+03      -1.419262873643e+03      -1.919111665497e-01      -1.411242747701e+03       1.452739909441e-01       1.452739909441e-01       2.838525747285e+03       8.999393926655e-01       2.425700321343e-01      -1.218738449870e-07      -4.499770169320e-01      -3.689641039267e-04      -4.499696963327e-01      -1.183199079489e-03 
       5.730105096009e-02      -2.107679252307e-01      -1.406826050560e+03      -1.440532501691e+03      -1.899481359758e-01      -1.432537116484e+03       1.437867154789e-01       1.437867154789e-01       2.881065003382e+03       9.135146324958e-01       2.400862446271e-01      -1.204271409795e-07      -4.567645622504e-01      -3.617103480471e-04      -4.567573162479e-01      -1.199035410685e-03 
       5.802668112475e-02      -2.086268026749e-01      -1.428802749532e+03      -1.462078289431e+03      -1.880182444251e-01      -1.454110120015e+03       1.423245717307e-01       1.423245717307e-01       2.924156578863e+03       9.272674966268e-01       2.376444355588e-01      -1.190037610309e-07      -4.636409209732e-01      -3.543396723305e-04      -4.636337483134e-01      -1.215075501984e-03 
       5.875871230577e-02      -2.065174836570e-01      -1.451048651859e+03      -1.483879389904e+03      -1.861170273461e-01      -1.475940138108e+03       1.408841878516e-01       1.408841878516e-01       2.967758779808e+03       9.411842291886e-01       2.352389773834e-01      -1.176078348712e-07      -4.705992149927e-01      -3.469695986166e-04      -4.705921145943e-01      -1.231320591739e-03 
       5.949727066567e-02      -2.044359274136e-01      -1.473541352708e+03      -1.505918532728e+03      -1.842408423396e-01      -1.498009126637e+03       1.394628119622e-01       1.394628119622e-01       3.011837065457e+03       9.552533479989e-01       2.328652769547e-01      -1.162376634864e-07      -4.776337030792e-01      -3.396261329417e-04      -4.776266739995e-01      -1.247760403782e-03 
       6.024248225797e-02      -2.023786677469e-01      -1.496259341493e+03      -1.528180391751e+03      -1.823865678549e-01      -1.520300817201e+03       1.380580880874e-01       1.380580880874e-01       3.056360783502e+03       9.694645114486e-01       2.305194027201e-01      -1.148928022303e-07      -4.847392143066e-01      -3.324272781284e-04      -4.847322557243e-01      -1.264400522618e-03 
       6.099447311085e-02      -2.003413073221e-01      -1.519171357531e+03      -1.550640185884e+03      -1.805502434624e-01      -1.542789457862e+03       1.366670229846e-01       1.366670229846e-01       3.101280371768e+03       9.838013263860e-01       2.281963583117e-01      -1.135687372724e-07      -4.919075519461e-01      -3.254947694730e-04      -4.919006631930e-01      -1.281239549788e-03 
       6.175336930616e-02      -1.983200438011e-01      -1.542247671858e+03      -1.573274658406e+03      -1.787284408916e-01      -1.565450819347e+03       1.352870258719e-01       1.352870258719e-01       3.146549316812e+03       9.982483693691e-01       2.258918192445e-01      -1.122656693830e-07      -4.991310041467e-01      -3.188464184854e-04      -4.991241846846e-01      -1.298260995943e-03 
       6.251929705421e-02      -1.963111815257e-01      -1.565456476647e+03      -1.596058660828e+03      -1.769178330521e-01      -1.588258754787e+03       1.339155840762e-01       1.339155840762e-01       3.192117321657e+03       1.012789003691e+00       2.236015919530e-01      -1.109843500759e-07      -5.064012524250e-01      -3.126535397462e-04      -5.063945018454e-01      -1.315470938324e-03 
       6.329238276460e-02      -1.943107790438e-01      -1.588760369764e+03      -1.618962120853e+03      -1.751148680889e-01      -1.611182097474e+03       1.325500109443e-01       1.325500109443e-01       3.237924241706e+03       1.027403378950e+00       2.213211911035e-01      -1.097221841814e-07      -5.137083714442e-01      -3.069829021673e-04      -5.137016894748e-01      -1.332855032486e-03 
       6.407275311340e-02      -1.923154691019e-01      -1.612122871704e+03      -1.641956792370e+03      -1.733165112676e-01      -1.634191361593e+03       1.311880175538e-01       1.311880175538e-01       3.283913584741e+03       1.042072743260e+00       2.190467975433e-01      -1.084738394010e-07      -5.210429851456e-01      -3.019325940908e-04      -5.210363716298e-01      -1.350405221683e-03 
       6.486053510691e-02      -1.903215196320e-01      -1.635502679105e+03      -1.665008213744e+03      -1.715193969916e-01      -1.657251075972e+03       1.298270778736e-01       1.298270778736e-01       3.330016427487e+03       1.056774585143e+00       2.167742006172e-01      -1.072623265413e-07      -5.283938376623e-01      -2.976231941540e-04      -5.283872925716e-01      -1.368112276792e-03 
       6.565585614227e-02      -1.883257845465e-01      -1.658858483315e+03      -1.688082995267e+03      -1.697207010090e-01      -1.680326670224e+03       1.284649960587e-01       1.284649960587e-01       3.376165990535e+03       1.071486650232e+00       2.144997147056e-01      -1.060269243927e-07      -5.357498016970e-01      -2.941121739897e-04      -5.357433251161e-01      -1.385957389249e-03 
       6.645884406518e-02      -1.863251436727e-01      -1.682146970715e+03      -1.711146374068e+03      -1.679176017786e-01      -1.703382104179e+03       1.270997032653e-01       1.270997032653e-01       3.422292748135e+03       1.086186250914e+00       2.122199075123e-01      -1.048224467348e-07      -5.430995333393e-01      -2.915801782923e-04      -5.430931254568e-01      -1.403940534132e-03 
       6.726962722477e-02      -1.843165440704e-01      -1.705322366584e+03      -1.734159634123e+03      -1.661073518807e-01      -1.726377626195e+03       1.257290915588e-01       1.257290915588e-01       3.468319268245e+03       1.100847950241e+00       2.099312500307e-01      -1.036309606648e-07      -5.504303140100e-01      -2.900545435380e-04      -5.504239751206e-01      -1.422034194451e-03 
       6.808833452604e-02      -1.822974395797e-01      -1.728339409749e+03      -1.757086276375e+03      -1.642876577529e-01      -1.749275429990e+03       1.243514324416e-01       1.243514324416e-01       3.514172552749e+03       1.115447699915e+00       2.076308586612e-01      -1.024464969241e-07      -5.577301194703e-01      -2.897029668715e-04      -5.577238499575e-01      -1.440234613428e-03 
       6.891509547984e-02      -1.802654066962e-01      -1.751152519777e+03      -1.779887673504e+03      -1.624563314651e-01      -1.772035869037e+03       1.229650812681e-01       1.229650812681e-01       3.559775347007e+03       1.129960302058e+00       2.053159911020e-01      -1.012657672039e-07      -5.649863507002e-01      -2.905580445338e-04      -5.649801510288e-01      -1.458515395857e-03 
       6.975004025066e-02      -1.782182998604e-01      -1.773714444513e+03      -1.802524588966e+03      -1.606114467914e-01      -1.794618521915e+03       1.215685496731e-01       1.215685496731e-01       3.605049177932e+03       1.144359871862e+00       2.029841521835e-01      -1.001069506526e-07      -5.721860652185e-01      -2.927672041679e-04      -5.721799359308e-01      -1.476867312703e-03 
       7.059329970233e-02      -1.761542052149e-01      -1.795979216641e+03      -1.824957620928e+03      -1.587512714504e-01      -1.816983029897e+03       1.201605533480e-01       1.201605533480e-01       3.649915241855e+03       1.158620831683e+00       2.006332063654e-01      -9.894692166863e-08      -5.793164741415e-01      -2.963429071258e-04      -5.793104158415e-01      -1.495260332000e-03 
       7.144500544176e-02      -1.740717502836e-01      -1.817902425910e+03      -1.847149974486e+03      -1.568745707040e-01      -1.839091471465e+03       1.187401503780e-01       1.187401503780e-01       3.694299948972e+03       1.172719000625e+00       1.982615785061e-01      -9.779400846794e-08      -5.863654869725e-01      -3.014126402610e-04      -5.863595003127e-01      -1.513684222744e-03 
       7.230528986090e-02      -1.719696523950e-01      -1.839440057138e+03      -1.869062897041e+03      -1.549801897781e-01      -1.860904340478e+03       1.173064563828e-01       1.173064563828e-01       3.738125794083e+03       1.186629171169e+00       1.958677885432e-01      -9.664097978441e-08      -5.933204999073e-01      -3.080501048053e-04      -5.933145855844e-01      -1.532119030328e-03 
       7.317428617696e-02      -1.698472563984e-01      -1.860551659315e+03      -1.890662462185e+03      -1.530675352977e-01      -1.882386749784e+03       1.158590268428e-01       1.158590268428e-01       3.781324924370e+03       1.200329154625e+00       1.934510957861e-01      -9.549611418733e-08      -6.001704185810e-01      -3.162819317308e-04      -6.001645773125e-01      -1.550541187896e-03 
       7.405212847100e-02      -1.677040923272e-01      -1.881198641089e+03      -1.911914422281e+03      -1.511361845042e-01      -1.903503834022e+03       1.143975361301e-01       1.143975361301e-01       3.823828844563e+03       1.213796726248e+00       1.910109546715e-01      -9.435146742531e-08      -6.069041306041e-01      -3.262031691404e-04      -6.068983631239e-01      -1.568937819205e-03 
       7.493895172510e-02      -1.655400827070e-01      -1.901345566148e+03      -1.932787107569e+03      -1.491860657448e-01      -1.924223391491e+03       1.129219235876e-01       1.129219235876e-01       3.865574215138e+03       1.227011354232e+00       1.885472618029e-01      -9.320857316801e-08      -6.135113700729e-01      -3.377985477371e-04      -6.135056771158e-01      -1.587280855342e-03 
       7.583489185804e-02      -1.633557013919e-01      -1.920963213562e+03      -1.953253763575e+03      -1.472176041261e-01      -1.944518330676e+03       1.114325071319e-01       1.114325071319e-01       3.906507527149e+03       1.239955777740e+00       1.860605467402e-01      -9.206835243122e-08      -6.199835065868e-01      -3.510632470621e-04      -6.199778888698e-01      -1.605547957169e-03 
       7.674008575965e-02      -1.611517040484e-01      -1.940024233575e+03      -1.973290185668e+03      -1.452314826280e-01      -1.964363998566e+03       1.099297924878e-01       1.099297924878e-01       3.946580371337e+03       1.252614248551e+00       1.835516501904e-01      -9.092508723564e-08      -6.263126660605e-01      -3.660943019568e-04      -6.263071242753e-01      -1.623734658525e-03 
       7.765467132399e-02      -1.589292958484e-01      -1.958509070349e+03      -1.992876877133e+03      -1.432287808202e-01      -1.983740925752e+03       1.084146027220e-01       1.084146027220e-01       3.985753754265e+03       1.264974420091e+00       1.810219483983e-01      -8.978083274860e-08      -6.324926752532e-01      -3.827612655599e-04      -6.324872100456e-01      -1.641805051369e-03 
       7.857878748124e-02      -1.566901584422e-01      -1.976405000130e+03      -2.011999717769e+03      -1.412110170824e-01      -2.002635237796e+03       1.068880630991e-01       1.068880630991e-01       4.023999435538e+03       1.277027337679e+00       1.784733123003e-01      -8.864184746239e-08      -6.385190568804e-01      -4.010838132069e-04      -6.385136688393e-01      -1.659751029098e-03 
       7.951257422856e-02      -1.544362584584e-01      -1.993703685845e+03      -2.030649280505e+03      -1.391799604262e-01      -2.021037696458e+03       1.053515148526e-01       1.053515148526e-01       4.061298561009e+03       1.288767153471e+00       1.759079821132e-01      -8.750183932827e-08      -6.443888870912e-01      -4.210243810348e-04      -6.443835767353e-01      -1.677559383313e-03 
       8.045617265987e-02      -1.521700580140e-01      -2.010406665737e+03      -2.048823084218e+03      -1.371378268329e-01      -2.038946456351e+03       1.038066271739e-01       1.038066271739e-01       4.097646168435e+03       1.300192670612e+00       1.733287422268e-01      -8.636244517023e-08      -6.501015675449e-01      -4.424637485235e-04      -6.500963353058e-01      -1.695209910701e-03 
       8.140972499466e-02      -1.498944152157e-01      -2.026523450315e+03      -2.066525427722e+03      -1.350871915795e-01      -2.056366626503e+03       1.022553331249e-01       1.022553331249e-01       4.133050855443e+03       1.311307071742e+00       1.707388149480e-01      -8.522211764854e-08      -6.556586896612e-01      -4.653094573286e-04      -6.556535358711e-01      -1.712692084125e-03 
       8.237337460583e-02      -1.476124993037e-01      -2.042071706259e+03      -2.083767277462e+03      -1.330309072197e-01      -2.073310204776e+03       1.006997898263e-01       1.006997898263e-01       4.167534554924e+03       1.322118016424e+00       1.681418013817e-01      -8.408374583519e-08      -6.610640833327e-01      -4.894380321305e-04      -6.610590082119e-01      -1.729996106164e-03 
       8.334726604670e-02      -1.453279136747e-01      -2.057079823008e+03      -2.100568157516e+03      -1.309722202690e-01      -2.089798070544e+03       9.914243943076e-02       9.914243943076e-02       4.201136315032e+03       1.332638739608e+00       1.655417742059e-01      -8.294261115199e-08      -6.663243661604e-01      -5.147188835051e-04      -6.663193698038e-01      -1.747118035373e-03 
       8.433154507717e-02      -1.430444033563e-01      -2.071582433799e+03      -2.116953500555e+03      -1.289145012267e-01      -2.105857053319e+03       9.758583133781e-02       9.758583133781e-02       4.233907001110e+03       1.342886352847e+00       1.629429895970e-01      -8.179611359803e-08      -6.714480940534e-01      -5.409501593091e-04      -6.714431764236e-01      -1.764047594701e-03 
       8.532635868907e-02      -1.407663128761e-01      -2.085630465955e+03      -2.132960954589e+03      -1.268616663941e-01      -2.121526815422e+03       9.603291073996e-02       9.603291073996e-02       4.265921909178e+03       1.352886027804e+00       1.603503588658e-01      -8.067239190833e-08      -6.764478529919e-01      -5.680271323804e-04      -6.764430139019e-01      -1.780799828307e-03 
       8.633185513081e-02      -1.384978818967e-01      -2.099278239865e+03      -2.148632239791e+03      -1.248175292223e-01      -2.136850977065e+03       9.448656923819e-02       9.448656923819e-02       4.297264479583e+03       1.362665624167e+00       1.577687118534e-01      -7.956603980882e-08      -6.813375729718e-01      -5.956342810032e-04      -6.813328120835e-01      -1.797360064431e-03 
       8.734818393131e-02      -1.362437574476e-01      -2.112592589447e+03      -2.164019227722e+03      -1.227862878061e-01      -2.151883661686e+03       9.294991951238e-02       9.294991951238e-02       4.328038455444e+03       1.372259185553e+00       1.552032243971e-01      -7.840046911238e-08      -6.861342759567e-01      -6.236431374538e-04      -6.861295927764e-01      -1.813750718240e-03 
       8.837549592326e-02      -1.340090445067e-01      -2.125659385437e+03      -2.179189211112e+03      -1.207725252388e-01      -2.166694952620e+03       9.142648702405e-02       9.142648702405e-02       4.358378422225e+03       1.381711805025e+00       1.526598016481e-01      -7.727322974629e-08      -6.908605086642e-01      -6.516730659913e-04      -6.908559025126e-01      -1.829968438779e-03 
       8.941394326581e-02      -1.317982238604e-01      -2.138558254176e+03      -2.194205174664e+03      -1.187802829848e-01      -2.181350329242e+03       8.991929879624e-02       8.991929879624e-02       4.388410349328e+03       1.391064994718e+00       1.501434872876e-01      -7.614351534786e-08      -6.955370273147e-01      -6.795289371241e-04      -6.955324973591e-01      -1.846034517783e-03 
       9.046367946662e-02      -1.296159397280e-01      -2.151380068461e+03      -2.209139575293e+03      -1.168137477806e-01      -2.195925003938e+03       8.843150070040e-02       8.843150070040e-02       4.418279150586e+03       1.400366515183e+00       1.476595263754e-01      -7.503303627329e-08      -7.001877123435e-01      -7.069864489860e-04      -7.001832575913e-01      -1.861973489500e-03 
       9.152485940339e-02      -1.274677124959e-01      -2.164242869209e+03      -2.224087473328e+03      -1.148778877653e-01      -2.210517466777e+03       8.696686129815e-02       8.696686129815e-02       4.448174946656e+03       1.409679212039e+00       1.452142140014e-01      -7.392138861857e-08      -7.048439867553e-01      -7.336614823898e-04      -7.048396060194e-01      -1.877803655942e-03 
       9.259763934485e-02      -1.253582326396e-01      -2.177257166923e+03      -2.239138013202e+03      -1.129769327894e-01      -2.225220049538e+03       8.552855203521e-02       8.552855203521e-02       4.478276026403e+03       1.419061689446e+00       1.428128355953e-01      -7.283229641635e-08      -7.095351527908e-01      -7.592834493195e-04      -7.095308447231e-01      -1.893555846550e-03 
       9.368217697132e-02      -1.232918645487e-01      -2.190536265344e+03      -2.254383886246e+03      -1.111148114771e-01      -2.240128505917e+03       8.411955540773e-02       8.411955540773e-02       4.508767772492e+03       1.428575040073e+00       1.404603739945e-01      -7.174907779926e-08      -7.142917569368e-01      -7.835652515689e-04      -7.142875200363e-01      -1.909261395939e-03 
       9.477863139475e-02      -1.212729810314e-01      -2.204203589116e+03      -2.269926026958e+03      -1.092954610012e-01      -2.255347112123e+03       8.274285639998e-02       8.274285639998e-02       4.539852053916e+03       1.438285758308e+00       1.381618148756e-01      -7.067041220303e-08      -7.191470465413e-01      -8.062141069086e-04      -7.191428791541e-01      -1.924957510465e-03 
       9.588716317841e-02      -1.193058451543e-01      -2.218389020656e+03      -2.285871299938e+03      -1.075227259576e-01      -2.270986146184e+03       8.140133497496e-02       8.140133497496e-02       4.571742599877e+03       1.448263862106e+00       1.359219570167e-01      -6.967826796602e-08      -7.241360307269e-01      -8.268891331229e-04      -7.241319310531e-01      -1.940678259084e-03 
       9.700793435611e-02      -1.173943544458e-01      -2.233224522200e+03      -2.302329461055e+03      -1.058001175682e-01      -2.287158644570e+03       8.009764691529e-02       8.009764691529e-02       4.604658922109e+03       1.458581354503e+00       1.337452341786e-01      -6.863832687951e-08      -7.292947111471e-01      -8.453192053385e-04      -7.292906772514e-01      -1.956471130091e-03 
       9.814110845115e-02      -1.155414267498e-01      -2.248830272893e+03      -2.319400244214e+03      -1.041302627773e-01      -2.303967364084e+03       7.883378639147e-02       7.883378639147e-02       4.638800488427e+03       1.469303749592e+00       1.316349779675e-01      -6.753430721949e-08      -7.346558449506e-01      -8.612254869971e-04      -7.346518747958e-01      -1.972374291371e-03 
       9.928685049485e-02      -1.137500133050e-01      -2.265334696135e+03      -2.337191605678e+03      -1.025158217235e-01      -2.321523271882e+03       7.761176367065e-02       7.761176367065e-02       4.674383211356e+03       1.480501717930e+00       1.295945438839e-01      -6.651575440958e-08      -7.402547675174e-01      -8.744097563485e-04      -7.402508589652e-01      -1.988445005313e-03 
       1.004453270449e-01      -1.120229279328e-01      -2.282871863125e+03      -2.355816455202e+03      -1.009593308154e-01      -2.339942388339e+03       7.643348642190e-02       7.643348642190e-02       4.711632910405e+03       1.492249054767e+00       1.276271131651e-01      -6.561285889836e-08      -7.461283765686e-01      -8.845424569265e-04      -7.461245273835e-01      -2.004723839204e-03 
       1.016167062032e-01      -1.103599077903e-01      -2.301508116104e+03      -2.375333407409e+03      -9.946055079580e-02      -2.359284431374e+03       7.529879959555e-02       7.529879959555e-02       4.750666814818e+03       1.504584017187e+00       1.257324355274e-01      -6.455543182649e-08      -7.522958006386e-01      -8.916007962189e-04      -7.522920085937e-01      -2.021255051467e-03 
       1.028011576338e-01      -1.087637208580e-01      -2.321389994940e+03      -2.395866597651e+03      -9.802197920834e-02      -2.379676821051e+03       7.420957550590e-02       7.420957550590e-02       4.791733195302e+03       1.517587613615e+00       1.239136312145e-01      -6.359510450369e-08      -7.587975440327e-01      -8.953365798029e-04      -7.587938068073e-01      -2.038100990556e-03 
       1.039988525803e-01      -1.072337720612e-01      -2.342585165910e+03      -2.417476481131e+03      -9.664308231674e-02      -2.401181031312e+03       7.316540568975e-02       7.316540568975e-02       4.834952962263e+03       1.531298914934e+00       1.221700167355e-01      -6.275263911210e-08      -7.656531421715e-01      -8.956500741418e-04      -7.656494574672e-01      -2.055294865656e-03 
       1.052099638834e-01      -1.057699953344e-01      -2.365178884092e+03      -2.440239014817e+03      -9.532379502785e-02      -2.423874336451e+03       7.216628231119e-02       7.216628231119e-02       4.880478029634e+03       1.545767546773e+00       1.205015926929e-01      -6.176508004574e-08      -7.728874078684e-01      -8.925093217987e-04      -7.728837733866e-01      -2.072893711063e-03 
       1.064346659978e-01      -1.043703641228e-01      -2.389204185694e+03      -2.464186956112e+03      -9.406230086623e-02      -2.447789476158e+03       7.121079506916e-02       7.121079506916e-02       4.928373912223e+03       1.561013943813e+00       1.189059926051e-01      -6.088031844714e-08      -7.805105583886e-01      -8.859327576880e-04      -7.805069719064e-01      -2.090925978608e-03 
       1.076731350094e-01      -1.030333564213e-01      -2.414709189350e+03      -2.489366583006e+03      -9.285722508310e-02      -2.472972930567e+03       7.029794344569e-02       7.029794344569e-02       4.978733166013e+03       1.577068099617e+00       1.173815591243e-01      -6.001275454582e-08      -7.885375904620e-01      -8.760850460595e-04      -7.885340498084e-01      -2.109455000922e-03 
       1.089255486525e-01      -1.017558530750e-01      -2.441694867139e+03      -2.515785376411e+03      -9.170575798250e-02      -2.499431144601e+03       6.942559935307e-02       6.942559935307e-02       5.031570752822e+03       1.593934047189e+00       1.159247385010e-01      -5.916974561626e-08      -7.969705204822e-01      -8.628391958147e-04      -7.969670235945e-01      -2.128465894314e-03 
       1.101920863262e-01      -1.005343379285e-01      -2.470147034986e+03      -2.543439104726e+03      -9.060473444373e-02      -2.527158331974e+03       6.859139138797e-02       6.859139138797e-02       5.086878209453e+03       1.611608314457e+00       1.145315792095e-01      -5.833791830312e-08      -8.058076122881e-01      -8.467230113268e-04      -8.058041572283e-01      -2.148037130046e-03 
       1.114729291118e-01      -9.936446831668e-02      -2.500019926545e+03      -2.572297273663e+03      -8.955024617663e-02      -2.556121657790e+03       6.779234631607e-02       6.779234631607e-02       5.144594547327e+03       1.630069726609e+00       1.131971118555e-01      -5.754288926809e-08      -8.150382783216e-01      -8.277856882996e-04      -8.150348633045e-01      -2.168149971118e-03 
       1.127682597891e-01      -9.824147525301e-02      -2.531247385133e+03      -2.602313056569e+03      -8.853799944781e-02      -2.586271348296e+03       6.702522824186e-02       6.702522824186e-02       5.204626113138e+03       1.649286656206e+00       1.119159380827e-01      -5.677750585036e-08      -8.246467046950e-01      -8.064879169769e-04      -8.246433281031e-01      -2.188837149014e-03 
       1.140782628537e-01      -9.715957334967e-02      -2.563722683170e+03      -2.633405979546e+03      -8.756277740061e-02      -2.617522958570e+03       6.628613095869e-02       6.628613095869e-02       5.266811959091e+03       1.669205733871e+00       1.106815496933e-01      -5.601420850094e-08      -8.346062065209e-01      -7.831790533469e-04      -8.346028669356e-01      -2.210086737343e-03 
       1.154031245340e-01      -9.611279210272e-02      -2.597318708227e+03      -2.665478453013e+03      -8.661920552184e-02      -2.649774446853e+03       6.557099007891e-02       6.557099007891e-02       5.330956906025e+03       1.689761917358e+00       1.094871615417e-01      -5.527609256687e-08      -8.448842624661e-01      -7.584131069662e-04      -8.448809586789e-01      -2.231904332823e-03 
       1.167430328075e-01      -9.509460892496e-02      -2.631875727568e+03      -2.698405819394e+03      -8.570140888297e-02      -2.682895882427e+03       6.487536942796e-02       6.487536942796e-02       5.396811638789e+03       1.710872472134e+00       1.083253700124e-01      -5.455773923975e-08      -8.554395050373e-01      -7.326511881909e-04      -8.554362360671e-01      -2.254258846902e-03 
       1.180981774189e-01      -9.409830056747e-02      -2.667210680761e+03      -2.732043504155e+03      -8.480333184203e-02      -2.716736919481e+03       6.419469815434e-02       6.419469815434e-02       5.464087008311e+03       1.732441689619e+00       1.071885473144e-01      -5.385539807438e-08      -8.662240797094e-01      -7.064474761064e-04      -8.662208448095e-01      -2.277117558359e-03 
       1.194687498966e-01      -9.311682271357e-02      -2.703111424628e+03      -2.766222092655e+03      -8.391862892880e-02      -2.751121752589e+03       6.352419034781e-02       6.352419034781e-02       5.532444185310e+03       1.754357701809e+00       1.060687079960e-01      -5.316527684729e-08      -8.771820522356e-01      -6.804479815575e-04      -8.771788509047e-01      -2.300441950996e-03 
       1.208549435706e-01      -9.214305894700e-02      -2.739342650941e+03      -2.800752360275e+03      -8.304089053749e-02      -2.785854276752e+03       6.285900774173e-02       6.285900774173e-02       5.601504720549e+03       1.776495664138e+00       1.049577779267e-01      -5.248681879267e-08      -8.882510000844e-01      -6.553690101259e-04      -8.882478320692e-01      -2.324188313355e-03 
       1.222569535902e-01      -9.117011251498e-02      -2.775655684740e+03      -2.835433104550e+03      -8.216390220622e-02      -2.820726213539e+03       6.219446837492e-02       6.219446837492e-02       5.670866209100e+03       1.798723113119e+00       1.038479468010e-01      -5.180914962397e-08      -8.993646912731e-01      -6.318633714966e-04      -8.993615565595e-01      -2.348293439707e-03 
       1.236749769417e-01      -9.019125291629e-02      -2.811785472691e+03      -2.870047786225e+03      -8.128160344254e-02      -2.855513812978e+03       6.152598191754e-02       6.152598191754e-02       5.740095572450e+03       1.820897382293e+00       1.027315490834e-01      -5.115356846243e-08      -9.104517923372e-01      -6.105664321233e-04      -9.104486911463e-01      -2.372678637783e-03 
       1.251092124670e-01      -8.920010295660e-02      -2.847458068177e+03      -2.904371907196e+03      -8.038824761930e-02      -2.889985234469e+03       6.084921878489e-02       6.084921878489e-02       5.808743814392e+03       1.842870995761e+00       1.016013622626e-01      -5.050659808077e-08      -9.214385651070e-01      -5.921597103187e-04      -9.214354978804e-01      -2.397266434357e-03 
       1.265598608818e-01      -8.819074149327e-02      -2.882394238399e+03      -2.938174788314e+03      -7.947850146721e-02      -2.923902608469e+03       6.016014692776e-02       6.016014692776e-02       5.876349576629e+03       1.864492425620e+00       1.004506555584e-01      -4.986405959438e-08      -9.322492454244e-01      -5.773126180852e-04      -9.322462128100e-01      -2.421972399302e-03 
       1.280271247951e-01      -8.715831119337e-02      -2.916334475103e+03      -2.971240494681e+03      -7.854799037258e-02      -2.957043563966e+03       5.945545409909e-02       5.945545409909e-02       5.942480989362e+03       1.885619950178e+00       9.927389813128e-02      -4.926421937547e-08      -9.428129722741e-01      -5.666028404239e-04      -9.428099750888e-01      -2.446709960988e-03 
       1.295112087282e-01      -8.609822104911e-02      -2.949011429292e+03      -3.003345323008e+03      -7.759257306105e-02      -2.989177964772e+03       5.873203118664e-02       5.873203118664e-02       6.006690646016e+03       1.906107320227e+00       9.806590707621e-02      -4.860359965427e-08      -9.530566208963e-01      -5.604711165614e-04      -9.530536601133e-01      -2.471365412848e-03 
       1.310123191347e-01      -8.500715556958e-02      -2.980189912800e+03      -3.034290228287e+03      -7.660926524527e-02      -3.020101464671e+03       5.798761229171e-02       5.798761229171e-02       6.068580456574e+03       1.925824244494e+00       9.682289666839e-02      -4.794997499449e-08      -9.629150455378e-01      -5.595280813384e-04      -9.629121222469e-01      -2.495871644095e-03 
       1.325306644210e-01      -8.388289961074e-02      -3.009664445915e+03      -3.063899705781e+03      -7.559607224726e-02      -3.049634181993e+03       5.722067244757e-02       5.722067244757e-02       6.127799411563e+03       1.944655889824e+00       9.554231564465e-02      -4.733276586562e-08      -9.723308295447e-01      -5.639694895528e-04      -9.723279449121e-01      -2.520115783079e-03 
       1.340664549670e-01      -8.272406311061e-02      -3.037254706455e+03      -3.092017011645e+03      -7.455173868759e-02      -3.077615965074e+03       5.643027089275e-02       5.643027089275e-02       6.184034023289e+03       1.962500404529e+00       9.422259632756e-02      -4.669386148402e-08      -9.812530470261e-01      -5.740705203939e-04      -9.812502022645e-01      -2.544013662305e-03 
       1.356199031477e-01      -8.153079759782e-02      -3.062839020716e+03      -3.118532670046e+03      -7.347639644287e-02      -3.103935628378e+03       5.561651938803e-02       5.561651938803e-02       6.237065340092e+03       1.979287239101e+00       9.286392927002e-02      -4.603293769958e-08      -9.896464232366e-01      -5.898933734292e-04      -9.896436195505e-01      -2.567486801679e-03 
       1.371912233555e-01      -8.030426470143e-02      -3.086334580838e+03      -3.143368121681e+03      -7.237109637728e-02      -3.128514092987e+03       5.478017530532e-02       5.478017530532e-02       6.286736243362e+03       1.994965427185e+00       9.146756650031e-02      -4.538603935181e-08      -9.974854750376e-01      -6.113731603839e-04      -9.974827135926e-01      -2.590461309841e-03 
       1.387806320229e-01      -7.904682144787e-02      -3.107715199277e+03      -3.166490475119e+03      -7.123796203866e-02      -3.151319581769e+03       5.392283104326e-02       5.392283104326e-02       6.332980950237e+03       2.009514543299e+00       9.003616192903e-02      -4.477133997380e-08      -1.004759989770e+00      -6.383955805497e-04      -1.004757271650e+00      -2.612893704746e-03 
       1.403883476462e-01      -7.776211470399e-02      -3.127022634276e+03      -3.187922443113e+03      -7.008026924691e-02      -3.172377755155e+03       5.304698800363e-02       5.304698800363e-02       6.375844886226e+03       2.022951456227e+00       8.857389940516e-02      -4.411942500908e-08      -1.011478401959e+00      -6.703997128240e-04      -1.011475728113e+00      -2.634717068897e-03 
       1.420145908098e-01      -7.645478436132e-02      -3.144355666420e+03      -3.207733101818e+03      -6.890219759061e-02      -3.191762223500e+03       5.215579326683e-02       5.215579326683e-02       6.415466203636e+03       2.035322913616e+00       8.708602819251e-02      -4.342689765084e-08      -1.017664085589e+00      -7.069684843844e-04      -1.017661456808e+00      -2.655924419622e-03 
       1.436595842114e-01      -7.513059032658e-02      -3.159882469505e+03      -3.226048579368e+03      -6.770894021595e-02      -3.209605479749e+03       5.125313094572e-02       5.125313094572e-02       6.452097158735e+03       2.046712599263e+00       8.557901823043e-02      -4.276700116287e-08      -1.023358882758e+00      -7.473715369925e-04      -1.023356299631e+00      -2.676505781861e-03 
       1.453235526881e-01      -7.379601365297e-02      -3.173830874863e+03      -3.243044558502e+03      -6.650633425604e-02      -3.226091064685e+03       5.034340283368e-02       5.034340283368e-02       6.486089117004e+03       2.057237265774e+00       8.406021382246e-02      -4.212041426640e-08      -1.028621169995e+00      -7.908161163133e-04      -1.028618632887e+00      -2.696482772642e-03 
       1.470067232437e-01      -7.245828942065e-02      -3.186495319088e+03      -3.258952417189e+03      -6.530089052385e-02      -3.241459822759e+03       4.943154738953e-02       4.943154738953e-02       6.517904834378e+03       2.067050747825e+00       8.253786418309e-02      -4.145875750089e-08      -1.033527864894e+00      -8.363003617575e-04      -1.033525373913e+00      -2.715890517837e-03 
       1.487093250766e-01      -7.112519558367e-02      -3.198226967696e+03      -3.274051451186e+03      -6.409961766334e-02      -3.256001809700e+03       4.852283750090e-02       4.852283750090e-02       6.548102902371e+03       2.076337367954e+00       8.102076292655e-02      -4.081302613634e-08      -1.038171128993e+00      -8.828057920905e-04      -1.038168683977e+00      -2.734799703628e-03 
       1.504315896089e-01      -6.980475141141e-02      -3.209425449237e+03      -3.288662301510e+03      -6.290973859974e-02      -3.270049466449e+03       4.762271922124e-02       4.762271922124e-02       6.577324603021e+03       2.085308652637e+00       7.951799642850e-02      -4.014286731894e-08      -1.042656725810e+00      -9.290411372323e-04      -1.042654326319e+00      -2.753272232210e-03 
       1.521737505165e-01      -6.850486789389e-02      -3.220523846521e+03      -3.303133920721e+03      -6.173837933593e-02      -3.283964299810e+03       4.673657624832e-02       4.673657624832e-02       6.606267841441e+03       2.094194884655e+00       7.803855058369e-02      -3.950745502067e-08      -1.047099797011e+00      -9.740378562700e-04      -1.047097442327e+00      -2.771444034831e-03 
       1.539360437612e-01      -6.723353708929e-02      -3.231996508162e+03      -3.317853762775e+03      -6.059273550995e-02      -3.298146679736e+03       4.586984588943e-02       4.586984588943e-02       6.635707525549e+03       2.103251108896e+00       7.659150109727e-02      -3.881880084101e-08      -1.051627865321e+00      -1.016203294360e-03      -1.051625554448e+00      -2.789384139270e-03 
       1.557187076226e-01      -6.599858354856e-02      -3.244338086883e+03      -3.333231457229e+03      -5.947988096873e-02      -3.313018816354e+03       4.502775323835e-02       4.502775323835e-02       6.666462914459e+03       2.112743484980e+00       7.518552969492e-02      -3.829785087505e-08      -1.056374010808e+00      -1.054853516539e-03      -1.056371742490e+00      -2.807318067021e-03 
       1.575219827324e-01      -6.480604718377e-02      -3.258013411594e+03      -3.349647976462e+03      -5.840520228472e-02      -3.328974133216e+03       4.421463423232e-02       4.421463423232e-02       6.699295952925e+03       2.122928746229e+00       7.382796160811e-02      -3.761654143343e-08      -1.061466600371e+00      -1.088573204468e-03      -1.061464373115e+00      -2.825344730778e-03 
       1.593461121101e-01      -6.366219161113e-02      -3.273494250408e+03      -3.367499185754e+03      -5.737438663258e-02      -3.346419669998e+03       4.343455897977e-02       4.343455897977e-02       6.734998371508e+03       2.134060905356e+00       7.252551526010e-02      -3.697152205253e-08      -1.067032640561e+00      -1.116399611302e-03      -1.067030452678e+00      -2.843630695739e-03 
       1.611913411993e-01      -6.257094977380e-02      -3.291174943817e+03      -3.387111671181e+03      -5.639096272822e-02      -3.365692037856e+03       4.269027104943e-02       4.269027104943e-02       6.774223342363e+03       2.146356159739e+00       7.128279560947e-02      -3.639516798461e-08      -1.073180230211e+00      -1.137614849338e-03      -1.073178079869e+00      -2.862333638733e-03 
       1.630579179063e-01      -6.153563867567e-02      -3.311426144512e+03      -3.408801877826e+03      -5.545791781538e-02      -3.387115599006e+03       4.198403627319e-02       4.198403627319e-02       6.817603755653e+03       2.160021332349e+00       7.010358750925e-02      -3.574452455996e-08      -1.080012780922e+00      -1.151522031301e-03      -1.080010666174e+00      -2.881602814247e-03 
       1.649460926397e-01      -6.055807507393e-02      -3.334537482567e+03      -3.432821220797e+03      -5.457690774427e-02      -3.410947296783e+03       4.131701128363e-02       4.131701128363e-02       6.865642441594e+03       2.175217582393e+00       6.898979026228e-02      -3.524699441594e-08      -1.087610872350e+00      -1.157611884537e-03      -1.087608791196e+00      -2.901559913669e-03 
       1.668561183526e-01      -5.963784073581e-02      -3.360690584199e+03      -3.459330415912e+03      -5.374752731801e-02      -3.437350828458e+03       4.068904919938e-02       4.068904919938e-02       6.918660831825e+03       2.192053275385e+00       6.794121140528e-02      -3.462583837844e-08      -1.096028687252e+00      -1.155831383585e-03      -1.096026637693e+00      -2.922331997334e-03 
       1.687882505850e-01      -5.877403802550e-02      -3.390006643474e+03      -3.488453074981e+03      -5.296899419237e-02      -3.466449194253e+03       4.009944567977e-02       4.009944567977e-02       6.976906149962e+03       2.210603721917e+00       6.695663784316e-02      -3.407795011996e-08      -1.105303880879e+00      -1.146689817005e-03      -1.105301860959e+00      -2.944093231663e-03 
       1.707427475096e-01      -5.796284671455e-02      -3.422429018890e+03      -3.520151813721e+03      -5.223786430689e-02      -3.498202056506e+03       3.954561303177e-02       3.954561303177e-02       7.040303627442e+03       2.230843468535e+00       6.603175520553e-02      -3.361298639142e-08      -1.115423726370e+00      -1.130205212955e-03      -1.115421734267e+00      -2.966814650965e-03 
       1.727198699783e-01      -5.719944674969e-02      -3.457813719972e+03      -3.554326013478e+03      -5.154977979246e-02      -3.532502175640e+03       3.902435971478e-02       3.902435971478e-02       7.108652026956e+03       2.252707021601e+00       6.516126987882e-02      -3.308693266097e-08      -1.126355476749e+00      -1.107254238286e-03      -1.126353510801e+00      -2.990551767229e-03 
       1.747198815714e-01      -5.647780190456e-02      -3.495888837687e+03      -3.590768326053e+03      -5.089932385248e-02      -3.569132456048e+03       3.853150430199e-02       3.853150430199e-02       7.181536652106e+03       2.276053485000e+00       6.433817320899e-02      -3.263727238133e-08      -1.138028683735e+00      -1.079098920439e-03      -1.138026742500e+00      -3.015326578482e-03 
       1.767430486482e-01      -5.579083870128e-02      -3.536275504835e+03      -3.629185085644e+03      -5.028013162480e-02      -3.607786405721e+03       3.806221749317e-02       3.806221749317e-02       7.258370171287e+03       2.300686945174e+00       6.355439781155e-02      -3.227400685865e-08      -1.150345390300e+00      -1.047006975061e-03      -1.150343472587e+00      -3.041092898693e-03 
       1.787896404004e-01      -5.513006109963e-02      -3.578475183680e+03      -3.669177829615e+03      -4.968450133591e-02      -3.648050597265e+03       3.761093268291e-02       3.761093268291e-02       7.338355659229e+03       2.326351503217e+00       6.280073591967e-02      -3.169548308441e-08      -1.163177646719e+00      -1.012219956975e-03      -1.163175751608e+00      -3.067725721104e-03 
       1.808599289070e-01      -5.448767011652e-02      -3.621933693955e+03      -3.710312049888e+03      -4.910546125269e-02      -3.689472548538e+03       3.717213649492e-02       3.717213649492e-02       7.420624099776e+03       2.352751630504e+00       6.206790371440e-02      -3.127055448948e-08      -1.176377688380e+00      -9.770511224842e-04      -1.176375815252e+00      -3.095218370138e-03 
       1.829541891925e-01      -5.385741656758e-02      -3.666194564919e+03      -3.752244324375e+03      -4.853735924153e-02      -3.731691732419e+03       3.674167869632e-02       3.674167869632e-02       7.504488648751e+03       2.379661360813e+00       6.134901376379e-02      -3.078077956125e-08      -1.189832531968e+00      -9.425823693851e-04      -1.189830680407e+00      -3.123458019119e-03 
       1.850726992858e-01      -5.322863071384e-02      -3.710412871176e+03      -3.794266493255e+03      -4.797060307996e-02      -3.773979844820e+03       3.631222066806e-02       3.631222066806e-02       7.588532986509e+03       2.406613775319e+00       6.063178688596e-02      -3.040430155681e-08      -1.203308717688e+00      -9.109886728765e-04      -1.203306887660e+00      -3.152202261443e-03 
       1.872157402839e-01      -5.259162733340e-02      -3.753770519500e+03      -3.835691274713e+03      -4.739644352642e-02      -3.815630355341e+03       3.587728139008e-02       3.587728139008e-02       7.671382549425e+03       2.433163078628e+00       5.990544835173e-02      -2.995203914672e-08      -1.216583347518e+00      -8.840366631229e-04      -1.216581539314e+00      -3.181170688831e-03 
       1.893835964156e-01      -5.193894946866e-02      -3.795538700038e+03      -3.875910606484e+03      -4.680817822797e-02      -3.856017384556e+03       3.543171830601e-02       3.543171830601e-02       7.751821212969e+03       2.458908005813e+00       5.916138863703e-02      -2.952477012988e-08      -1.229455788730e+00      -8.632667232219e-04      -1.229454002907e+00      -3.210103383122e-03 
       1.915765551102e-01      -5.126428901539e-02      -3.835042144522e+03      -3.914355463848e+03      -4.620012111355e-02      -3.894556294570e+03       3.497125490350e-02       3.497125490350e-02       7.828710927696e+03       2.483476838945e+00       5.839247623529e-02      -2.910100438629e-08      -1.241740182141e+00      -8.501871904803e-04      -1.241738419473e+00      -3.238772172392e-03 
       1.937949070674e-01      -5.056291816173e-02      -3.871693410057e+03      -3.950524742819e+03      -4.556801209657e-02      -3.930733365942e+03       3.449267020031e-02       3.449267020031e-02       7.901049485639e+03       2.506542302770e+00       5.759333420405e-02      -2.868562352553e-08      -1.253272889961e+00      -8.456966903069e-04      -1.253271151385e+00      -3.266908841601e-03 
       1.960389463306e-01      -4.983215688691e-02      -3.905049316150e+03      -3.984035375977e+03      -4.490943544083e-02      -3.964156811943e+03       3.399413980549e-02       3.399413980549e-02       7.968070751954e+03       2.527854921324e+00       5.676091769573e-02      -2.827055190089e-08      -1.263929174115e+00      -8.504776746621e-04      -1.263927460662e+00      -3.294308518686e-03 
       1.983089703634e-01      -4.907141636494e-02      -3.934832881018e+03      -4.014641189953e+03      -4.422385960889e-02      -3.994576084045e+03       3.347525759812e-02       3.347525759812e-02       8.029282379906e+03       2.547255003130e+00       5.589454735301e-02      -2.784647139689e-08      -1.273629188847e+00      -8.647198337237e-04      -1.273627501565e+00      -3.320801294375e-03 
       2.006052801287e-01      -4.828217075402e-02      -3.960953968733e+03      -4.042247688949e+03      -4.351261251098e-02      -4.021897548340e+03       3.293701464300e-02       3.293701464300e-02       8.084495377898e+03       2.564682522941e+00       5.499587332808e-02      -2.742141634636e-08      -1.282342921584e+00      -8.881067590096e-04      -1.282341261471e+00      -3.346262458190e-03 
       2.029281801717e-01      -4.746844060784e-02      -3.983569890821e+03      -4.066975880730e+03      -4.277931283338e-02      -4.046247685478e+03       3.238215085238e-02       3.238215085238e-02       8.133951761461e+03       2.580218357902e+00       5.406947077388e-02      -2.699246757286e-08      -1.290110811040e+00      -9.199570862452e-04      -1.290109178951e+00      -3.370686229713e-03 
       2.052779787053e-01      -4.663549153489e-02      -4.002997817541e+03      -4.089069669416e+03      -4.202870362249e-02      -4.067881445211e+03       3.181423690480e-02       3.181423690480e-02       8.178139338831e+03       2.594024503031e+00       5.312129528594e-02      -2.656077875272e-08      -1.297013854908e+00      -9.589991857117e-04      -1.297012251515e+00      -3.394075638256e-03 
       2.076549876996e-01      -4.579043149196e-02      -4.019775976478e+03      -4.108964234540e+03      -4.126719170441e-02      -4.087249369730e+03       3.123808126056e-02       3.123808126056e-02       8.217928469081e+03       2.606386711205e+00       5.215936207827e-02      -2.616358891435e-08      -1.303194929874e+00      -1.003625728457e-03      -1.303193355603e+00      -3.416535822055e-03 
       2.100595229749e-01      -4.494078869402e-02      -4.034566557043e+03      -4.127189062332e+03      -4.050154529952e-02      -4.104900787024e+03       3.065885021548e-02       3.065885021548e-02       8.254378124664e+03       2.617657182560e+00       5.119231168739e-02      -2.569454498367e-08      -1.308830136272e+00      -1.051667857947e-03      -1.308828591280e+00      -3.438166753059e-03 
       2.124919042982e-01      -4.409477220795e-02      -4.048157313038e+03      -4.144377975853e+03      -3.973917039904e-02      -4.121492499005e+03       3.008206770881e-02       3.008206770881e-02       8.288755951707e+03       2.628251339985e+00       5.022934049394e-02      -2.527222366644e-08      -1.314127185830e+00      -1.100836990093e-03      -1.314125669993e+00      -3.459128895642e-03 
       2.149524554836e-01      -4.326090554076e-02      -4.061449151061e+03      -4.161270806501e+03      -3.898774202683e-02      -4.137788238667e+03       2.951354569235e-02       2.951354569235e-02       8.322541613002e+03       2.638656258113e+00       4.928015364544e-02      -2.487156029771e-08      -1.319329616160e+00      -1.149257122215e-03      -1.319328129057e+00      -3.479736916151e-03 
       2.174415044964e-01      -4.244603051930e-02      -4.075262440833e+03      -4.178512230474e+03      -3.825342035505e-02      -4.154459057643e+03       2.895793191273e-02       2.895793191273e-02       8.357024460948e+03       2.649299121303e+00       4.835250659220e-02      -2.445540253880e-08      -1.324651019683e+00      -1.193852737987e-03      -1.324649560652e+00      -3.500042333914e-03 
       2.199593835622e-01      -4.165744868927e-02      -4.090515256918e+03      -4.196865413072e+03      -3.754277623247e-02      -4.172291010947e+03       2.842022764814e-02       2.842022764814e-02       8.393730826145e+03       2.660682359095e+00       4.745475917825e-02      -2.400048607850e-08      -1.330342611425e+00      -1.232982195681e-03      -1.330341179547e+00      -3.520415767489e-03 
       2.225064292787e-01      -4.090132970403e-02      -4.108061352231e+03      -4.217036474224e+03      -3.686138076671e-02      -4.192012072871e+03       2.790457057692e-02       2.790457057692e-02       8.434072948447e+03       2.673266347291e+00       4.659379398340e-02      -2.361175362718e-08      -1.336634579496e+00      -1.264781739076e-03      -1.336633173646e+00      -3.541140586298e-03 
       2.250829827337e-01      -4.018087130862e-02      -4.128500000393e+03      -4.239501075710e+03      -3.621210659975e-02      -4.214116420536e+03       2.741316332701e-02       2.741316332701e-02       8.479002151420e+03       2.687367341000e+00       4.577329810308e-02      -2.321041501336e-08      -1.343685051565e+00      -1.287280636326e-03      -1.343683670500e+00      -3.562302885574e-03 
       2.276893896260e-01      -3.949998627198e-02      -4.152503981406e+03      -4.264857097074e+03      -3.559847867590e-02      -4.239212571390e+03       2.694868363487e-02       2.694868363487e-02       8.529714194148e+03       2.703373633672e+00       4.499774577410e-02      -2.280848808165e-08      -1.351688174492e+00      -1.300113769219e-03      -1.351686816836e+00      -3.584330915599e-03 
       2.303260003924e-01      -3.885992698785e-02      -4.180470173594e+03      -4.293460398665e+03      -3.502162840042e-02      -4.267662158064e+03       2.651197287825e-02       2.651197287825e-02       8.586920797330e+03       2.721514868607e+00       4.426853690072e-02      -2.242319264929e-08      -1.360758769970e+00      -1.302561678968e-03      -1.360757434303e+00      -3.607398981805e-03 
       2.329931703385e-01      -3.825893647091e-02      -4.212436943293e+03      -4.325356169405e+03      -3.447998417849e-02      -4.299509213462e+03       2.610179948998e-02       2.610179948998e-02       8.650712338809e+03       2.741816695033e+00       4.358360124742e-02      -2.210062693588e-08      -1.370909662544e+00      -1.295340703307e-03      -1.370908347516e+00      -3.631651587520e-03 
       2.356912597752e-01      -3.769492442324e-02      -4.248376307654e+03      -4.360576660905e+03      -3.397164282052e-02      -4.334776471363e+03       2.571684567685e-02       2.571684567685e-02       8.721153321809e+03       2.764299773529e+00       4.294077902525e-02      -2.171667379200e-08      -1.382151182442e+00      -1.279497968209e-03      -1.382149886764e+00      -3.657278711232e-03 
       2.384206341604e-01      -3.716285413183e-02      -4.287839983644e+03      -4.398776985510e+03      -3.349208350010e-02      -4.373103457467e+03       2.535362257373e-02       2.535362257373e-02       8.797553971019e+03       2.788730579626e+00       4.233422271075e-02      -2.137562492140e-08      -1.394366567244e+00      -1.256666253734e-03      -1.394365289813e+00      -3.684244707000e-03 
       2.411816642459e-01      -3.665651313871e-02      -4.330175142452e+03      -4.439444436887e+03      -3.303571115443e-02      -4.413956427308e+03       2.500791086426e-02       2.500791086426e-02       8.878888873775e+03       2.814769416974e+00       4.175689243708e-02      -2.106858211797e-08      -1.407385968560e+00      -1.229145232744e-03      -1.407384708487e+00      -3.712485638720e-03 
       2.439747262300e-01      -3.616768773786e-02      -4.374392702880e+03      -4.481770659189e+03      -3.259512195749e-02      -4.456500166772e+03       2.467414966930e-02       2.467414966930e-02       8.963541318377e+03       2.841886006181e+00       4.119951740273e-02      -2.076239587905e-08      -1.420944246408e+00      -1.199463219748e-03      -1.420943003090e+00      -3.741735104929e-03 
       2.468002019165e-01      -3.568860123790e-02      -4.419461736095e+03      -4.524914794045e+03      -3.216331056126e-02      -4.499865552992e+03       2.434705646403e-02       2.434705646403e-02       9.049829588090e+03       2.869527288035e+00       4.065328389527e-02      -2.044499397598e-08      -1.434764870913e+00      -1.170492876237e-03      -1.434763644017e+00      -3.771752299241e-03 
       2.496584788785e-01      -3.521147569498e-02      -4.464255387526e+03      -4.567951811255e+03      -3.173326926088e-02      -4.543097603770e+03       2.402134788578e-02       2.402134788578e-02       9.135903622509e+03       2.897085623355e+00       4.010937711582e-02      -2.012174348177e-08      -1.448544022213e+00      -1.144892650397e-03      -1.448542811677e+00      -3.802194552143e-03 
       2.525499506303e-01      -3.472910481105e-02      -4.507635095219e+03      -4.609929859701e+03      -3.129851538512e-02      -4.585216939267e+03       2.369208369361e-02       2.369208369361e-02       9.219859719401e+03       2.923934594733e+00       3.955953725050e-02      -1.983603885308e-08      -1.461968491352e+00      -1.125308906856e-03      -1.461967297366e+00      -3.832693920696e-03 
       2.554750168040e-01      -3.423603180059e-02      -4.548644850931e+03      -4.650055007305e+03      -3.085412328544e-02      -4.625405670172e+03       2.335559315498e-02       2.335559315498e-02       9.300110014610e+03       2.949556325094e+00       3.899765424654e-02      -1.951682696036e-08      -1.474779339605e+00      -1.113582917064e-03      -1.474778162547e+00      -3.862891631730e-03 
       2.584340833344e-01      -3.372876053745e-02      -4.586546051618e+03      -4.687712709047e+03      -3.039694968193e-02      -4.663030926710e+03       2.300947248589e-02       2.300947248589e-02       9.375425418095e+03       2.973545935842e+00       3.841970635604e-02      -1.921967266962e-08      -1.486774127550e+00      -1.111608294538e-03      -1.486772967921e+00      -3.892578641384e-03 
       2.614275626498e-01      -3.320523690682e-02      -4.620802312600e+03      -4.722435386893e+03      -2.992514351909e-02      -4.697615205178e+03       2.265231735350e-02       2.265231735350e-02       9.444870773786e+03       2.995598924871e+00       3.782334767731e-02      -1.893552678414e-08      -1.497800604064e+00      -1.119779327636e-03      -1.497799462436e+00      -3.921436043969e-03 
       2.644558738710e-01      -3.266533539446e-02      -4.651177247463e+03      -4.753996956904e+03      -2.943858350317e-02      -4.728931228385e+03       2.228406970549e-02       2.228406970549e-02       9.507993913809e+03       3.015572812416e+00       3.720849242927e-02      -1.862171464073e-08      -1.507787529264e+00      -1.137969162173e-03      -1.507786406208e+00      -3.949265737554e-03 
       2.675194430176e-01      -3.211086047030e-02      -4.677747881126e+03      -4.782423116421e+03      -2.893890054238e-02      -4.757012704290e+03       2.190592282717e-02       2.190592282717e-02       9.564846232842e+03       3.033486612457e+00       3.657711945548e-02      -1.831969529193e-08      -1.516744410202e+00      -1.165194705172e-03      -1.516743306228e+00      -3.975937282361e-03 
       2.706187032217e-01      -3.154521438514e-02      -4.700901026363e+03      -4.807988212882e+03      -2.842916194480e-02      -4.782151123417e+03       2.152016636023e-02       2.152016636023e-02       9.615976425763e+03       3.049524117095e+00       3.593304121237e-02      -1.804576591794e-08      -1.524763143045e+00      -1.199425568986e-03      -1.524762058547e+00      -4.001361926540e-03 
       2.737540949511e-01      -3.097385220825e-02      -4.721437540619e+03      -4.831335468140e+03      -2.791426635212e-02      -4.805013250511e+03       2.113057358801e-02       2.113057358801e-02       9.662670936280e+03       3.064115237166e+00       3.528257960618e-02      -1.771437273500e-08      -1.532058683408e+00      -1.238558928427e-03      -1.532057618583e+00      -4.025747169272e-03 
       2.769260662395e-01      -3.040294680411e-02      -4.740345522404e+03      -4.853252288860e+03      -2.739979114853e-02      -4.826416524706e+03       2.074125692046e-02       2.074125692046e-02       9.706504577720e+03       3.077773516571e+00       3.463256511074e-02      -1.743583292923e-08      -1.538887803450e+00      -1.279237390810e-03      -1.538886758286e+00      -4.049208502036e-03 
       2.801350729270e-01      -2.983945319334e-02      -4.758872231961e+03      -4.874771235005e+03      -2.689198593089e-02      -4.847425277768e+03       2.035701498342e-02       2.035701498342e-02       9.749542470011e+03       3.091182627653e+00       3.399103257844e-02      -1.711024951652e-08      -1.545592339591e+00      -1.318673547760e-03      -1.545591313826e+00      -4.072163233185e-03 
       2.833815789091e-01      -2.929025204664e-02      -4.778323065197e+03      -4.896984569131e+03      -2.639706321026e-02      -4.869163185999e+03       1.998246416627e-02       1.998246416627e-02       9.793969138261e+03       3.105052559719e+00       3.336566166023e-02      -1.683781340639e-08      -1.552527286717e+00      -1.354024983058e-03      -1.552526279859e+00      -4.095053386685e-03 
       2.866660563954e-01      -2.876095044041e-02      -4.799904319047e+03      -4.920908061002e+03      -2.592006032964e-02      -4.892674027092e+03       1.962147640113e-02       1.962147640113e-02       9.841816122005e+03       3.120053328294e+00       3.276293688458e-02      -1.653109191875e-08      -1.560027652792e+00      -1.382355331085e-03      -1.560026664147e+00      -4.118255757966e-03 
       2.899889861791e-01      -2.825543285225e-02      -4.824552870137e+03      -4.947331836588e+03      -2.546448926934e-02      -4.918769485171e+03       1.927664312852e-02       1.927664312852e-02       9.894663673176e+03       3.136697076472e+00       3.218716313743e-02      -1.626793256217e-08      -1.568349509493e+00      -1.402286188273e-03      -1.568348538236e+00      -4.142194656793e-03 
       2.933508579160e-01      -2.777573435109e-02      -4.852920991418e+03      -4.976819460503e+03      -2.503217505001e-02      -4.948025995103e+03       1.894938814236e-02       1.894938814236e-02       9.953638921006e+03       3.155354537753e+00       3.164073175147e-02      -1.599573034132e-08      -1.577678223642e+00      -1.412706007423e-03      -1.577677268876e+00      -4.167159106773e-03 
       2.967521704153e-01      -2.732133277734e-02      -4.885167543898e+03      -5.009516049350e+03      -2.462264776271e-02      -4.980590559119e+03       1.863935917040e-02       1.863935917040e-02       1.001903209870e+04       3.176119601812e+00       3.112305565949e-02      -1.570842921031e-08      -1.588060740060e+00      -1.413773591065e-03      -1.588059800906e+00      -4.193291407546e-03 
       3.001934319413e-01      -2.688984146862e-02      -4.921040917371e+03      -5.045221980143e+03      -2.423376690619e-02      -5.016255766451e+03       1.834489558824e-02       1.834489558824e-02       1.009044396029e+04       3.198856333578e+00       3.063134873809e-02      -1.547867393810e-08      -1.599429091123e+00      -1.406544892629e-03      -1.599428166789e+00      -4.220587458581e-03 
       3.036751605276e-01      -2.647797682046e-02      -4.960058838906e+03      -5.083570997691e+03      -2.386256500802e-02      -5.054637833566e+03       1.806381381278e-02       1.806381381278e-02       1.016714199538e+04       3.223325210414e+00       3.016198568920e-02      -1.521899016731e-08      -1.611663515402e+00      -1.392885997968e-03      -1.611662605207e+00      -4.249040358643e-03 
       3.071978843033e-01      -2.608110917838e-02      -5.001356169564e+03      -5.123880057953e+03      -2.350487692901e-02      -5.095026407959e+03       1.779294935685e-02       1.779294935685e-02       1.024776011591e+04       3.249072158800e+00       2.970967882342e-02      -1.497146443830e-08      -1.624536975974e+00      -1.375650400259e-03      -1.624536079400e+00      -4.278530150987e-03 
       3.107621418325e-01      -2.569424200571e-02      -5.043900974231e+03      -5.165326950233e+03      -2.315620282236e-02      -5.136567893606e+03       1.752890408376e-02       1.752890408376e-02       1.033065390047e+04       3.275553493684e+00       2.926875682913e-02      -1.473653968469e-08      -1.637777630137e+00      -1.357767949882e-03      -1.637776746842e+00      -4.308836764980e-03 
       3.143684824675e-01      -2.531215989680e-02      -5.086528735121e+03      -5.206963779773e+03      -2.281184247842e-02      -5.178282163151e+03       1.726814385002e-02       1.726814385002e-02       1.041392755955e+04       3.302146428372e+00       2.883332647185e-02      -1.449835419394e-08      -1.651074084365e+00      -1.342330396646e-03      -1.651073214186e+00      -4.339666523627e-03 
       3.180174667161e-01      -2.492982132027e-02      -5.128019700218e+03      -5.247775668311e+03      -2.246725630754e-02      -5.219124076194e+03       1.700723128677e-02       1.700723128677e-02       1.049555133662e+04       3.328184486504e+00       2.839764791138e-02      -1.426816716052e-08      -1.664093100302e+00      -1.332115273847e-03      -1.664092243252e+00      -4.370621922454e-03 
       3.217096666243e-01      -2.454304443469e-02      -5.167278766698e+03      -5.286830537275e+03      -2.211867604161e-02      -5.258137707334e+03       1.674332387754e-02       1.674332387754e-02       1.057366107455e+04       3.353059189552e+00       2.795697818189e-02      -1.404209819195e-08      -1.676530438538e+00      -1.329154850889e-03      -1.676529594776e+00      -4.401260978421e-03 
       3.254456661739e-01      -2.414926258274e-02      -5.203528472170e+03      -5.323452269615e+03      -2.176378944829e-02      -5.294632296404e+03       1.647467146726e-02       1.647467146726e-02       1.064690453923e+04       3.376330244304e+00       2.750839503140e-02      -1.381488461815e-08      -1.688165952379e+00      -1.334577090351e-03      -1.688165122152e+00      -4.431210144677e-03 
       3.292260616973e-01      -2.374792637242e-02      -5.236448065312e+03      -5.357347209443e+03      -2.140210123317e-02      -5.328310484439e+03       1.620089671431e-02       1.620089671431e-02       1.071469441889e+04       3.397807973278e+00       2.705126760033e-02      -1.358975364537e-08      -1.698904803065e+00      -1.348448839762e-03      -1.698903986639e+00      -4.460242741037e-03 
       3.330514623091e-01      -2.334049537219e-02      -5.266225148142e+03      -5.388652232867e+03      -2.103492512480e-02      -5.359316855046e+03       1.592299240605e-02       1.592299240605e-02       1.077730446573e+04       3.417584594708e+00       2.658725303125e-02      -1.336474254125e-08      -1.708793099764e+00      -1.369811454833e-03      -1.708792297354e+00      -4.488323639137e-03 
       3.369224903559e-01      -2.292992565566e-02      -5.293481503865e+03      -5.417866726225e+03      -2.066492290391e-02      -5.388169074632e+03       1.564296788894e-02       1.564296788894e-02       1.083573345245e+04       3.435989806567e+00       2.611970457193e-02      -1.313411989761e-08      -1.717995691567e+00      -1.396518101031e-03      -1.717994903283e+00      -4.515528223795e-03 
       3.408397818850e-01      -2.251994862028e-02      -5.319128669383e+03      -5.445725346045e+03      -2.029545494394e-02      -5.415628192584e+03       1.536336066956e-02       1.536336066956e-02       1.089145069209e+04       3.453508393789e+00       2.565285714217e-02      -1.289294353089e-08      -1.726754971072e+00      -1.426014031663e-03      -1.726754196895e+00      -4.542061797533e-03 
       3.448039871328e-01      -2.211447350339e-02      -5.344220177116e+03      -5.473074032217e+03      -1.993004538614e-02      -5.442571154871e+03       1.508681276708e-02       1.508681276708e-02       1.094614806443e+04       3.470696755381e+00       2.519111374497e-02      -1.266910300786e-08      -1.735349137915e+00      -1.455275889308e-03      -1.735348377691e+00      -4.568145735221e-03 
       3.488157710346e-01      -2.171718003705e-02      -5.369842257006e+03      -5.500790888441e+03      -1.957201010536e-02      -5.469907094710e+03       1.481581914724e-02       1.481581914724e-02       1.100158177688e+04       3.488132748031e+00       2.473863534309e-02      -1.246888469834e-08      -1.744067120570e+00      -1.481581053017e-03      -1.744066374015e+00      -4.594075505140e-03 
       3.528758137560e-01      -2.133126656097e-02      -5.397030788687e+03      -5.529734588805e+03      -1.922422394399e-02      -5.498520897343e+03       1.455258141175e-02       1.455258141175e-02       1.105946917761e+04       3.506383538882e+00       2.429910642939e-02      -1.226039430132e-08      -1.753192502722e+00      -1.502369416360e-03      -1.753191769441e+00      -4.620158396188e-03 
       3.569848112472e-01      -2.095928858337e-02      -5.426682647240e+03      -5.560676628308e+03      -1.888898828052e-02      -5.529202295535e+03       1.429884458253e-02       1.429884458253e-02       1.112135325662e+04       3.525953084855e+00       2.387544170303e-02      -1.202851385048e-08      -1.762977262920e+00      -1.516325118921e-03      -1.762976542428e+00      -4.646818063199e-03 
       3.611434758224e-01      -2.060253722696e-02      -5.459338355313e+03      -5.594112099561e+03      -1.856747580977e-02      -5.562452585614e+03       1.405544879877e-02       1.405544879877e-02       1.118822419912e+04       3.547155071604e+00       2.346902826871e-02      -1.182227141299e-08      -1.773578244032e+00      -1.523009012746e-03      -1.773577535802e+00      -4.674378020345e-03 
       3.653525367639e-01      -2.026060342389e-02      -5.495071239716e+03      -5.630143412378e+03      -1.825931416352e-02      -5.598369418897e+03       1.382213853054e-02       1.382213853054e-02       1.126028682476e+04       3.570054741352e+00       2.307944815867e-02      -1.163966204593e-08      -1.785028067156e+00      -1.523262717505e-03      -1.785027370676e+00      -4.703051873190e-03 
       3.696127409538e-01      -1.993124924840e-02      -5.533373574598e+03      -5.668370602052e+03      -1.796248237899e-02      -5.636536661968e+03       1.359741686081e-02       1.359741686081e-02       1.133674120410e+04       3.594390896305e+00       2.270421277954e-02      -1.142511632643e-08      -1.797196133319e+00      -1.518690612808e-03      -1.797195448153e+00      -4.732764571089e-03 
       3.739248535338e-01      -1.961111526413e-02      -5.573289629186e+03      -5.708001940060e+03      -1.767396420632e-02      -5.676138322511e+03       1.337895670948e-02       1.337895670948e-02       1.141600388012e+04       3.619637336136e+00       2.233942203365e-02      -1.125108268656e-08      -1.809819342237e+00      -1.511798547041e-03      -1.809818668068e+00      -4.763251611502e-03 
       3.782896585951e-01      -1.929651055270e-02      -5.613693311594e+03      -5.748102792542e+03      -1.739042662947e-02      -5.716211460298e+03       1.316428545062e-02       1.316428545062e-02       1.149620558508e+04       3.645186665381e+00       2.198096392322e-02      -1.106160889142e-08      -1.822593996053e+00      -1.505346100486e-03      -1.822593332691e+00      -4.794186293602e-03 
       3.827079599000e-01      -1.898440054895e-02      -5.653541412428e+03      -5.787818378967e+03      -1.710913974130e-02      -5.755873314175e+03       1.295132431828e-02       1.295132431828e-02       1.157563675793e+04       3.670474369701e+00       2.162536339314e-02      -1.087860740081e-08      -1.835237837490e+00      -1.501939264990e-03      -1.835237184850e+00      -4.825271738851e-03 
       3.871805816365e-01      -1.867258490582e-02      -5.692003023972e+03      -5.826470701015e+03      -1.682812077887e-02      -5.794423150255e+03       1.273857985707e-02       1.273857985707e-02       1.165294140203e+04       3.695054727625e+00       2.127012922344e-02      -1.069619597420e-08      -1.847528005737e+00      -1.503502825610e-03      -1.847527363813e+00      -4.856252607781e-03 
       3.917083692089e-01      -1.835979008072e-02      -5.728534667967e+03      -5.863602920453e+03      -1.654622049191e-02      -5.831391384502e+03       1.252519315059e-02       1.252519315059e-02       1.172720584091e+04       3.718630055883e+00       2.091383089389e-02      -1.050275324903e-08      -1.859315659114e+00      -1.511011555669e-03      -1.859315027942e+00      -4.886909582256e-03 
       3.962921900649e-01      -1.804549562141e-02      -5.762845069243e+03      -5.898937433440e+03      -1.626297385437e-02      -5.866498787574e+03       1.231078935677e-02       1.231078935677e-02       1.179787486688e+04       3.741019081047e+00       2.055583497689e-02      -1.032440986025e-08      -1.870510160889e+00      -1.524427485692e-03      -1.870509540523e+00      -4.917010144632e-03 
       4.009329345627e-01      -1.773021224672e-02      -5.795041626124e+03      -5.932514810661e+03      -1.597884019171e-02      -5.899796346488e+03       1.209571366292e-02       1.209571366292e-02       1.186502962132e+04       3.762253962085e+00       2.019671701571e-02      -1.015992579642e-08      -1.881127590565e+00      -1.542507357421e-03      -1.881126981043e+00      -4.946399420261e-03 
       4.056315168792e-01      -1.741567544590e-02      -5.825724921089e+03      -5.964807065987e+03      -1.569537641682e-02      -5.931775375574e+03       1.188117125559e-02       1.188117125559e-02       1.192961413197e+04       3.782652240357e+00       1.983849815526e-02      -9.970759890189e-09      -1.891326718883e+00      -1.563250652568e-03      -1.891326120178e+00      -4.975160413387e-03 
       4.103888759632e-01      -1.710455642395e-02      -5.855877932929e+03      -5.996631516366e+03      -1.541499482977e-02      -5.963277668109e+03       1.166895092783e-02       1.166895092783e-02       1.199326303273e+04       3.802744963624e+00       1.948415290661e-02      -9.796893122533e-09      -1.901373069816e+00      -1.584308372519e-03      -1.901372481812e+00      -5.003588726883e-03 
       4.152059765344e-01      -1.679953953396e-02      -5.886588461356e+03      -6.028907921300e+03      -1.514011377410e-02      -5.995247641081e+03       1.146087765940e-02       1.146087765940e-02       1.205781584260e+04       3.823133325777e+00       1.913672664336e-02      -9.642594750074e-09      -1.911567240402e+00      -1.603454737905e-03      -1.911566662889e+00      -5.032086869867e-03 
       4.200838101329e-01      -1.650237217161e-02      -5.918682786994e+03      -6.062324527347e+03      -1.487230091282e-02      -6.028393921831e+03       1.125816674820e-02       1.125816674820e-02       1.212464905469e+04       3.844273924745e+00       1.879825804560e-02      -9.459213369447e-09      -1.922137529668e+00      -1.618536103536e-03      -1.922136962373e+00      -5.060887631562e-03 
       4.250233962207e-01      -1.621375565641e-02      -5.952585811868e+03      -6.097226497996e+03      -1.461219339959e-02      -6.063073545663e+03       1.106127280951e-02       1.106127280951e-02       1.219445299599e+04       3.866389714371e+00       1.846949705547e-02      -9.291975001083e-09      -1.933195414559e+00      -1.629092673801e-03      -1.933194857186e+00      -5.090197880721e-03 
       4.300257833389e-01      -1.593351494322e-02      -5.988363948118e+03      -6.133675307754e+03      -1.435963482989e-02      -6.099348646937e+03       1.087007172175e-02       1.087007172175e-02       1.226735061551e+04       3.889519135110e+00       1.815023453095e-02      -9.143952290070e-09      -1.944760115295e+00      -1.635082892269e-03      -1.944759567555e+00      -5.120059137008e-03 
       4.350920503249e-01      -1.566108221784e-02      -6.025888981372e+03      -6.171605249544e+03      -1.411410974790e-02      -6.137143827750e+03       1.068419846665e-02       1.068419846665e-02       1.234321049909e+04       3.913618424098e+00       1.783986929946e-02      -8.988069696275e-09      -1.956809750427e+00      -1.637696565492e-03      -1.956809212049e+00      -5.150603258149e-03 
       4.402233075914e-01      -1.539531889572e-02      -6.064726210387e+03      -6.210702963484e+03      -1.387459441575e-02      -6.176127264745e+03       1.050287298162e-02       1.050287298162e-02       1.242140592697e+04       3.938475058644e+00       1.753709717032e-02      -8.832882542232e-09      -1.969238058568e+00      -1.638599370902e-03      -1.969237529322e+00      -5.181825911819e-03 
       4.454206984736e-01      -1.513437376275e-02      -6.104095327762e+03      -6.250333089787e+03      -1.363942163824e-02      -6.215642032614e+03       1.032483565354e-02       1.032483565354e-02       1.250066617957e+04       3.963670552800e+00       1.723981571611e-02      -8.679715263047e-09      -1.981835796678e+00      -1.639886501653e-03      -1.981835276400e+00      -5.213532585709e-03 
       4.506854006466e-01      -1.487608154180e-02      -6.143026271812e+03      -6.289661264476e+03      -1.340664055202e-02      -6.254834027653e+03       1.014861441151e-02       1.014861441151e-02       1.257932252895e+04       3.988661177680e+00       1.694556851088e-02      -8.526942692257e-09      -1.994331100241e+00      -1.643527020441e-03      -1.994330588840e+00      -5.245352342678e-03 
       4.560186276189e-01      -1.461896632646e-02      -6.180791988733e+03      -6.328058322807e+03      -1.317492183608e-02      -6.293059896549e+03       9.973202577444e-03       9.973202577444e-03       1.265611664561e+04       4.013036650763e+00       1.665267452873e-02      -8.378654214174e-09      -2.006518827945e+00      -1.650666466507e-03      -2.006518325381e+00      -5.276951938325e-03 
       4.614216303071e-01      -1.436280331838e-02      -6.217213054261e+03      -6.365377499840e+03      -1.294406269971e-02      -6.330168022029e+03       9.798447742561e-03       9.798447742561e-03       1.273075499968e+04       4.036700586991e+00       1.636087964980e-02      -8.232059490384e-09      -2.018350787252e+00      -1.661560818293e-03      -2.018350293496e+00      -5.308251003378e-03 
       4.668956986955e-01      -1.410821557850e-02      -6.252535489116e+03      -6.401832007472e+03      -1.271462433265e-02      -6.366376367088e+03       9.624773218891e-03       9.624773218891e-03       1.280366401494e+04       4.059791757886e+00       1.607089020072e-02      -8.087305624445e-09      -2.029896363946e+00      -1.675565837273e-03      -2.029895878943e+00      -5.339321972190e-03 
       4.724421635890e-01      -1.385596692542e-02      -6.287141559856e+03      -6.437715205585e+03      -1.248729453993e-02      -6.401991700108e+03       9.452697258031e-03       9.452697258031e-03       1.287543041117e+04       4.082505347787e+00       1.578357073343e-02      -7.944299097394e-09      -2.041253150223e+00      -1.691294517493e-03      -2.041252673893e+00      -5.370191269447e-03 
       4.780623984623e-01      -1.360683222429e-02      -6.321475485159e+03      -6.473352562845e+03      -1.226277119368e-02      -6.437357523639e+03       9.282744553853e-03       9.282744553853e-03       1.294670512569e+04       4.105059657838e+00       1.549979616766e-02      -7.805065540676e-09      -2.052530296682e+00      -1.707028358028e-03      -2.052529828919e+00      -5.400862224546e-03 
       4.837578214154e-01      -1.336194809725e-02      -6.356190943965e+03      -6.509282351068e+03      -1.204207778654e-02      -6.473029219133e+03       9.115689198519e-03       9.115689198519e-03       1.301856470214e+04       4.127808696618e+00       1.522085881456e-02      -7.665553399454e-09      -2.063904807652e+00      -1.721181830323e-03      -2.063904348309e+00      -5.431528680807e-03 
       4.895298972391e-01      -1.312251165412e-02      -6.391994404014e+03      -6.546130791962e+03      -1.182629341732e-02      -6.509644432296e+03       8.952344108766e-03       8.952344108766e-03       1.309226158392e+04       4.151158141213e+00       1.494811473292e-02      -7.533770520892e-09      -2.075579521718e+00      -1.732879081301e-03      -2.075579070606e+00      -5.462560510280e-03 
       4.953801396020e-01      -1.288894587253e-02      -6.429217711441e+03      -6.584203879564e+03      -1.161579848907e-02      -6.547512641866e+03       8.793000636678e-03       8.793000636678e-03       1.316840775913e+04       4.175306065719e+00       1.468205152613e-02      -7.399375718710e-09      -2.087653475942e+00      -1.741725948634e-03      -2.087653032859e+00      -5.494143490528e-03 
       5.013101133638e-01      -1.266054060041e-02      -6.467578477480e+03      -6.623251638237e+03      -1.140995329513e-02      -6.586379252231e+03       8.637175487228e-03       8.637175487228e-03       1.324650327647e+04       4.200090303995e+00       1.442186253083e-02      -7.262656762561e-09      -2.100045587229e+00      -1.748322077027e-03      -2.100045151997e+00      -5.526168938323e-03 
       5.073214370266e-01      -1.243628498269e-02      -6.506565082893e+03      -6.662840808770e+03      -1.120784794374e-02      -6.625799514156e+03       8.484178637334e-03       8.484178637334e-03       1.332568161754e+04       4.225226890445e+00       1.416639517380e-02      -7.133080901197e-09      -2.112613872746e+00      -1.754055394141e-03      -2.112613445223e+00      -5.558499606014e-03 
       5.134157853330e-01      -1.221553951336e-02      -6.545809793728e+03      -6.702700782066e+03      -1.100890619999e-02      -6.665488077024e+03       8.333577196281e-03       8.333577196281e-03       1.340540156413e+04       4.250534651125e+00       1.391492773235e-02      -7.005882512580e-09      -2.125267745499e+00      -1.760223048843e-03      -2.125267325563e+00      -5.591112465396e-03 
       5.195948920219e-01      -1.199776714851e-02      -6.584981478221e+03      -6.742586395857e+03      -1.081264418066e-02      -6.705186740773e+03       8.185007333813e-03       8.185007333813e-03       1.348517279171e+04       4.275849584337e+00       1.366685351678e-02      -6.878322082670e-09      -2.137925204619e+00      -1.767960008918e-03      -2.137924792168e+00      -5.623980515669e-03 
       5.258605527531e-01      -1.178217518699e-02      -6.623605870625e+03      -6.782071116140e+03      -1.061834796928e-02      -6.744462277642e+03       8.037927489973e-03       8.037927489973e-03       1.356414223228e+04       4.300895164776e+00       1.342126788630e-02      -6.754630739900e-09      -2.150447987427e+00      -1.777830133820e-03      -2.150447582388e+00      -5.656846494976e-03 
       5.322146282141e-01      -1.156834889154e-02      -6.661431760323e+03      -6.820901279575e+03      -1.042564356433e-02      -6.783061885460e+03       7.892055055455e-03       7.892055055455e-03       1.364180255915e+04       4.325510361272e+00       1.317769912270e-02      -6.632342964990e-09      -2.162755578324e+00      -1.789644881775e-03      -2.162755180636e+00      -5.689479448233e-03 
       5.386590474225e-01      -1.135686193760e-02      -6.698816183764e+03      -6.859386142402e+03      -1.023504772658e-02      -6.821301741941e+03       7.747780080688e-03       7.747780080688e-03       1.371877228480e+04       4.349896533127e+00       1.293679813664e-02      -6.511620397561e-09      -2.174948656981e+00      -1.802640018478e-03      -2.174948266564e+00      -5.722011241502e-03 
       5.451958112383e-01      -1.114858855755e-02      -6.736355491792e+03      -6.898048543388e+03      -1.004734814105e-02      -6.859715246591e+03       7.605696799739e-03       7.605696799739e-03       1.379609708678e+04       4.374393270451e+00       1.269955647500e-02      -6.394475787966e-09      -2.187197018482e+00      -1.815765069118e-03      -2.187196635226e+00      -5.754701686769e-03 
       5.518269961031e-01      -1.094379588418e-02      -6.774316972078e+03      -6.937083408330e+03      -9.862785039833e-03      -6.898508320774e+03       7.465987315959e-03       7.465987315959e-03       1.387416681666e+04       4.399131960313e+00       1.246627828647e-02      -6.277251862239e-09      -2.199566356372e+00      -1.828009166106e-03      -2.199565980156e+00      -5.787556426467e-03 
       5.585547580240e-01      -1.074250553457e-02      -6.812804645694e+03      -6.976549642481e+03      -9.681377933372e-03      -6.937746842741e+03       7.328665136025e-03       7.328665136025e-03       1.395309928496e+04       4.424154221458e+00       1.223698570680e-02      -6.161834562609e-09      -2.212077480025e+00      -1.838822642152e-03      -2.212077110729e+00      -5.820541268843e-03 
       5.653813368197e-01      -1.054504904238e-02      -6.852099518307e+03      -7.016724657827e+03      -9.503425628106e-03      -6.977708268074e+03       7.193956581635e-03       7.193956581635e-03       1.403344931565e+04       4.449636987969e+00       1.201205667777e-02      -6.048420578417e-09      -2.224818856493e+00      -1.848271094166e-03      -2.224818493984e+00      -5.853887747025e-03 
       5.723090606529e-01      -1.035137915575e-02      -6.892219029593e+03      -7.057661233072e+03      -9.328885689053e-03      -7.018439727904e+03       7.061830227306e-03       7.061830227306e-03       1.411532246614e+04       4.475610496930e+00       1.179143895718e-02      -5.937074872799e-09      -2.237805604316e+00      -1.856941840159e-03      -2.237805248465e+00      -5.887725825703e-03 
       5.793403508692e-01      -1.016066211954e-02      -6.932617805281e+03      -7.098870598055e+03      -9.157006936224e-03      -7.059444482085e+03       6.931718413602e-03       6.931718413602e-03       1.419774119611e+04       4.501758270385e+00       1.157418502115e-02      -5.827445645678e-09      -2.250879484488e+00      -1.865643794302e-03      -2.250879135193e+00      -5.921786703738e-03 
       5.864777271687e-01      -9.972320874546e-03      -6.972883332472e+03      -7.139994605812e+03      -8.987269483317e-03      -7.100356519922e+03       6.803228376608e-03       6.803228376608e-03       1.427998921162e+04       4.527847162867e+00       1.135963931343e-02      -5.719285662467e-09      -2.263923924254e+00      -1.875104988123e-03      -2.263923581434e+00      -5.955893088521e-03 
       5.937238131390e-01      -9.786499693507e-03      -7.013112356663e+03      -7.181160746995e+03      -8.819803407355e-03      -7.141298265554e+03       6.676458860430e-03       6.676458860430e-03       1.436232149399e+04       4.553955356162e+00       1.114796680299e-02      -5.612692072125e-09      -2.276978014514e+00      -1.885704864019e-03      -2.276977678081e+00      -5.990202277525e-03 
       6.010813421777e-01      -9.603121041742e-03      -7.053276381238e+03      -7.222336839659e+03      -8.654538791794e-03      -7.182238176062e+03       6.551356745007e-03       6.551356745007e-03       1.444467367932e+04       4.580062695937e+00       1.093907872885e-02      -5.507594493036e-09      -2.290031678097e+00      -1.897312308623e-03      -2.290031347969e+00      -6.024668496567e-03 
       6.085531638393e-01      -9.421931643156e-03      -7.093232904978e+03      -7.263347436616e+03      -8.491247273063e-03      -7.223006306320e+03       6.427748647759e-03       6.427748647759e-03       1.452669487323e+04       4.606060651266e+00       1.073268541674e-02      -5.403798582717e-09      -2.303030649532e+00      -1.909394536764e-03      -2.303030325633e+00      -6.059072438257e-03 
       6.161422506428e-01      -9.243395510428e-03      -7.133396107877e+03      -7.304562840718e+03      -8.330346886626e-03      -7.263979153270e+03       6.305950375637e-03       6.305950375637e-03       1.460912568144e+04       4.632189091290e+00       1.052931397171e-02      -5.301502854789e-09      -2.316094863407e+00      -1.921338721282e-03      -2.316094545645e+00      -6.093617879231e-03 
       6.238517053790e-01      -9.067970251320e-03      -7.174205808550e+03      -7.346388508803e+03      -8.172249939939e-03      -7.305566807871e+03       6.186273609291e-03       6.186273609291e-03       1.469277701761e+04       4.658709363057e+00       1.032948467818e-02      -5.200916569668e-09      -2.329354993260e+00      -1.932712275898e-03      -2.329354681528e+00      -6.128563733828e-03 
       6.316847689635e-01      -8.895305319071e-03      -7.215454452690e+03      -7.388606263925e+03      -8.016640515723e-03      -7.347553170490e+03       6.068479197577e-03       6.068479197577e-03       1.477721252785e+04       4.685483641145e+00       1.013279821320e-02      -5.101835611530e-09      -2.342742126368e+00      -1.943405777645e-03      -2.342741820573e+00      -6.163720494052e-03 
       6.396448288827e-01      -8.725259896666e-03      -7.257066306800e+03      -7.431156489468e+03      -7.863391767983e-03      -7.389876205917e+03       5.952471401827e-03       5.952471401827e-03       1.486231297894e+04       4.712472457250e+00       9.939094810937e-03      -5.004213634080e-09      -2.356236528575e+00      -1.953694007393e-03      -2.356236228625e+00      -6.199081924064e-03 
       6.477354282875e-01      -8.558006146642e-03      -7.299217054949e+03      -7.474246900137e+03      -7.712658931175e-03      -7.432738209950e+03       5.838368113025e-03       5.838368113025e-03       1.494849380027e+04       4.739804954813e+00       9.748571444743e-03      -4.908195197208e-09      -2.369902771607e+00      -1.964064985651e-03      -2.369902477407e+00      -6.234886081409e-03 
       6.559602757945e-01      -8.393034752203e-03      -7.341496290086e+03      -7.517496193454e+03      -7.563983079685e-03      -7.475754026079e+03       5.725822286119e-03       5.725822286119e-03       1.503499238691e+04       4.767235667322e+00       9.560648755924e-03      -4.813528406436e-09      -2.383618122190e+00      -1.974893289033e-03      -2.383617833661e+00      -6.270884806656e-03 
       6.643232560598e-01      -8.230084365161e-03      -7.383692830822e+03      -7.560705637639e+03      -7.417128705422e-03      -7.518723340811e+03       5.614655746081e-03       5.614655746081e-03       1.512141127528e+04       4.794636909387e+00       9.375029271453e-03      -4.720072642839e-09      -2.397318737621e+00      -1.986303834126e-03      -2.397318454694e+00      -6.306938041151e-03 
       6.728284411997e-01      -8.069550441180e-03      -7.426207893754e+03      -7.604268281875e+03      -7.272452154358e-03      -7.562039748012e+03       5.505138048645e-03       5.505138048645e-03       1.520853656375e+04       4.822259604142e+00       9.192163016305e-03      -4.628032153750e-09      -2.411130079480e+00      -1.998163948301e-03      -2.411129802071e+00      -6.343338724388e-03 
       6.814801031383e-01      -7.911255841360e-03      -7.468943955931e+03      -7.648064415437e+03      -7.129793734459e-03      -7.605587245287e+03       5.397148061743e-03       5.397148061743e-03       1.529612883087e+04       4.850029676768e+00       9.011847649355e-03      -4.537277784567e-09      -2.425015110351e+00      -2.010131205043e-03      -2.425014838384e+00      -6.379940502362e-03 
       6.902827269736e-01      -7.755122553229e-03      -7.511887526152e+03      -7.692059308206e+03      -6.989083096323e-03      -7.649334502383e+03       5.290632327781e-03       5.290632327781e-03       1.538411861641e+04       4.877927056156e+00       8.833993842772e-03      -4.447741176489e-09      -2.438963794678e+00      -2.021909102658e-03      -2.438963528078e+00      -6.416671753956e-03 
       6.992410254616e-01      -7.601551428346e-03      -7.555495534598e+03      -7.736702133069e+03      -6.850681470556e-03      -7.693731067141e+03       5.185864202794e-03       5.185864202794e-03       1.547340426614e+04       4.906238367317e+00       8.659058000971e-03      -4.359640535424e-09      -2.453119444979e+00      -2.033441323837e-03      -2.453119183659e+00      -6.453882041581e-03 
       7.083599547303e-01      -7.450174475534e-03      -7.599459104110e+03      -7.781691481207e+03      -6.714257249823e-03      -7.738474923834e+03       5.082592803936e-03       5.082592803936e-03       1.556338296241e+04       4.934771073403e+00       8.486621260102e-03      -4.272782044569e-09      -2.467385792818e+00      -2.044842160182e-03      -2.467385536702e+00      -6.491348548451e-03 
       7.176447313498e-01      -7.300848634248e-03      -7.643667953267e+03      -7.826933667722e+03      -6.579681544361e-03      -7.783469957600e+03       4.980720742481e-03       4.980720742481e-03       1.565386733544e+04       4.963463965118e+00       8.316521065157e-03      -4.187105240247e-09      -2.481732233542e+00      -2.056351841520e-03      -2.481731982559e+00      -6.529032432148e-03 
       7.271008508973e-01      -7.153782659297e-03      -7.688388117005e+03      -7.872708943026e+03      -6.447142504243e-03      -7.828993660935e+03       4.880390535910e-03       4.880390535910e-03       1.574541788605e+04       4.992494044402e+00       8.148995413577e-03      -4.102739962670e-09      -2.496247268128e+00      -2.068178406345e-03      -2.496247022201e+00      -6.567187661136e-03 
       7.367341081734e-01      -7.008536576818e-03      -7.733194310252e+03      -7.918594271903e+03      -6.316243628830e-03      -7.874623439326e+03       4.781302074780e-03       4.781302074780e-03       1.583718854381e+04       5.021591849091e+00       7.983543211643e-03      -4.019438469907e-09      -2.510796165480e+00      -2.080306016500e-03      -2.510795924546e+00      -6.605474811722e-03 
       7.465506192458e-01      -6.865322666172e-03      -7.778376445308e+03      -7.964871565401e+03      -6.187176200357e-03      -7.920641930993e+03       4.683600040159e-03       4.683600040159e-03       1.592974313080e+04       5.050937560197e+00       7.820406000933e-03      -3.937308227111e-09      -2.525469016109e+00      -2.092620648888e-03      -2.525468780098e+00      -6.644101292944e-03 
       7.565568455175e-01      -6.724195889340e-03      -7.824070753855e+03      -8.011665908193e+03      -6.059989727000e-03      -7.967175736025e+03       4.587321799152e-03       4.587321799152e-03       1.602333181639e+04       5.080611851817e+00       7.659646138613e-03      -3.856367356190e-09      -2.540306157068e+00      -2.104967233233e-03      -2.540305925908e+00      -6.683143648573e-03 
       7.667596200406e-01      -6.584865734417e-03      -7.870000798353e+03      -8.058694808591e+03      -5.934422393520e-03      -8.013943843460e+03       4.492269146676e-03       4.492269146676e-03       1.611738961718e+04       5.110435514297e+00       7.500932668334e-03      -3.776447879936e-09      -2.555217983518e+00      -2.117251608445e-03      -2.555217757149e+00      -6.722363018053e-03 
       7.771661763261e-01      -6.447654387769e-03      -7.916616924542e+03      -8.106412566203e+03      -5.810764556974e-03      -8.061399079493e+03       4.398661882846e-03       4.398661882846e-03       1.621282513241e+04       5.140697310625e+00       7.344632601058e-03      -3.697734394002e-09      -2.570348876965e+00      -2.129567964166e-03      -2.570348655312e+00      -6.762135253134e-03 
       7.877841799308e-01      -6.312159217018e-03      -7.963482985900e+03      -8.154390791974e+03      -5.688653383204e-03      -8.109112641078e+03       4.306225449334e-03       4.306225449334e-03       1.630878158395e+04       5.171123852870e+00       7.190287528676e-03      -3.620009223599e-09      -2.585562143430e+00      -2.142004554982e-03      -2.585561926435e+00      -6.802132354472e-03 
       7.986217631414e-01      -6.178514692029e-03      -8.010824489013e+03      -8.202861501026e+03      -5.568210061926e-03      -8.157315086002e+03       4.215051608293e-03       4.215051608293e-03       1.640572300205e+04       5.201862181571e+00       7.038050678066e-03      -3.543352019124e-09      -2.600931303186e+00      -2.154660653024e-03      -2.600931090785e+00      -6.842553759961e-03 
       8.096875631153e-01      -6.046659801386e-03      -8.058632222264e+03      -8.251814983891e+03      -5.449379606236e-03      -8.205996801185e+03       4.125098724000e-03       4.125098724000e-03       1.650362996778e+04       5.232906161892e+00       6.887852524505e-03      -3.467726438872e-09      -2.616453288814e+00      -2.167520531093e-03      -2.616453080946e+00      -6.883389330784e-03 
       8.209907638875e-01      -5.916449150198e-03      -8.106780484488e+03      -8.301120402973e+03      -5.332030977619e-03      -8.255028001047e+03       4.036267569577e-03       4.036267569577e-03       1.660224080595e+04       5.264173011569e+00       6.739527373873e-03      -3.393045273832e-09      -2.632086709176e+00      -2.180497336618e-03      -2.632086505785e+00      -6.924521927051e-03 
       8.325411427102e-01      -5.788089542455e-03      -8.155632387441e+03      -8.351137453733e+03      -5.216350537987e-03      -8.304768242363e+03       3.948699167520e-03       3.948699167520e-03       1.670227490747e+04       5.295891984352e+00       6.593310680682e-03      -3.319420172941e-09      -2.647946191155e+00      -2.193564367155e-03      -2.647945992176e+00      -6.966234020351e-03 
       8.443491212515e-01      -5.661253598970e-03      -8.204798699958e+03      -8.401477244752e+03      -5.102043257475e-03      -8.354829310238e+03       3.862170218295e-03       3.862170218295e-03       1.680295448950e+04       5.327815538891e+00       6.448829603335e-03      -3.246668308850e-09      -2.663907964064e+00      -2.206704741206e-03      -2.663907769445e+00      -7.008213433327e-03 
       8.564258222607e-01      -5.536199436536e-03      -8.254730299040e+03      -8.452595316922e+03      -4.989341751835e-03      -8.405665158341e+03       3.776856806607e-03       3.776856806607e-03       1.690519063384e+04       5.360233156305e+00       6.306378157303e-03      -3.174936711223e-09      -2.680116768472e+00      -2.220010305423e-03      -2.680116578153e+00      -7.050836548044e-03 
       8.687831323856e-01      -5.412574043168e-03      -8.304975299080e+03      -8.504042783904e+03      -4.877927893500e-03      -8.456827271887e+03       3.692518160569e-03       3.692518160569e-03       1.700808556781e+04       5.392858854254e+00       6.165554330708e-03      -3.104029656971e-09      -2.696429613197e+00      -2.233489590966e-03      -2.696429427127e+00      -7.093747107597e-03 
       8.814337719335e-01      -5.290636526978e-03      -8.356015438641e+03      -8.556301570474e+03      -4.768035184330e-03      -8.508796641946e+03       3.609331002046e-03       3.609331002046e-03       1.711260314095e+04       5.425999333107e+00       6.026653191813e-03      -3.034090373342e-09      -2.712999848431e+00      -2.247169279621e-03      -2.712999666554e+00      -7.137332800191e-03 
       8.943913724798e-01      -5.170074002055e-03      -8.407442493769e+03      -8.608961036265e+03      -4.659381650998e-03      -8.561163778232e+03       3.527081891624e-03       3.527081891624e-03       1.721792207253e+04       5.459393471534e+00       5.889318355127e-03      -2.964941531810e-09      -2.729696913500e+00      -2.260988318348e-03      -2.729696735767e+00      -7.181257536972e-03 
       9.076705633606e-01      -5.051129568941e-03      -8.459744963439e+03      -8.662509568757e+03      -4.552186370039e-03      -8.614416169129e+03       3.445936634953e-03       3.445936634953e-03       1.732501913751e+04       5.493352112908e+00       5.753826662815e-03      -2.896717556092e-09      -2.746676230098e+00      -2.274974355117e-03      -2.746676056454e+00      -7.225914338205e-03 
       9.212870682466e-01      -4.933500019394e-03      -8.512507183686e+03      -8.716532810778e+03      -4.446176094375e-03      -8.668140029951e+03       3.365688420104e-03       3.365688420104e-03       1.743306562156e+04       5.527611414026e+00       5.619832802790e-03      -2.829249582623e-09      -2.763805876613e+00      -2.289118282619e-03      -2.763805707013e+00      -7.270971862368e-03 
       9.352578131720e-01      -4.817379899107e-03      -8.566168118391e+03      -8.771472590469e+03      -4.341525629161e-03      -8.722775909904e+03       3.286472222277e-03       3.286472222277e-03       1.754294518094e+04       5.562454563668e+00       5.487563024166e-03      -2.758612444135e-09      -2.781227447443e+00      -2.303427556063e-03      -2.781227281834e+00      -7.316785279541e-03 
       9.496010476076e-01      -4.702528945264e-03      -8.620390652131e+03      -8.826992381722e+03      -4.238019498605e-03      -8.777987821947e+03       3.208119553269e-03       3.208119553269e-03       1.765398476344e+04       5.597662803568e+00       5.356734219484e-03      -2.692844187310e-09      -2.798831563445e+00      -2.317987836894e-03      -2.798831401784e+00      -7.363094696620e-03 
       9.643364804132e-01      -4.589049168542e-03      -8.675473402391e+03      -8.883390842982e+03      -4.135749100717e-03      -8.834073857573e+03       3.130702310617e-03       3.130702310617e-03       1.776678168596e+04       5.633428460088e+00       5.227467334319e-03      -2.627867414835e-09      -2.816714387803e+00      -2.332760574621e-03      -2.816714230044e+00      -7.410134450168e-03 
       9.794854327925e-01      -4.476852379252e-03      -8.731366090824e+03      -8.940617845465e+03      -4.034634997845e-03      -8.890983958605e+03       3.054160133523e-03       3.054160133523e-03       1.788123569093e+04       5.669719364649e+00       5.099661506487e-03      -2.563403081522e-09      -2.834859836227e+00      -2.347746371321e-03      -2.834859682325e+00      -7.457864493738e-03 
       9.950710107137e-01      -4.365841251040e-03      -8.787992483154e+03      -8.998598350834e+03      -3.934589385907e-03      -8.948643039737e+03       2.978427111542e-03       2.978427111542e-03       1.799719670167e+04       5.706488233379e+00       4.973206866120e-03      -2.499858194202e-09      -2.853244266776e+00      -2.362947415074e-03      -2.853244116690e+00      -7.506225847258e-03 
       1.011118299649e+00      -4.256111765078e-03      -8.845672123469e+03      -9.057653763030e+03      -3.835698796425e-03      -9.007371609716e+03       2.903568523982e-03       2.903568523982e-03       1.811530752606e+04       5.743939213312e+00       4.848212338957e-03      -2.436857760543e-09      -2.871969752970e+00      -2.378405292619e-03      -2.871969606656e+00      -7.555480399816e-03 
       1.027654584949e+00      -4.147475347886e-03      -8.904143212016e+03      -9.117522932860e+03      -3.737793342177e-03      -9.066908907322e+03       2.829455476860e-03       2.829455476860e-03       1.823504586572e+04       5.781905705754e+00       4.724462608835e-03      -2.374705755846e-09      -2.890952995456e+00      -2.394110535108e-03      -2.890952852877e+00      -7.605418424183e-03 
       1.044709601705e+00      -4.039955603956e-03      -8.963588077596e+03      -9.178389027817e+03      -3.640894253690e-03      -9.127437624599e+03       2.756104255291e-03       2.756104255291e-03       1.835677805563e+04       5.820504440076e+00       4.601984938356e-03      -2.313057677978e-09      -2.910252358921e+00      -2.410076715445e-03      -2.910252220038e+00      -7.656187953747e-03 
       1.062315818564e+00      -3.933562886903e-03      -9.024180184556e+03      -9.240427000890e+03      -3.545010868459e-03      -9.189132152456e+03       2.683521880779e-03       2.683521880779e-03       1.848085400178e+04       5.859846574573e+00       4.480791036154e-03      -2.252187947891e-09      -2.929923422512e+00      -2.426330280553e-03      -2.929923287287e+00      -7.707932133934e-03 
       1.080508760706e+00      -3.828163112754e-03      -9.085765598086e+03      -9.303484262157e+03      -3.450022352462e-03      -9.251839976196e+03       2.611616884574e-03       2.611616884574e-03       1.860696852431e+04       5.899834849597e+00       4.360728173234e-03      -2.192090947224e-09      -2.949917556401e+00      -2.442875920514e-03      -2.949917424799e+00      -7.760530084703e-03 
       1.099327377988e+00      -3.723736610005e-03      -9.148453088718e+03      -9.367670963161e+03      -3.355910960150e-03      -9.315670823791e+03       2.540375914239e-03       2.540375914239e-03       1.873534192632e+04       5.940539331390e+00       4.241774081113e-03      -2.132321100424e-09      -2.970269793707e+00      -2.459728472963e-03      -2.970269665695e+00      -7.814071742080e-03 
       1.118814465254e+00      -3.620295304542e-03      -9.212446085827e+03      -9.433192342536e+03      -3.262687447737e-03      -9.380829264624e+03       2.469807052507e-03       2.469807052507e-03       1.886638468507e+04       5.982090405214e+00       4.123942236202e-03      -2.073094953309e-09      -2.991045327063e+00      -2.476916068520e-03      -2.991045202607e+00      -7.868724558622e-03 
       1.139017142838e+00      -3.517778059507e-03      -9.277778622421e+03      -9.500084480439e+03      -3.170296709325e-03      -9.447350989716e+03       2.399868635836e-03       2.399868635836e-03       1.900016896088e+04       6.024510892156e+00       4.007163087891e-03      -2.014233940573e-09      -3.012255567010e+00      -2.494466010077e-03      -3.012255446078e+00      -7.924521356948e-03 
       1.159987406523e+00      -3.416111723105e-03      -9.344452188997e+03      -9.568350735269e+03      -3.078672840228e-03      -9.515239057888e+03       2.330510669162e-03       2.330510669162e-03       1.913670147054e+04       6.067802613310e+00       3.891353122229e-03      -1.956073347745e-09      -3.033901424092e+00      -2.512384430677e-03      -3.033901306655e+00      -7.981465375202e-03 
       1.181782757508e+00      -3.315256964321e-03      -9.412562704366e+03      -9.638089121449e+03      -2.987780382149e-03      -9.584590970581e+03       2.261706392758e-03       2.261706392758e-03       1.927617824290e+04       6.112027846811e+00       3.776467684332e-03      -1.898284803339e-09      -3.056014037375e+00      -2.530731426468e-03      -3.056013923405e+00      -8.039643912823e-03 
       1.204466924296e+00      -3.215181234329e-03      -9.482235702188e+03      -9.709427470991e+03      -2.897590010497e-03      -9.655533959034e+03       2.193433535211e-03       2.193433535211e-03       1.941885494198e+04       6.157267626911e+00       3.662469562526e-03      -1.841117400882e-09      -3.078633923985e+00      -2.549495332671e-03      -3.078633813456e+00      -8.099156471001e-03 
       1.228110689814e+00      -3.115841541447e-03      -9.553578379148e+03      -9.782475335541e+03      -2.808062964757e-03      -9.728176999542e+03       2.125662841473e-03       2.125662841473e-03       1.956495067108e+04       6.203591561932e+00       3.549309936843e-03      -1.784206440189e-09      -3.101795888080e+00      -2.568717670950e-03      -3.101795780966e+00      -8.160096603686e-03 
       1.252792838276e+00      -3.017191856689e-03      -9.626696801761e+03      -9.857341300135e+03      -2.719157769023e-03      -9.802628077929e+03       2.058362879099e-03       2.058362879099e-03       1.971468260027e+04       6.251068462455e+00       3.436936311369e-03      -1.727690182402e-09      -3.125534334951e+00      -2.588420823990e-03      -3.125534231227e+00      -8.222553865334e-03 
       1.278601237189e+00      -2.919184852090e-03      -9.701700102350e+03      -9.934137070455e+03      -2.630831769090e-03      -9.878998286164e+03       1.991501368984e-03       1.991501368984e-03       1.986827414091e+04       6.299769199250e+00       3.325294791449e-03      -1.671591075917e-09      -3.149884699979e+00      -2.608637622112e-03      -3.149884599625e+00      -8.286622013834e-03 
       1.305634070045e+00      -2.821777726283e-03      -9.778718201821e+03      -1.001299565369e+04      -2.543046392219e-03      -9.957419897261e+03       1.925049106967e-03       1.925049106967e-03       2.002599130739e+04       6.349778105764e+00       3.214336611942e-03      -1.615807513115e-09      -3.174889149887e+00      -2.629404931433e-03      -3.174889052882e+00      -8.352412293915e-03 
       1.334001234132e+00      -2.724929421503e-03      -9.857892752755e+03      -1.009406190539e+04      -2.455764636961e-03      -1.003803699200e+04       1.858978079961e-03       1.858978079961e-03       2.018812381077e+04       6.401187056090e+00       3.104014997041e-03      -1.560323741455e-09      -3.200593621721e+00      -2.650761523367e-03      -3.200593528045e+00      -8.420045669187e-03 
       1.363825914699e+00      -2.628599596867e-03      -9.939366755419e+03      -1.017748255424e+04      -2.368950293457e-03      -1.012099543828e+04       1.793260128650e-03       1.793260128650e-03       2.035496510847e+04       6.454087724664e+00       2.994282680575e-03      -1.505621016439e-09      -3.227043952696e+00      -2.672791214447e-03      -3.227043862332e+00      -8.489649983183e-03 
       1.395246340115e+00      -2.532741964903e-03      -1.002326661905e+04      -1.026338822133e+04      -2.282561348925e-03      -1.020642495080e+04       1.727864980750e-03       1.727864980750e-03       2.052677644267e+04       6.508565521386e+00       2.885089621174e-03      -1.450712630739e-09      -3.254282847762e+00      -2.695458755293e-03      -3.254282760693e+00      -8.561326377244e-03 
       1.428417711027e+00      -2.437336230913e-03      -1.010980064499e+04      -1.035199132801e+04      -2.196579664918e-03      -1.029453690532e+04       1.662778124438e-03       1.662778124438e-03       2.070398265601e+04       6.564753894945e+00       2.776411329805e-03      -1.396063646608e-09      -3.282377031262e+00      -2.718854997644e-03      -3.282376947472e+00      -8.635256035937e-03 
       1.463514277278e+00      -2.342384013782e-03      -1.019926647238e+04      -1.044359414410e+04      -2.111006699519e-03      -1.038563227733e+04       1.598000661060e-03       1.598000661060e-03       2.088718828820e+04       6.622844770761e+00       2.668249644639e-03      -1.341674519197e-09      -3.311422465906e+00      -2.743040689240e-03      -3.311422385381e+00      -8.711688476843e-03 
       1.500731506377e+00      -2.247812508080e-03      -1.029160845148e+04      -1.053814491914e+04      -2.025776729675e-03      -1.047965880128e+04       1.533483411694e-03       1.533483411694e-03       2.107628983827e+04       6.682806070686e+00       2.560522638596e-03      -1.287245447287e-09      -3.341403112617e+00      -2.767995975525e-03      -3.341403035343e+00      -8.790580404160e-03 
       1.540288242703e+00      -2.153669144964e-03      -1.038724477097e+04      -1.063606640371e+04      -1.940932723118e-03      -1.057703771806e+04       1.469257756572e-03       1.469257756572e-03       2.127213280742e+04       6.744903977861e+00       2.453282330206e-03      -1.233280055978e-09      -3.372452062968e+00      -2.793900980567e-03      -3.372451988930e+00      -8.872293059116e-03 
       1.582428693406e+00      -2.059917511459e-03      -1.048613530448e+04      -1.073732251207e+04      -1.856441879138e-03      -1.067773237523e+04       1.405298793442e-03       1.405298793442e-03       2.147464502415e+04       6.809114744236e+00       2.346487115144e-03      -1.179972900778e-09      -3.404557442933e+00      -2.820776343812e-03      -3.404557372118e+00      -8.956799989750e-03 
       1.627423992086e+00      -1.966631343889e-03      -1.058868161694e+04      -1.084232021220e+04      -1.772370393909e-03      -1.078214812869e+04       1.341657941592e-03       1.341657941592e-03       2.168464042440e+04       6.875699954707e+00       2.240223282941e-03      -1.126532889649e-09      -3.437850044961e+00      -2.848613539338e-03      -3.437849977353e+00      -9.044426797327e-03 
       1.675572985692e+00      -1.873857345540e-03      -1.069500514924e+04      -1.095118526589e+04      -1.688760432052e-03      -1.089040982578e+04       1.278366742667e-03       1.278366742667e-03       2.190237053178e+04       6.944738483264e+00       2.134543375733e-03      -1.073397219887e-09      -3.472369306051e+00      -2.877496467239e-03      -3.472369241632e+00      -9.135285302593e-03 
       1.727201772779e+00      -1.781675837278e-03      -1.080519942140e+04      -1.106401465740e+04      -1.605684486974e-03      -1.100261372479e+04       1.215479549858e-03       1.215479549858e-03       2.212802931479e+04       7.016290369488e+00       2.029537976551e-03      -1.020630163150e-09      -3.508145245994e+00      -2.907567436949e-03      -3.508145184744e+00      -9.229472916365e-03 
       1.782661416417e+00      -1.690211099041e-03      -1.091934925458e+04      -1.118089483555e+04      -1.523254519784e-03      -1.111884585679e+04       1.153081276606e-03       1.153081276606e-03       2.236178967109e+04       7.090410793367e+00       1.925348922000e-03      -9.682544766525e-10      -3.545205454789e+00      -2.938685563587e-03      -3.545205396683e+00      -9.327036647557e-03 
       1.842323209855e+00      -1.599645151621e-03      -1.103757234324e+04      -1.130194418696e+04      -1.441634561914e-03      -1.123922427752e+04       1.091296170000e-03       1.091296170000e-03       2.260388837392e+04       7.167175281504e+00       1.822183698400e-03      -9.163920195362e-10      -3.583587695744e+00      -2.970955441937e-03      -3.583587640752e+00      -9.428087267240e-03 
       1.906570961143e+00      -1.510178613885e-03      -1.115970336205e+04      -1.142699679323e+04      -1.361005417326e-03      -1.136358347308e+04       1.030261091367e-03       1.030261091367e-03       2.285399358646e+04       7.246478269951e+00       1.720270827413e-03      -8.651630817536e-10      -3.623239186892e+00      -3.004372555063e-03      -3.623239134976e+00      -9.532492071305e-03 
       1.975790075473e+00      -1.422096120111e-03      -1.128571561807e+04      -1.155602243384e+04      -1.281623600177e-03      -1.149189383353e+04       9.701702347936e-04       9.701702347936e-04       2.311204486767e+04       7.328300940623e+00       1.619934568676e-03      -8.147134255543e-10      -3.664150519199e+00      -3.038910438902e-03      -3.664150470311e+00      -9.640223370710e-03 
       2.050353823144e+00      -1.335688881599e-03      -1.141514989517e+04      -1.168855321406e+04      -1.203751557436e-03      -1.162368970490e+04       9.112222661849e-04       9.112222661849e-04       2.337710642812e+04       7.412346347442e+00       1.521506642255e-03      -7.652094394079e-10      -3.706173219639e+00      -3.074480265210e-03      -3.706173173721e+00      -9.750895926880e-03 
       2.130608069751e+00      -1.251315245048e-03      -1.154762531999e+04      -1.182419843840e+04      -1.127712234665e-03      -1.175858266709e+04       8.536616701902e-04       8.536616701902e-04       2.364839687679e+04       7.498366896103e+00       1.425395281059e-03      -7.168245682063e-10      -3.749183491069e+00      -3.110987496136e-03      -3.749183448051e+00      -9.864185310615e-03 
       2.216856723667e+00      -1.169345733143e-03      -1.168253967337e+04      -1.196234186307e+04      -1.053839493523e-03      -1.189595983488e+04       7.977414875474e-04       7.977414875474e-04       2.392468372614e+04       7.585973238537e+00       1.332023101148e-03      -6.699270771459e-10      -3.792986659468e+00      -3.148294617916e-03      -3.792986619269e+00      -9.979583135353e-03 
       2.309350833013e+00      -1.090154167241e-03      -1.181916335403e+04      -1.210223518235e+04      -9.824704541527e-04      -1.203507724370e+04       7.437157719568e-04       7.437157719568e-04       2.420447036471e+04       7.674685605214e+00       1.241813929889e-03      -6.245820778485e-10      -3.837342840084e+00      -3.186232679306e-03      -3.837342802607e+00      -1.009646286984e-02 
       2.408284166381e+00      -1.014083224828e-03      -1.195661129841e+04      -1.224297308660e+04      -9.139137119170e-04      -1.217503446178e+04       6.918193081251e-04       6.918193081251e-04       2.448594617320e+04       7.763935290085e+00       1.155160187855e-03      -5.810661734219e-10      -3.881967679905e+00      -3.224564708257e-03      -3.881967645043e+00      -1.021407632694e-02 
       2.513796969118e+00      -9.414282377027e-04      -1.209390885331e+04      -1.238355881760e+04      -8.484354980306e-04      -1.231484007228e+04       6.422532636845e-04       6.422532636845e-04       2.476711763519e+04       7.853088395083e+00       1.072397652507e-03      -5.394798796869e-10      -3.926544229906e+00      -3.263055295598e-03      -3.926544197542e+00      -1.033159389958e-02 
       2.625987629569e+00      -8.724241754789e-04      -1.223015903564e+04      -1.252307226697e+04      -7.862475818408e-04      -1.245357932456e+04       5.951778760017e-04       5.951778760017e-04       2.504614453393e+04       7.941561103148e+00       9.937938562423e-04      -5.001074611745e-10      -3.970780581566e+00      -3.301380033611e-03      -3.970780551574e+00      -1.044823480423e-02 
       2.744929960642e+00      -8.072293167312e-04      -1.236455563558e+04      -1.266068943388e+04      -7.274925890865e-04      -1.259043255753e+04       5.507012415649e-04       5.507012415649e-04       2.532137886775e+04       8.028831694078e+00       9.195293356033e-04      -4.627460726746e-10      -4.014415874790e+00      -3.339540317337e-03      -4.014415847039e+00      -1.056334663575e-02 
       2.870692567079e+00      -7.458114603696e-04      -1.249457638695e+04      -1.279382625657e+04      -6.721414912354e-04      -1.272283026162e+04       5.088014068710e-04       5.088014068710e-04       2.558765251313e+04       8.113261880174e+00       8.495674407178e-04      -4.273698201474e-10      -4.056630965726e+00      -3.376746971812e-03      -4.056630940087e+00      -1.067475713582e-02 
       3.003356777944e+00      -6.881853626168e-04      -1.261938972777e+04      -1.292163221582e+04      -6.202076296510e-04      -1.284992649032e+04       4.694882526786e-04       4.694882526786e-04       2.584326443163e+04       8.194310520754e+00       7.839245977630e-04      -3.943717158789e-10      -4.097155284035e+00      -3.412845364028e-03      -4.097155260377e+00      -1.078176545014e-02 
       3.143030673842e+00      -6.343551950740e-04      -1.273939694582e+04      -1.304451742731e+04      -5.716947150564e-04      -1.297212920352e+04       4.327648373687e-04       4.327648373687e-04       2.608903485463e+04       8.272239922617e+00       7.226059958205e-04      -3.633741848325e-10      -4.136119983116e+00      -3.447894631969e-03      -4.136119961308e+00      -1.088470875006e-02 
       3.289858202671e+00      -5.842741601401e-04      -1.285553203679e+04      -1.316344072483e+04      -5.265606244968e-04      -1.309039153571e+04       3.985990113470e-04       3.985990113470e-04       2.632688144965e+04       8.347655478961e+00       6.655578664413e-04      -3.346840117195e-10      -4.173827759567e+00      -3.482303714103e-03      -4.173827739481e+00      -1.098440830871e-02 
       3.444023643325e+00      -5.378370394668e-04      -1.296885986988e+04      -1.327949179847e+04      -4.847105088678e-04      -1.320579723479e+04       3.669190971569e-04       3.669190971569e-04       2.655898359695e+04       8.421249338900e+00       6.126605669890e-04      -3.080955960365e-10      -4.210624687940e+00      -3.516350570916e-03      -4.210624669450e+00      -1.108177317053e-02 
       3.605752430110e+00      -4.948566522771e-04      -1.307946405789e+04      -1.339275720229e+04      -4.459756527020e-04      -1.331843223057e+04       3.375975102903e-04       3.375975102903e-04       2.678551440459e+04       8.493078007919e+00       5.637011073145e-04      -2.834140038911e-10      -4.246539020972e+00      -3.550059463799e-03      -4.246539003959e+00      -1.117687751395e-02 
       3.775309589662e+00      -4.550846606182e-04      -1.318607817284e+04      -1.350193890254e+04      -4.101323146632e-04      -1.342700588777e+04       3.104645206196e-04       3.104645206196e-04       2.700387780507e+04       8.562313673155e+00       5.183959624974e-04      -2.607164004571e-10      -4.281156852222e+00      -3.583195483164e-03      -4.281156836577e+00      -1.126865019234e-02 
       3.952996932004e+00      -4.182463484627e-04      -1.328627008088e+04      -1.360454710595e+04      -3.769328491200e-04      -1.352904213897e+04       2.853330212778e-04       2.853330212778e-04       2.720909421189e+04       8.627382112061e+00       4.764328302120e-04      -2.396266356814e-10      -4.313691070409e+00      -3.615053058880e-03      -4.313691056031e+00      -1.135501125182e-02 
       4.139149865523e+00      -3.841137102270e-04      -1.337826271171e+04      -1.369876187949e+04      -3.461717894751e-04      -1.362273119656e+04       2.620473819584e-04       2.620473819584e-04       2.739752375898e+04       8.687128046126e+00       4.375518164947e-04      -2.200868431555e-10      -4.343564036268e+00      -3.645187032986e-03      -4.343564023063e+00      -1.143444653981e-02 
       4.334134407024e+00      -3.525304104921e-04      -1.346227823756e+04      -1.378481012847e+04      -3.177082493421e-04      -1.370829879687e+04       2.405009254443e-04       2.405009254443e-04       2.756962025694e+04       8.741695039647e+00       4.015747885084e-04      -2.021050686709e-10      -4.370847531943e+00      -3.673816118758e-03      -4.370847519823e+00      -1.150716987270e-02 
       4.538344703503e+00      -3.233860346977e-04      -1.354044964296e+04      -1.386487740000e+04      -2.914427082437e-04      -1.378791813248e+04       2.206183731357e-04       2.206183731357e-04       2.772975480001e+04       8.792469996304e+00       3.683760691730e-04      -1.855506595985e-10      -4.396235009269e+00      -3.701397006549e-03      -4.396234998152e+00      -1.157498717000e-02 
       4.752201195312e+00      -2.965656934446e-04      -1.361529112014e+04      -1.394154075222e+04      -2.672716383554e-04      -1.386415155439e+04       2.023212960448e-04       2.023212960448e-04       2.788308150444e+04       8.841085979304e+00       3.378246824696e-04      -1.702934096157e-10      -4.420542999848e+00      -3.728801877180e-03      -4.420542989652e+00      -1.164007720824e-02 
       4.976149428769e+00      -2.719277591327e-04      -1.368849576398e+04      -1.401653110980e+04      -2.450674479208e-04      -1.393872079906e+04       1.855128654042e-04       1.855128654042e-04       2.803306221960e+04       8.888635167553e+00       3.097588688020e-04      -1.560292714086e-10      -4.444317593125e+00      -3.756328868151e-03      -4.444317583777e+00      -1.170385249166e-02 
       5.210659457381e+00      -2.492963564749e-04      -1.375992478785e+04      -1.408970844816e+04      -2.246715346169e-04      -1.401148629927e+04       1.700735455300e-04       1.700735455300e-04       2.817941689633e+04       8.935040385710e+00       2.839792073840e-04      -1.429633938543e-10      -4.467520201426e+00      -3.784435128261e-03      -4.467520192855e+00      -1.176628825304e-02 
       5.456225739813e+00      -2.284940447621e-04      -1.382844866440e+04      -1.415991538770e+04      -2.059240506368e-04      -1.408129722043e+04       1.558819918760e-04       1.558819918760e-04       2.831983077539e+04       8.979560044982e+00       2.602829710746e-04      -1.311381297360e-10      -4.489780030347e+00      -3.812682639581e-03      -4.489780022491e+00      -1.182638841960e-02 
       5.713367436630e+00      -2.093593915575e-04      -1.389279384710e+04      -1.422584858361e+04      -1.886795075940e-04      -1.414685734258e+04       1.428280818884e-04       1.428280818884e-04       2.845169716722e+04       9.021367270786e+00       2.384862868630e-04      -1.200446211899e-10      -4.510683642591e+00      -3.840842853494e-03      -4.510683635393e+00      -1.188308327097e-02 
       5.982629016144e+00      -1.917781609580e-04      -1.395388534678e+04      -1.428845197750e+04      -1.728349316205e-04      -1.420910586328e+04       1.308339773909e-04       1.308339773909e-04       2.857690395500e+04       9.061064359056e+00       2.184592218639e-04      -1.099774182814e-10      -4.530532186121e+00      -3.869148629083e-03      -4.530532179528e+00      -1.193716239786e-02 
       6.264581095054e+00      -1.756693074700e-04      -1.401491982723e+04      -1.435100671609e+04      -1.583172933541e-04      -1.427130450681e+04       1.198443438169e-04       1.198443438169e-04       2.870201343218e+04       9.100729755842e+00       2.001093642847e-04      -1.007594033304e-10      -4.550364883960e+00      -3.898662107319e-03      -4.550364877921e+00      -1.199139140737e-02 
       6.559821456700e+00      -1.609550025523e-04      -1.407984137881e+04      -1.441754983690e+04      -1.450564546654e-04      -1.433746814065e+04       1.098060744920e-04       1.098060744920e-04       2.883509967380e+04       9.142923135211e+00       1.833480353088e-04      -9.234387560023e-11      -4.571461573139e+00      -3.930600476838e-03      -4.571461567605e+00      -1.204916196706e-02 
       6.868976205922e+00      -1.475118900512e-04      -1.414877442699e+04      -1.448820822933e+04      -1.329412369104e-04      -1.440772302887e+04       1.006350500667e-04       1.006350500667e-04       2.897641645866e+04       9.187726882951e+00       1.680347908983e-04      -8.464743507442e-11      -4.593863446547e+00      -3.965258005658e-03      -4.593863441476e+00      -1.211062313859e-02 
       7.192701032936e+00      -1.352045518235e-04      -1.421940549902e+04      -1.456061413390e+04      -1.218496037036e-04      -1.447971437952e+04       9.223885800731e-05       9.223885800731e-05       2.912122826779e+04       9.233637955947e+00       1.540153150825e-04      -7.762223553405e-11      -4.616818982622e+00      -4.001880693989e-03      -4.616818977973e+00      -1.217377729934e-02 
       7.531682569088e+00      -1.239356386634e-04      -1.429171780587e+04      -1.463475032152e+04      -1.116938246177e-04      -1.455342506491e+04       8.455107592318e-05       8.455107592318e-05       2.926950064304e+04       9.280644768510e+00       1.411786956867e-04      -7.115081615051e-11      -4.640322388516e+00      -4.040762376444e-03      -4.640322384255e+00      -1.223865604921e-02 
       7.886639824861e+00      -1.136422753026e-04      -1.436898731794e+04      -1.471397314274e+04      -1.024172272024e-04      -1.463219251605e+04       7.752884815164e-05       7.752884815164e-05       2.942794628547e+04       9.330877981773e+00       1.294533894983e-04      -6.526297298747e-11      -4.665438994794e+00      -4.083317408321e-03      -4.665438990886e+00      -1.230814553586e-02 
       8.258325705669e+00      -1.042614346112e-04      -1.445465236684e+04      -1.480180538227e+04      -9.396301721917e-05      -1.471951964629e+04       7.112914084781e-05       7.112914084781e-05       2.960361076455e+04       9.386569169948e+00       1.187675273872e-04      -5.988666016901e-11      -4.693284588558e+00      -4.130282891232e-03      -4.693284584974e+00      -1.238515176167e-02 
       8.647528604335e+00      -9.570743619463e-05      -1.454879758802e+04      -1.489833422760e+04      -8.625397677084e-05      -1.481549307880e+04       6.529351295395e-05       6.529351295395e-05       2.979666845520e+04       9.447774180926e+00       1.090235317121e-04      -5.498870610568e-11      -4.723887093754e+00      -4.182662130073e-03      -4.723887090463e+00      -1.246990200712e-02 
       9.055074071264e+00      -8.788406679313e-05      -1.464835420254e+04      -1.500041882181e+04      -7.920339223558e-05      -1.491698916819e+04       5.995633812622e-05       5.995633812622e-05       3.000083764361e+04       9.512502304072e+00       1.001118281910e-04      -5.049489425422e-11      -4.756251155058e+00      -4.239134538718e-03      -4.756251152036e+00      -1.255969963490e-02 
       9.481826564591e+00      -8.072767750432e-05      -1.475359548129e+04      -1.510834045489e+04      -7.275391057401e-05      -1.502428741754e+04       5.507415070585e-05       5.507415070585e-05       3.021668090977e+04       9.580927465066e+00       9.195982376605e-05      -4.644261471969e-11      -4.790463735309e+00      -4.299698450361e-03      -4.790463732533e+00      -1.265476254809e-02 
       9.928691283402e+00      -7.419963981819e-05      -1.486872960703e+04      -1.522640991020e+04      -6.687070723519e-05      -1.514167441058e+04       5.062066298149e-05       5.062066298149e-05       3.045281982039e+04       9.655789581261e+00       8.452364915238e-05      -4.269980958252e-11      -4.827894793182e+00      -4.367097591923e-03      -4.827894790631e+00      -1.275894650957e-02 
       1.039661608762e+01      -6.823893094274e-05      -1.499341542251e+04      -1.535428219364e+04      -6.149879325302e-05      -1.526880640313e+04       4.655421565498e-05       4.655421565498e-05       3.070856438729e+04       9.736866785309e+00       7.773373299519e-05      -3.927753339387e-11      -4.868433395001e+00      -4.441731970872e-03      -4.868433392655e+00      -1.287203723134e-02 
       1.088659350847e+01      -6.277601225955e-05      -1.512369784292e+04      -1.548790628239e+04      -5.657549892388e-05      -1.540165503832e+04       4.282736131439e-05       4.282736131439e-05       3.097581256479e+04       9.821589545204e+00       7.151084789655e-05      -3.615087589037e-11      -4.910794774761e+00      -4.521836572605e-03      -4.910794772602e+00      -1.299054470984e-02 
       1.139966285374e+01      -5.776608938308e-05      -1.525923228996e+04      -1.562693371492e+04      -5.206045467074e-05      -1.553987311835e+04       3.940954253816e-05       3.940954253816e-05       3.125386742983e+04       9.909736478870e+00       6.580397140757e-05      -3.328469902783e-11      -4.954868241421e+00      -4.608168961302e-03      -4.954868239435e+00      -1.311431120938e-02 
       1.193691241231e+01      -5.318020125935e-05      -1.540298186484e+04      -1.577440069217e+04      -4.792755807513e-05      -1.568647966853e+04       3.628101398627e-05       3.628101398627e-05       3.154880138434e+04       1.000323487833e+01       6.058013845287e-05      -3.065831473000e-11      -5.001617440994e+00      -4.702310409825e-03      -5.001617439165e+00      -1.324599414687e-02 
       1.249948176251e+01      -4.897056127783e-05      -1.555193677924e+04      -1.592723064636e+04      -4.413374447037e-05      -1.583841438011e+04       3.340916540632e-05       3.340916540632e-05       3.185446129272e+04       1.010013176899e+01       5.578489469429e-05      -2.824728341590e-11      -5.050065886180e+00      -4.803931206536e-03      -5.050065884496e+00      -1.338310039830e-02 
       1.308856418936e+01      -4.509352343610e-05      -1.570209367085e+04      -1.608132374401e+04      -4.063968073188e-05      -1.599160026091e+04       3.076421591521e-05       3.076421591521e-05       3.216264748801e+04       1.019782641653e+01       5.136851164682e-05      -2.603018468013e-11      -5.098913209815e+00      -4.912925520157e-03      -5.098913208264e+00      -1.352236114859e-02 
       1.370540921568e+01      -4.152913090982e-05      -1.585585493934e+04      -1.623914509988e+04      -3.742737910399e-05      -1.614848795239e+04       2.833255818179e-05       2.833255818179e-05       3.247829019975e+04       1.029788299708e+01       4.730827158704e-05      -2.399143474043e-11      -5.148941499968e+00      -5.030149760500e-03      -5.148941498540e+00      -1.366586664840e-02 
       1.435132525246e+01      -3.824854170739e-05      -1.601195925544e+04      -1.639940536864e+04      -3.447084750451e-05      -1.630779492781e+04       2.609451125052e-05       2.609451125052e-05       3.279881073728e+04       1.039948281611e+01       4.357131062448e-05      -2.211731972786e-11      -5.199741409370e+00      -5.155785812221e-03      -5.199741408054e+00      -1.381262170796e-02 
       1.502768237421e+01      -3.521812460344e-05      -1.616545392105e+04      -1.655704044726e+04      -3.173977581492e-05      -1.646448407987e+04       2.402713850796e-05       2.402713850796e-05       3.311408089452e+04       1.049941531720e+01       4.011933306182e-05      -2.038260021589e-11      -5.249707659812e+00      -5.290310096427e-03      -5.249707658601e+00      -1.395868662555e-02 
       1.573591522508e+01      -3.242463083379e-05      -1.631879101888e+04      -1.671456263280e+04      -2.922222491158e-05      -1.662105353643e+04       2.212139312574e-05       2.212139312574e-05       3.342912526561e+04       1.059927180095e+01       3.693723002328e-05      -1.878951593955e-11      -5.299635901592e+00      -5.433871199600e-03      -5.299635900477e+00      -1.410607442534e-02 
       1.647752606189e+01      -2.985145289958e-05      -1.647288565060e+04      -1.687288316991e+04      -2.690322567252e-05      -1.677841343751e+04       2.036595674732e-05       2.036595674732e-05       3.374576633981e+04       1.069963585520e+01       3.400610707624e-05      -1.731677813574e-11      -5.349817928626e+00      -5.588469578900e-03      -5.349817927599e+00      -1.425582876307e-02 
       1.725408794066e+01      -2.746478962831e-05      -1.661763867111e+04      -1.702176205986e+04      -2.475231814829e-05      -1.692636511789e+04       1.873775819612e-05       1.873775819612e-05       3.404352411972e+04       1.079400080590e+01       3.128743685495e-05      -1.595210130294e-11      -5.397000403895e+00      -5.752064206822e-03      -5.397000402950e+00      -1.439949336927e-02 
       1.806724805324e+01      -2.526843779069e-05      -1.676331592066e+04      -1.717162256947e+04      -2.277292360253e-05      -1.707528756485e+04       1.723939226794e-05       1.723939226794e-05       3.434324513894e+04       1.088898660418e+01       2.878555363506e-05      -1.469542521399e-11      -5.444493302960e+00      -5.929641699241e-03      -5.444493302090e+00      -1.454612831757e-02 
       1.891873122127e+01      -2.324018588009e-05      -1.690474362047e+04      -1.731720104316e+04      -2.094502361510e-05      -1.721994111295e+04       1.585570610777e-05       1.585570610777e-05       3.463440208632e+04       1.098125239218e+01       2.647515631161e-05      -1.353694104869e-11      -5.490626196891e+00      -6.119330209154e-03      -5.490626196091e+00      -1.469126249082e-02 
       1.981034355469e+01      -2.137352893349e-05      -1.704638624101e+04      -1.746303763788e+04      -1.926275707778e-05      -1.736484551486e+04       1.458226040308e-05       1.458226040308e-05       3.492607527577e+04       1.107367971395e+01       2.434883153658e-05      -1.246825100989e-11      -5.536839857711e+00      -6.325784127385e-03      -5.536839856975e+00      -1.483922930594e-02 
       2.074397628281e+01      -1.964642509778e-05      -1.718001519395e+04      -1.760084372255e+04      -1.770625822502e-05      -1.750173712269e+04       1.340402045139e-05       1.340402045139e-05       3.520168744510e+04       1.116100032622e+01       2.238147634642e-05      -1.148202949273e-11      -5.580500163786e+00      -6.547036551643e-03      -5.580500163110e+00      -1.498313266272e-02 
       2.172160976582e+01      -1.806013330512e-05      -1.731589605423e+04      -1.774097880204e+04      -1.627666213314e-05      -1.764094125095e+04       1.232184323064e-05       1.232184323064e-05       3.548195760407e+04       1.124979801775e+01       2.057452092790e-05      -1.057584432881e-11      -5.624899009498e+00      -6.787646916534e-03      -5.624899008877e+00      -1.513192042834e-02 
       2.274531769542e+01      -1.659934227608e-05      -1.745004876285e+04      -1.787948232489e+04      -1.496017016198e-05      -1.777850171846e+04       1.132528352787e-05       1.132528352787e-05       3.575896464978e+04       1.133755022185e+01       1.891052451517e-05      -9.741015322257e-12      -5.668775111496e+00      -7.049333511409e-03      -5.668775110925e+00      -1.528270797564e-02 
       2.381727149336e+01      -1.525645547011e-05      -1.758491021243e+04      -1.801879487471e+04      -1.374993591177e-05      -1.791685394883e+04       1.040915987217e-05       1.040915987217e-05       3.603758974942e+04       1.142581083750e+01       1.738083576634e-05      -8.974510790621e-12      -5.712905419277e+00      -7.334921358228e-03      -5.712905418752e+00      -1.543788159174e-02 
       2.493974491737e+01      -1.401718957405e-05      -1.771430519673e+04      -1.815274098610e+04      -1.263308704481e-05      -1.804983410744e+04       9.563726328890e-06       9.563726328890e-06       3.630548197220e+04       1.151064860142e+01       1.596918089652e-05      -8.266788789885e-12      -5.755324301190e+00      -7.644149678142e-03      -5.755324300708e+00      -1.559248466223e-02 
       2.611511888409e+01      -1.288402508103e-05      -1.785220703054e+04      -1.829542084984e+04      -1.161185902495e-05      -1.819149600137e+04       8.790677358889e-06       8.790677358889e-06       3.659084169968e+04       1.160102715334e+01       1.467838996150e-05      -7.620115215702e-12      -5.800513577114e+00      -7.985241047335e-03      -5.800513576671e+00      -1.575901562216e-02 
       2.734588651927e+01      -1.183942593623e-05      -1.798639598419e+04      -1.843454012756e+04      -1.067044802186e-05      -1.832958008034e+04       8.078048213628e-06       8.078048213628e-06       3.686908025511e+04       1.168912819446e+01       1.348848442175e-05      -7.023961635204e-12      -5.844564097638e+00      -8.356863967226e-03      -5.844564097230e+00      -1.592748946482e-02 
       2.863465844609e+01      -1.087989316969e-05      -1.812212342702e+04      -1.857539335346e+04      -9.805701012841e-06      -1.846936416457e+04       7.423451401068e-06       7.423451401068e-06       3.715078670692e+04       1.177831716313e+01       1.239547754889e-05      -6.476398060648e-12      -5.889158581938e+00      -8.764706763858e-03      -5.889158581563e+00      -1.610300691159e-02 
       2.998416832259e+01      -9.996696993531e-06      -1.825612293341e+04      -1.871471031690e+04      -9.009749357686e-06      -1.860758477522e+04       6.820935322529e-06       6.820935322529e-06       3.742942063380e+04       1.186651734248e+01       1.138943330561e-05      -5.972713268006e-12      -5.933258671584e+00      -9.210386226988e-03      -5.933258671239e+00      -1.628322493278e-02 
       3.139727864015e+01      -9.185931533349e-06      -1.839247138587e+04      -1.885662660758e+04      -8.279074020630e-06      -1.874836052283e+04       6.267830182318e-06       6.267830182318e-06       3.771325321517e+04       1.195635098852e+01       1.046589185946e-05      -5.510302201481e-12      -5.978175494577e+00      -9.697712934378e-03      -5.978175494261e+00      -1.647202031225e-02 
       3.287698679520e+01      -8.441612581899e-06      -1.853124217140e+04      -1.900122582965e+04      -7.608282268499e-06      -1.889177325047e+04       5.760055253224e-06       5.760055253224e-06       3.800245165930e+04       1.204787187299e+01       9.618039939304e-06      -5.086442560209e-12      -6.023935936785e+00      -1.023595598146e-02      -6.023935936494e+00      -1.667091471334e-02 
       3.442643144715e+01      -7.757382626327e-06      -1.867036862768e+04      -1.914645263393e+04      -6.991643981869e-06      -1.903576969016e+04       5.293273896328e-06       5.293273896328e-06       3.829290526785e+04       1.213977218043e+01       8.838636797171e-06      -4.696335016504e-12      -6.069886090482e+00      -1.082684349315e-02      -6.069886090215e+00      -1.687854399273e-02 
       3.604889917583e+01      -7.126436837365e-06      -1.880458361698e+04      -1.928698688933e+04      -6.423025745580e-06      -1.917504801598e+04       4.862844532357e-06       4.862844532357e-06       3.857397377865e+04       1.222867339857e+01       8.119932628305e-06      -4.337241084069e-12      -6.114336699531e+00      -1.146967438548e-02      -6.114336699285e+00      -1.709057361138e-02 
       3.774783145282e+01      -6.548506006345e-06      -1.894455968377e+04      -1.943365407402e+04      -5.902186062543e-06      -1.932038937711e+04       4.468582699715e-06       4.468582699715e-06       3.886730814804e+04       1.232144968447e+01       7.461618883782e-06      -4.008272640299e-12      -6.160724842462e+00      -1.218038200623e-02      -6.160724842236e+00      -1.731809920261e-02 
       3.952683194126e+01      -6.014767563180e-06      -1.907678575721e+04      -1.957283349024e+04      -5.421173394476e-06      -1.945821585131e+04       4.104468638711e-06       4.104468638711e-06       3.914566698048e+04       1.240944254607e+01       6.853643928793e-06      -3.704400295211e-12      -6.204721273242e+00      -1.295630152591e-02      -6.204721273034e+00      -1.754987591021e-02 
       4.138967413970e+01      -5.526306060936e-06      -1.921596125831e+04      -1.971942097963e+04      -4.980965437452e-06      -1.960336448418e+04       3.771243196572e-06       3.771243196572e-06       3.943884195927e+04       1.250211539069e+01       6.297245033773e-06      -3.426631196504e-12      -6.251057695538e+00      -1.381320108999e-02      -6.251057695347e+00      -1.780021111182e-02 
       4.334030938621e+01      -5.074160463581e-06      -1.934298299672e+04      -1.985412254246e+04      -4.573485793816e-06      -1.973660744544e+04       3.462792179584e-06       3.462792179584e-06       3.970824508493e+04       1.258720703675e+01       5.782212910707e-06      -3.169325223062e-12      -6.293603518549e+00      -1.474599800864e-02      -6.293603518374e+00      -1.805297574163e-02 
       4.538287523966e+01      -4.657936663492e-06      -1.946604143558e+04      -1.998526991960e+04      -4.198379646744e-06      -1.986623865726e+04       3.178846616732e-06       3.178846616732e-06       3.997053983920e+04       1.267000670310e+01       5.308098321772e-06      -2.932932867863e-12      -6.335003351710e+00      -1.576837385689e-02      -6.335003351549e+00      -1.831693029506e-02 
       4.752170425608e+01      -4.280413923593e-06      -1.961070663502e+04      -2.013881924083e+04      -3.858152310783e-06      -2.001810491913e+04       2.921304891006e-06       2.921304891006e-06       4.027763848166e+04       1.276700166828e+01       4.878071704312e-06      -2.718640514135e-12      -6.383500834289e+00      -1.691184588427e-02      -6.383500834141e+00      -1.861763598643e-02 
       4.976133317857e+01      -3.930149463915e-06      -1.973914596961e+04      -2.027650238795e+04      -3.542490160602e-06      -2.015407831000e+04       2.682358777859e-06       2.682358777859e-06       4.055300477591e+04       1.285387783638e+01       4.479095015563e-06      -2.519909882154e-12      -6.426938918328e+00      -1.815636367587e-02      -6.426938918192e+00      -1.892154412083e-02 
       5.210651256035e+01      -3.607932558228e-06      -1.986463565454e+04      -2.041180542484e+04      -3.252104904213e-06      -2.028758663529e+04       2.462545773520e-06       2.462545773520e-06       4.082361084968e+04       1.293919647691e+01       4.112065320984e-06      -2.337108710042e-12      -6.469598238577e+00      -1.951745819953e-02      -6.469598238453e+00      -1.924179673916e-02 
       5.456221684132e+01      -3.312624029448e-06      -1.999351189686e+04      -2.055123110480e+04      -2.985970189729e-06      -2.042509429485e+04       2.261090756480e-06       2.261090756480e-06       4.110246220961e+04       1.302708600053e+01       3.775688965526e-06      -2.170005146910e-12      -6.513543000379e+00      -2.102198259109e-02      -6.513543000264e+00      -1.958776958237e-02 
       5.713365489949e+01      -3.043212231351e-06      -2.013431563641e+04      -2.070351990199e+04      -2.743174519266e-06      -2.057529403031e+04       2.077303603395e-06       2.077303603395e-06       4.140703980398e+04       1.312309173161e+01       3.468813576971e-06      -2.017612066986e-12      -6.561545865911e+00      -2.269252559887e-02      -6.561545865806e+00      -1.996994101328e-02 
       5.982628109974e+01      -2.792965659651e-06      -2.025548033408e+04      -2.083670796120e+04      -2.517650466205e-06      -2.070634435777e+04       1.906590200198e-06       1.906590200198e-06       4.167341592240e+04       1.320690727168e+01       3.183767783843e-06      -1.875803920557e-12      -6.603453635938e+00      -2.451104689432e-02      -6.603453635841e+00      -2.036008895985e-02 
       6.264580686326e+01      -2.565120614458e-06      -2.039147308606e+04      -2.098587298050e+04      -2.312315474346e-06      -2.085316127236e+04       1.751159989504e-06       1.751159989504e-06       4.197174596099e+04       1.330080378334e+01       2.924241110420e-06      -1.747382166784e-12      -6.650401891760e+00      -2.652885021172e-02      -6.650401891671e+00      -2.079411159192e-02 
       6.559821278220e+01      -2.356125118654e-06      -2.053006860856e+04      -2.113870422462e+04      -2.123968201317e-06      -2.100347056004e+04       1.608588598859e-06       1.608588598859e-06       4.227740844924e+04       1.339695298496e+01       2.686185147387e-06      -1.629532765636e-12      -6.698476492561e+00      -2.875140245267e-02      -6.698476492479e+00      -2.126307811598e-02 
       6.868976130536e+01      -2.161572072508e-06      -2.064398178490e+04      -2.126754361713e+04      -1.948636000345e-06      -2.112972461053e+04       1.475868829566e-06       1.475868829566e-06       4.253508723427e+04       1.347779024632e+01       2.464578659044e-06      -1.519675125808e-12      -6.738895123233e+00      -3.116219670489e-02      -6.738895123159e+00      -2.174243552164e-02 
       7.192701002165e+01      -1.985932485184e-06      -2.078790655826e+04      -2.142816832770e+04      -1.790349908115e-06      -2.128742583604e+04       1.356054272739e-06       1.356054272739e-06       4.285633665539e+04       1.357872209471e+01       2.264521068448e-06      -1.421044837872e-12      -6.789361047423e+00      -3.386985016244e-02      -6.789361047354e+00      -2.229349954741e-02 
       7.531682556961e+01      -1.818600738932e-06      -2.086290051712e+04      -2.151989631212e+04      -1.639548970182e-06      -2.137635428797e+04       1.241902673670e-06       1.241902673670e-06       4.303979262423e+04       1.363581883677e+01       2.073918104795e-06      -1.326192045130e-12      -6.817909418448e+00      -3.672346922062e-02      -6.817909418384e+00      -2.281265511594e-02 
       7.886639820251e+01      -1.668133495748e-06      -2.097238397616e+04      -2.164822367422e+04      -1.503947733860e-06      -2.150148216027e+04       1.139258614704e-06       1.139258614704e-06       4.329644734845e+04       1.371604784037e+01       1.902530295942e-06      -1.241523154779e-12      -6.858023920241e+00      -3.993254657791e-02      -6.858023920183e+00      -2.341651049074e-02 
       8.258325703979e+01      -1.530435464496e-06      -2.108589992237e+04      -2.178227251908e+04      -1.379854451859e-06      -2.163205559124e+04       1.045325905280e-06       1.045325905280e-06       4.356454503816e+04       1.379979380511e+01       1.745688197595e-06      -1.164187424374e-12      -6.899896902610e+00      -4.346989322098e-02      -6.899896902557e+00      -2.407627220679e-02 
       8.647528603739e+01      -1.406704424274e-06      -2.123857393553e+04      -2.195813793179e+04      -1.268349579872e-06      -2.180394970284e+04       9.609241188750e-07       9.609241188750e-07       4.391627586357e+04       1.390995057041e+01       1.604760842782e-06      -1.095376320322e-12      -6.954975285252e+00      -4.745185104572e-02      -6.954975285203e+00      -2.483882218991e-02 
       9.055074071062e+01      -1.289949711030e-06      -2.133989426631e+04      -2.208349136930e+04      -1.163136985277e-06      -2.192529448478e+04       8.812504610573e-07       8.812504610573e-07       4.416698273860e+04       1.398765444777e+01       1.471716675795e-06      -1.029874550527e-12      -6.993827223928e+00      -5.172119064001e-02      -6.993827223883e+00      -2.560588580369e-02 
       9.481826564525e+01      -1.182180236448e-06      -2.142883521413e+04      -2.219829998488e+04      -1.066008839009e-06      -2.203582619413e+04       8.077617055526e-07       8.077617055526e-07       4.439659996977e+04       1.405903042313e+01       1.349021201352e-06      -9.693565571827e-13      -7.029515211607e+00      -5.638118865484e-02      -7.029515211566e+00      -2.642633508314e-02 
       9.928691283381e+01      -1.083010031130e-06      -2.150790571451e+04      -2.230528492806e+04      -9.766366146265e-07      -2.213822755414e+04       7.401108462898e-07       7.401108462898e-07       4.461056985613e+04       1.412502480124e+01       1.236062538923e-06      -9.135504223127e-13      -7.062512400656e+00      -6.147555618112e-02      -7.062512400619e+00      -2.730821207853e-02 
       1.039661608761e+02      -9.963332334017e-07      -2.167727597169e+04      -2.250762477965e+04      -8.985262974433e-07      -2.233501116143e+04       6.809889973267e-07       6.809889973267e-07       4.501524955931e+04       1.425131571909e+01       1.137346420292e-06      -8.662137648374e-13      -7.125657859581e+00      -6.736924491597e-02      -7.125657859546e+00      -2.839090596057e-02 
       1.088659350846e+02      -9.129686522263e-07      -2.175904103511e+04      -2.262284656585e+04      -8.233985580491e-07      -2.244476372253e+04       6.241212344879e-07       6.241212344879e-07       4.524569313169e+04       1.432214990355e+01       1.042392829463e-06      -8.195310860344e-13      -7.161074951805e+00      -7.357044887937e-02      -7.161074951773e+00      -2.945250831260e-02 
       1.139966285374e+02      -8.376845991399e-07      -2.186823266000e+04      -2.276944254818e+04      -7.555541201419e-07      -2.258521178620e+04       5.727671315003e-07       5.727671315003e-07       4.553888509636e+04       1.441264689416e+01       9.566457329650e-07      -7.778848124399e-13      -7.206323447107e+00      -8.049654817161e-02      -7.206323447078e+00      -3.065244058600e-02 
       1.193691241231e+02      -7.662195371146e-07      -2.190704554862e+04      -2.284673073381e+04      -6.911490133994e-07      -2.265631398314e+04       5.240143433601e-07       5.240143433601e-07       4.569346146763e+04       1.445898637381e+01       8.752414333701e-07      -7.373168385977e-13      -7.229493186930e+00      -8.780304455453e-02      -7.229493186903e+00      -3.185684589886e-02 
       1.249948176251e+02      -7.034280695199e-07      -2.202486424560e+04      -2.300944019114e+04      -6.345630866610e-07      -2.281166985396e+04       4.811837994640e-07       4.811837994640e-07       4.601888038228e+04       1.455919965444e+01       8.037268272625e-07      -7.028531602736e-13      -7.279599827243e+00      -9.618857758072e-02      -7.279599827218e+00      -3.329792712835e-02 
       1.308856418936e+02      -6.437973303776e-07      -2.207220092502e+04      -2.310321430905e+04      -5.808237293635e-07      -2.289797692148e+04       4.405051926307e-07       4.405051926307e-07       4.620642861810e+04       1.461545036874e+01       7.358044529203e-07      -6.692600138579e-13      -7.307725184392e+00      -1.050869302638e-01      -7.307725184369e+00      -3.476450359149e-02 
       1.370540921568e+02      -5.907695620924e-07      -2.217533205101e+04      -2.325941801869e+04      -5.330366000680e-07      -2.304555464165e+04       4.043347642624e-07       4.043347642624e-07       4.651883603737e+04       1.471093559829e+01       6.754103785076e-07      -6.401556299246e-13      -7.355467799164e+00      -1.151476352835e-01      -7.355467799143e+00      -3.646252398653e-02 
       1.435132525246e+02      -5.406406634506e-07      -2.221509220539e+04      -2.335449734040e+04      -4.878602110471e-07      -2.313176995962e+04       3.701372400107e-07       3.701372400107e-07       4.670899468080e+04       1.476736306266e+01       6.183094272596e-07      -6.118245569008e-13      -7.383681531349e+00      -1.258317789735e-01      -7.383681531330e+00      -3.820952983771e-02 
       1.502768237421e+02      -4.948143292619e-07      -2.225374851907e+04      -2.345366076659e+04      -4.465614905076e-07      -2.322124716741e+04       3.388749433141e-07       3.388749433141e-07       4.690732153317e+04       1.482600862891e+01       5.661095140013e-07      -5.859407091594e-13      -7.413004314473e+00      -1.375726777106e-01      -7.413004314455e+00      -4.012512457824e-02 
       1.573591522508e+02      -4.543375489441e-07      -2.236134114828e+04      -2.363095019986e+04      -4.100856096152e-07      -2.338726089974e+04       3.112671408691e-07       3.112671408691e-07       4.726190039972e+04       1.493370138090e+01       5.200128793343e-07      -5.641167385680e-13      -7.466850690467e+00      -1.509243317361e-01      -7.466850690451e+00      -4.235479200098e-02 
       1.647752606189e+02      -4.144841938969e-07      -2.232002554981e+04      -2.365782482657e+04      -3.741671820819e-07      -2.340337866772e+04       2.840746463244e-07       2.840746463244e-07       4.731564965314e+04       1.494581872640e+01       4.746074971283e-07      -5.403870298944e-13      -7.472909363213e+00      -1.644376734328e-01      -7.472909363198e+00      -4.449032126486e-02 
       1.725408794066e+02      -3.801907642042e-07      -2.239652501904e+04      -2.381585995143e+04      -3.432630318879e-07      -2.354831543182e+04       2.606836292873e-07       2.606836292873e-07       4.763171990286e+04       1.504041669625e+01       4.355515006026e-07      -5.217841645478e-13      -7.520208348139e+00      -1.802734903703e-01      -7.520208348126e+00      -4.709340469957e-02 
       1.806724805324e+02      -3.478347573520e-07      -2.241025548853e+04      -2.391489554187e+04      -3.141031353527e-07      -2.363377155451e+04       2.386090690632e-07       2.386090690632e-07       4.782979108374e+04       1.509718003747e+01       3.986923542881e-07      -5.030878757660e-13      -7.548590018747e+00      -1.970516617626e-01      -7.548590018735e+00      -4.979704403973e-02 
       1.891873122127e+02      -3.187300207985e-07      -2.245380494394e+04      -2.405382751119e+04      -2.878743149151e-07      -2.375746694618e+04       2.187530140218e-07       2.187530140218e-07       4.810765502238e+04       1.517853487079e+01       3.655374493147e-07      -4.867099373610e-13      -7.589267435409e+00      -2.156925922619e-01      -7.589267435397e+00      -5.282371824191e-02 
       1.981034355469e+02      -2.902898710552e-07      -2.235538850004e+04      -2.404934117660e+04      -2.622399433770e-07      -2.373824123937e+04       1.993436700397e-07       1.993436700397e-07       4.809868235321e+04       1.516886194688e+01       3.331273542351e-07      -4.687399344237e-13      -7.584430973451e+00      -2.346217393169e-01      -7.584430973441e+00      -5.578179438069e-02 
       2.074397628281e+02      -2.680917266080e-07      -2.256343607324e+04      -2.438425569798e+04      -2.422398901933e-07      -2.405260805235e+04       1.842112219350e-07       1.842112219350e-07       4.876851139595e+04       1.537263644787e+01       3.078624713216e-07      -4.588136271534e-13      -7.686318223944e+00      -2.589048377811e-01      -7.686318223934e+00      -5.984685578945e-02 
       2.172160976582e+02      -2.428069212384e-07      -2.232646315043e+04      -2.424841794245e+04      -2.194452315680e-07      -2.390114619090e+04       1.669446999513e-07       1.669446999513e-07       4.849683588490e+04       1.527886571588e+01       2.790280920105e-07      -4.404574225367e-13      -7.639432857950e+00      -2.798622484216e-01      -7.639432857941e+00      -6.301802982890e-02 
       2.274531769542e+02      -2.225384700116e-07      -2.234928014798e+04      -2.440486806093e+04      -2.011788931770e-07      -2.403632119701e+04       1.531164688658e-07       1.531164688658e-07       4.880973612187e+04       1.536861819397e+01       2.559382144373e-07      -4.288354429670e-13      -7.684309096992e+00      -3.062339411943e-01      -7.684309096984e+00      -6.726823803860e-02 
       2.381727149336e+02      -2.040594983787e-07      -2.237510183904e+04      -2.457715930654e+04      -1.845251595641e-07      -2.418529217517e+04       1.405093557993e-07       1.405093557993e-07       4.915431861308e+04       1.546752842049e+01       2.348874217076e-07      -4.181658586255e-13      -7.733764210253e+00      -3.351301446364e-01      -7.733764210245e+00      -7.192601799120e-02 
       2.493974491737e+02      -1.857252642054e-07      -2.222657420747e+04      -2.456982114490e+04      -1.679969478439e-07      -2.415579988911e+04       1.279897896983e-07       1.279897896983e-07       4.913964228979e+04       1.545256542136e+01       2.139803424356e-07      -4.051343600658e-13      -7.726282710685e+00      -3.638236774345e-01      -7.726282710678e+00      -7.640960863524e-02 
       2.611511888409e+02      -1.695555415535e-07      -2.213770069912e+04      -2.464109011855e+04      -1.534210279306e-07      -2.420179143197e+04       1.169503199371e-07       1.169503199371e-07       4.928218023711e+04       1.548620903709e+01       1.955453828915e-07      -3.941464964409e-13      -7.743104518554e+00      -3.960357206140e-01      -7.743104518547e+00      -8.150606668616e-02 
       2.734588651927e+02      -1.556332862152e-07      -2.215886175063e+04      -2.485034401353e+04      -1.408735466331e-07      -2.438112049305e+04       1.074502817215e-07       1.074502817215e-07       4.970068802706e+04       1.560554222173e+01       1.796821767848e-07      -3.858858367226e-13      -7.802771110873e+00      -4.332374112338e-01      -7.802771110867e+00      -8.749259693729e-02 
       2.863465844609e+02      -1.404956128376e-07      -2.180542993549e+04      -2.465089783783e+04      -1.272202849351e-07      -2.415787163657e+04       9.709850977421e-08       9.709850977421e-08       4.930179567566e+04       1.546747395799e+01       1.623919483146e-07      -3.717885374915e-13      -7.733736978999e+00      -4.658221892689e-01      -7.733736978993e+00      -9.243283059920e-02 
       2.998416832259e+02      -1.287432334598e-07      -2.176923984721e+04      -2.482625822521e+04      -1.166264696461e-07      -2.429968776174e+04       8.907474461849e-08       8.907474461849e-08       4.965251645043e+04       1.556352920758e+01       1.489928718254e-07      -3.638412155098e-13      -7.781764603797e+00      -5.080753157212e-01      -7.781764603792e+00      -9.918287464386e-02 
       3.139727864015e+02      -1.180583373096e-07      -2.173719044224e+04      -2.502496584986e+04      -1.069948518152e-07      -2.446179172091e+04       8.177906748219e-08       8.177906748219e-08       5.004993169973e+04       1.567300116375e+01       1.368094220106e-07      -3.565410358804e-13      -7.836500581882e+00      -5.542793890930e-01      -7.836500581877e+00      -1.065696379945e-01 
       3.287698679520e+02      -1.065436049240e-07      -2.135178304046e+04      -2.482897684686e+04      -9.660534106058e-08      -2.423643031698e+04       7.389627410630e-08       7.389627410630e-08       4.965795369372e+04       1.553455288331e+01       1.236412129474e-07      -3.438973121429e-13      -7.767276441661e+00      -5.945131856140e-01      -7.767276441657e+00      -1.127096032892e-01 
