# Transfer functions T_i(k) for adiabatic (AD) mode (normalized to initial curvature=1) at redshift z=2.2
# for k=1.03944e-05 to 328.77 h/Mpc,
# number of wavenumbers equal to 605
# d_i   stands for (delta rho_i/rho_i)(k,z) with above normalization 
# d_tot stands for (delta rho_tot/rho_tot)(k,z) with rho_Lambda NOT included in rho_tot
# (note that this differs from the transfer function output from CAMB/CMBFAST, which gives the same
#  quantities divided by -k^2 with k in Mpc^-1; use format=camb to match CAMB)
# t_i   stands for theta_i(k,z) with above normalization 
# t_tot stands for (sum_i [rho_i+p_i] theta_i)/(sum_i [rho_i+p_i]))(k,z)
#
#    1:k (h/Mpc)              2:d_g                    3:d_b                    4:d_cdm                  5:d_ur                   6:d_tot                  7:phi                    8:psi                    9:h                     10:h_prime               11:eta                   12:eta_prime             13:t_g                   14:t_b                   15:t_ur                  16:t_tot              
       1.039441571510e-05      -5.181077396270e-04      -3.886532685164e-04      -3.886532767274e-04      -5.181054531155e-04      -3.887748681095e-04       5.932777045094e-01       5.926988576137e-01       7.773065534549e-04       1.749055873497e-07       9.999986437416e-01      -6.440703924310e-11      -3.299912009796e-11      -2.995678115557e-15      -3.392115631790e-11      -4.225684587597e-14 
       1.088428943559e-05      -5.680835774270e-04      -4.261498029202e-04      -4.261498127920e-04      -5.680808284692e-04      -4.262831252518e-04       5.932776358424e-01       5.926988040463e-01       8.522996255839e-04       1.917801281193e-07       9.999985128946e-01      -7.062046306262e-11      -3.967316450798e-11      -3.601521750465e-15      -4.078166350711e-11      -5.080324351121e-14 
       1.139725019325e-05      -6.228788916550e-04      -4.672639088781e-04      -4.672639207463e-04      -6.228755867731e-04      -4.674100831160e-04       5.932775354965e-01       5.926987202715e-01       9.345278414926e-04       2.102827000746e-07       9.999983694269e-01      -7.743222150653e-11      -4.769697154313e-11      -4.329862427799e-15      -4.902963520415e-11      -6.107806071674e-14 
       1.193438604663e-05      -6.829582651173e-04      -5.123446228403e-04      -5.123446371091e-04      -6.829542918006e-04      -5.125048867328e-04       5.932774315492e-01       5.926986347428e-01       1.024689274218e-03       2.305703575791e-07       9.999982121174e-01      -8.490146104482e-11      -5.734345390941e-11      -5.205689969951e-15      -5.894565290138e-11      -7.343083018380e-14 
       1.249683633289e-05      -7.488309759583e-04      -5.617746242181e-04      -5.617746413730e-04      -7.488261990455e-04      -5.619503344843e-04       5.932773110827e-01       5.926985344356e-01       1.123549282746e-03       2.528153278017e-07       9.999980396351e-01      -9.309095313010e-11      -6.894078920112e-11      -6.258632661481e-15      -7.086703063647e-11      -8.828175529211e-14 
       1.308579408449e-05      -8.210553651976e-04      -6.159735351126e-04      -6.159735557369e-04      -8.210496222232e-04      -6.161661788391e-04       5.932771885432e-01       5.926984337780e-01       1.231947111474e-03       2.772064378971e-07       9.999978505098e-01      -1.020702773136e-10      -8.288352818564e-11      -7.524348459489e-15      -8.519928903221e-11      -1.061360228798e-13 
       1.370250855978e-05      -9.002434858706e-04      -6.754014370142e-04      -6.754014618098e-04      -9.002365814448e-04      -6.756126441177e-04       5.932770501079e-01       5.926983194446e-01       1.350802923620e-03       3.039507495656e-07       9.999976431413e-01      -1.119158622489e-10      -9.964586196552e-11      -9.046078709849e-15      -1.024299361346e-10      -1.276009209226e-13 
       1.434828789286e-05      -9.870663085070e-04      -7.405628100728e-04      -7.405628398833e-04      -9.870580077618e-04      -7.407943669552e-04       5.932768966873e-01       5.926981924547e-01       1.481125679767e-03       3.332752924600e-07       9.999974157675e-01      -1.227103606418e-10      -1.197979682796e-10      -1.087560991425e-14      -1.231450490334e-10      -1.534065749811e-13 
       1.502450186827e-05      -1.082259339015e-03      -8.120107892146e-04      -8.120108250543e-04      -1.082249359600e-03      -8.122646536998e-04       5.932767159897e-01       5.926980406703e-01       1.624021650109e-03       3.654290100184e-07       9.999971664589e-01      -1.345457865502e-10      -1.440252986347e-10      -1.307497072721e-14      -1.480491928101e-10      -1.844306856600e-13 
       1.573258482650e-05      -1.186628922431e-03      -8.903519430491e-04      -8.903519861377e-04      -1.186616924798e-03      -8.906302607571e-04       5.932765437783e-01       5.926979003567e-01       1.780703972275e-03       4.006848180719e-07       9.999968931005e-01      -1.475225755707e-10      -1.731517236445e-10      -1.571957658469e-14      -1.779893812093e-10      -2.217284166067e-13 
       1.647403870647e-05      -1.301058796782e-03      -9.762512511935e-04      -9.762513029959e-04      -1.301044373086e-03      -9.765563733995e-04       5.932763420424e-01       5.926977333938e-01       1.952502605992e-03       4.393420320074e-07       9.999965933729e-01      -1.617506975816e-10      -2.081680032414e-10      -1.889856877618e-14      -2.139838427727e-10      -2.665682450832e-13 
       1.725043623124e-05      -1.426517730195e-03      -1.070437905181e-03      -1.070437967461e-03      -1.426500389636e-03      -1.070772408408e-03       5.932761123639e-01       5.926975418976e-01       2.140875934921e-03       4.817288070273e-07       9.999962647305e-01      -1.773496724261e-10      -2.502648189091e-10      -2.272046677975e-14      -2.572566438532e-10      -3.204750186498e-13 
       1.806342424406e-05      -1.564067638451e-03      -1.173711486733e-03      -1.173711561608e-03      -1.564046791347e-03      -1.174078194170e-03       5.932758759391e-01       5.926973474204e-01       2.347423123216e-03       5.282049309905e-07       9.999959043851e-01      -1.944537201258e-10      -3.008736677915e-10      -2.731568092234e-14      -3.092792894533e-10      -3.852819092449e-13 
       1.891472720151e-05      -1.714872327290e-03      -1.286948630202e-03      -1.286948720221e-03      -1.714847264260e-03      -1.287350635086e-03       5.932756079650e-01       5.926971254939e-01       2.573897440442e-03       5.791649589071e-07       9.999955092863e-01      -2.132059428033e-10      -3.617153473998e-10      -3.284027814710e-14      -3.718206950867e-10      -4.631924721455e-13 
       1.980615083129e-05      -1.880207433150e-03      -1.411110608344e-03      -1.411110716567e-03      -1.880177302424e-03      -1.411551299564e-03       5.932753161444e-01       5.926968839463e-01       2.822221433134e-03       6.350414685467e-07       9.999950760685e-01      -2.337650434661e-10      -4.348588770188e-10      -3.948103604760e-14      -4.470072860524e-10      -5.568558050082e-13 
       2.073958596245e-05      -2.061470994456e-03      -1.547251412560e-03      -1.547251542669e-03      -2.061434771264e-03      -1.547734502615e-03       5.932749977097e-01       5.926966206903e-01       3.094503085337e-03       6.963087835464e-07       9.999946010676e-01      -2.563062989156e-10      -5.227907001630e-10      -4.746498464408e-14      -5.373952523449e-10      -6.694562563391e-13 
       2.171701253604e-05      -2.260195144556e-03      -1.696526710616e-03      -1.696526867039e-03      -2.260151596678e-03      -1.697056266162e-03       5.932746475620e-01       5.926963311527e-01       3.393053734078e-03       7.634869917603e-07       9.999940802479e-01      -2.810199255410e-10      -6.284999451885e-10      -5.706402505686e-14      -6.460573041968e-10      -8.048216547732e-13 
       2.274050380486e-05      -2.478058900959e-03      -1.860203661793e-03      -1.860203849848e-03      -2.478006548469e-03      -1.860784136986e-03       5.932742602723e-01       5.926960101964e-01       3.720407699695e-03       8.371463572157e-07       9.999935091942e-01      -3.081146075173e-10      -7.555803245983e-10      -6.860346149353e-14      -7.766870395074e-10      -9.675534924512e-13 
       2.381223073113e-05      -2.716902187267e-03      -2.039671698583e-03      -2.039671924670e-03      -2.716839249313e-03      -2.040307971513e-03       5.932738375750e-01       5.926956603274e-01       4.079343849341e-03       9.179121430507e-07       9.999928830614e-01      -3.378200431401e-10      -9.083505804064e-10      -8.247672565568e-14      -9.337243105157e-10      -1.163182552664e-12 
       2.493446659134e-05      -2.978741058155e-03      -2.236454272025e-03      -2.236454543836e-03      -2.978665395285e-03      -2.237151684420e-03       5.932733736183e-01       5.926952761924e-01       4.472909087671e-03       1.006469949268e-06       9.999921965356e-01      -3.703864395623e-10      -1.092002860946e-09      -9.915490346584e-14      -1.122505889850e-09      -1.398357341058e-12 
       2.610959179822e-05      -3.265784443821e-03      -2.452221795389e-03      -2.452222122159e-03      -3.265693485085e-03      -2.452986195929e-03       5.932728598461e-01       5.926948497593e-01       4.904444244318e-03       1.103571524584e-06       9.999914438020e-01      -4.060894881637e-10      -1.312778356992e-09      -1.192019930817e-13      -1.349446573405e-09      -1.681069177745e-12 
       2.734009894987e-05      -3.580452591139e-03      -2.688805938089e-03      -2.688806330942e-03      -3.580343243272e-03      -2.689643729680e-03       5.932723124770e-01       5.926943984057e-01       5.377612661884e-03       1.210041069893e-06       9.999906184653e-01      -4.452340466155e-10      -1.578176535222e-09      -1.433078478116e-13      -1.622256745562e-09      -2.020923582548e-12 
       2.862859811694e-05      -3.925396647098e-03      -2.948214879210e-03      -2.948215351503e-03      -3.925265194256e-03      -2.949133070323e-03       5.932717021353e-01       5.926938932200e-01       5.896430703006e-03       1.326782426583e-06       9.999897135341e-01      -4.881454614541e-10      -1.897214519810e-09      -1.722842853013e-13      -1.950203779083e-09      -2.429465457230e-12 
       2.997782237893e-05      -4.303520934404e-03      -3.232650681644e-03      -3.232651249439e-03      -4.303362909625e-03      -3.233656942354e-03       5.932710330571e-01       5.926933394124e-01       6.465302498877e-03       1.454786531068e-06       9.999887213361e-01      -5.351879382382e-10      -2.280728235547e-09      -2.071182422758e-13      -2.344426277612e-09      -2.920571148933e-12 
       3.139063362138e-05      -4.718006549530e-03      -3.544527801014e-03      -3.544528483617e-03      -4.717816583739e-03      -3.545630523871e-03       5.932702994644e-01       5.926927321812e-01       7.089056967234e-03       1.595139943301e-06       9.999876334588e-01      -5.867583232076e-10      -2.741741555964e-09      -2.489935128470e-13      -2.818311416574e-09      -3.510918233133e-12 
       3.287002860635e-05      -5.172337444941e-03      -3.886493617866e-03      -3.886494438487e-03      -5.172109084262e-03      -3.887701984061e-03       5.932694951437e-01       5.926920663958e-01       7.772988876974e-03       1.749034041956e-06       9.999864406752e-01      -6.432912233947e-10      -3.295906947511e-09      -2.993332253695e-13      -3.387948382646e-09      -4.220550412987e-12 
       3.441914532896e-05      -5.670328848016e-03      -4.261450919978e-03      -4.261451906518e-03      -5.670054335267e-03      -4.262774971184e-03       5.932686152641e-01       5.926913383851e-01       8.522903813035e-03       1.917775126170e-06       9.999851328815e-01      -7.052602761249e-10      -3.962035675022e-09      -3.598462149814e-13      -4.072673140388e-09      -5.073556064955e-12 
       3.604126967346e-05      -6.216158130244e-03      -4.672582458686e-03      -4.672583644676e-03      -6.215828145159e-03      -4.674033174939e-03       5.932676458385e-01       5.926905354116e-01       9.345167289352e-03       2.102795552307e-06       9.999836989921e-01      -7.731912432068e-10      -4.762735341559e-09      -4.325897462144e-13      -4.895722641401e-09      -6.098884808117e-12 
       3.773984238309e-05      -6.814398847444e-03      -5.123378153602e-03      -5.123379579378e-03      -6.814002179909e-03      -5.124967537774e-03       5.932665886438e-01       5.926896607732e-01       1.024675915876e-02       2.305665763893e-06       9.999821268545e-01      -8.476552059165e-10      -5.725169895790e-09      -5.200374857177e-13      -5.885020802349e-09      -7.331323009271e-12 
       3.951846635827e-05      -7.470057096880e-03      -5.617664404747e-03      -5.617666118773e-03      -7.469580282813e-03      -5.619405573750e-03       5.932654235823e-01       5.926886957976e-01       1.123533223755e-02       2.528107815085e-06       9.999804031490e-01      -9.292757656772e-10      -6.881986602573e-09      -6.251568278737e-13      -7.074122193877e-09      -8.812675002616e-12 
       4.138091429893e-05      -8.188612072289e-03      -6.159636922852e-03      -6.159638983375e-03      -8.188038928477e-03      -6.161544206336e-03       5.932641505514e-01       5.926876420976e-01       1.231927796675e-02       2.772009750421e-06       9.999785132824e-01      -1.018741550542e-09      -8.272410110512e-09      -7.515162883358e-13      -8.503345736013e-09      -1.059317002685e-11 
       4.333113670686e-05      -8.976059183873e-03      -6.753896004399e-03      -6.753898481411e-03      -8.975370269835e-03      -6.755985051047e-03       5.932627526819e-01       5.926864845314e-01       1.350779696282e-02       3.039441839715e-06       9.999764412473e-01      -1.116791905991e-09      -9.943575129129e-09      -9.033911843512e-13      -1.022113526866e-08      -1.273316159417e-11 
       4.537327026525e-05      -9.838957718266e-03      -7.405485754866e-03      -7.405488732614e-03      -9.838129645836e-03      -7.407773647020e-03       5.932612172675e-01       5.926852127064e-01       1.481097746523e-02       3.332674020799e-06       9.999741695046e-01      -1.224261184155e-09      -1.195209807208e-08      -1.085967224608e-12      -1.228569371900e-08      -1.530515913324e-11 
       4.751164661317e-05      -1.078448235729e-02      -8.119937006363e-03      -8.119940585978e-03      -1.078348705279e-02      -8.122442382811e-03       5.932595427048e-01       5.926838269957e-01       1.623988117196e-02       3.654195082400e-06       9.999716788128e-01      -1.342043411500e-09      -1.436601602772e-08      -1.305421681702e-12      -1.476694447372e-08      -1.839627969614e-11 
       4.975080153356e-05      -1.182047846711e-02      -8.903313780774e-03      -8.903318083852e-03      -1.181928218811e-02      -8.906056968528e-03       5.932577016324e-01       5.926823024747e-01       1.780663616770e-02       4.006734083619e-06       9.999689481114e-01      -1.471120931668e-09      -1.726705196231e-08      -1.569190152571e-12      -1.774888508055e-08      -2.211117133291e-11 
       5.209548457420e-05      -1.295552322689e-02      -9.762265263464e-03      -9.762270436062e-03      -1.295408545263e-02      -9.765268418446e-03       5.932556829282e-01       5.926806305825e-01       1.952454087212e-02       4.393283162032e-06       9.999659542965e-01      -1.612571841674e-09      -2.075337962404e-08      -1.886194265386e-12      -2.133241276054e-08      -2.657554130858e-11 
       5.455066912219e-05      -1.419899085326e-02      -1.070408193693e-02      -1.070408815488e-02      -1.419726283723e-02      -1.070736919417e-02       5.932534690187e-01       5.926787969891e-01       2.140817630976e-02       4.817123097886e-06       9.999626720501e-01      -1.767567655076e-09      -2.494288282957e-08      -2.267255637197e-12      -2.563871370158e-08      -3.194036834370e-11 
       5.712156295313e-05      -1.556112335178e-02      -1.173675755443e-02      -1.173676502875e-02      -1.555904659750e-02      -1.174035518657e-02       5.932510443715e-01       5.926767890276e-01       2.347353005750e-02       5.281851061603e-06       9.999590736217e-01      -1.937404080457e-09      -2.997718825869e-08      -2.725220989776e-12      -3.081332897298e-08      -3.838698815488e-11 
       5.981361927751e-05      -1.705310695453e-02      -1.286905684515e-02      -1.286906582955e-02      -1.705061117631e-02      -1.287299343071e-02       5.932483885045e-01       5.926745897516e-01       2.573813165909e-02       5.791411192222e-06       9.999551286144e-01      -2.123483859213e-09      -3.602634115798e-08      -3.275598340667e-12      -3.703103127481e-08      -4.613315020254e-11 
       6.263254830773e-05      -1.868715422974e-02      -1.411058977204e-02      -1.411060057140e-02      -1.868415499353e-02      -1.411489637174e-02       5.932454733746e-01       5.926721749776e-01       2.822120114280e-02       6.350128106303e-06       9.999508037162e-01      -2.327347395894e-09      -4.329451709917e-08      -3.937046266331e-12      -4.450167107286e-08      -5.544031449994e-11 
       6.558432937020e-05      -2.047659279882e-02      -1.547189322496e-02      -1.547190620572e-02      -2.047298870196e-02      -1.547660356610e-02       5.932422727914e-01       5.926695226674e-01       3.094381241145e-02       6.962743449511e-06       9.999460623929e-01      -2.550682208011e-09      -5.202685166078e-08      -4.731988032721e-12      -5.347718625843e-08      -6.662239068315e-11 
       6.867522358831e-05      -2.243596071134e-02      -1.696452073350e-02      -1.696453633576e-02      -2.243163000649e-02      -1.696967140087e-02       5.932387726894e-01       5.926666231646e-01       3.392907267152e-02       7.634455876629e-06       9.999408646556e-01      -2.795313008345e-09      -6.251763117050e-08      -5.687158730568e-12      -6.426000321870e-08      -8.005618593766e-11 
       7.191178716309e-05      -2.458110689368e-02      -1.860113948339e-02      -1.860115823648e-02      -2.457590329277e-02      -1.860677011601e-02       5.932349344727e-01       5.926634430925e-01       3.720231647296e-02       8.370965754871e-06       9.999351666790e-01      -3.063253512673e-09      -7.511999782011e-08      -6.835072433541e-12      -7.721309517376e-08      -9.619396788733e-11 
       7.530088527984e-05      -2.692930011638e-02      -2.039563841332e-02      -2.039566095269e-02      -2.692304808806e-02      -2.040179190291e-02       5.932307231638e-01       5.926599526314e-01       4.079132190539e-02       9.178523040832e-06       9.999289204503e-01      -3.356701031184e-09      -9.025784533104e-08      -8.214259490142e-12      -9.277203503575e-08      -1.155784745021e-10 
       7.884970667002e-05      -2.949934476549e-02      -2.236324617017e-02      -2.236327325935e-02      -2.949183357806e-02      -2.236996886138e-02       5.932261101914e-01       5.926561292302e-01       4.472654651871e-02       1.006398012692e-05       9.999220733663e-01      -3.678032610726e-09      -1.084396951236e-07      -9.871344819924e-12      -1.114594226980e-07      -1.388608955919e-10 
       8.256577885962e-05      -3.231170201020e-02      -2.452065952143e-02      -2.452069207830e-02      -3.230267859284e-02      -2.452800140837e-02       5.932210525111e-01       5.926519364990e-01       4.904138415660e-02       1.103485036637e-05       9.999145678083e-01      -4.029855185897e-09      -1.302755052787e-07      -1.186256114179e-11      -1.339021435381e-07      -1.668223858078e-10 
       8.645698413597e-05      -3.538861887210e-02      -2.688618541693e-02      -2.688622454346e-02      -3.537777962080e-02      -2.689420033014e-02       5.932155082288e-01       5.926473393405e-01       5.377244908692e-02       1.209937139375e-05       9.999063406929e-01      -4.415021852614e-09      -1.564969899355e-07      -1.425448204069e-11      -1.608520165746e-07      -2.003997868031e-10 
       9.053157626715e-05      -3.875426342478e-02      -2.947989608454e-02      -2.947994310446e-02      -3.874124406384e-02      -2.948864186506e-02       5.932094335574e-01       5.926423017318e-01       5.895988620893e-02       1.326657495119e-05       9.998973228863e-01      -4.836606970039e-09      -1.879813957579e-07      -1.712778745685e-11      -1.932104762811e-07      -2.407164494004e-10 
       9.479819800938e-05      -4.243486508211e-02      -3.232379878306e-02      -3.232385528645e-02      -4.241922852909e-02      -3.233333743398e-02       5.932027749164e-01       5.926367785457e-01       6.464771057291e-02       1.454636361998e-05       9.998874387728e-01      -5.297995142586e-09      -2.257802780664e-07      -2.057915811627e-11      -2.320580585039e-07      -2.891189237833e-10 
       9.926589943941e-05      -4.645886054994e-02      -3.544202266601e-02      -3.544209056233e-02      -4.644008260233e-02      -3.545242047180e-02       5.931954776906e-01       5.926307242926e-01       7.088418112466e-02       1.594959441266e-05       9.998766054782e-01      -5.802850633800e-09      -2.711538642316e-07      -2.472446254013e-11      -2.786896103030e-07      -3.472209136776e-10 
       1.039441571510e-04      -5.085704307363e-02      -3.886102295563e-02      -3.886110453824e-02      -5.083449500357e-02      -3.887235055843e-02       5.931874808384e-01       5.926240879421e-01       7.772220907648e-02       1.748817084850e-05       9.998647323366e-01      -6.355142518956e-09      -3.256118555222e-07      -2.970284711316e-11      -3.346563018208e-07      -4.169556214103e-10 
       1.088428943559e-04      -5.566271357977e-02      -4.260980504962e-02      -4.260990307210e-02      -5.563564165248e-02      -4.262213746568e-02       5.931787176274e-01       5.926168136377e-01       8.521980614419e-02       1.917514367951e-05       9.998517200820e-01      -6.959195687250e-09      -3.909622594972e-07      -3.568133124698e-11      -4.018157145179e-07      -5.006382505354e-10 
       1.139725019325e-04      -6.091183202146e-02      -4.672017018055e-02      -4.672028794767e-02      -6.087933305246e-02      -4.673358673896e-02       5.931691157931e-01       5.926088407582e-01       9.344057589535e-02       2.102482129638e-05       9.998374601192e-01      -7.619721714873e-09      -4.693697552841e-07      -4.285886855353e-11      -4.823915135654e-07      -6.010403866611e-10 
       1.193438604663e-04      -6.664316644729e-02      -5.122698449697e-02      -5.122712597783e-02      -6.660415790479e-02      -5.124156868215e-02       5.931585953657e-01       5.926001023798e-01       1.024542519557e-01       2.305289085489e-05       9.998218335895e-01      -8.341784205943e-09      -5.634241387803e-07      -5.147684116669e-11      -5.790444639116e-07      -7.214786510535e-10 
       1.249683633289e-04      -7.289843433933e-02      -5.616847426010e-02      -5.616864421640e-02      -7.285161985496e-02      -5.618431342086e-02       5.931470694213e-01       5.925905253471e-01       1.123372884328e-01       2.527655087560e-05       9.998047105169e-01      -9.130891162266e-09      -6.762236192248e-07      -6.182101141985e-11      -6.949568706270e-07      -8.659198781873e-10 
       1.308579408449e-04      -7.972243441959e-02      -6.158654913845e-02      -6.158675328344e-02      -7.966626222415e-02      -6.160373404018e-02       5.931344424433e-01       5.925800292440e-01       1.231735065669e-01       2.771465671667e-05       9.997859487119e-01      -9.992979522452e-09      -8.114718793289e-07      -7.423583332405e-11      -8.339328566106e-07      -1.039106532576e-09 
       1.370250855978e-04      -8.716316460197e-02      -6.752715683616e-02      -6.752740203047e-02      -8.709577575171e-02      -6.754578101796e-02       5.931206107601e-01       5.925685269211e-01       1.350548040609e-01       3.038787982161e-05       9.997653927649e-01      -1.093450118463e-08      -9.735934715180e-07      -8.913453732302e-11      -1.000517308531e-06      -1.246704578047e-09 
       1.434828789286e-04      -9.527190968190e-02      -7.404067143157e-02      -7.404096589964e-02      -9.519108160799e-02      -7.406083029644e-02       5.931054608062e-01       5.925559224027e-01       1.480819317993e-01       3.331888244354e-05       9.997428727979e-01      -1.196233408439e-08      -1.167872677314e-06      -1.070100198605e-10      -1.200136757824e-06      -1.495480078234e-09 
       1.502450186827e-04      -1.041033056552e-01      -8.118231925049e-02      -8.118267284939e-02      -1.040063820983e-01      -8.120410885484e-02       5.930888689823e-01       5.925421110615e-01       1.623653456988e-01       3.653250891019e-05       9.997182031440e-01      -1.308394071931e-08      -1.400615462657e-06      -1.284495987825e-10      -1.439265985012e-06      -1.793506656996e-09 
       1.573258482650e-04      -1.137153647476e-01      -8.901264524663e-02      -8.901306980897e-02      -1.135991679610e-01      -8.903616073080e-02       5.930706994833e-01       5.925269779961e-01       1.780261396179e-01       4.005599540148e-05       9.996911809478e-01      -1.430727917839e-08      -1.679339008719e-06      -1.541636521848e-10      -1.725624708991e-06      -2.150410942626e-09 
       1.647403870647e-04      -1.241694370232e-01      -9.759802448180e-02      -9.759853419352e-02      -1.240301707842e-01      -9.762335800994e-02       5.930508049962e-01       5.925103980968e-01       1.951970683870e-01       4.391919957762e-05       9.996615848340e-01      -1.564088399188e-08      -2.013000601396e-06      -1.849968730686e-10      -2.068409356100e-06      -2.577662386248e-09 
       1.725043623124e-04      -1.355301084671e-01      -1.070112222246e-01      -1.070118340685e-01      -1.353632452065e-01      -1.070384603520e-01       5.930290247116e-01       5.924922342450e-01       2.140236681371e-01       4.815485233275e-05       9.996291729925e-01      -1.709389613148e-08      -2.412264153523e-06      -2.219535257011e-10      -2.478565527290e-06      -3.088913950740e-09 
       1.806342424406e-04      -1.478650267574e-01      -1.173320078021e-01      -1.173327421302e-01      -1.476651638871e-01      -1.173612281987e-01       5.930051833720e-01       5.924723368901e-01       2.346654842604e-01       5.279883351738e-05       9.995936816930e-01      -1.867600775201e-08      -2.889808729809e-06      -2.662396185122e-10      -2.969107607947e-06      -3.700400669692e-09 
       1.891472720151e-04      -1.612446063623e-01      -1.286478270849e-01      -1.286487082693e-01      -1.610053045960e-01      -1.286790944100e-01       5.929790900184e-01       5.924505424534e-01       2.572974165386e-01       5.789047402232e-05       9.995548233285e-01      -2.039747480185e-08      -3.460696313705e-06      -3.192902061969e-10      -3.555492603616e-06      -4.431407482833e-09 
       1.980615083129e-04      -1.757416161951e-01      -1.410545392848e-01      -1.410555965077e-01      -1.754552058925e-01      -1.410879000862e-01       5.929505370405e-01       5.924266726311e-01       2.821111930154e-01       6.347288659729e-05       9.995122843707e-01      -2.226925529009e-08      -4.142795614447e-06      -3.828244865448e-10      -4.256056077859e-06      -5.304814704773e-09 
       2.073958596245e-04      -1.914306043859e-01      -1.546572239804e-01      -1.546584921459e-01      -1.910879634124e-01      -1.546927003878e-01       5.929192983953e-01       5.924005323291e-01       3.093169842919e-01       6.959332825942e-05       9.994657231662e-01      -2.430265500230e-08      -4.957281463211e-06      -4.588729900604e-10      -5.092518757018e-06      -6.347731201117e-09 
       2.171701253604e-04      -2.083871567670e-01      -1.695710652177e-01      -1.695725861063e-01      -2.079774352856e-01      -1.696086472926e-01       5.928851288125e-01       5.923719094349e-01       3.391451722126e-01       7.630359712767e-05       9.994147680496e-01      -2.650969041246e-08      -5.929199198058e-06      -5.498824613047e-10      -6.090573018144e-06      -7.592228802292e-09 
       2.274050380486e-04      -2.266868952205e-01      -1.859223196387e-01      -1.859241431585e-01      -2.261972212576e-01      -1.859619559485e-01       5.928477616167e-01       5.923405718158e-01       3.718482863169e-01       8.366046701138e-05       9.993590142329e-01      -2.890273336662e-08      -7.088140152281e-06      -6.587253360161e-10      -7.280558604552e-06      -9.076189580749e-09 
       2.381223073113e-04      -2.464042675701e-01      -2.038493769874e-01      -2.038515627856e-01      -2.458193743685e-01      -2.038909633198e-01       5.928069079727e-01       5.923062672181e-01       4.077031255711e-01       9.172616321388e-05       9.992980221053e-01      -3.149459958310e-08      -8.468986637234e-06      -7.888392956722e-10      -8.698237545132e-06      -1.084427581326e-08 
       2.493446659134e-04      -2.676109929282e-01      -2.235039209748e-01      -2.235065402803e-01      -2.669128021518e-01      -2.235472866792e-01       5.927622544034e-01       5.922687203083e-01       4.470130805607e-01       1.005688834935e-04       9.992313137337e-01      -3.429834065214e-08      -1.011278371571e-05      -9.442983111984e-10      -1.038567712220e-05      -1.294903830386e-08 
       2.610959179822e-04      -2.903741590913e-01      -2.450522009577e-01      -2.450553387201e-01      -2.895413081984e-01      -2.450970925332e-01       5.927134622343e-01       5.922276319000e-01       4.901106774403e-01       1.102633681394e-04       9.991583704461e-01      -3.732718627368e-08      -1.206772358189e-05      -1.129914828737e-09      -1.239224954824e-05      -1.545217269336e-08 
       2.734009894987e-04      -3.147539670183e-01      -2.686764233503e-01      -2.686801809478e-01      -3.137612232387e-01      -2.687224850436e-01       5.926601651210e-01       5.921826765054e-01       5.373603618956e-01       1.208915244070e-04       9.990786305451e-01      -4.059430176790e-08      -1.439023416832e-05      -1.351416604368e-09      -1.477575440483e-05      -1.842592746014e-08 
       2.862859811694e-04      -3.408009290370e-01      -2.945762750732e-01      -2.945807732663e-01      -3.396185757093e-01      -2.946230256107e-01       5.926019672072e-01       5.921334997898e-01       5.891615465327e-01       1.325431090727e-04       9.989914841762e-01      -4.411261089361e-08      -1.714622435388e-05      -1.615538561208e-09      -1.760366668349e-05      -2.195467877717e-08 
       2.997782237893e-04      -3.685526381274e-01      -3.229705914339e-01      -3.229759739421e-01      -3.671457450067e-01      -3.230173966317e-01       5.925384426436e-01       5.920797178221e-01       6.459519478841e-01       1.453164761645e-04       9.988962729891e-01      -4.789452164204e-08      -2.041242855972e-05      -1.930220031127e-09      -2.095450971303e-05      -2.613665939903e-08 
       3.139063362138e-04      -3.980299513314e-01      -3.540991798775e-01      -3.541056175897e-01      -3.963575568328e-01      -3.541452204542e-01       5.924691322746e-01       5.920209131999e-01       7.082112351794e-01       1.593193943353e-04       9.987922844620e-01      -5.195152642985e-08      -2.427787568979e-05      -2.304805157543e-09      -2.491934277684e-05      -3.108583876270e-08 
       3.287002860635e-04      -4.292326189403e-01      -3.882248171458e-01      -3.882325131889e-01      -4.272467749985e-01      -3.882690512231e-01       5.923935439484e-01       5.919566346923e-01       7.764650263778e-01       1.746699413418e-04       9.986787510162e-01      -5.629389273176e-08      -2.884544919591e-05      -2.750306168115e-09      -2.960334676836e-05      -3.693393063224e-08 
       3.441914532896e-04      -4.621342098567e-01      -4.256354320536e-01      -4.256446275191e-01      -4.597789723450e-01      -4.256765513735e-01       5.923111490195e-01       5.918863927115e-01       8.512892550381e-01       1.914974819361e-04       9.985548442403e-01      -6.093011065159e-08      -3.423354155691e-05      -3.279599243951e-09      -3.512747476268e-05      -4.383249321424e-08 
       3.604126967346e-04      -4.966764247796e-01      -4.666464950357e-01      -4.666574754452e-01      -4.938867726989e-01      -4.666828741870e-01       5.922213825885e-01       5.918096584841e-01       9.333149508904e-01       2.099437374588e-04       9.984196735652e-01      -6.586635670309e-08      -4.057773078559e-05      -3.907665304531e-09      -4.163012099193e-05      -5.195506206843e-08 
       3.773984238309e-04      -5.327629418160e-01      -5.116036291264e-01      -5.116167324826e-01      -5.294635006839e-01      -5.116332677967e-01       5.921236416996e-01       5.917258611589e-01       1.023233464965e+00       2.301639552336e-04       9.982722828652e-01      -7.110586486130e-08      -4.803237300952e-05      -4.652025961917e-09      -4.926873663118e-05      -6.149922433329e-08 
       3.951846635827e-04      -5.702525175292e-01      -5.608854655814e-01      -5.609010911149e-01      -5.663563177667e-01      -5.609059222472e-01       5.920172842251e-01       5.916343850255e-01       1.121802182230e+00       2.523281863630e-04       9.981116466785e-01      -7.664814736914e-08      -5.677212519590e-05      -5.532970452818e-09      -5.822129541156e-05      -7.268853155966e-08 
       4.138091429893e-04      -6.089519531653e-01      -6.149067647769e-01      -6.149253837390e-01      -6.043589840114e-01      -6.149150824994e-01       5.919016287546e-01       5.915345677449e-01       1.229850767478e+00       2.766226828726e-04       9.979366687608e-01      -8.248819427174e-08      -6.699314475508e-05      -6.574039830975e-09      -6.868747903075e-05      -8.577407036574e-08 
       4.333113670686e-04      -6.486085971347e-01      -6.741218268247e-01      -6.741439941769e-01      -6.432044744260e-01      -6.741144495982e-01       5.917759536855e-01       5.914256973500e-01       1.348287988354e+00       3.032514236269e-04       9.977461784362e-01      -8.861551733416e-08      -7.891392928906e-05      -7.802310756003e-09      -8.088941192949e-05      -1.010355046267e-07 
       4.537327026525e-04      -6.889031434273e-01      -7.390282186547e-01      -7.390545865077e-01      -6.825577745529e-01      -7.390008989624e-01       5.916394982075e-01       5.913070109778e-01       1.478109173015e+00       3.324377818937e-04       9.975389297742e-01      -9.501318350168e-08      -9.277549460462e-05      -9.248812807054e-09      -9.507173294336e-05      -1.187813094315e-07 
       4.751164661317e-04      -7.294428643733e-01      -8.101708437670e-01      -8.102021761334e-01      -7.220093230043e-01      -8.101185411442e-01       5.914914621164e-01       5.911776921265e-01       1.620404352267e+00       3.644263465285e-04       9.973135991404e-01      -1.016567326314e-07      -1.088407098891e-04      -1.094878832012e-08      -1.115007409137e-04      -1.393478825650e-07 
       4.975080153356e-04      -7.697563619199e-01      -8.881463846784e-01      -8.881835756024e-01      -7.610697093579e-01      -8.880631579963e-01       5.913310065658e-01       5.910368687138e-01       1.776367151205e+00       3.994849106237e-04       9.970687835067e-01      -1.085130913465e-07      -1.273923517262e-04      -1.294238518485e-08      -1.304623056815e-04      -1.630971437869e-07 
       5.209548457420e-04      -8.092897265531e-01      -9.736081601313e-01      -9.736522520168e-01      -7.991664340272e-01      -9.734870521078e-01       5.911572581177e-01       5.908836140819e-01       1.947304504034e+00       4.379066440961e-04       9.968030032944e-01      -1.155395170331e-07      -1.487297811369e-04      -1.527466607625e-08      -1.522581927587e-04      -1.904121957194e-07 
       5.455066912219e-04      -8.474061137214e-01      -1.067271412838e+00      -1.067323618468e+00      -8.356437320903e-01      -1.067104332388e+00       5.909693066975e-01       5.907169419151e-01       2.134647236937e+00       4.800124630219e-04       9.965146967276e-01      -1.226826027247e-07      -1.731635844211e-04      -1.799615553813e-08      -1.772004178271e-04      -2.216905537189e-07 
       5.712156295313e-04      -8.833890576045e-01      -1.169919095914e+00      -1.169980821669e+00      -8.697666635615e-01      -1.169696699483e+00       5.907662131870e-01       5.905358107102e-01       2.339961643338e+00       5.261536192733e-04       9.962022271747e-01      -1.298774643202e-07      -2.010080607595e-04      -2.116279156058e-08      -2.056032549040e-04      -2.573344876605e-07 
       5.981361927751e-04      -9.164511368604e-01      -1.282408174495e+00      -1.282481043820e+00      -9.007308992957e-01      -1.282119750254e+00       5.905470104099e-01       5.903391218531e-01       2.564962087639e+00       5.767145249609e-04       9.958638821542e-01      -1.370471790812e-07      -2.325710874543e-04      -2.483564876039e-08      -2.377725518538e-04      -2.977380087341e-07 
       6.263254830773e-04      -9.457502012352e-01      -1.405676493019e+00      -1.405762373742e+00      -9.276797856163e-01      -1.405309857417e+00       5.903107048845e-01       5.901257188062e-01       2.811524747483e+00       6.321158327169e-04       9.954978722019e-01      -1.441026599611e-07      -2.681410438840e-04      -2.908101409585e-08      -2.739921304551e-04      -3.432702425308e-07 
       6.558432937020e-04      -9.704140354706e-01      -1.540750279060e+00      -1.540851311228e+00      -9.497303237681e-01      -1.540291690432e+00       5.900562849847e-01       5.898943933208e-01       3.081702622457e+00       6.928178014990e-04       9.951023399910e-01      -1.509430783147e-07      -3.079708922809e-04      -3.396994705034e-08      -3.145072515355e-04      -3.942551146971e-07 
       6.867522358831e-04      -9.895746881448e-01      -1.688752304607e+00      -1.688870926405e+00      -9.660097005072e-01      -1.688186400590e+00       5.897827204597e-01       5.896438840129e-01       3.377741852811e+00       7.593239623329e-04       9.946753571537e-01      -1.574570339122e-07      -3.522598186327e-04      -3.957655502514e-08      -3.595054646414e-04      -4.509476902390e-07 
       7.191178716309e-04      -1.002416504296e+00      -1.850910785752e+00      -1.851049767725e+00      -9.757036478201e-01      -1.850220564579e+00       5.894889688812e-01       5.893728831441e-01       3.702099535451e+00       8.321851232293e-04       9.942149323591e-01      -1.635247177923e-07      -4.011325831356e-04      -4.597880687020e-08      -4.090956756642e-04      -5.135083043850e-07 
       7.530088527984e-04      -1.008232562842e+00      -2.028569084282e+00      -2.028731546684e+00      -9.781173666312e-01      -2.027735917483e+00       5.891739748257e-01       5.890800381959e-01       4.057463093368e+00       9.120037284424e-04       9.937190085204e-01      -1.690211379315e-07      -4.546193699342e-04      -5.325309272325e-08      -4.632869729756e-04      -5.819759568665e-07 
       7.884970667002e-04      -1.006497876423e+00      -2.223196272663e+00      -2.223385712091e+00      -9.727486401313e-01      -2.222199984388e+00       5.888366761045e-01       5.887639625866e-01       4.446771424182e+00       9.994386245864e-04       9.931854737590e-01      -1.738207909879e-07      -5.126366604795e-04      -6.147469606095e-08      -5.219696763050e-04      -6.562445303753e-07 
       8.256577885962e-04      -9.969513329687e-01      -2.436398594570e+00      -2.436618910132e+00      -9.593712439377e-01      -2.435217607274e+00       5.884759931503e-01       5.884232324956e-01       4.873237820265e+00       1.095210232165e-03       9.926121461206e-01      -1.778037774380e-07      -5.749739653779e-04      -7.071560357168e-08      -5.849022134588e-04      -7.360459096441e-07 
       8.645698413597e-04      -9.796824955683e-01      -2.669932013293e+00      -2.670187516890e+00      -9.381244083072e-01      -2.668543550812e+00       5.880908327191e-01       5.880564014729e-01       5.340375033779e+00       1.200106206759e-03       9.919967851077e-01      -1.808633713421e-07      -6.412911141658e-04      -8.103853885146e-08      -6.517086997129e-04      -8.209457990723e-07 
       9.053157626715e-04      -9.552191735545e-01      -2.925715821841e+00      -2.926011234098e+00      -9.096012685547e-01      -2.924096170197e+00       5.876800767801e-01       5.876620038786e-01       5.852022468196e+00       1.314987586764e-03       9.913370817330e-01      -1.829150246430e-07      -7.111311855532e-04      -9.249292625517e-08      -7.218933424816e-04      -9.103600308956e-07 
       9.479819800938e-04      -9.246081669163e-01      -3.205847399150e+00      -3.206187863179e+00      -8.749256081833e-01      -3.203972242798e+00       5.872425653056e-01       5.872385558088e-01       6.412375726357e+00       1.440795477265e-03       9.906306419069e-01      -1.839065950660e-07      -7.839565636065e-04      -1.051151494103e-07      -7.948787801950e-04      -1.003600913604e-06 
       9.926589943941e-04      -8.894669428710e-01      -3.512618331434e+00      -3.513009405490e+00      -8.358023085566e-01      -3.510463104675e+00       5.867770827106e-01       5.867845636151e-01       7.026018810980e+00       1.578558334708e-03       9.898749801159e-01      -1.838289071896e-07      -8.592157420045e-04      -1.189238449020e-07      -8.700756746973e-04      -1.099961553086e-06 
       1.039441571510e-03      -8.519924078897e-01      -3.848531898616e+00      -3.848979523754e+00      -7.945232222568e-01      -3.846072106655e+00       5.862823320515e-01       5.862985230432e-01       7.697959047509e+00       1.729399864433e-03       9.890674967103e-01      -1.827257900698e-07      -9.364469752461e-04      -1.339132295196e-07      -9.469898121700e-04      -1.198846332600e-06 
       1.088428943559e-03      -8.149104366923e-01      -4.216322012206e+00      -4.216832488438e+00      -7.539075289001e-01      -4.213533490658e+00       5.857569024315e-01       5.857789128121e-01       8.433664976876e+00       1.894547579326e-03       9.882054470055e-01      -1.807024186763e-07      -1.015421542281e-03      -1.500560834123e-07      -1.025369706251e-03      -1.299952956273e-06 
       1.139725019325e-03      -7.813417439216e-01      -4.618973781567e+00      -4.619553776967e+00      -7.171554457914e-01      -4.615832833742e+00       5.851992383859e-01       5.852241894499e-01       9.239107553934e+00       2.075342087912e-03       9.872859164500e-01      -1.779301651193e-07      -1.096325543495e-03      -1.673114108775e-07      -1.105391564355e-03      -1.403502868741e-06 
       1.193438604663e-03      -7.545553005773e-01      -5.059745895313e+00      -5.060402387209e+00      -6.875982711623e-01      -5.056229118405e+00       5.846076040177e-01       5.846327734109e-01       1.012080477442e+01       2.273247129178e-03       9.863057877178e-01      -1.746452729005e-07      -1.179966576375e-03      -1.856149748515e-07      -1.187868503527e-03      -1.510499808377e-06 
       1.249683633289e-03      -7.376246975919e-01      -5.542194665299e+00      -5.542934966994e+00      -6.683380435432e-01      -5.538278496843e+00       5.839800422710e-01       5.840030218237e-01       1.108586993399e+01       2.489860387202e-03       9.852616973874e-01      -1.711403729792e-07      -1.267980897769e-03      -2.049021765748e-07      -1.274457241999e-03      -1.622992511872e-06 
       1.308579408449e-03      -7.329754622434e-01      -6.070200201391e+00      -6.071032006363e+00      -6.617887682676e-01      -6.065860028347e+00       5.833143496383e-01       5.833332045596e-01       1.214206401273e+01       2.726925187758e-03       9.841500133829e-01      -1.677459947506e-07      -1.362998814898e-03      -2.251202245084e-07      -1.367818645675e-03      -1.744281207765e-06 
       1.370250855978e-03      -7.418669304317e-01      -6.647994585225e+00      -6.648926062351e+00      -6.691588739756e-01      -6.643203383149e+00       5.826080508635e-01       5.826214630320e-01       1.329785212470e+01       2.986343049962e-03       9.829668024373e-01      -1.648013128806e-07      -1.468707807688e-03      -2.462417610669e-07      -1.471671607850e-03      -1.878994065390e-06 
       1.434828789286e-03      -7.638873582411e-01      -7.280192371757e+00      -7.281232367276e+00      -6.899504838289e-01      -7.274918932591e+00       5.818584023441e-01       5.818657763868e-01       1.456246473455e+01       3.270187264398e-03       9.817078331184e-01      -1.626151907028e-07      -1.589743443514e-03      -2.683014985089e-07      -1.590668092449e-03      -2.032948291662e-06 
       1.502450186827e-03      -7.965586353551e-01      -7.971823230497e+00      -7.972981562851e+00      -7.215899426020e-01      -7.966030076530e+00       5.810623927898e-01       5.810639021233e-01       1.594596312570e+01       3.580717359451e-03       9.803685543127e-01      -1.614195551154e-07      -1.731332570598e-03      -2.914078043531e-07      -1.730019228957e-03      -2.212696559800e-06 
       1.573258482650e-03      -8.352131210862e-01      -8.728367347353e+00      -8.729655275629e+00      -7.593360492964e-01      -8.722008654439e+00       5.802167960461e-01       5.802133473386e-01       1.745931055126e+01       3.920394844195e-03       9.789441443617e-01      -1.613222067104e-07      -1.898645138420e-03      -3.157810807522e-07      -1.894829880025e-03      -2.424712817918e-06 
       1.647403870647e-03      -8.732865013616e-01      -9.555793408874e+00      -9.557224264295e+00      -7.966207151185e-01      -9.548813324586e+00       5.793182355200e-01       5.793113372062e-01       1.911444852859e+01       4.291900102382e-03       9.774295581316e-01      -1.622676045731e-07      -2.095863821272e-03      -3.417677460978e-07      -2.089162471496e-03      -2.674226858862e-06 
       1.725043623124e-03      -9.031623983716e-01      -1.046059929575e+01      -1.046218930966e+01      -8.259401238741e-01      -1.045293119578e+01       5.783632615123e-01       5.783547949083e-01       2.092437861932e+01       4.698150602033e-03       9.758195827719e-01      -1.640180273873e-07      -2.325088234599e-03      -3.698500222207e-07      -2.314956963931e-03      -2.963862171252e-06 
       1.806342424406e-03      -9.175983199906e-01      -1.144985611498e+01      -1.145162543500e+01      -8.403119098600e-01      -1.144142332771e+01       5.773484546186e-01       5.773403655953e-01       2.290325087000e+01       5.142320724829e-03       9.741089317574e-01      -1.661676921178e-07      -2.585329223149e-03      -4.006375328695e-07      -2.571073802414e-03      -3.292400466341e-06 
       1.891472720151e-03      -9.115931992781e-01      -1.253125526188e+01      -1.253322911125e+01      -8.351338844805e-01      -1.252197361977e+01       5.762705026452e-01       5.762644552456e-01       2.506645822250e+01       5.627863122382e-03       9.722923042305e-01      -1.681993198248e-07      -2.871994467691e-03      -4.348365623727e-07      -2.852865922604e-03      -3.654176939185e-06 
       1.980615083129e-03      -8.843145280201e-01      -1.371315887991e+01      -1.371536889654e+01      -8.100397861984e-01      -1.370294115732e+01       5.751262471328e-01       5.751233033244e-01       2.743073779308e+01       6.158531828575e-03       9.703644216128e-01      -1.695845928233e-07      -3.177354655419e-03      -4.732114320963e-07      -3.152756781028e-03      -4.039714646858e-06 
       2.073958596245e-03      -8.404513152127e-01      -1.500465508102e+01      -1.500714056991e+01      -7.701084004476e-01      -1.499341652275e+01       5.739127119744e-01       5.739131158692e-01       3.001428113981e+01       6.738407555192e-03       9.683200775523e-01      -1.699155218709e-07      -3.492400191080e-03      -5.165119195966e-07      -3.462202413299e-03      -4.438090750010e-06 
       2.171701253604e-03      -7.902139342573e-01      -1.641561541186e+01      -1.641842467921e+01      -7.256630251749e-01      -1.640327919997e+01       5.726269979725e-01       5.726301390946e-01       3.283684935843e+01       7.371924121698e-03       9.661540177395e-01      -1.690371433659e-07      -3.810162983165e-03      -5.654254116896e-07      -3.775043422017e-03      -4.841102130352e-06 
       2.274050380486e-03      -7.473150055982e-01      -1.795675898632e+01      -1.795995023224e+01      -6.900587050294e-01      -1.794325930511e+01       5.712661999954e-01       5.712707996129e-01       3.591990046449e+01       8.063897596861e-03       9.638609130549e-01      -1.671348306858e-07      -4.129898453070e-03      -6.205113878712e-07      -4.091570358091e-03      -5.248430205821e-06 
       2.381223073113e-03      -7.248043931846e-01      -1.963971834568e+01      -1.964336062829e+01      -6.754377803789e-01      -1.962499950385e+01       5.698272054311e-01       5.698317108750e-01       3.928672125658e+01       8.819555785336e-03       9.614351496434e-01      -1.647291896846e-07      -4.460646160789e-03      -6.822246182479e-07      -4.421761540979e-03      -5.671937185765e-06 
       2.493446659134e-03      -7.296317224981e-01      -2.147711209510e+01      -2.148128577355e+01      -6.874446546368e-01      -2.146112209342e+01       5.683065755275e-01       5.683096686065e-01       4.296257154711e+01       9.644570263956e-03       9.588707645365e-01      -1.625336539659e-07      -4.821934130694e-03      -7.508973880740e-07      -4.785509283098e-03      -6.136302436487e-06 
       2.610959179822e-03      -7.580206237942e-01      -2.348262016783e+01      -2.348741733518e+01      -7.210491837435e-01      -2.346530001525e+01       5.667004581915e-01       5.667015122623e-01       4.697483467036e+01       1.054508959928e-02       9.561613833295e-01      -1.612072590247e-07      -5.239496783653e-03      -8.267944763799e-07      -5.207889809640e-03      -6.673445481588e-06 
       2.734009894987e-03      -7.945478002585e-01      -2.567106368858e+01      -2.567658870722e+01      -7.602738094505e-01      -2.565233611121e+01       5.650046420652e-01       5.650039358012e-01       5.135317741444e+01       1.152777290868e-02       9.533002342764e-01      -1.610501479665e-07      -5.735500879847e-03      -9.101529852634e-07      -5.709330778723e-03      -7.310271758653e-06 
       2.862859811694e-03      -8.172880216086e-01      -2.805849130527e+01      -2.806486182476e+01      -7.838637801961e-01      -2.803825480952e+01       5.632147920920e-01       5.632133454347e-01       5.612972364952e+01       1.259982925340e-02       9.502804562358e-01      -1.618161079401e-07      -6.316219830900e-03      -1.001158957275e-06      -6.293972244824e-03      -8.053592826249e-06 
       2.997782237893e-03      -8.087795105033e-01      -3.066226318569e+01      -3.066961230683e+01      -7.761725738939e-01      -3.064039727013e+01       5.613266135348e-01       5.613256632448e-01       6.133922461366e+01       1.376905417833e-02       9.470951145536e-01      -1.627408412036e-07      -6.964161382520e-03      -1.099929835546e-06      -6.943254879090e-03      -8.881010190860e-06 
       3.139063362138e-03      -7.682214884257e-01      -3.350114763661e+01      -3.350962768027e+01      -7.383305774660e-01      -3.347753032354e+01       5.593361397883e-01       5.593364742175e-01       6.701925536053e+01       1.504387643631e-02       9.437375673932e-01      -1.629165655363e-07      -7.643348562036e-03      -1.206491737590e-06      -7.622730030994e-03      -9.748287075815e-06 
       3.287002860635e-03      -7.165594496292e-01      -3.659541706665e+01      -3.660520544602e+01      -6.916085605273e-01      -3.656994823718e+01       5.572397075739e-01       5.572412234111e-01       7.321041089204e+01       1.643340340090e-02       9.402013781338e-01      -1.618304864963e-07      -8.321706192268e-03      -1.320938343432e-06      -8.304574717505e-03      -1.061743859272e-05 
       3.441914532896e-03      -6.869259093233e-01      -3.996695072198e+01      -3.997825811787e+01      -6.666140525719e-01      -3.993956785625e+01       5.550337317271e-01       5.550355274006e-01       7.995651623573e+01       1.794747012040e-02       9.364801094167e-01      -1.597746277570e-07      -9.001798215554e-03      -1.443764290628e-06      -8.995659853479e-03      -1.149388610398e-05 
       3.604126967345e-03      -7.014425290365e-01      -4.363934067410e+01      -4.365242160176e+01      -6.809741443096e-01      -4.361001507474e+01       5.527143319903e-01       5.527153542760e-01       8.730484320352e+01       1.959668784164e-02       9.325669743865e-01      -1.577545445218e-07      -9.736429124254e-03      -1.576426819158e-06      -9.748194530917e-03      -1.244357436716e-05 
       3.773984238305e-03      -7.491564314670e-01      -4.763800618889e+01      -4.765317056814e+01      -7.208822812448e-01      -4.760672060159e+01       5.502771307158e-01       5.502769690725e-01       9.530634113628e+01       2.139249284983e-02       9.284546871876e-01      -1.567876891938e-07      -1.060410596510e-02      -1.721686987766e-06      -1.063186096230e-02      -1.356069313387e-05 
       3.951846635814e-03      -7.876134279126e-01      -5.199031180711e+01      -5.200793704242e+01      -7.467927595535e-01      -5.195704137459e+01       5.477173905569e-01       5.477165889032e-01       1.040158740848e+02       2.334719652352e-02       9.241356376063e-01      -1.570203534091e-07      -1.164625898440e-02      -1.883299450818e-06      -1.167506028671e-02      -1.489117846904e-05 
       4.138091429848e-03      -7.776244708695e-01      -5.672568977223e+01      -5.674623045019e+01      -7.280620178496e-01      -5.669041340747e+01       5.450304528547e-01       5.450299940294e-01       1.134924609004e+02       2.547403694199e-02       9.196022892619e-01      -1.574717810133e-07      -1.281591253457e-02      -2.064862626323e-06      -1.282611194471e-02      -1.637461474600e-05 
       4.333113670534e-03      -7.265560663381e-01      -6.187576501581e+01      -6.189976120581e+01      -6.790087081150e-01      -6.183851336137e+01       5.422121260560e-01       5.422124800223e-01       1.237995224116e+02       2.778723813592e-02       9.148475381173e-01      -1.568932001061e-07      -1.400883722025e-02      -2.268327823588e-06      -1.399477774439e-02      -1.788804627420e-05 
       4.537327026042e-03      -6.900363686307e-01      -6.747448817824e+01      -6.750257179084e+01      -6.515769106469e-01      -6.743538805860e+01       5.392586271118e-01       5.392593077017e-01       1.350051435817e+02       3.030207419938e-02       9.098646492077e-01      -1.551208312254e-07      -1.518423493957e-02      -2.493335432913e-06      -1.516414901597e-02      -1.939215403358e-05 
       4.751164659838e-03      -7.109057623723e-01      -7.355825800346e+01      -7.359116201574e+01      -6.757551122724e-01      -7.351752257718e+01       5.361659764019e-01       5.361661751562e-01       1.471823240315e+02       3.303492737383e-02       9.046466473786e-01      -1.533895543650e-07      -1.645265709955e-02      -2.738435758388e-06      -1.644797231878e-02      -2.102625164635e-05 
       4.975080148993e-03      -7.560363394910e-01      -8.016604697344e+01      -8.020462459859e+01      -7.129797145648e-01      -8.012392107181e+01       5.329296358293e-01       5.329292507577e-01       1.604092491972e+02       3.600334274193e-02       8.991860305748e-01      -1.528632619595e-07      -1.797503962106e-02      -3.003457017489e-06      -1.797678924836e-02      -2.297638968091e-05 
       5.209548445017e-03      -7.490066966546e-01      -8.733951308139e+01      -8.738476945950e+01      -7.005908078086e-01      -8.729626385134e+01       5.295448103566e-01       5.295445716922e-01       1.747695389190e+02       3.922607618444e-02       8.934750667057e-01      -1.529478818408e-07      -1.973375293798e-02      -3.290927269761e-06      -1.970259321166e-02      -2.520662630797e-05 
       5.455066878190e-03      -6.851807607602e-01      -9.512309771370e+01      -9.517623560558e+01      -6.528368206208e-01      -9.507911930047e+01       5.260070942978e-01       5.260074443383e-01       1.903524712112e+02       4.272314653881e-02       8.875063597494e-01      -1.520042867751e-07      -2.151524688175e-02      -3.605445299137e-06      -2.144227018356e-02      -2.746649785050e-05 
       5.712156205140e-03      -6.563418523504e-01      -1.035641811358e+02      -1.036266515150e+02      -6.485931383798e-01      -1.035201131800e+02       5.223127135360e-01       5.223131355531e-01       2.072533030300e+02       4.651591761906e-02       8.812732122449e-01      -1.499611337275e-07      -2.325520768042e-02      -3.952528802221e-06      -2.320529269068e-02      -2.971170923283e-05 
       5.981361696754e-03      -7.004296709580e-01      -1.127131636676e+02      -1.127867087415e+02      -6.919123564684e-01      -1.126698670354e+02       5.184574794954e-01       5.184574346972e-01       2.255734174829e+02       5.062713250644e-02       8.747684303329e-01      -1.485748022999e-07      -2.523272724633e-02      -4.338488278207e-06      -2.524800526297e-02      -3.227935427103e-05 
       6.263254258196e-03      -7.175933554375e-01      -1.226236010994e+02      -1.227102896337e+02      -6.915151692795e-01      -1.225820714205e+02       5.144366765920e-01       5.144365361902e-01       2.454205792673e+02       5.508095491547e-02       8.679843487671e-01      -1.482568738484e-07      -2.760972369372e-02      -4.769087430283e-06      -2.761683571272e-02      -3.531803881688e-05 
       6.558431562524e-03      -6.607493728005e-01      -1.333522441990e+02      -1.334545060199e+02      -6.427442820772e-01      -1.333136984144e+02       5.102458164719e-01       5.102460400336e-01       2.669090120398e+02       5.990301207911e-02       8.609136163295e-01      -1.472145267347e-07      -3.006999993841e-02      -5.245757851226e-06      -3.002294675069e-02      -3.844873576465e-05 
       6.867519160582e-03      -6.504144211515e-01      -1.449592292640e+02      -1.450799111901e+02      -6.466119113215e-01      -1.449252838877e+02       5.058812503420e-01       5.058814277122e-01       2.901598223802e+02       6.512038601830e-02       8.535494911299e-01      -1.451619923971e-07      -3.248573381811e-02      -5.766120501552e-06      -3.248382658942e-02      -4.157881948559e-05 
       7.191171496729e-03      -6.978432319323e-01      -1.575076668140e+02      -1.576501323838e+02      -6.795621229869e-01      -1.574803144174e+02       5.013384315542e-01       5.013383271401e-01       3.153002647676e+02       7.076177230220e-02       8.458848361203e-01      -1.441874356717e-07      -3.535557517340e-02      -6.333538000047e-06      -3.538358544823e-02      -4.526647710935e-05 
       7.530072704257e-03      -6.800436052454e-01      -1.710643968691e+02      -1.712326623094e+02      -6.448490550270e-01      -1.710460096787e+02       4.966124469453e-01       4.966123686886e-01       3.424653246187e+02       7.685735453696e-02       8.379120692605e-01      -1.429208917409e-07      -3.849952970603e-02      -6.961544772493e-06      -3.849815278081e-02      -4.929971039702e-05 
       7.884936964503e-03      -6.292864319304e-01      -1.857003208977e+02      -1.858991795580e+02      -6.092145288925e-01      -1.856938995580e+02       4.917040001597e-01       4.917041344423e-01       3.717983591161e+02       8.343754914635e-02       8.296243459171e-01      -1.417342824089e-07      -4.179758858233e-02      -7.663406708321e-06      -4.173149444468e-02      -5.350027647804e-05 
       8.256508074902e-03      -6.383428589823e-01      -2.014862312856e+02      -2.017213568407e+02      -6.108333384582e-01      -2.014955228811e+02       4.866023823565e-01       4.866023525881e-01       4.034427136813e+02       9.053694357182e-02       8.210149274871e-01      -1.401034009593e-07      -4.526126508250e-02      -8.445350814701e-06      -4.526425937099e-02      -5.799302949779e-05 
       8.645557666719e-03      -6.275336202243e-01      -2.184964368536e+02      -2.187744820797e+02      -6.014460356194e-01      -2.185258751185e+02       4.813029012648e-01       4.813029102526e-01       4.375489641594e+02       9.819003096586e-02       8.120768693742e-01      -1.386639148795e-07      -4.910732353587e-02      -9.309501069595e-06      -4.909694578838e-02      -6.293961284884e-05 
       9.052881226195e-03      -6.214263445841e-01      -2.368108223826e+02      -2.371396086205e+02      -5.953913176107e-01      -2.368657720915e+02       4.758062587204e-01       4.758062564108e-01       4.742792172411e+02       1.064309587589e-01       8.028038751817e-01      -1.370999586159e-07      -5.322036011953e-02      -1.026007530906e-05      -5.321472032343e-02      -6.823890771498e-05 
       9.479290692733e-03      -6.138294505699e-01      -2.565075981004e+02      -2.568963840904e+02      -5.880372839954e-01      -2.565945540588e+02       4.701074499360e-01       4.701074503506e-01       5.137927681808e+02       1.152961400561e-01       7.931901045342e-01      -1.355327828270e-07      -5.765561964231e-02      -1.131540132277e-05      -5.764834238506e-02      -7.395779544953e-05 
       9.925601939390e-03      -6.061073882304e-01      -2.776663700540e+02      -2.781261032281e+02      -5.807056940788e-01      -2.777931757756e+02       4.642042871680e-01       4.642042870949e-01       5.562522064561e+02       1.248214322348e-01       7.832304323975e-01      -1.339026207921e-07      -6.241740691195e-02      -1.249831431149e-05      -6.241062460641e-02      -8.010509570085e-05 
       1.039261492092e-02      -5.981363790737e-01      -3.003644505179e+02      -3.009079529906e+02      -5.730494654032e-01      -3.005404548961e+02       4.580938494655e-01       4.580938494839e-01       6.018159059811e+02       1.350426854913e-01       7.729212052984e-01      -1.322067501505e-07      -6.752813650496e-02      -1.381599636939e-05      -6.752137189697e-02      -8.671078781307e-05 
       1.088108379590e-02      -5.898815597082e-01      -3.246756754253e+02      -3.253178866637e+02      -5.651466335951e-01      -3.249119406330e+02       4.517752876419e-01       4.517752876444e-01       6.506357733274e+02       1.459937024899e-01       7.622606305823e-01      -1.304364455291e-07      -7.300348895233e-02      -1.527321690140e-05      -7.299684239394e-02      -9.379473622721e-05 
       1.139167407410e-02      -5.813644667993e-01      -3.506664476302e+02      -3.514248150403e+02      -5.569841579733e-01      -3.509760849242e+02       4.452495173572e-01       4.452495173525e-01       7.028496300806e+02       1.577050991192e-01       7.512500104876e-01      -1.286520342809e-07      -7.885910871887e-02      -1.689480810236e-05      -7.885255212176e-02      -1.013806630394e-04 
       1.192490411388e-02      -5.725753694707e-01      -3.783903884467e+02      -3.792852330155e+02      -5.485644685341e-01      -3.787888779934e+02       4.385189775494e-01       4.385189775511e-01       7.585704660310e+02       1.702023545652e-01       7.398941344273e-01      -1.268081535216e-07      -8.510763526798e-02      -1.871057616321e-05      -8.510117657877e-02      -1.094889843129e-04 
       1.248106954268e-02      -5.635272665994e-01      -4.078835628671e+02      -4.089382442214e+02      -5.398958575807e-01      -4.083889092171e+02       4.315898635327e-01       4.315898635322e-01       8.178764884429e+02       1.835027796276e-01       7.282033446440e-01      -1.248712937452e-07      -9.175774590010e-02      -2.073120760557e-05      -9.175138999501e-02      -1.181322727659e-04 
       1.306015192574e-02      -5.542342634109e-01      -4.391575120895e+02      -4.403986481377e+02      -5.309926896475e-01      -4.397904521302e+02       4.244731105141e-01       4.244731105145e-01       8.807972962754e+02       1.976126597999e-01       7.161958635303e-01      -1.229169038268e-07      -9.881258136539e-02      -2.296473399552e-05      -9.880632991884e-02      -1.273157145940e-04 
       1.366171767776e-02      -5.447175194334e-01      -4.721902356889e+02      -4.736480063285e+02      -5.218751964192e-01      -4.729745258462e+02       4.171842774465e-01       4.171842774464e-01       9.472960126571e+02       2.125233504862e-01       7.038978002312e-01      -1.208974580634e-07      -1.062678187468e-01      -2.544715499451e-05      -1.062616752211e-01      -1.370395530622e-04 
       1.428481967396e-02      -5.350036551900e-01      -5.069186016638e+02      -5.086266950729e+02      -5.125688447307e-01      -5.078810113290e+02       4.097445621281e-01       4.097445621282e-01       1.017253390146e+03       2.282079789724e-01       6.913451525372e-01      -1.188657856848e-07      -1.141100234711e-01      -2.818943281452e-05      -1.141039894969e-01      -1.472886931874e-04 
       1.492792100706e-02      -5.251280505257e-01      -5.432327084612e+02      -5.452281605560e+02      -5.031074803693e-01      -5.444029287621e+02       4.021818817869e-01       4.021818817869e-01       1.090456321112e+03       2.446187303443e-01       6.785853100193e-01      -1.167874953060e-07      -1.223152876703e-01      -3.120852560731e-05      -1.223093651681e-01      -1.580358650123e-04 
       1.558886502105e-02      -5.151365507651e-01      -5.809730059791e+02      -5.832958281370e+02      -4.935350717132e-01      -5.823833830039e+02       3.945305600637e-01       3.945305600637e-01       1.166591656274e+03       2.616849244663e-01       6.656759262189e-01      -1.146869071911e-07      -1.308482719809e-01      -3.451716284526e-05      -1.308424622345e-01      -1.692388246826e-04 
       1.626491417422e-02      -5.050800824942e-01      -6.199324739112e+02      -6.226249794442e+02      -4.839003702948e-01      -6.216174862550e+02       3.868301392055e-01       3.868301392055e-01       1.245249958888e+03       2.793146997580e-01       6.526839000825e-01      -1.125668437622e-07      -1.396630461520e-01      -3.811449684263e-05      -1.396573498786e-01      -1.808399350192e-04 
       1.695286934301e-02      -4.950164591084e-01      -6.598648486178e+02      -6.629709923403e+02      -4.742588772167e-01      -6.618605882275e+02       3.791234903501e-01       3.791234903501e-01       1.325941984681e+03       2.973976559695e-01       6.396811001120e-01      -1.104441739683e-07      -1.487044106804e-01      -4.200803413492e-05      -1.486988279849e-01      -1.927712663807e-04 
       1.764926168430e-02      -4.850020892024e-01      -7.004993971900e+02      -7.040635759445e+02      -4.646645816800e-01      -7.028425825050e+02       3.714544418105e-01       3.714544418105e-01       1.408127151889e+03       3.158126179135e-01       6.267416871572e-01      -1.083523922486e-07      -1.579117786278e-01      -4.617816021103e-05      -1.579063089568e-01      -2.049538841847e-04 
       1.835058760363e-02      -4.750892958770e-01      -7.415570031111e+02      -7.456233514418e+02      -4.551675076229e-01      -7.442843939560e+02       3.638643537068e-01       3.638643537068e-01       1.491246702884e+03       3.344347517540e-01       6.139358769499e-01      -1.062709806483e-07      -1.672227337025e-01      -5.061956841291e-05      -1.672173758770e-01      -2.173088104882e-04 
       1.905354355797e-02      -4.653306904504e-01      -7.827710105675e+02      -7.873824371859e+02      -4.458182735759e-01      -7.859185852412e+02       3.563908725542e-01       3.563908725542e-01       1.574764874372e+03       3.531427441982e-01       6.013263092830e-01      -1.042219296115e-07      -1.765766197773e-01      -5.531120910192e-05      -1.765713720991e-01      -2.297567965381e-04 
       1.975521843946e-02      -4.557626385054e-01      -8.238981597064e+02      -8.290957933875e+02      -4.366515369286e-01      -8.275006264949e+02       3.490640856934e-01       3.490640856934e-01       1.658191586775e+03       3.718277177080e-01       5.889644958131e-01      -1.022132592318e-07      -1.859189985578e-01      -6.023189953978e-05      -1.859138588540e-01      -2.422263601455e-04 
       2.045321634933e-02      -4.464152538016e-01      -8.647344910382e+02      -8.705567124064e+02      -4.276960678213e-01      -8.688244361581e+02       3.419080202386e-01       3.419080202386e-01       1.741113424813e+03       3.903976834101e-01       5.768912994599e-01      -1.002495422365e-07      -1.952038759760e-01      -6.535129907329e-05      -1.951988417050e-01      -2.546551558291e-04 
       2.114570368999e-02      -4.373177503630e-01      -9.051180084377e+02      -9.116005990533e+02      -4.189802812677e-01      -9.097259820948e+02       3.349398251628e-01       3.349398251628e-01       1.823201198107e+03       4.087760692077e-01       5.651339155331e-01      -9.833126525763e-08      -2.043929661624e-01      -7.064713357328e-05      -2.043880346039e-01      -2.669917358071e-04 
       2.183139227336e-02      -4.284742257153e-01      -9.449222418215e+02      -9.520982136323e+02      -4.105076668279e-01      -9.500765812954e+02       3.281679831803e-01       3.281679831803e-01       1.904196427265e+03       4.269079960264e-01       5.537084380655e-01      -9.645950560199e-08      -2.134588297802e-01      -7.610641115979e-05      -2.134539980132e-01      -2.791997203171e-04 
       2.250947928866e-02      -4.198949897990e-01      -9.840654059937e+02      -9.919647166349e+02      -4.022882872149e-01      -9.897919539427e+02       3.215980967914e-01       3.215980967914e-01       1.983929433270e+03       4.447542814625e-01       5.426235572687e-01      -9.466446573643e-08      -2.223818756787e-01      -8.169136641316e-05      -2.223771407312e-01      -2.912486441917e-04 
       2.317956563857e-02      -4.115777764068e-01      -1.022491554664e+03      -1.031141499377e+03      -3.943198940852e-01      -1.028813964810e+03       3.152293882507e-01       3.152293882507e-01       2.062282998755e+03       4.622894309858e-01       5.318782805057e-01      -9.292638138251e-08      -2.311493565945e-01      -8.739389409348e-05      -2.311447154929e-01      -3.031212748411e-04 
       2.384156963309e-02      -4.035183337950e-01      -1.060172160817e+03      -1.069597604485e+03      -3.865984172358e-01      -1.067112067531e+03       3.090585560618e-01       3.090585560618e-01       2.139195208970e+03       4.794997571439e-01       5.214670230044e-01      -9.118138051503e-08      -2.397544287520e-01      -9.318743919473e-05      -2.397498785719e-01      -3.148048673418e-04 
       2.449564690182e-02      -3.956929215149e-01      -1.097093122023e+03      -1.107316198716e+03      -3.791002128036e-01      -1.104669873805e+03       3.030784893310e-01       3.030784893310e-01       2.214632397432e+03       4.963867496591e-01       5.113814745094e-01      -8.951973970431e-08      -2.481978370608e-01      -9.906423109076e-05      -2.481933748295e-01      -3.262991289249e-04 
       2.514212195473e-02      -3.881506548618e-01      -1.133291145551e+03      -1.144331461504e+03      -3.718752962732e-01      -1.141521928360e+03       2.972903447190e-01       2.972903447190e-01       2.288662923008e+03       5.129368521447e-01       5.016114449774e-01      -8.811117640309e-08      -2.564728028416e-01      -1.050036926629e-04      -2.564684260724e-01      -3.375923791550e-04 
       2.578143298704e-02      -3.808191262681e-01      -1.168752108515e+03      -1.180627507588e+03      -3.648511134405e-01      -1.177652637592e+03       2.916778965860e-01       2.916778965860e-01       2.361255015177e+03       5.291744725473e-01       4.921426220854e-01      -8.639321691535e-08      -2.645915303682e-01      -1.109895989957e-04      -2.645872362736e-01      -3.486972784191e-04 
       2.641408926964e-02      -3.737179752642e-01      -1.203519021631e+03      -1.216245037494e+03      -3.580479784539e-01      -1.213103027063e+03       2.862376750255e-01       2.862376750255e-01       2.432490074988e+03       5.451026759785e-01       4.829629878480e-01      -8.488413966775e-08      -2.725555518941e-01      -1.170067324531e-04      -2.725513379893e-01      -3.596134342781e-04 
       2.704063940089e-02      -3.668263935278e-01      -1.237617125307e+03      -1.251207406804e+03      -3.514454200591e-01      -1.247896726471e+03       2.809604035848e-01       2.809604035848e-01       2.502414813608e+03       5.607380688153e-01       4.740591074746e-01      -8.341716455382e-08      -2.803731705589e-01      -1.230591954363e-04      -2.803690344077e-01      -3.703518265655e-04 
       2.766164838054e-02      -3.601398773054e-01      -1.271088000388e+03      -1.285553846201e+03      -3.450393411524e-01      -1.282073299034e+03       2.758399226311e-01       2.758399226311e-01       2.571107692402e+03       5.760959780252e-01       4.654196862398e-01      -8.200006102561e-08      -2.880520497197e-01      -1.291192097706e-04      -2.880479890126e-01      -3.809177065152e-04 
       2.827768155684e-02      -3.536407715425e-01      -1.303959202212e+03      -1.319310603429e+03      -3.388124745635e-01      -1.315659173324e+03       2.708670466218e-01       2.708670466218e-01       2.638621206858e+03       5.911928311127e-01       4.570306700758e-01      -8.058662354613e-08      -2.956004030539e-01      -1.351726446092e-04      -2.955964155563e-01      -3.913191375520e-04 
       2.888929376710e-02      -3.473399069378e-01      -1.336284925469e+03      -1.352529688789e+03      -3.327761620913e-01      -1.348706654082e+03       2.660382104307e-01       2.660382104307e-01       2.705059377578e+03       6.060396074762e-01       4.488820934741e-01      -7.922314814584e-08      -3.030237200428e-01      -1.412258939470e-04      -3.030198037381e-01      -4.015639952174e-04 
       2.949702230981e-02      -3.412061911594e-01      -1.368088280734e+03      -1.385232525315e+03      -3.268994536505e-01      -1.381237409402e+03       2.613438841121e-01       2.613438841121e-01       2.770465050631e+03       6.206613932173e-01       4.409626342285e-01      -7.790897887685e-08      -3.103345437955e-01      -1.472565443870e-04      -3.103306966086e-01      -4.116644623440e-04 
       3.010138268639e-02      -3.352535505096e-01      -1.399427415864e+03      -1.417474852333e+03      -3.211967484301e-01      -1.413307504787e+03       2.567817357806e-01       2.567817357806e-01       2.834949704666e+03       6.350687205571e-01       4.332640289176e-01      -7.663853890944e-08      -3.175381402076e-01      -1.532622729314e-04      -3.175343602785e-01      -4.216267704796e-04 
       3.070286630818e-02      -3.294563479430e-01      -1.430323743925e+03      -1.449277064368e+03      -3.156425868084e-01      -1.444937475617e+03       2.523431787552e-01       2.523431787552e-01       2.898554128736e+03       6.492836834540e-01       4.257754692090e-01      -7.536879994420e-08      -3.246455562848e-01      -1.592200043177e-04      -3.246418417270e-01      -4.314611089409e-04 
       3.130193957039e-02      -3.238177048874e-01      -1.460824565371e+03      -1.480684037258e+03      -3.102404358366e-01      -1.476172536689e+03       2.480247227213e-01       2.480247227213e-01       2.961368074516e+03       6.633195933710e-01       4.184891078213e-01      -7.420024338645e-08      -3.316634476268e-01      -1.651159824273e-04      -3.316597966855e-01      -4.411736777979e-04 
       3.189904385593e-02      -3.183298828690e-01      -1.490968965406e+03      -1.511733086928e+03      -3.049827636581e-01      -1.507050246867e+03       2.438219203582e-01       2.438219203582e-01       3.023466173855e+03       6.771951633039e-01       4.113979331707e-01      -7.297327501149e-08      -3.386011706848e-01      -1.709565475734e-04      -3.385975816519e-01      -4.507771605227e-04 
       3.249459615342e-02      -3.129879925184e-01      -1.520796066034e+03      -1.542461323117e+03      -2.998649100392e-01      -1.537607997283e+03       2.397307186203e-01       2.397307186203e-01       3.084922646234e+03       6.909267750949e-01       4.044950043093e-01      -7.180516544160e-08      -3.454669163167e-01      -1.767211516923e-04      -3.454633875474e-01      -4.602785932969e-04 
       3.308899006411e-02      -3.077857521193e-01      -1.550338900410e+03      -1.572900136522e+03      -2.948808331069e-01      -1.567877407298e+03       2.357465875567e-01       2.357465875567e-01       3.145800273043e+03       7.045289939886e-01       3.977727718783e-01      -7.067920448933e-08      -3.522679670825e-01      -1.823929645712e-04      -3.522644969943e-01      -4.696844646830e-04 
       3.368259703912e-02      -3.027214371673e-01      -1.579645098174e+03      -1.603094408474e+03      -2.900289423410e-01      -1.597903747949e+03       2.318674632343e-01       2.318674632343e-01       3.206188816948e+03       7.180211056330e-01       3.912275057063e-01      -6.953465997552e-08      -3.590139657646e-01      -1.879591612393e-04      -3.590105528165e-01      -4.790048075451e-04 
       3.427576773646e-02      -2.977869292062e-01      -1.608742130167e+03      -1.633070459982e+03      -2.853013260266e-01      -1.627713496256e+03       2.280887728941e-01       2.280887728941e-01       3.266140919964e+03       7.314174314622e-01       3.848520382610e-01      -6.848075512604e-08      -3.657120730356e-01      -1.934299527487e-04      -3.657087157311e-01      -4.882502112055e-04 
       3.486883342232e-02      -2.929810155531e-01      -1.637675805006e+03      -1.662871323386e+03      -2.806968923534e-01      -1.657350080392e+03       2.244087300190e-01       2.244087300190e-01       3.325742646772e+03       7.447363152993e-01       3.786430695136e-01      -6.739916555985e-08      -3.723714607686e-01      -1.987691649262e-04      -3.723681576497e-01      -4.974264494550e-04 
       3.546210736590e-02      -2.883001154388e-01      -1.666476069118e+03      -1.692525408796e+03      -2.762122827712e-01      -1.686842125267e+03       2.208237020995e-01       2.208237020995e-01       3.385050817592e+03       7.579891302349e-01       3.725941741291e-01      -6.644573551689e-08      -3.789978154433e-01      -2.039779342144e-04      -3.789945651174e-01      -5.065408415372e-04 
       3.605588619481e-02      -2.837409181767e-01      -1.695186878343e+03      -1.722074032390e+03      -2.718442510359e-01      -1.716231323111e+03       2.173320591924e-01       2.173320591924e-01       3.444148064780e+03       7.711960309999e-01       3.667029038230e-01      -6.533812773882e-08      -3.856012144144e-01      -2.090317192197e-04      -3.855980154999e-01      -5.156021608071e-04 
       3.665045119063e-02      -2.793012468559e-01      -1.723841901558e+03      -1.751549051712e+03      -2.675907979147e-01      -1.745549786148e+03       2.139310902186e-01       2.139310902186e-01       3.503098103424e+03       7.843696642963e-01       3.609643362827e-01      -6.442142722537e-08      -3.921879809772e-01      -2.139293347459e-04      -3.921848321481e-01      -5.246181108977e-04 
       3.724606951266e-02      -2.749769141846e-01      -1.752477476800e+03      -1.780984754749e+03      -2.634478307753e-01      -1.774832092324e+03       2.106185858128e-01       2.106185858128e-01       3.561969509498e+03       7.975272527136e-01       3.553750759690e-01      -6.334446365159e-08      -3.987667264078e-01      -2.186595601601e-04      -3.987636263568e-01      -5.335977088821e-04 
       3.784299534431e-02      -2.707651027663e-01      -1.781132126462e+03      -1.810417106970e+03      -2.594126259648e-01      -1.804114575215e+03       2.073926785931e-01       2.073926785931e-01       3.620834213941e+03       8.106856542749e-01       3.499320690614e-01      -6.239063852516e-08      -4.053458796948e-01      -2.232065591152e-04      -4.053428271374e-01      -5.425490419354e-04 
       3.844147096019e-02      -2.666634837416e-01      -1.809839898771e+03      -1.839877982653e+03      -2.554829874780e-01      -1.833429420786e+03       2.042511495218e-01       2.042511495218e-01       3.679755965307e+03       8.238585706329e-01       3.446314265144e-01      -6.144987964992e-08      -4.119322916260e-01      -2.275358153345e-04      -4.119292853165e-01      -5.514752565130e-04 
       3.904172771505e-02      -2.626700865290e-01      -1.838642001813e+03      -1.869406919023e+03      -2.516570091610e-01      -1.862816391664e+03       2.011927405879e-01       2.011927405879e-01       3.738813838046e+03       8.370644043605e-01       3.394711088673e-01      -6.057133880219e-08      -4.185351634714e-01      -2.316860195761e-04      -4.185322021803e-01      -5.603939314970e-04 
       3.964398695723e-02      -2.587822435814e-01      -1.867570458957e+03      -1.899033405459e+03      -2.479321532575e-01      -1.892305347847e+03       1.982151614966e-01       1.982151614966e-01       3.798066810918e+03       8.503160387217e-01       3.344471699941e-01      -5.980960255397e-08      -4.251609368274e-01      -2.356079015455e-04      -4.251580193608e-01      -5.693054291557e-04 
       4.024846087044e-02      -2.549998328814e-01      -1.896668822045e+03      -1.928798884360e+03      -2.443083722119e-01      -1.921938024219e+03       1.953174880512e-01       1.953174880512e-01       3.857597768721e+03       8.636305175993e-01       3.295577734102e-01      -5.877993448511e-08      -4.318181336088e-01      -2.392999232519e-04      -4.318152587997e-01      -5.782201363871e-04 
       4.085535324819e-02      -2.513174641427e-01      -1.925963757506e+03      -1.958728175080e+03      -2.407803776269e-01      -1.951739507183e+03       1.924971093652e-01       1.924971093652e-01       3.917456350161e+03       8.770222360848e-01       3.247990194610e-01      -5.801777677986e-08      -4.385139513448e-01      -2.427603244755e-04      -4.385111180424e-01      -5.871468240650e-04 
       4.146486020563e-02      -2.477349743775e-01      -1.955497658840e+03      -1.988860997137e+03      -2.373480841329e-01      -1.981749899092e+03       1.897530378107e-01       1.897530378107e-01       3.977721994275e+03       8.905074531994e-01       3.201689542515e-01      -5.712751029592e-08      -4.452565195187e-01      -2.459432975403e-04      -4.452537265997e-01      -5.960884310960e-04 
       4.207717083329e-02      -2.442496639289e-01      -1.985301466388e+03      -2.019227219784e+03      -2.340088974037e-01      -2.011999209570e+03       1.870833074443e-01       1.870833074443e-01       4.038454439567e+03       9.040997712321e-01       3.156642944906e-01      -5.641652249018e-08      -4.520526392479e-01      -2.489113412296e-04      -4.520498856161e-01      -6.050633420173e-04 
       4.269246779746e-02      -2.408597712273e-01      -2.015416230958e+03      -2.049865352627e+03      -2.307611052565e-01      -2.042526311340e+03       1.844868579142e-01       1.844868579142e-01       4.099730705255e+03       9.178173966185e-01       3.112833475370e-01      -5.560369286376e-08      -4.589114137386e-01      -2.515598468236e-04      -4.589086983093e-01      -6.140664848074e-04 
       4.331092789152e-02      -2.375623921763e-01      -2.045869069087e+03      -2.080801098404e+03      -2.276019275187e-01      -2.073357105162e+03       1.819614685331e-01       1.819614685331e-01       4.161602196809e+03       9.316720325566e-01       3.070223670718e-01      -5.479614328112e-08      -4.658386945558e-01      -2.539548553520e-04      -4.658360162783e-01      -6.231155455087e-04 
       4.393272254233e-02      -2.343577238975e-01      -2.076700220485e+03      -2.112072603880e+03      -2.245316485853e-01      -2.104530030958e+03       1.795060922100e-01       1.795060922100e-01       4.224145207760e+03       9.456778805739e-01       3.028791878274e-01      -5.415938220906e-08      -4.728415824325e-01      -2.560590451603e-04      -4.728389402869e-01      -6.322135937843e-04 
       4.455801827569e-02      -2.312420580607e-01      -2.107943188176e+03      -2.143711912851e+03      -2.215466135927e-01      -2.136077331784e+03       1.771191518405e-01       1.771191518405e-01       4.287423825703e+03       9.598525066096e-01       2.988515693217e-01      -5.340931058666e-08      -4.799288603325e-01      -2.578798629820e-04      -4.799262533048e-01      -6.413728029730e-04 
       4.518697714421e-02      -2.282122794946e-01      -2.139618345420e+03      -2.175738419155e+03      -2.186438530398e-01      -2.168018537040e+03       1.747980979450e-01       1.747980979450e-01       4.351476838310e+03       9.742044059781e-01       2.949351549824e-01      -5.246806186321e-08      -4.871047758716e-01      -2.594086096499e-04      -4.871022029890e-01      -6.505970603653e-04 
       4.581975712116e-02      -2.252669182699e-01      -2.171767110920e+03      -2.208191881652e+03      -2.158219323691e-01      -2.200393629182e+03       1.725421099912e-01       1.725421099912e-01       4.416383763304e+03       9.887523496883e-01       2.911286623943e-01      -5.180840959382e-08      -4.943787145475e-01      -2.606096415560e-04      -4.943761748442e-01      -6.598925581756e-04 
       4.645651246315e-02      -2.224043806400e-01      -2.204414014238e+03      -2.241096175653e+03      -2.130793956089e-01      -2.233226563934e+03       1.703491077677e-01       1.703491077677e-01       4.482192351306e+03       1.003504719187e+00       2.874282951363e-01      -5.124033813294e-08      -5.017548670405e-01      -2.615389668214e-04      -5.017523595933e-01      -6.692733582961e-04 
       4.709739404439e-02      -2.196218456020e-01      -2.237585248560e+03      -2.274476050433e+03      -2.104135200449e-01      -2.266542294198e+03       1.682171823612e-01       1.682171823612e-01       4.548952100865e+03       1.018473396532e+00       2.838309160697e-01      -5.049713950293e-08      -5.092391743550e-01      -2.621685820700e-04      -5.092366982661e-01      -6.787424718715e-04 
       4.774254966524e-02      -2.169170630079e-01      -2.271314184767e+03      -2.308364657357e+03      -2.078221107541e-01      -2.300373974690e+03       1.661450899902e-01       1.661450899902e-01       4.616729314715e+03       1.033674681166e+00       2.803345863700e-01      -4.987374666278e-08      -5.168397862003e-01      -2.624734336402e-04      -5.168373405832e-01      -6.883061646862e-04 
       4.839212433710e-02      -2.142861005573e-01      -2.305612380390e+03      -2.342773348961e+03      -2.053013816190e-01      -2.334732979477e+03       1.641300619292e-01       1.641300619292e-01       4.685546697922e+03       1.049114518397e+00       2.769347151238e-01      -4.934234032286e-08      -5.245596751918e-01      -2.624733446174e-04      -5.245572591983e-01      -6.979712576070e-04 
       4.904626054591e-02      -2.117287669449e-01      -2.340511309087e+03      -2.377732786387e+03      -2.028512407152e-01      -2.369650068698e+03       1.621708151000e-01       1.621708151000e-01       4.755465572773e+03       1.064803157080e+00       2.736287591625e-01      -4.859564230085e-08      -5.324039657243e-01      -2.621808243905e-04      -5.324015785398e-01      -7.077461954258e-04 
       4.970509849602e-02      -2.092404907540e-01      -2.376024033314e+03      -2.413256282247e+03      -2.004672214801e-01      -2.405138503076e+03       1.602649272773e-01       1.602649272773e-01       4.826512564495e+03       1.080749976522e+00       2.704129906828e-01      -4.813268996569e-08      -5.403773474300e-01      -2.615833532114e-04      -5.403749882612e-01      -7.176348502843e-04 
       5.036877633628e-02      -2.068210269693e-01      -2.412170773957e+03      -2.449365132264e+03      -1.981492204699e-01      -2.441219389376e+03       1.584106179401e-01       1.584106179401e-01       4.898730264527e+03       1.096959279504e+00       2.672838745099e-01      -4.732807968599e-08      -5.484819716486e-01      -2.607212435489e-04      -5.484796397519e-01      -7.276462027359e-04 
       5.103743036975e-02      -2.044650117500e-01      -2.448955173050e+03      -2.486063933628e+03      -1.958919890230e-01      -2.477897170407e+03       1.566051193910e-01       1.566051193910e-01       4.972127867257e+03       1.113437318855e+00       2.642371874203e-01      -4.679623199638e-08      -5.567209647743e-01      -2.596130532473e-04      -5.567186594274e-01      -7.377871427654e-04 
       5.171119524854e-02      -2.021699424096e-01      -2.486399623929e+03      -2.523374754050e+03      -1.936930954411e-01      -2.515193944290e+03       1.548469317254e-01       1.548469317254e-01       5.046749508100e+03       1.130195590750e+00       2.612705375352e-01      -4.622406358139e-08      -5.651000748781e-01      -2.581943093909e-04      -5.650977953751e-01      -7.480547010118e-04 
       5.239020415505e-02      -1.999330292519e-01      -2.524495299324e+03      -2.561291729457e+03      -1.915499511544e-01      -2.553103386823e+03       1.531328954994e-01       1.531328954994e-01       5.122583458914e+03       1.147227669786e+00       2.583782531144e-01      -4.567661262010e-08      -5.736160891969e-01      -2.565527311744e-04      -5.736138348931e-01      -7.584586622076e-04 
       5.307458897075e-02      -1.977517187528e-01      -2.563263640241e+03      -2.599837763087e+03      -1.894600515570e-01      -2.591648149885e+03       1.514617726559e-01       1.514617726559e-01       5.199675526174e+03       1.164546326782e+00       2.555584841998e-01      -4.512026600637e-08      -5.822753931318e-01      -2.546751203922e-04      -5.822731633910e-01      -7.690049325027e-04 
       5.376448043353e-02      -1.956203584923e-01      -2.602686315468e+03      -2.638996196677e+03      -1.874179118316e-01      -2.630811327826e+03       1.498301085812e-01       1.498301085812e-01       5.277992393353e+03       1.182147492993e+00       2.528056927731e-01      -4.460719917593e-08      -5.910759522708e-01      -2.525839536332e-04      -5.910737464966e-01      -7.796944303098e-04 
       5.446000828457e-02      -1.935359706486e-01      -2.642757881285e+03      -2.678764593591e+03      -1.854206900343e-01      -2.670590013942e+03       1.482354645061e-01       1.482354645061e-01       5.357529187182e+03       1.200029413349e+00       2.501157117861e-01      -4.429596084036e-08      -6.000168890420e-01      -2.503105426764e-04      -6.000147066745e-01      -7.905311038708e-04 
       5.516130140571e-02      -1.915068246567e-01      -2.683500744571e+03      -2.719168814186e+03      -1.834768840472e-01      -2.711009501697e+03       1.466770968271e-01       1.466770968271e-01       5.438337628372e+03       1.218175219925e+00       2.474849295660e-01      -4.342850450484e-08      -6.090897693743e-01      -2.478703258512e-04      -6.090876099626e-01      -8.015068438982e-04 
       5.586848794792e-02      -1.895108805113e-01      -2.724848022593e+03      -2.760145099442e+03      -1.815644512705e-01      -2.752005600616e+03       1.451495704040e-01       1.451495704040e-01       5.520290198883e+03       1.236601748662e+00       2.449079864854e-01      -4.328343209550e-08      -6.183030113137e-01      -2.453077618936e-04      -6.183008743310e-01      -8.126390050758e-04 
       5.658169545170e-02      -1.875566151667e-01      -2.766818009681e+03      -2.801715625104e+03      -1.796920875244e-01      -2.793599855855e+03       1.436522928733e-01       1.436522928733e-01       5.603431250208e+03       1.255290213949e+00       2.423815238664e-01      -4.293935956219e-08      -6.276472219495e-01      -2.426274741549e-04      -6.276451069745e-01      -8.239166490238e-04 
       5.730105096009e-02      -1.856404258774e-01      -2.809380464288e+03      -2.843854694951e+03      -1.778563597665e-01      -2.835765881017e+03       1.421822779030e-01       1.421822779030e-01       5.687709389901e+03       1.274227213413e+00       2.399004273092e-01      -4.190743157513e-08      -6.371157000478e-01      -2.398731695970e-04      -6.371136067066e-01      -8.353382758492e-04 
       5.802668112475e-02      -1.837533528318e-01      -2.852498254634e+03      -2.886529888543e+03      -1.760483772254e-01      -2.878470545622e+03       1.407364511982e-01       1.407364511982e-01       5.773059777085e+03       1.293414162810e+00       2.374607709197e-01      -4.143250185368e-08      -6.467091534932e-01      -2.370779852641e-04      -6.467070814051e-01      -8.469099212455e-04 
       5.875871230577e-02      -1.818943062688e-01      -2.896136584891e+03      -2.929711762406e+03      -1.742672468760e-01      -2.921683592734e+03       1.393121228090e-01       1.393121228090e-01       5.859423524812e+03       1.312829581473e+00       2.350573980576e-01      -4.102546948117e-08      -6.564168418863e-01      -2.343021451987e-04      -6.564147907363e-01      -8.586276270147e-04 
       5.949727066567e-02      -1.800597740469e-01      -2.940255968035e+03      -2.973365989774e+03      -1.725096038345e-01      -2.965369916856e+03       1.379066018459e-01       1.379066018459e-01       5.946731979548e+03       1.332457704872e+00       2.326857681678e-01      -4.059100325572e-08      -6.662308829233e-01      -2.315406378571e-04      -6.662288524358e-01      -8.704807320913e-04 
       6.024248225797e-02      -1.782467641077e-01      -2.984819090778e+03      -3.017461656859e+03      -1.707725840646e-01      -3.009497627517e+03       1.365175719166e-01       1.365175719166e-01       6.034923313718e+03       1.352284087228e+00       2.303419644776e-01      -4.008531289590e-08      -6.761440536798e-01      -2.288539167477e-04      -6.761420436141e-01      -8.824696928566e-04 
       6.099447311085e-02      -1.764513002885e-01      -3.029767905901e+03      -3.061947437927e+03      -1.690523768946e-01      -3.054014390881e+03       1.351420107980e-01       1.351420107980e-01       6.123894875854e+03       1.372285313016e+00       2.280208952110e-01      -3.970430035920e-08      -6.861446463481e-01      -2.263222493624e-04      -6.861426565078e-01      -8.945924696437e-04 
       6.175336930616e-02      -1.746699750574e-01      -3.075047733976e+03      -3.106775141071e+03      -1.673457173440e-01      -3.098871040762e+03       1.337773069441e-01       1.337773069441e-01       6.213550282142e+03       1.392439278437e+00       2.257181535241e-01      -3.968913857441e-08      -6.962216089916e-01      -2.239310736727e-04      -6.962196392187e-01      -9.068329469093e-04 
       6.251929705421e-02      -1.728991275623e-01      -3.120604964949e+03      -3.151898116437e+03      -1.656490589732e-01      -3.144019877244e+03       1.324211550383e-01       1.324211550383e-01       6.303796232873e+03       1.412727180239e+00       2.234300153955e-01      -3.877270413480e-08      -7.063655399553e-01      -2.217737649777e-04      -7.063635901195e-01      -9.191939766072e-04 
       6.329238276460e-02      -1.711374513884e-01      -3.166373028824e+03      -3.197257240455e+03      -1.639612801221e-01      -3.189400662041e+03       1.310709516442e-01       1.310709516442e-01       6.394514480910e+03       1.433113632364e+00       2.211515543695e-01      -3.842945942858e-08      -7.165587461504e-01      -2.198916624372e-04      -7.165568161819e-01      -9.316599397788e-04 
       6.407275311340e-02      -1.693792799127e-01      -3.212280333989e+03      -3.242789339882e+03      -1.622768037153e-01      -3.234948958304e+03       1.297241771985e-01       1.297241771985e-01       6.485578679764e+03       1.453579112213e+00       2.188791255908e-01      -3.789438832399e-08      -7.267914662660e-01      -2.183115691939e-04      -7.267895561066e-01      -9.442228326784e-04 
       6.486053510691e-02      -1.676223196059e-01      -3.258251674128e+03      -3.288426289025e+03      -1.605934892106e-01      -3.280595591522e+03       1.283783842765e-01       1.283783842765e-01       6.576852578050e+03       1.474089011513e+00       2.166083693473e-01      -3.766275501791e-08      -7.370463961188e-01      -2.171054118401e-04      -7.370445057565e-01      -9.568722751583e-04 
       6.565585614227e-02      -1.658641195556e-01      -3.304214621217e+03      -3.334103641679e+03      -1.589090034226e-01      -3.326274921658e+03       1.270315115695e-01       1.270315115695e-01       6.668207283358e+03       1.494612790359e+00       2.143357463198e-01      -3.713141349272e-08      -7.473082657239e-01      -2.163091971382e-04      -7.473063951795e-01      -9.695948115501e-04 
       6.645884406518e-02      -1.641016534963e-01      -3.350089373453e+03      -3.379750486886e+03      -1.572204281378e-01      -3.371914707089e+03       1.256814770796e-01       1.256814770796e-01       6.759500973771e+03       1.515119316746e+00       2.120578220672e-01      -3.669212776604e-08      -7.575615090514e-01      -2.159883831651e-04      -7.575596583731e-01      -9.823812338483e-04 
       6.726962722477e-02      -1.623322848307e-01      -3.395790431035e+03      -3.425288437210e+03      -1.555252447551e-01      -3.417435516278e+03       1.243261676798e-01       1.243261676798e-01       6.850576874421e+03       1.535572362954e+00       2.097709999878e-01      -3.623530289203e-08      -7.677880122083e-01      -2.161729440085e-04      -7.677861814769e-01      -9.952135843327e-04 
       6.808833452604e-02      -1.605537435116e-01      -3.441235403936e+03      -3.470644155981e+03      -1.538212759689e-01      -3.462762658630e+03       1.229638812135e-01       1.229638812135e-01       6.941288311963e+03       1.555938607347e+00       2.074724200961e-01      -3.583060602369e-08      -7.779711143528e-01      -2.169444494021e-04      -7.779693036736e-01      -1.008083806508e-03 
       6.891509547984e-02      -1.587638774485e-01      -3.486338171006e+03      -3.515738543101e+03      -1.521064623364e-01      -3.507816004955e+03       1.215929343399e-01       1.215929343399e-01       7.031477086201e+03       1.576181834849e+00       2.051592305727e-01      -3.572122399499e-08      -7.880927079209e-01      -2.183020357543e-04      -7.880909174246e-01      -1.020969100074e-03 
       6.975004025066e-02      -1.569608238272e-01      -3.531017250941e+03      -3.560498375933e+03      -1.503790076456e-01      -3.552521103479e+03       1.202120491226e-01       1.202120491226e-01       7.120996751866e+03       1.596269563948e+00       2.028293245990e-01      -3.502147925027e-08      -7.981365521397e-01      -2.203465400942e-04      -7.981347819738e-01      -1.033864964911e-03 
       7.059329970233e-02      -1.551429501604e-01      -3.575180379729e+03      -3.604838000536e+03      -1.486373675607e-01      -3.596791341924e+03       1.188197235133e-01       1.188197235133e-01       7.209676001073e+03       1.616161271841e+00       2.004800841636e-01      -3.483373317423e-08      -8.080823855833e-01      -2.230534017894e-04      -8.080806359206e-01      -1.046742190854e-03 
       7.144500544176e-02      -1.533089450272e-01      -3.618751384266e+03      -3.648689065393e+03      -1.468802649027e-01      -3.640557203752e+03       1.174152129087e-01       1.174152129087e-01       7.297378130786e+03       1.635827444005e+00       1.981103393558e-01      -3.418717445008e-08      -8.179154509815e-01      -2.264990914666e-04      -8.179137220025e-01      -1.059594303703e-03 
       7.230528986090e-02      -1.514577918627e-01      -3.661643554863e+03      -3.691970266531e+03      -1.451067437382e-01      -3.683736611827e+03       1.159975147577e-01       1.159975147577e-01       7.383940533062e+03       1.655229723474e+00       1.957183240579e-01      -3.380469714278e-08      -8.276165698344e-01      -2.307203050472e-04      -8.276148617370e-01      -1.072403066589e-03 
       7.317428617696e-02      -1.495888102210e-01      -3.703783647811e+03      -3.734614932015e+03      -1.433161413955e-01      -3.726261924038e+03       1.145662364094e-01       1.145662364094e-01       7.469229864030e+03       1.674338607193e+00       1.933034186366e-01      -3.340595839822e-08      -8.371709906106e-01      -2.357196092109e-04      -8.371693035967e-01      -1.085150406427e-03 
       7.405212847100e-02      -1.477016228226e-01      -3.745098687006e+03      -3.776554591241e+03      -1.415080993124e-01      -3.768064026033e+03       1.131210526933e-01       1.131210526933e-01       7.553109182483e+03       1.693122808177e+00       1.908650623928e-01      -3.299071311485e-08      -8.465630698113e-01      -2.415498221820e-04      -8.465614040883e-01      -1.097825041841e-03 
       7.493895172510e-02      -1.457961677807e-01      -3.785521721578e+03      -3.817726032287e+03      -1.396825587560e-01      -3.809079177663e+03       1.116619039488e-01       1.116619039488e-01       7.635452064574e+03       1.711553620710e+00       1.884031506891e-01      -3.259128881392e-08      -8.557784545791e-01      -2.482001243201e-04      -8.557768103549e-01      -1.110407298918e-03 
       7.583489185804e-02      -1.438762467834e-01      -3.824995944749e+03      -3.858074918358e+03      -1.378433748585e-01      -3.849252705032e+03       1.101890737893e-01       1.101890737893e-01       7.716149836716e+03       1.729586458145e+00       1.859172869704e-01      -3.420879006541e-08      -8.647948515581e-01      -2.556676640399e-04      -8.647932290727e-01      -1.122868869725e-03 
       7.674008575965e-02      -1.419328393247e-01      -3.863472236437e+03      -3.897555411813e+03      -1.359812981642e-01      -3.888538297616e+03       1.087031363850e-01       1.087031363850e-01       7.795110823627e+03       1.747257494844e+00       1.834109319409e-01      -3.208103941600e-08      -8.736303480405e-01      -2.640071411737e-04      -8.736287474220e-01      -1.135240848143e-03 
       7.765467132399e-02      -1.399756469951e-01      -3.900910887925e+03      -3.936127653055e+03      -1.341061623983e-01      -3.926896157041e+03       1.072048664387e-01       1.072048664387e-01       7.872255306110e+03       1.764498355231e+00       1.808831765763e-01      -3.139489296531e-08      -8.822507561592e-01      -2.731235935394e-04      -8.822491776157e-01      -1.147465654603e-03 
       7.857878748124e-02      -1.380045403685e-01      -3.937283832232e+03      -3.973762230568e+03      -1.322177490232e-01      -3.964297110712e+03       1.056953311616e-01       1.056953311616e-01       7.947524461136e+03       1.781304485900e+00       1.783362099340e-01      -3.116617598112e-08      -8.906537992422e-01      -2.830770218740e-04      -8.906522429500e-01      -1.159549840482e-03 
       7.951257422856e-02      -1.360208940144e-01      -3.972577203802e+03      -4.010444080691e+03      -1.303173448153e-01      -4.000726297391e+03       1.041759493050e-01       1.041759493050e-01       8.020888161382e+03       1.797671955354e+00       1.757725478226e-01      -3.108380252763e-08      -8.988375115678e-01      -2.938054169227e-04      -8.988359776769e-01      -1.171481163165e-03 
       8.045617265987e-02      -1.340249120782e-01      -4.006788734154e+03      -4.046166712105e+03      -1.284050278605e-01      -4.036177895506e+03       1.026483126856e-01       1.026483126856e-01       8.092333424210e+03       1.813610285785e+00       1.731953543550e-01      -3.012194763933e-08      -9.068066542758e-01      -3.052547884979e-04      -9.068051428927e-01      -1.183257116237e-03 
       8.140972499466e-02      -1.320215607426e-01      -4.039932110498e+03      -4.080938440944e+03      -1.264857111814e-01      -4.070661057474e+03       1.011143095704e-01       1.011143095704e-01       8.161876881888e+03       1.829107518451e+00       1.706071778097e-01      -2.977041715917e-08      -9.145552479960e-01      -3.173895428165e-04      -9.145537592253e-01      -1.194864643034e-03 
       8.237337460583e-02      -1.300132733718e-01      -4.072037969536e+03      -4.114782987113e+03      -1.245617017101e-01      -4.104200567945e+03       9.957610011347e-02       9.957610011347e-02       8.229565974226e+03       1.844177030831e+00       1.680117617624e-01      -2.962865732120e-08      -9.220899815048e-01      -3.301597939220e-04      -9.220885154153e-01      -1.206304249103e-03 
       8.334726604670e-02      -1.280014442525e-01      -4.103157624013e+03      -4.147742536721e+03      -1.226342205003e-01      -4.136840007710e+03       9.803615270759e-02       9.803615270759e-02       8.295485073443e+03       1.858850999865e+00       1.654137377355e-01      -2.889272356495e-08      -9.294269433283e-01      -3.434686967817e-04      -9.294254999324e-01      -1.217580875076e-03 
       8.433154507717e-02      -1.259918880997e-01      -4.133348503240e+03      -4.179864996258e+03      -1.207090024163e-01      -4.168628734816e+03       9.649689852561e-02       9.649689852561e-02       8.359729992516e+03       1.873133228683e+00       1.628165343592e-01      -2.881196512430e-08      -9.365680350390e-01      -3.572660220320e-04      -9.365666143413e-01      -1.228689009877e-03 
       8.532635868907e-02      -1.239812931954e-01      -4.162677201976e+03      -4.211203485903e+03      -1.187824733614e-01      -4.199621937356e+03       9.496072037084e-02       9.496072037084e-02       8.422406971805e+03       1.887095059441e+00       1.602258107644e-01      -2.803545384883e-08      -9.435489278196e-01      -3.714337309386e-04      -9.435475297203e-01      -1.239654846225e-03 
       8.633185513081e-02      -1.219886041205e-01      -4.191317967212e+03      -4.241918988711e+03      -1.168735895929e-01      -4.229982531099e+03       9.343222240156e-02       9.343222240156e-02       8.483837977421e+03       1.900715126342e+00       1.576460362040e-01      -2.763619202739e-08      -9.503589387010e-01      -3.858644629168e-04      -9.503575631708e-01      -1.250447909600e-03 
       8.734818393131e-02      -1.199991643553e-01      -4.219282141608e+03      -4.272007871822e+03      -1.149673425494e-01      -4.259709240449e+03       9.191205414721e-02       9.191205414721e-02       8.544015743644e+03       1.914108262119e+00       1.550822618772e-01      -2.726945287633e-08      -9.570554842250e-01      -4.004862320376e-04      -9.570541310597e-01      -1.261128916901e-03 
       8.837549592326e-02      -1.180322744191e-01      -4.246815140798e+03      -4.301696048595e+03      -1.130829790881e-01      -4.289030831661e+03       9.040568128840e-02       9.040568128840e-02       8.603392097189e+03       1.927285039770e+00       1.525406074314e-01      -2.692635198594e-08      -9.636438508423e-01      -4.151066103441e-04      -9.636425198851e-01      -1.271674335017e-03 
       8.941394326581e-02      -1.160908335790e-01      -4.274053322147e+03      -4.331102911859e+03      -1.112232305611e-01      -4.318069251719e+03       8.891588497955e-02       8.891588497955e-02       8.662205823718e+03       1.940303538433e+00       1.500259523378e-01      -2.654745476509e-08      -9.701530781714e-01      -4.296674298033e-04      -9.701517692163e-01      -1.282111469421e-03 
       9.046367946662e-02      -1.141691961887e-01      -4.301110385862e+03      -4.360323492878e+03      -1.093821697474e-01      -4.346922375833e+03       8.744472966139e-02       8.744472966139e-02       8.720646985755e+03       1.953275227110e+00       1.475439072832e-01      -2.607380447048e-08      -9.766389008320e-01      -4.439805113713e-04      -9.766376135550e-01      -1.292480248375e-03 
       9.152485940339e-02      -1.122757463172e-01      -4.328210452395e+03      -4.389558222711e+03      -1.075680300077e-01      -4.375794170101e+03       8.599614696998e-02       8.599614696998e-02       8.779116445422e+03       1.966266529308e+00       1.451002771998e-01      -2.561200734342e-08      -9.831345306015e-01      -4.578990087827e-04      -9.831332646541e-01      -1.302799325856e-03 
       9.259763934485e-02      -1.104231924693e-01      -4.355599501274e+03      -4.419031101721e+03      -1.057934507284e-01      -4.404911878640e+03       8.457414943500e-02       8.457414943500e-02       8.838062203442e+03       1.979315353052e+00       1.426999273007e-01      -2.676573335868e-08      -9.896589214725e-01      -4.713589273751e-04      -9.896576765261e-01      -1.313082562324e-03 
       9.368217697132e-02      -1.085992841155e-01      -4.383431732052e+03      -4.448875354178e+03      -1.040457788706e-01      -4.434411896842e+03       8.318065413175e-02       8.318065413175e-02       8.897750708355e+03       1.992610819140e+00       1.403498549965e-01      -2.483181151763e-08      -9.963066340279e-01      -4.840520733588e-04      -9.963054095700e-01      -1.323399318871e-03 
       9.477863139475e-02      -1.068230243526e-01      -4.411978889938e+03      -4.479339531658e+03      -1.023440903925e-01      -4.464546187945e+03       8.181947860123e-02       8.181947860123e-02       8.958679063317e+03       2.006143493541e+00       1.380529263799e-01      -2.445207322212e-08      -1.003072951161e+00      -4.960288272125e-04      -1.003071746771e+00      -1.333752206726e-03 
       9.588716317841e-02      -1.050907617190e-01      -4.441450206599e+03      -4.510609430413e+03      -1.006844726101e-01      -4.495504056737e+03       8.049292444832e-02       8.049292444832e-02       9.021218860826e+03       2.020057095651e+00       1.358147228321e-01      -2.408016348242e-08      -1.010029732675e+00      -5.070175135651e-04      -1.010028547825e+00      -1.344188336198e-03 
       9.700793435611e-02      -1.034074721605e-01      -4.472097392359e+03      -4.542913968378e+03      -9.907177590831e-02      -4.527517788038e+03       7.920377910873e-02       7.920377910873e-02       9.085827936755e+03       2.034444081420e+00       1.336396066284e-01      -2.370730982770e-08      -1.017223206571e+00      -5.169003082107e-04      -1.017222040710e+00      -1.354747055011e-03 
       9.814110845115e-02      -1.017765299823e-01      -4.504139525991e+03      -4.576451281720e+03      -9.750928583206e-02      -4.560788623205e+03       7.795397680415e-02       7.795397680415e-02       9.152902563441e+03       2.049386500800e+00       1.315306248264e-01      -2.352060393603e-08      -1.024694397845e+00      -5.255527117447e-04      -1.024693250400e+00      -1.365460156450e-03 
       9.928685049485e-02      -1.001994695827e-01      -4.537823118293e+03      -4.611447111006e+03      -9.599839348717e-02      -4.595545354984e+03       7.674565954265e-02       7.674565954265e-02       9.222894222012e+03       2.064999032942e+00       1.294917136659e-01      -2.329839142732e-08      -1.032500646118e+00      -5.328936360029e-04      -1.032499516471e+00      -1.376386758271e-03 
       1.004453270449e-01      -9.867743951575e-02      -4.573381442163e+03      -4.648112944128e+03      -9.454013755675e-02      -4.632002695907e+03       7.558046809615e-02       7.558046809615e-02       9.296225888255e+03       2.081388760682e+00       1.275258950204e-01      -2.274033001222e-08      -1.040695492842e+00      -5.387015799624e-04      -1.040694380341e+00      -1.387558955834e-03 
       1.016167062032e-01      -9.721320162967e-02      -4.610950926996e+03      -4.686577422769e+03      -9.313733359440e-02      -4.670290391156e+03       7.445843446730e-02       7.445843446730e-02       9.373154845538e+03       2.098586159896e+00       1.256325290073e-01      -2.263344948732e-08      -1.049294175926e+00      -5.430320661520e-04      -1.049293079948e+00      -1.399004659511e-03 
       1.028011576338e-01      -9.580564712299e-02      -4.650805485862e+03      -4.727091664937e+03      -9.178869676434e-02      -4.710662904986e+03       7.338144529939e-02       7.338144529939e-02       9.454183329873e+03       2.116742900182e+00       1.238157101221e-01      -2.196768893886e-08      -1.058372530236e+00      -5.457546655604e-04      -1.058371450091e+00      -1.410798309560e-03 
       1.039988525803e-01      -9.445813633664e-02      -4.693055821810e+03      -4.769758974823e+03      -9.049771111519e-02      -4.753224607388e+03       7.234882613274e-02       7.234882613274e-02       9.539517949646e+03       2.135861027770e+00       1.220732184341e-01      -2.160249163022e-08      -1.067931578831e+00      -5.467817614111e-04      -1.067930513885e+00      -1.422927340457e-03 
       1.052099638834e-01      -9.316871226190e-02      -4.737881090922e+03      -4.814749116760e+03      -8.926235763587e-02      -4.798146579264e+03       7.136085007379e-02       7.136085007379e-02       9.629498233521e+03       2.156041666836e+00       1.204061049091e-01      -2.138532143585e-08      -1.078021883827e+00      -5.461459073706e-04      -1.078020833418e+00      -1.435460272783e-03 
       1.064346659978e-01      -9.193376080819e-02      -4.785337195631e+03      -4.862117846152e+03      -8.807907368604e-02      -4.845484546703e+03       7.041598448706e-02       7.041598448706e-02       9.724235692305e+03       2.177328545738e+00       1.188121949366e-01      -2.104797104188e-08      -1.088665309399e+00      -5.438012460019e-04      -1.088664272869e+00      -1.448417264751e-03 
       1.076731350094e-01      -9.075744614035e-02      -4.835532632017e+03      -4.911971974945e+03      -8.695217273577e-02      -4.895345486043e+03       6.951345465469e-02       6.951345465469e-02       9.823943949890e+03       2.199710422973e+00       1.172888607137e-01      -2.076361302753e-08      -1.099856234727e+00      -5.399779417822e-04      -1.099855211487e+00      -1.461827352309e-03 
       1.089255486525e-01      -8.963054603728e-02      -4.888453807383e+03      -4.964304299578e+03      -8.587243959695e-02      -4.947721196254e+03       6.865085544158e-02       6.865085544158e-02       9.928608599155e+03       2.223253980329e+00       1.158335957678e-01      -2.048036098057e-08      -1.111628000735e+00      -5.344428011432e-04      -1.111626990165e+00      -1.475695748870e-03 
       1.101920863262e-01      -8.855334002020e-02      -4.944077765827e+03      -5.019102789562e+03      -8.484035390726e-02      -5.002597941306e+03       6.782581715149e-02       6.782581715149e-02       1.003820557912e+04       2.247913769886e+00       1.144415407973e-01      -2.020296323756e-08      -1.123957883392e+00      -5.274835999644e-04      -1.123956884943e+00      -1.490039136630e-03 
       1.114729291118e-01      -8.752084626352e-02      -5.002335574728e+03      -5.076313839992e+03      -8.385106151637e-02      -5.059919757732e+03       6.703553073489e-02       6.703553073489e-02       1.015262767998e+04       2.273680654684e+00       1.131082912413e-01      -1.993412918122e-08      -1.136841314189e+00      -5.192216925287e-04      -1.136840327342e+00      -1.504870881360e-03 
       1.127682597891e-01      -8.653325969395e-02      -5.063143709881e+03      -5.135873939045e+03      -8.290498864178e-02      -5.119620048338e+03       6.627721079666e-02       6.627721079666e-02       1.027174787809e+04       2.300475912761e+00       1.118281697554e-01      -1.962473093070e-08      -1.150238932064e+00      -5.098407365549e-04      -1.150237956380e+00      -1.520170552832e-03 
       1.140782628537e-01      -8.557941821860e-02      -5.126271838641e+03      -5.197579845095e+03      -8.199110434480e-02      -5.181491504934e+03       6.554645924783e-02       6.554645924783e-02       1.039515969019e+04       2.328274941342e+00       1.105951378968e-01      -1.954422424032e-08      -1.164138435622e+00      -4.994745225571e-04      -1.164137470671e+00      -1.535943806120e-03 
       1.154031245340e-01      -8.465497614615e-02      -5.191475489981e+03      -5.261217577594e+03      -8.110531807101e-02      -5.245315556123e+03       6.483906250686e-02       6.483906250686e-02       1.052243515519e+04       2.356965962006e+00       1.094017911415e-01      -1.918685489693e-08      -1.178483935576e+00      -4.884091913562e-04      -1.178482981003e+00      -1.552165664819e-03 
       1.167430328075e-01      -8.375728875123e-02      -5.258512162748e+03      -5.326580479624e+03      -8.024524323810e-02      -5.310880105961e+03       6.415120156316e-02       6.415120156316e-02       1.065316095925e+04       2.386422441801e+00       1.082410881143e-01      -1.895185816621e-08      -1.193212165371e+00      -4.769035072456e-04      -1.193211220901e+00      -1.568797444192e-03 
       1.180981774189e-01      -8.288034092947e-02      -5.327048429283e+03      -5.393374548294e+03      -7.940511393734e-02      -5.377885231863e+03       6.347831395958e-02       6.347831395958e-02       1.078674909659e+04       2.416509210318e+00       1.071053453784e-01      -1.872547310037e-08      -1.208255539733e+00      -4.652076954958e-04      -1.208254605159e+00      -1.585793894566e-03 
       1.194687498966e-01      -8.201500791295e-02      -5.396667113278e+03      -5.461226594203e+03      -7.857603636447e-02      -5.445951182205e+03       6.281528745839e-02       6.281528745839e-02       1.092245318841e+04       2.447089824523e+00       1.059865619099e-01      -1.849222853090e-08      -1.223545837096e+00      -4.536148285563e-04      -1.223544912261e+00      -1.603115658367e-03 
       1.208549435706e-01      -8.115672121547e-02      -5.466956738502e+03      -5.529772495934e+03      -7.775372255700e-02      -5.514706735550e+03       6.215754117107e-02       6.215754117107e-02       1.105954499187e+04       2.477977757907e+00       1.048766479227e-01      -1.827110871117e-08      -1.238989794124e+00      -4.425251834415e-04      -1.238988878954e+00      -1.620708889439e-03 
       1.222569535902e-01      -8.029904789965e-02      -5.537463218590e+03      -5.598606759800e+03      -7.693198641107e-02      -5.583739142374e+03       6.150044044624e-02       6.150044044624e-02       1.119721351960e+04       2.508993216917e+00       1.037678806403e-01      -1.805094556725e-08      -1.254497513974e+00      -4.322191104567e-04      -1.254496608459e+00      -1.638505038302e-03 
       1.236749769417e-01      -7.943631204013e-02      -5.607698160448e+03      -5.667290683869e+03      -7.610540913236e-02      -5.652602303601e+03       6.083941083574e-02       6.083941083574e-02       1.133458136774e+04       2.539931338313e+00       1.026524658654e-01      -1.783247634077e-08      -1.269966564955e+00      -4.230093935117e-04      -1.269965669157e+00      -1.656425021213e-03 
       1.251092124670e-01      -7.856279943486e-02      -5.677164780626e+03      -5.735378126276e+03      -7.526850439715e-02      -5.720842537804e+03       6.017022804535e-02       6.017022804535e-02       1.147075625255e+04       2.570591318688e+00       1.015233265907e-01      -1.761364420819e-08      -1.285296545305e+00      -4.152145775913e-04      -1.285295659344e+00      -1.674393185850e-03 
       1.265598608818e-01      -7.767341459551e-02      -5.745342451678e+03      -5.802398235967e+03      -7.441640432904e-02      -5.787981613479e+03       5.948882795034e-02       5.948882795034e-02       1.160479647193e+04       2.600755015788e+00       1.003735515362e-01      -1.740179184351e-08      -1.300378383834e+00      -4.092071108229e-04      -1.300377507894e+00      -1.692331463485e-03 
       1.280271247951e-01      -7.676377291397e-02      -5.811759539063e+03      -5.867923951436e+03      -7.354489603354e-02      -5.853585865479e+03       5.879200249421e-02       5.879200249421e-02       1.173584790287e+04       2.630230615068e+00       9.919777781268e-02      -1.718248286963e-08      -1.315116173222e+00      -4.052048919417e-04      -1.315115307534e+00      -1.710154070520e-03 
       1.295112087282e-01      -7.582984775382e-02      -5.875919851750e+03      -5.931503537489e+03      -7.265012361334e-02      -5.917196996299e+03       5.807665025230e-02       5.807665025230e-02       1.186300707498e+04       2.658812002350e+00       9.799076654545e-02      -1.696396287926e-08      -1.329406856337e+00      -4.034725951545e-04      -1.329406001175e+00      -1.727773517085e-03 
       1.310123191347e-01      -7.486884880068e-02      -5.937388525289e+03      -5.992739325356e+03      -7.172942132637e-02      -5.978411865239e+03       5.734054357284e-02       5.734054357284e-02       1.198547865071e+04       2.686316028139e+00       9.674872886663e-02      -1.673700451467e-08      -1.343158858395e+00      -4.042753168857e-04      -1.343158014069e+00      -1.745116820863e-03 
       1.325306644210e-01      -7.387860454915e-02      -5.995781410315e+03      -6.051277532484e+03      -7.078069764502e-02      -6.036872249684e+03       5.658215437493e-02       5.658215437493e-02       1.210255506497e+04       2.712584858897e+00       9.546913149653e-02      -1.652331480013e-08      -1.356293262608e+00      -4.077200023789e-04      -1.356292429449e+00      -1.762101964978e-03 
       1.340664549670e-01      -7.285807795133e-02      -6.050762271233e+03      -6.106805936273e+03      -6.980296882208e-02      -6.092262446568e+03       5.580056494087e-02       5.580056494087e-02       1.221361187255e+04       2.737473851013e+00       9.415038493666e-02      -1.629539631464e-08      -1.368737747155e+00      -4.139141225650e-04      -1.368736925507e+00      -1.778655304356e-03 
       1.356199031477e-01      -7.180792334351e-02      -6.102096920345e+03      -6.159102709756e+03      -6.879689590981e-02      -6.144358894715e+03       5.499585484653e-02       5.499585484653e-02       1.231820541951e+04       2.760872295486e+00       9.279248307580e-02      -1.597426016869e-08      -1.380436957530e+00      -4.229665549629e-04      -1.380436147743e+00      -1.794724616361e-03 
       1.371912233555e-01      -7.072730852178e-02      -6.149639829642e+03      -6.208026368649e+03      -6.776155727648e-02      -6.193019607178e+03       5.416890303806e-02       5.416890303806e-02       1.241605273730e+04       2.782753406480e+00       9.139741421424e-02      -1.583685341151e-08      -1.391377500850e+00      -4.346798759823e-04      -1.391376703240e+00      -1.810262187581e-03 
       1.387806320229e-01      -6.962046591482e-02      -6.193315708424e+03      -6.253494780393e+03      -6.670115654342e-02      -6.238163603865e+03       5.332112221851e-02       5.332112221851e-02       1.250698956079e+04       2.803036087177e+00       8.996695285283e-02      -1.567283775690e-08      -1.401518828702e+00      -4.491400909015e-04      -1.401518043589e+00      -1.825230685299e-03 
       1.403883476462e-01      -6.848927052737e-02      -6.233197904156e+03      -6.295561205051e+03      -6.561740041883e-02      -6.279847251445e+03       5.245503857317e-02       5.245503857317e-02       1.259112241010e+04       2.821772927960e+00       8.850572468511e-02      -1.539123686132e-08      -1.410887236329e+00      -4.660066188162e-04      -1.410886463980e+00      -1.839609490653e-03 
       1.420145908098e-01      -6.733856300364e-02      -6.269448157700e+03      -6.334356965981e+03      -6.451498099432e-02      -6.318206530878e+03       5.157367952574e-02       5.157367952574e-02       1.266871393196e+04       2.839007142248e+00       8.701861153559e-02      -1.514987249870e-08      -1.419504330479e+00      -4.851564205191e-04      -1.419503571124e+00      -1.853406440735e-03 
       1.436595842114e-01      -6.617250740166e-02      -6.302402556779e+03      -6.370174674808e+03      -6.339780799794e-02      -6.353540610537e+03       5.068119455371e-02       5.068119455371e-02       1.274034934962e+04       2.854899210382e+00       8.551293492727e-02      -1.489146997789e-08      -1.427450351394e+00      -5.060326276452e-04      -1.427449605191e+00      -1.866634543855e-03 
       1.453235526881e-01      -6.499769488519e-02      -6.332433069869e+03      -6.403332838572e+03      -6.227227740018e-02      -6.386176100656e+03       4.978163079638e-02       4.978163079638e-02       1.280666567714e+04       2.869568957141e+00       8.399519014604e-02      -1.465486325274e-08      -1.434785211512e+00      -5.284043060102e-04      -1.434784478570e+00      -1.879332358386e-03 
       1.470067232437e-01      -6.382025166582e-02      -6.360075194581e+03      -6.434302127888e+03      -6.114423877163e-02      -6.416593417535e+03       4.887990681263e-02       4.887990681263e-02       1.286860425578e+04       2.883238068754e+00       8.247375191704e-02      -1.436826922527e-08      -1.441619754023e+00      -5.518276656265e-04      -1.441619034377e+00      -1.891569024889e-03 
       1.487093250766e-01      -6.264535030587e-02      -6.385965638557e+03      -6.463645443654e+03      -6.001854446869e-02      -6.445366532569e+03       4.798123846198e-02       4.798123846198e-02       1.292729088731e+04       2.896200870107e+00       8.095783887014e-02      -1.417038202388e-08      -1.448101141464e+00      -5.756225305946e-04      -1.448100435053e+00      -1.903421904668e-03 
       1.504315896089e-01      -6.148411327016e-02      -6.410871240393e+03      -6.492048344754e+03      -5.890608056371e-02      -6.473193134135e+03       4.709130413151e-02       4.709130413151e-02       1.298409668951e+04       2.908688219175e+00       7.945608626140e-02      -1.393614710371e-08      -1.454344802868e+00      -5.993521265481e-04      -1.454344109587e+00      -1.914966876826e-03 
       1.521737505165e-01      -6.033733969206e-02      -6.435486980364e+03      -6.520120127533e+03      -5.780728397760e-02      -6.500695411722e+03       4.621474921178e-02       4.621474921178e-02       1.304024025507e+04       2.921099893232e+00       7.797767564166e-02      -1.371467446941e-08      -1.460550626997e+00      -6.223874000743e-04      -1.460549946616e+00      -1.926355243766e-03 
       1.539360437612e-01      -5.922033434285e-02      -6.460830493085e+03      -6.548788264843e+03      -5.673724586590e-02      -6.528814137659e+03       4.535800104262e-02       4.535800104262e-02       1.309757652969e+04       2.933696743016e+00       7.653168890171e-02      -1.346396553727e-08      -1.466849039243e+00      -6.440737938229e-04      -1.466848371508e+00      -1.937647953829e-03 
       1.557187076226e-01      -5.813157658493e-02      -6.487649930962e+03      -6.578715214862e+03      -5.569408643353e-02      -6.558224614037e+03       4.452510427275e-02       4.452510427275e-02       1.315743042972e+04       2.946943696770e+00       7.512668528768e-02      -1.323808335872e-08      -1.473472503858e+00      -6.639870897601e-04      -1.473471848385e+00      -1.949068907373e-03 
       1.575219827324e-01      -5.708293701631e-02      -6.516927088149e+03      -6.610795875903e+03      -5.468949576063e-02      -6.589834555094e+03       4.372123416580e-02       4.372123416580e-02       1.322159175181e+04       2.961124806428e+00       7.377009280685e-02      -1.301036884140e-08      -1.480563046831e+00      -6.815339661073e-04      -1.480562403214e+00      -1.960702827543e-03 
       1.593461121101e-01      -5.607557184604e-02      -6.549451499935e+03      -6.645742458019e+03      -5.372437104958e-02      -6.624367654048e+03       4.294985763443e-02       4.294985763443e-02       1.329148491604e+04       2.976648109737e+00       7.246862098392e-02      -1.279265601340e-08      -1.488324687123e+00      -6.961489883722e-04      -1.488324054869e+00      -1.972716316721e-03 
       1.611913411993e-01      -5.511467635998e-02      -6.585977563193e+03      -6.684240341371e+03      -5.280377644297e-02      -6.662519493811e+03       4.221388415854e-02       4.221388415854e-02       1.336848068274e+04       2.993791340097e+00       7.122682274309e-02      -1.258040525687e-08      -1.496896291463e+00      -7.075731646265e-04      -1.496895670049e+00      -1.985242607197e-03 
       1.630579179063e-01      -5.420291422413e-02      -6.627195107659e+03      -6.726923749573e+03      -5.193024733953e-02      -6.704932440892e+03       4.151555633091e-02       4.151555633091e-02       1.345384749915e+04       3.012849988524e+00       7.004854942029e-02      -1.237821511028e-08      -1.506425605394e+00      -7.154100643523e-04      -1.506424994262e+00      -1.998404302648e-03 
       1.649460926397e-01      -5.334164559911e-02      -6.673632686996e+03      -6.774282306781e+03      -5.110508526869e-02      -6.752101777638e+03       4.085593545959e-02       4.085593545959e-02       1.354856461356e+04       3.034047289034e+00       6.893559824932e-02      -1.217808569340e-08      -1.517024245940e+00      -7.194595738753e-04      -1.517023644517e+00      -2.012309744644e-03 
       1.668561183526e-01      -5.253013221899e-02      -6.725635217777e+03      -6.826639803603e+03      -5.032754730457e-02      -6.804354310683e+03       4.023489633430e-02       4.023489633430e-02       1.365327960721e+04       3.057546326285e+00       6.788790454120e-02      -1.198723950575e-08      -1.528773755436e+00      -7.196078586397e-04      -1.528773163143e+00      -2.027043173712e-03 
       1.687882505850e-01      -5.177000075623e-02      -6.783486029761e+03      -6.884282812787e+03      -4.959933068482e-02      -6.861975833825e+03       3.965199098725e-02       3.965199098725e-02       1.376856562557e+04       3.083412988722e+00       6.690414805100e-02      -1.180742864107e-08      -1.541707078071e+00      -7.162731042358e-04      -1.541706494361e+00      -2.042711484669e-03 
       1.707427475096e-01      -5.105401567449e-02      -6.847005830923e+03      -6.947051668782e+03      -4.891330006836e-02      -6.924803747092e+03       3.910417942580e-02       3.910417942580e-02       1.389410333756e+04       3.111667483958e+00       6.598003262887e-02      -1.163081464124e-08      -1.555834317642e+00      -7.093005721627e-04      -1.555833741979e+00      -2.059303027648e-03 
       1.727198699783e-01      -5.038025482924e-02      -6.915998496593e+03      -7.014794976262e+03      -4.826772618294e-02      -6.992679767908e+03       3.858862228038e-02       3.858862228038e-02       1.402958995252e+04       3.142188118107e+00       6.511031185385e-02      -1.150116742990e-08      -1.571094627146e+00      -6.992502753581e-04      -1.571094059053e+00      -2.076829612640e-03 
       1.747198815714e-01      -4.974491607874e-02      -6.990009146078e+03      -7.087124575921e+03      -4.765905327237e-02      -7.065205615776e+03       3.810135306013e-02       3.810135306013e-02       1.417424915184e+04       3.174753229036e+00       6.428794168340e-02      -1.129789506138e-08      -1.587377175443e+00      -6.867119687126e-04      -1.587376614518e+00      -2.095245074369e-03 
       1.767430486482e-01      -4.914043634736e-02      -7.068328989204e+03      -7.163419282342e+03      -4.707996670774e-02      -7.141746921507e+03       3.763743453190e-02       3.763743453190e-02       1.432683856468e+04       3.209109637235e+00       6.350487630865e-02      -1.114626474476e-08      -1.604555372714e+00      -6.723137923719e-04      -1.604554818617e+00      -2.114489767556e-03 
       1.787896404004e-01      -4.855831254907e-02      -7.150029479697e+03      -7.242852805286e+03      -4.652224896359e-02      -7.221462100545e+03       3.719124145454e-02       3.719124145454e-02       1.448570561057e+04       3.244916045265e+00       6.275191962879e-02      -1.099748185209e-08      -1.622458570171e+00      -6.565629836819e-04      -1.622458022632e+00      -2.134429592113e-03 
       1.808599289070e-01      -4.799206430897e-02      -7.234112640214e+03      -7.324551151764e+03      -4.597973116407e-02      -7.303458496097e+03       3.675734155157e-02       3.675734155157e-02       1.464910230353e+04       3.281752633818e+00       6.201974930994e-02      -1.084982848813e-08      -1.640876858073e+00      -6.407002518961e-04      -1.640876316909e+00      -2.154996723465e-03 
       1.829541891925e-01      -4.743524065063e-02      -7.319746622324e+03      -7.407797324095e+03      -4.544617340368e-02      -7.387001734404e+03       3.633153336017e-02       3.633153336017e-02       1.481559464819e+04       3.319322575514e+00       6.130152240298e-02      -1.069957725553e-08      -1.659661822675e+00      -6.251884562021e-04      -1.659661287757e+00      -2.176078033659e-03 
       1.850726992858e-01      -4.688230401462e-02      -7.405464567285e+03      -7.491265123204e+03      -4.491647902366e-02      -7.470744756758e+03       3.590702469740e-02       3.590702469740e-02       1.498253024641e+04       3.356907534947e+00       6.058492870691e-02      -1.056519769032e-08      -1.678454296141e+00      -6.111662829737e-04      -1.678453767473e+00      -2.197402811153e-03 
       1.872157402839e-01      -4.632073371664e-02      -7.489655381536e+03      -7.573477379912e+03      -4.437843387357e-02      -7.553190734269e+03       3.547692555127e-02       3.547692555127e-02       1.514695475982e+04       3.393954922033e+00       5.985924173546e-02      -1.041934374536e-08      -1.696977983363e+00      -5.993819048317e-04      -1.696977461016e+00      -2.218742602106e-03 
       1.893835964156e-01      -4.574575804319e-02      -7.571016517643e+03      -7.653255170490e+03      -4.382756695167e-02      -7.633142422596e+03       3.503635253505e-02       3.503635253505e-02       1.530651034098e+04       3.429871515211e+00       5.911581246577e-02      -1.028397504662e-08      -1.714936273471e+00      -5.907023362081e-04      -1.714935757606e+00      -2.239862361386e-03 
       1.915765551102e-01      -4.515143137441e-02      -7.648289516137e+03      -7.729448853312e+03      -4.325815927115e-02      -7.709434158462e+03       3.458103795896e-02       3.458103795896e-02       1.545889770662e+04       3.464146808958e+00       5.834753526509e-02      -1.014288511145e-08      -1.732073913646e+00      -5.857386259443e-04      -1.732073404479e+00      -2.260538459980e-03 
       1.937949070674e-01      -4.453358912000e-02      -7.720381531258e+03      -7.801053568588e+03      -4.266622104896e-02      -7.781048198446e+03       3.410779358215e-02       3.410779358215e-02       1.560210713718e+04       3.496323776550e+00       5.754903109753e-02      -9.999822178879e-09      -1.748162390476e+00      -5.849915328046e-04      -1.748161888275e+00      -2.280563483132e-03 
       1.960389463306e-01      -4.388978370719e-02      -7.786461910179e+03      -7.867299985030e+03      -4.204940251512e-02      -7.847206296843e+03       3.361480459906e-02       3.361480459906e-02       1.573459997006e+04       3.526056017052e+00       5.671725779455e-02      -9.855743870527e-09      -1.763028503471e+00      -5.887692855243e-04      -1.763028008526e+00      -2.299769012645e-03 
       1.983089703634e-01      -4.321998080909e-02      -7.846022977354e+03      -7.927711490023e+03      -4.140769583465e-02      -7.907427407030e+03       3.310173320539e-02       3.310173320539e-02       1.585542298005e+04       3.553111639823e+00       5.585154170633e-02      -9.706606536859e-09      -1.776556307298e+00      -5.971449881925e-04      -1.776555819911e+00      -2.318021385858e-03 
       2.006052801287e-01      -4.252488648214e-02      -7.898865371459e+03      -7.982083836681e+03      -4.074174745225e-02      -7.961508241734e+03       3.256948329532e-02       3.256948329532e-02       1.596416767336e+04       3.577418037668e+00       5.495352901006e-02      -9.554504465335e-09      -1.788709498381e+00      -6.099703799744e-04      -1.788709018834e+00      -2.335251849543e-03 
       2.029281801717e-01      -4.180837482785e-02      -7.945281895129e+03      -8.030672319261e+03      -4.005528566691e-02      -8.009709750076e+03       3.202080876421e-02       3.202080876421e-02       1.606134463852e+04       3.599081573150e+00       5.402779542170e-02      -9.402797402887e-09      -1.799541258038e+00      -6.269060440361e-04      -1.799540786575e+00      -2.351473659695e-03 
       2.052779787053e-01      -4.107508592534e-02      -7.985842228174e+03      -8.073971008153e+03      -3.935275669172e-02      -8.052537420834e+03       3.145924284457e-02       3.145924284457e-02       1.614794201631e+04       3.618328186979e+00       5.308029585300e-02      -9.249275047720e-09      -1.809164556676e+00      -6.473015996372e-04      -1.809164093490e+00      -2.366726077663e-03 
       2.076549876996e-01      -4.033106801611e-02      -8.021520135703e+03      -8.112847842847e+03      -3.863994681212e-02      -8.090875009360e+03       3.088950847387e-02       3.088950847387e-02       1.622569568569e+04       3.635560031264e+00       5.211902960749e-02      -9.093610863505e-09      -1.817780470422e+00      -6.704448561458e-04      -1.817780015632e+00      -2.381148956056e-03 
       2.100595229749e-01      -3.958304120911e-02      -8.053527708391e+03      -8.148378118413e+03      -3.792329347580e-02      -8.125818298923e+03       3.031674679955e-02       3.031674679955e-02       1.629675623683e+04       3.651269404109e+00       5.115266961810e-02      -8.937998755923e-09      -1.825635148403e+00      -6.951611124955e-04      -1.825634702055e+00      -2.394865913042e-03 
       2.124919042982e-01      -3.883647046067e-02      -8.083231423606e+03      -8.181770693729e+03      -3.720794775012e-02      -8.158599783797e+03       2.974617168633e-02       2.974617168633e-02       1.636354138746e+04       3.666071608382e+00       5.019035584741e-02      -8.789381628236e-09      -1.833036242146e+00      -7.204591189409e-04      -1.833035804191e+00      -2.408106467599e-03 
       2.149524554836e-01      -3.810403603508e-02      -8.112470547443e+03      -8.214699771544e+03      -3.650632412516e-02      -8.190918034214e+03       2.918421379980e-02       2.918421379980e-02       1.642939954309e+04       3.680534326027e+00       4.924184600401e-02      -8.629090457991e-09      -1.840267592671e+00      -7.453543673426e-04      -1.840267163013e+00      -2.421071077399e-03 
       2.174415044964e-01      -3.738655344484e-02      -8.142542856774e+03      -8.248282429837e+03      -3.581893425887e-02      -8.223917477386e+03       2.863479602128e-02       2.863479602128e-02       1.649656485967e+04       3.695368363739e+00       4.831485793608e-02      -8.477898297571e-09      -1.847684603431e+00      -7.683483178321e-04      -1.847684181870e+00      -2.433969504963e-03 
       2.199593835622e-01      -3.669196737632e-02      -8.175195160457e+03      -8.284107434464e+03      -3.515346499730e-02      -8.259210223889e+03       2.810307080349e-02       2.810307080349e-02       1.656821486893e+04       3.711243383776e+00       4.741777483749e-02      -8.337351155394e-09      -1.855622105617e+00      -7.886491721384e-04      -1.855621691888e+00      -2.447096420189e-03 
       2.225064292787e-01      -3.602631462337e-02      -8.212014544543e+03      -8.323610966994e+03      -3.451573769274e-02      -8.298254822130e+03       2.759318790920e-02       2.759318790920e-02       1.664722193399e+04       3.728784262883e+00       4.655744089568e-02      -8.183667904606e-09      -1.864392537658e+00      -8.053275620918e-04      -1.864392131441e+00      -2.460697114780e-03 
       2.250829827337e-01      -3.539188594763e-02      -8.254070900759e+03      -8.367735853292e+03      -3.390791670740e-02      -8.342013181261e+03       2.710727037597e-02       2.710727037597e-02       1.673547170658e+04       3.748446723428e+00       4.573756109529e-02      -8.045550174916e-09      -1.874223760774e+00      -8.175233403184e-04      -1.874223361714e+00      -2.474921619559e-03 
       2.276893896260e-01      -3.479206184678e-02      -8.302632430510e+03      -8.417674610198e+03      -3.333323623753e-02      -8.391688592326e+03       2.664796272413e-02       2.664796272413e-02       1.683534922040e+04       3.770775460764e+00       4.496261592787e-02      -7.908002066964e-09      -1.885388122680e+00      -8.249495710330e-04      -1.885387730382e+00      -2.490065851796e-03 
       2.303260003924e-01      -3.422833859019e-02      -8.358463607663e+03      -8.474149560866e+03      -3.279315216664e-02      -8.448009324274e+03       2.621613649038e-02       2.621613649038e-02       1.694829912173e+04       3.796078960801e+00       4.423398449597e-02      -7.780142911266e-09      -1.898039866342e+00      -8.273496796207e-04      -1.898039480400e+00      -2.506282618573e-03 
       2.329931703385e-01      -3.369890960133e-02      -8.421632561663e+03      -8.537237025528e+03      -3.228592390139e-02      -8.511050338340e+03       2.581053557930e-02       2.581053557930e-02       1.707447405106e+04       3.824399289170e+00       4.354958975713e-02      -7.655963363200e-09      -1.912200024557e+00      -8.251107043894e-04      -1.912199644585e+00      -2.523659033653e-03 
       2.356912597752e-01      -3.320190645433e-02      -8.492138920330e+03      -8.606998435016e+03      -3.180974980382e-02      -8.580863295051e+03       2.542987743291e-02       2.542987743291e-02       1.721399687003e+04       3.855770280843e+00       4.290731700492e-02      -7.535212740053e-09      -1.927885514795e+00      -8.186066896009e-04      -1.927885140421e+00      -2.542275073751e-03 
       2.384206341604e-01      -3.273276180803e-02      -8.569163242940e+03      -8.682721080670e+03      -3.136025478501e-02      -8.656719381329e+03       2.507066860315e-02       2.507066860315e-02       1.736544216134e+04       3.889865526738e+00       4.230127311550e-02      -7.422271478057e-09      -1.944933132463e+00      -8.088252646886e-04      -1.944932763369e+00      -2.562081437990e-03 
       2.411816642459e-01      -3.228688088849e-02      -8.651567701969e+03      -8.763411050662e+03      -3.093308092218e-02      -8.737603002547e+03       2.472885304810e-02       2.472885304810e-02       1.752682210132e+04       3.926187312138e+00       4.172443548582e-02      -7.312065332977e-09      -1.963094020133e+00      -7.967197217881e-04      -1.963093656069e+00      -2.582916696235e-03 
       2.439747262300e-01      -3.185615394502e-02      -8.737501456837e+03      -8.847403031638e+03      -3.052041125067e-02      -8.821821252124e+03       2.439881951483e-02       2.439881951483e-02       1.769480606328e+04       3.964020424165e+00       4.116753585121e-02      -7.205733643180e-09      -1.982010571294e+00      -7.836859350163e-04      -1.982010212083e+00      -2.604552091049e-03 
       2.468002019165e-01      -3.143396992125e-02      -8.825089759404e+03      -8.933017279247e+03      -3.011592313248e-02      -8.907665317721e+03       2.407537766799e-02       2.407537766799e-02       1.786603455849e+04       4.002587507828e+00       4.062177420056e-02      -7.101543123618e-09      -2.001294108369e+00      -7.709992746529e-04      -2.001293753914e+00      -2.626701471245e-03 
       2.496584788785e-01      -3.101278432284e-02      -8.912230896475e+03      -9.018358760422e+03      -2.971235190155e-02      -8.993209465212e+03       2.375321015683e-02       2.375321015683e-02       1.803671752084e+04       4.041061498962e+00       4.007833199898e-02      -6.996511699733e-09      -2.020531099205e+00      -7.599684194330e-04      -2.020530749481e+00      -2.649052680601e-03 
       2.525499506303e-01      -3.058853205644e-02      -8.996930976614e+03      -9.101624923123e+03      -2.930592464278e-02      -9.076622765817e+03       2.342771590207e-02       2.342771590207e-02       1.820324984625e+04       4.078496884342e+00       3.952895031671e-02      -6.896956907532e-09      -2.039248787100e+00      -7.519489038636e-04      -2.039248442171e+00      -2.671226896700e-03 
       2.554750168040e-01      -3.015414190759e-02      -9.077323216887e+03      -9.181114380782e+03      -2.888974482375e-02      -9.156179437845e+03       2.309498375548e-02       2.309498375548e-02       1.836222876156e+04       4.114242508178e+00       3.896753099045e-02      -6.794740973944e-09      -2.057121594123e+00      -7.477219839213e-04      -2.057121254089e+00      -2.692939152517e-03 
       2.584340833344e-01      -2.970726056450e-02      -9.152077800137e+03      -9.255624848771e+03      -2.846159817565e-02      -9.230658283570e+03       2.275272056076e-02       2.275272056076e-02       1.851124969754e+04       4.147709282173e+00       3.839004127487e-02      -6.690560528446e-09      -2.073854976082e+00      -7.483094053901e-04      -2.073854641086e+00      -2.713981240404e-03 
       2.614275626498e-01      -2.924613892504e-02      -9.220193680233e+03      -9.324224714281e+03      -2.801981207546e-02      -9.299117653389e+03       2.239954685177e-02       2.239954685177e-02       1.864844942856e+04       4.178470689354e+00       3.779414039342e-02      -6.588222322860e-09      -2.089235674473e+00      -7.538570130947e-04      -2.089235344677e+00      -2.734109082642e-03 
       2.644558738710e-01      -2.877069103165e-02      -9.281215578708e+03      -9.386468673816e+03      -2.756430255845e-02      -9.361111094431e+03       2.203541334978e-02       2.203541334978e-02       1.877293734763e+04       4.206327642474e+00       3.717975077986e-02      -6.483607018019e-09      -2.103164145670e+00      -7.642515885640e-04      -2.103163821237e+00      -2.753180257163e-03 
       2.675194430176e-01      -2.828240485181e-02      -9.335248778240e+03      -9.442408978510e+03      -2.709649263421e-02      -9.416699142949e+03       2.166148519627e-02       2.166148519627e-02       1.888481795702e+04       4.231309865989e+00       3.654884696478e-02      -6.375360703894e-09      -2.115655251920e+00      -7.790100181212e-04      -2.115654932994e+00      -2.771137467196e-03 
       2.706187032217e-01      -2.778433788356e-02      -9.382970535844e+03      -9.492606807452e+03      -2.661931679224e-02      -9.466460693250e+03       2.128003104585e-02       2.128003104585e-02       1.898521361490e+04       4.253670680516e+00       3.590523263498e-02      -6.269213947334e-09      -2.126835653563e+00      -7.971966745631e-04      -2.126835340258e+00      -2.787992305838e-03 
       2.737540949511e-01      -2.728123381203e-02      -9.425834604475e+03      -9.538354538288e+03      -2.613731168689e-02      -9.511712270123e+03       2.089477478656e-02       2.089477478656e-02       1.907670907658e+04       4.274010462865e+00       3.525522140297e-02      -6.160711289359e-09      -2.137005539062e+00      -8.177991624698e-04      -2.137005231432e+00      -2.803961546294e-03 
       2.769260662395e-01      -2.677854351159e-02      -9.465649164101e+03      -9.581253264918e+03      -2.565570478500e-02      -9.554086008348e+03       2.050981353102e-02       2.050981353102e-02       1.916250652984e+04       4.293055183132e+00       3.460570062727e-02      -6.053897922374e-09      -2.146527893524e+00      -8.389465211745e-04      -2.146527591566e+00      -2.819205698272e-03 
       2.801350729270e-01      -2.628233942624e-02      -9.504688899296e+03      -9.623358489992e+03      -2.518030893699e-02      -9.595669925540e+03       2.012985133552e-02       2.012985133552e-02       1.924671697998e+04       4.311748516282e+00       3.396462520779e-02      -5.946586541533e-09      -2.155874554501e+00      -8.595871920652e-04      -2.155874258141e+00      -2.834150274819e-03 
       2.833815789091e-01      -2.579845538071e-02      -9.545362714268e+03      -9.666860564936e+03      -2.471670479898e-02      -9.638686662391e+03       1.975945128039e-02       1.975945128039e-02       1.933372112987e+04       4.331099723208e+00       3.333972614119e-02      -5.846618024497e-09      -2.165550152510e+00      -8.781034344271e-04      -2.165549861604e+00      -2.849172820040e-03 
       2.866660563954e-01      -2.533164791478e-02      -9.589884211827e+03      -9.713777668019e+03      -2.426943670576e-02      -9.685183213908e+03       1.940240438182e-02       1.940240438182e-02       1.942755533604e+04       4.352045468502e+00       3.273744937613e-02      -5.743018884264e-09      -2.176023019904e+00      -8.932352664419e-04      -2.176022734251e+00      -2.864661867490e-03 
       2.899889861791e-01      -2.488740854919e-02      -9.640123066351e+03      -9.765829845163e+03      -2.384387740415e-02      -9.736901525775e+03       1.906154102474e-02       1.906154102474e-02       1.953165969033e+04       4.375217352632e+00       3.216211249572e-02      -5.641874279742e-09      -2.187608956941e+00      -9.043295525863e-04      -2.187608676316e+00      -2.880910324772e-03 
       2.933508579160e-01      -2.446489141815e-02      -9.697129905123e+03      -9.823977399682e+03      -2.343907648261e-02      -9.794815193354e+03       1.873793635646e-02       1.873793635646e-02       1.964795479936e+04       4.401241146867e+00       3.161610339754e-02      -5.546779128108e-09      -2.200620849294e+00      -9.107652391863e-04      -2.200620573433e+00      -2.898211986954e-03 
       2.967521704153e-01      -2.406371671712e-02      -9.761209223695e+03      -9.888511348441e+03      -2.305467396709e-02      -9.859217078394e+03       1.843125380968e-02       1.843125380968e-02       1.977702269688e+04       4.430247978758e+00       3.109883894045e-02      -5.455199481080e-09      -2.215124260734e+00      -9.126107284389e-04      -2.215123989379e+00      -2.916659675310e-03 
       3.001934319413e-01      -2.368450840535e-02      -9.832086717766e+03      -9.959211021823e+03      -2.269141274669e-02      -9.929878290849e+03       1.814018831475e-02       1.814018831475e-02       1.991842204365e+04       4.461926209524e+00       3.060752326292e-02      -5.365799731372e-09      -2.230963371825e+00      -9.105364772764e-04      -2.230963104762e+00      -2.936164177731e-03 
       3.036751605276e-01      -2.332165827418e-02      -9.908720126138e+03      -1.003515374572e+04      -2.234377424467e-02      -1.000585822813e+04       1.786224505864e-02       1.786224505864e-02       2.007030749144e+04       4.496063783801e+00       3.013854638312e-02      -5.280127188850e-09      -2.248032154874e+00      -9.053011332247e-04      -2.248031891901e+00      -2.956711383270e-03 
       3.071978843033e-01      -2.297200668178e-02      -9.989603628961e+03      -1.011502086387e+04      -2.200878068296e-02      -1.008581005919e+04       1.759440491216e-02       1.759440491216e-02       2.023004172774e+04       4.531985282909e+00       2.968661448719e-02      -5.196860876423e-09      -2.265992900487e+00      -8.983591704845e-04      -2.265992641454e+00      -2.978107182043e-03 
       3.107621418325e-01      -2.263115765456e-02      -1.007286272898e+04      -1.019715291113e+04      -2.168222087311e-02      -1.016804208409e+04       1.733330430062e-02       1.733330430062e-02       2.039430582226e+04       4.568930852620e+00       2.924605322290e-02      -5.115877759291e-09      -2.284465681501e+00      -8.911596948010e-04      -2.284465426310e+00      -3.000103579863e-03 
       3.143684824675e-01      -2.229454362059e-02      -1.015637238380e+04      -1.027964689426e+04      -2.135971857971e-02      -1.025061820076e+04       1.707545554148e-02       1.707545554148e-02       2.055929378853e+04       4.606031802543e+00       2.881098128405e-02      -5.036224831428e-09      -2.303016152669e+00      -8.851752451815e-04      -2.303015901272e+00      -3.022388139111e-03 
       3.180174667161e-01      -2.195772083527e-02      -1.023788186953e+04      -1.036046198823e+04      -2.103701702312e-02      -1.033146651426e+04       1.681745456480e-02       1.681745456480e-02       2.072092397646e+04       4.642357087499e+00       2.837565472570e-02      -4.957467616685e-09      -2.321178791350e+00      -8.817725213796e-04      -2.321178543749e+00      -3.044592743481e-03 
       3.217096666243e-01      -2.161701623985e-02      -1.031535789131e+04      -1.043773150759e+04      -2.071059716520e-02      -1.040869590886e+04       1.655649253222e-02       1.655649253222e-02       2.087546301517e+04       4.677057559705e+00       2.793533563069e-02      -4.878960190885e-09      -2.338529023612e+00      -8.819199734000e-04      -2.338528779852e+00      -3.066337989746e-03 
       3.254456661739e-01      -2.127017003569e-02      -1.038734413563e+04      -1.051010248926e+04      -2.037829416311e-02      -1.048093845021e+04       1.629083794228e-02       1.629083794228e-02       2.102020497853e+04       4.709518530958e+00       2.748710220684e-02      -4.800213440199e-09      -2.354759505328e+00      -8.861564486074e-04      -2.354759265479e+00      -3.087323746998e-03 
       3.292260616973e-01      -2.091669595830e-02      -1.045322819746e+04      -1.057698972674e+04      -2.003964213680e-02      -1.054760520706e+04       1.602011724560e-02       1.602011724560e-02       2.115397945349e+04       4.739475314135e+00       2.703032382539e-02      -4.721064467980e-09      -2.369737892930e+00      -8.945046587996e-04      -2.369737657067e+00      -3.107387892400e-03 
       3.330514623091e-01      -2.055787744295e-02      -1.051334165225e+04      -1.063867232327e+04      -1.969587039303e-02      -1.060898326679e+04       1.574531351889e-02       1.574531351889e-02       2.127734464655e+04       4.767057044889e+00       2.656665931309e-02      -4.641703970257e-09      -2.383528754260e+00      -9.064859520196e-04      -2.383528522445e+00      -3.126536064036e-03 
       3.369224903559e-01      -2.019627560246e-02      -1.056881502226e+04      -1.069615448055e+04      -1.934943026352e-02      -1.066609573989e+04       1.546841128589e-02       1.546841128589e-02       2.139230896110e+04       4.792727046066e+00       2.609946488447e-02      -4.562801449111e-09      -2.396363750771e+00      -9.210171785095e-04      -2.396363523033e+00      -3.144888129962e-03 
       3.408397818850e-01      -1.983473023480e-02      -1.062126683952e+04      -1.075087351345e+04      -1.900301961804e-02      -1.072040707029e+04       1.519186051459e-02       1.519186051459e-02       2.150174702690e+04       4.817186153637e+00       2.563296600805e-02      -4.480095524640e-09      -2.408593300488e+00      -9.368950506799e-04      -2.408593076819e+00      -3.162693679273e-03 
       3.448039871328e-01      -1.947820790002e-02      -1.067274843088e+04      -1.080466753254e+04      -1.866147759997e-02      -1.077378715074e+04       1.491846264341e-02       1.491846264341e-02       2.160933506508e+04       4.841119964580e+00       2.517155577487e-02      -4.405023299851e-09      -2.420560201927e+00      -9.527490877417e-04      -2.420559982290e+00      -3.180166795892e-03 
       3.488157710346e-01      -1.912830536633e-02      -1.072510555309e+04      -1.085916924315e+04      -1.832624789880e-02      -1.082790063472e+04       1.465049420921e-02       1.465049420921e-02       2.171833848631e+04       4.865438894781e+00       2.471942633624e-02      -4.327851541093e-09      -2.432719663082e+00      -9.670112059207e-04      -2.432719447391e+00      -3.197630824098e-03 
       3.528758137560e-01      -1.878842766823e-02      -1.078028710049e+04      -1.091614595861e+04      -1.800062252341e-02      -1.088454171224e+04       1.439019238258e-02       1.439019238258e-02       2.183229191722e+04       4.890891966994e+00       2.428022903111e-02      -4.252524181940e-09      -2.445446195355e+00      -9.786173306151e-04      -2.445445983497e+00      -3.215387547935e-03 
       3.569848112472e-01      -1.846082589099e-02      -1.083997399324e+04      -1.097715068740e+04      -1.768675695991e-02      -1.094528203506e+04       1.413929376983e-02       1.413929376983e-02       2.195430137479e+04       4.918187450259e+00       2.385689820060e-02      -4.178732153378e-09      -2.459093933293e+00      -9.868571866123e-04      -2.459093725130e+00      -3.233768723522e-03 
       3.611434758224e-01      -1.814554515739e-02      -1.090507754320e+04      -1.104304903798e+04      -1.738464214113e-02      -1.101099358094e+04       1.389847693135e-02       1.389847693135e-02       2.208609807596e+04       4.947828428058e+00       2.345079323226e-02      -4.113193786922e-09      -2.473914418657e+00      -9.915868289232e-04      -2.473914214029e+00      -3.253066574451e-03 
       3.653525367639e-01      -1.784537941621e-02      -1.097609250013e+04      -1.111436550328e+04      -1.709711602769e-02      -1.108219567658e+04       1.366790016258e-02       1.366790016258e-02       2.222873100655e+04       4.979705680216e+00       2.306152122682e-02      -4.038252233297e-09      -2.489853041332e+00      -9.932432011860e-04      -2.489852840108e+00      -3.273281683234e-03 
       3.696127409538e-01      -1.755526784831e-02      -1.105178966817e+04      -1.118998218685e+04      -1.681916751114e-02      -1.115775398348e+04       1.344569181650e-02       1.344569181650e-02       2.237996437369e+04       5.013655788899e+00       2.268659166738e-02      -3.971165293852e-09      -2.506828092403e+00      -9.925480422534e-04      -2.506827894450e+00      -3.294424830256e-03 
       3.739248535338e-01      -1.727324314976e-02      -1.113050060622e+04      -1.126839909949e+04      -1.654896748642e-02      -1.123614344843e+04       1.322966505315e-02       1.322966505315e-02       2.253679819899e+04       5.048875771015e+00       2.232208815030e-02      -3.905809752528e-09      -2.524438080282e+00      -9.907853076292e-04      -2.524437885508e+00      -3.316195179852e-03 
       3.782896585951e-01      -1.699610768346e-02      -1.121016484861e+04      -1.134775196034e+04      -1.628345124945e-02      -1.131547071011e+04       1.301739023853e-02       1.301739023853e-02       2.269550392067e+04       5.084518307322e+00       2.196391758359e-02      -3.841540280082e-09      -2.542259345311e+00      -9.892376680718e-04      -2.542259153661e+00      -3.338263842859e-03 
       3.827079599000e-01      -1.672117516458e-02      -1.128886496051e+04      -1.142631652195e+04      -1.602004593485e-02      -1.139398278010e+04       1.280680527181e-02       1.280680527181e-02       2.285263304390e+04       5.119794855009e+00       2.160859898196e-02      -3.778205982162e-09      -2.559897616055e+00      -9.892034218335e-04      -2.559897427505e+00      -3.360341160500e-03 
       3.871805816365e-01      -1.644651521708e-02      -1.136508222029e+04      -1.150273037511e+04      -1.575690208686e-02      -1.147029396351e+04       1.259643500441e-02       1.259643500441e-02       2.300546075023e+04       5.154083404114e+00       2.125364441221e-02      -3.715375118125e-09      -2.577041887511e+00      -9.916057294667e-04      -2.577041702057e+00      -3.382182800575e-03 
       3.917083692089e-01      -1.617101154042e-02      -1.143781421100e+04      -1.157607938632e+04      -1.549294962652e-02      -1.154347711121e+04       1.238543266424e-02       1.238543266424e-02       2.315215877264e+04       5.186969073615e+00       2.089762784992e-02      -3.653029997514e-09      -2.593484719155e+00      -9.968647635204e-04      -2.593484536808e+00      -3.403595063234e-03 
       3.962921900649e-01      -1.589380140636e-02      -1.150644126270e+04      -1.164575779679e+04      -1.522734306947e-02      -1.161292484706e+04       1.217337025109e-02       1.217337025109e-02       2.329151559359e+04       5.218227572657e+00       2.053990466573e-02      -3.589502165001e-09      -2.609113965557e+00      -1.005058382278e-03      -2.609113786328e+00      -3.424449728455e-03 
       4.009329345627e-01      -1.561651119258e-02      -1.157126942605e+04      -1.171200218921e+04      -1.496170137784e-02      -1.167888444919e+04       1.196074230743e-02       1.196074230743e-02       2.342400437842e+04       5.247813700841e+00       2.018105920407e-02      -3.528833245520e-09      -2.623907026515e+00      -1.015550175556e-03      -2.623906850421e+00      -3.444618673186e-03 
       4.056315168792e-01      -1.533909085046e-02      -1.163319282013e+04      -1.177557474277e+04      -1.469589232716e-02      -1.174213811542e+04       1.174854394636e-02       1.174854394636e-02       2.355114948555e+04       5.276296800075e+00       1.982311474725e-02      -3.465053829979e-09      -2.638148573011e+00      -1.027220563139e-03      -2.638148400038e+00      -3.464282173193e-03 
       4.103888759632e-01      -1.506501930198e-02      -1.169415823603e+04      -1.183825234051e+04      -1.443331014514e-02      -1.180448776231e+04       1.153868268177e-02       1.153868268177e-02       2.367650468102e+04       5.304325678721e+00       1.946903776615e-02      -3.408055390135e-09      -2.652163009244e+00      -1.039092313725e-03      -2.652162839360e+00      -3.483693040467e-03 
       4.152059765344e-01      -1.479685260961e-02      -1.175621128965e+04      -1.190190850734e+04      -1.417641380226e-02      -1.186783220006e+04       1.133298835370e-02       1.133298835370e-02       2.380381701468e+04       5.332720951996e+00       1.912187319819e-02      -3.346366794750e-09      -2.666360642848e+00      -1.050077710716e-03      -2.666360475998e+00      -3.503194094841e-03 
       4.200838101329e-01      -1.453509013351e-02      -1.182074763251e+04      -1.196779704719e+04      -1.392562492883e-02      -1.193344634715e+04       1.113253882973e-02       1.113253882973e-02       2.393559409439e+04       5.362212114962e+00       1.878367137096e-02      -3.292946055554e-09      -2.681106221380e+00      -1.059023002865e-03      -2.681106057481e+00      -3.523060723688e-03 
       4.250233962207e-01      -1.428044041288e-02      -1.188853772547e+04      -1.203660814072e+04      -1.368162993931e-02      -1.200203235149e+04       1.093778427474e-02       1.093778427474e-02       2.407321628144e+04       5.393098743986e+00       1.845516101061e-02      -3.229451408272e-09      -2.696549533029e+00      -1.065719491576e-03      -2.696549371993e+00      -3.543447323335e-03 
       4.300257833389e-01      -1.403407288307e-02      -1.195990144718e+04      -1.210865618976e+04      -1.344561784529e-02      -1.207390518128e+04       1.074877588219e-02       1.074877588219e-02       2.421731237952e+04       5.425319343950e+00       1.813614725118e-02      -3.174167911098e-09      -2.712659830224e+00      -1.070291599715e-03      -2.712659671975e+00      -3.564335310340e-03 
       4.350920503249e-01      -1.379410485345e-02      -1.203444012346e+04      -1.218360754750e+04      -1.321571155954e-02      -1.214872128355e+04       1.056497587422e-02       1.056497587422e-02       2.436721509501e+04       5.458935758890e+00       1.782602380877e-02      -3.119356149885e-09      -2.729468034988e+00      -1.073209720393e-03      -2.729467879445e+00      -3.585837244742e-03 
       4.402233075914e-01      -1.356000849142e-02      -1.211145862239e+04      -1.226089126923e+04      -1.299143048826e-02      -1.222589073301e+04       1.038567391286e-02       1.038567391286e-02       2.452178253846e+04       5.493609829069e+00       1.752349015585e-02      -3.065789711848e-09      -2.746805067439e+00      -1.075312757258e-03      -2.746804914535e+00      -3.607873199708e-03 
       4.454206984736e-01      -1.333015562037e-02      -1.218952915799e+04      -1.233922828345e+04      -1.277121491639e-02      -1.230411228827e+04       1.020962367939e-02       1.020962367939e-02       2.467845656689e+04       5.528757002933e+00       1.722644358379e-02      -3.013262132459e-09      -2.764378651779e+00      -1.077626438212e-03      -2.764378501466e+00      -3.630238402198e-03 
       4.506854006466e-01      -1.310264669349e-02      -1.226684245060e+04      -1.241694850523e+04      -1.255324520577e-02      -1.238169555786e+04       1.003536975990e-02       1.003536975990e-02       2.483389701047e+04       5.563617533521e+00       1.693242817430e-02      -2.961348270737e-09      -2.781808914508e+00      -1.081101346733e-03      -2.781808766761e+00      -3.652606613303e-03 
       4.560186276189e-01      -1.287617884099e-02      -1.234203779871e+04      -1.249279119065e+04      -1.233627314674e-02      -1.245736527311e+04       9.861915338300e-03       9.861915338300e-03       2.498558238130e+04       5.597618692462e+00       1.663976234763e-02      -2.909987665647e-09      -2.798809491425e+00      -1.086294796348e-03      -2.798809346231e+00      -3.674706857523e-03 
       4.614216303071e-01      -1.265055578428e-02      -1.241478791323e+04      -1.256646213835e+04      -1.212011065310e-02      -1.253082230910e+04       9.689110534570e-03       9.689110534570e-03       2.513292427670e+04       5.630626223566e+00       1.634819336529e-02      -2.859073902481e-09      -2.815313254432e+00      -1.093320716215e-03      -2.815313111783e+00      -3.696472995448e-03 
       4.668956986955e-01      -1.242632486174e-02      -1.248555327253e+04      -1.263838786692e+04      -1.190528207035e-02      -1.260249812076e+04       9.517373931791e-03       9.517373931791e-03       2.527677573384e+04       5.662833882802e+00       1.605842730706e-02      -2.808670771737e-09      -2.831417081522e+00      -1.101866232448e-03      -2.831416941401e+00      -3.717977161540e-03 
       4.724421635890e-01      -1.220415649683e-02      -1.255501878391e+04      -1.270916188419e+04      -1.169242963287e-02      -1.267300002239e+04       9.347218042381e-03       9.347218042381e-03       2.541832376838e+04       5.694514347331e+00       1.577132863920e-02      -2.758831132441e-09      -2.847257311281e+00      -1.111250374765e-03      -2.847257173666e+00      -3.739283063583e-03 
       4.780623984623e-01      -1.198472931174e-02      -1.262396685755e+04      -1.277944478162e+04      -1.148220346087e-02      -1.274300712946e+04       9.179161095744e-03       9.179161095744e-03       2.555888956324e+04       5.725972377098e+00       1.548777129045e-02      -2.709639487805e-09      -2.862986323690e+00      -1.120635061752e-03      -2.862986188549e+00      -3.760449805269e-03 
       4.837578214154e-01      -1.176904457918e-02      -1.269359942634e+04      -1.285032020813e+04      -1.127556269752e-02      -1.281362066207e+04       9.013969850921e-03       9.013969850921e-03       2.570064041627e+04       5.757702769532e+00       1.520904899310e-02      -2.661141353495e-09      -2.878851517475e+00      -1.129236665269e-03      -2.878851384766e+00      -3.781664019575e-03 
       4.895298972391e-01      -1.155814896290e-02      -1.276524542417e+04      -1.292303537783e+04      -1.107351005841e-02      -1.288609950554e+04       8.852445813204e-03       8.852445813204e-03       2.584607075566e+04       5.790271170058e+00       1.493651407885e-02      -2.613875824633e-09      -2.895135715359e+00      -1.136667894168e-03      -2.895135585029e+00      -3.803218941192e-03 
       4.953801396020e-01      -1.135242578450e-02      -1.283954541392e+04      -1.299820422927e+04      -1.087641293127e-02      -1.296106120595e+04       8.694880488869e-03       8.694880488869e-03       2.599640845855e+04       5.823954377308e+00       1.467065771331e-02      -2.567266332967e-09      -2.911977316665e+00      -1.142711347505e-03      -2.911977188654e+00      -3.825253693634e-03 
       5.013101133638e-01      -1.115124917022e-02      -1.291596643032e+04      -1.307532727966e+04      -1.068367166645e-02      -1.303800148769e+04       8.540795668117e-03       8.540795668117e-03       2.615065455932e+04       5.858526105832e+00       1.441067338931e-02      -2.521311239605e-09      -2.929263178659e+00      -1.147657828721e-03      -2.929263052916e+00      -3.847672309393e-03 
       5.073214370266e-01      -1.095372183799e-02      -1.299355458980e+04      -1.315353156595e+04      -1.049442658613e-02      -1.311603549055e+04       8.389506077712e-03       8.389506077712e-03       2.630706313190e+04       5.893589347045e+00       1.415540547982e-02      -2.476414867640e-09      -2.946794797038e+00      -1.152213478869e-03      -2.946794673522e+00      -3.870337202432e-03 
       5.134157853330e-01      -1.075928671503e-02      -1.307166284050e+04      -1.323226945529e+04      -1.030814408234e-02      -1.319460047180e+04       8.240585081112e-03       8.240585081112e-03       2.646453891058e+04       5.928891219360e+00       1.390413411376e-02      -2.432255472085e-09      -2.964445731003e+00      -1.157000413572e-03      -2.964445609680e+00      -3.893187812702e-03 
       5.195948920219e-01      -1.056747368858e-02      -1.314970677944e+04      -1.331104451971e+04      -1.012437375130e-02      -1.327318664400e+04       8.093673719529e-03       8.093673719529e-03       2.662208903941e+04       5.964203024052e+00       1.365625397450e-02      -2.388721407669e-09      -2.982101631186e+00      -1.162564715909e-03      -2.982101512026e+00      -3.916166773070e-03 
       5.258605527531e-01      -1.037758258018e-02      -1.322678462753e+04      -1.338900375677e+04      -9.942444870641e-03      -1.335093414036e+04       7.948235083902e-03       7.948235083902e-03       2.677800751353e+04       5.999138184731e+00       1.341085892451e-02      -2.345780065148e-09      -2.999569209384e+00      -1.169188281994e-03      -2.999569092365e+00      -3.939076372178e-03 
       5.322146282141e-01      -1.018924899728e-02      -1.330239894115e+04      -1.346564688199e+04      -9.762008280337e-03      -1.342734359279e+04       7.803990375862e-03       7.803990375862e-03       2.693129376398e+04       6.033472437881e+00       1.316747865707e-02      -2.303289667822e-09      -3.016736333836e+00      -1.176757985142e-03      -3.016736218941e+00      -3.961758454543e-03 
       5.386590474225e-01      -1.000297713513e-02      -1.337721760330e+04      -1.354159263714e+04      -9.583547001760e-03      -1.350304088470e+04       7.661325292289e-03       7.661325292289e-03       2.708318527429e+04       6.067486884342e+00       1.292676381059e-02      -2.261318993618e-09      -3.033743554966e+00      -1.184905046165e-03      -3.033743442171e+00      -3.984331048379e-03 
       5.451958112383e-01      -9.819534704747e-03      -1.345236004081e+04      -1.361788509762e+04      -9.407796542571e-03      -1.357908095271e+04       7.520826919477e-03       7.520826919477e-03       2.723577019525e+04       6.101655243316e+00       1.268970468074e-02      -2.220020925500e-09      -3.050827732384e+00      -1.193134165012e-03      -3.050827621658e+00      -4.007012876951e-03 
       5.518269961031e-01      -9.639157943139e-03      -1.352829881476e+04      -1.369492259611e+04      -9.234983139684e-03      -1.365587342077e+04       7.382676429316e-03       7.382676429316e-03       2.738984519223e+04       6.136161667923e+00       1.245660705209e-02      -2.179329168569e-09      -3.068080942653e+00      -1.200933005561e-03      -3.068080833961e+00      -4.029838735444e-03 
       5.585547580240e-01      -9.461864291674e-03      -1.360520222636e+04      -1.377282735278e+04      -9.065123521269e-03      -1.373354763615e+04       7.246886584770e-03       7.246886584770e-03       2.754565470555e+04       6.171064049654e+00       1.222749226850e-02      -2.139267116840e-09      -3.085532131520e+00      -1.208038038293e-03      -3.085532024827e+00      -4.052803456872e-03 
       5.653813368197e-01      -9.287945890932e-03      -1.368362294383e+04      -1.385214858299e+04      -8.898497581276e-03      -1.381265284099e+04       7.113681187430e-03       7.113681187430e-03       2.770429716598e+04       6.206609186201e+00       1.200273795969e-02      -2.099904961548e-09      -3.103304697832e+00      -1.214493686594e-03      -3.103304593101e+00      -4.076068512836e-03 
       5.723090606529e-01      -9.117361797139e-03      -1.376362368029e+04      -1.393298540776e+04      -8.735066112358e-03      -1.389328234148e+04       6.983029167602e-03       6.983029167602e-03       2.786597081552e+04       6.242839096768e+00       1.178229178810e-02      -2.061260748620e-09      -3.121419651192e+00      -1.220595549802e-03      -3.121419548384e+00      -4.099706647412e-03 
       5.793403508692e-01      -8.949378592987e-03      -1.384417130084e+04      -1.401436272406e+04      -8.574126478262e-03      -1.397445283047e+04       6.854369205560e-03       6.854369205560e-03       2.802872544812e+04       6.279312089008e+00       1.156520677334e-02      -2.023208790704e-09      -3.139656145418e+00      -1.226727263401e-03      -3.139656044504e+00      -4.123501638090e-03 
       5.864777271687e-01      -8.783488775709e-03      -1.392449370845e+04      -1.409556409194e+04      -8.415192478539e-03      -1.405543979410e+04       6.727312929597e-03       6.727312929597e-03       2.819112818387e+04       6.315702740434e+00       1.135082772212e-02      -1.985661898590e-09      -3.157851469261e+00      -1.233237399662e-03      -3.157851370217e+00      -4.147304537108e-03 
       5.937238131390e-01      -8.619819691561e-03      -1.400480699492e+04      -1.417683704587e+04      -8.258386126966e-03      -1.413648559296e+04       6.601957989996e-03       6.601957989996e-03       2.835367409173e+04       6.352120012337e+00       1.113931943155e-02      -1.948660030782e-09      -3.176060103367e+00      -1.240320689754e-03      -3.176060006168e+00      -4.171214146140e-03 
       6.010813421777e-01      -8.458302861259e-03      -1.408505196779e+04      -1.425811846795e+04      -8.103641810283e-03      -1.421752778534e+04       6.478251857918e-03       6.478251857918e-03       2.851623693589e+04       6.388535826998e+00       1.093059324727e-02      -1.912180138279e-09      -3.194268008876e+00      -1.247910387174e-03      -3.194267913499e+00      -4.195202402540e-03 
       6.085531638393e-01      -8.298714697592e-03      -1.416492046743e+04      -1.433906627346e+04      -7.950745302379e-03      -1.429822993933e+04       6.356023076065e-03       6.356023076065e-03       2.867813254691e+04       6.424798931460e+00       1.072435981123e-02      -1.876152627505e-09      -3.212399559307e+00      -1.255733327277e-03      -3.212399465730e+00      -4.219131707992e-03 
       6.161422506428e-01      -8.141463274930e-03      -1.424519635664e+04      -1.442041936696e+04      -7.800087548354e-03      -1.437933733092e+04       6.235583920439e-03       6.235583920439e-03       2.884083873392e+04       6.461244094980e+00       1.052114593914e-02      -1.840643580661e-09      -3.230622139294e+00      -1.263499185645e-03      -3.230622047490e+00      -4.243166012467e-03 
       6.238517053790e-01      -7.986951231858e-03      -1.432672177400e+04      -1.450298477348e+04      -7.652054291213e-03      -1.446166174541e+04       6.117242591318e-03       6.117242591318e-03       2.900596954696e+04       6.498236000928e+00       1.032147159581e-02      -1.805729275259e-09      -3.249118090526e+00      -1.271009085918e-03      -3.249118000464e+00      -4.267502358729e-03 
       6.316847689635e-01      -7.834869803231e-03      -1.440907766851e+04      -1.458633260412e+04      -7.506349712686e-03      -1.454477540090e+04       6.000762605079e-03       6.000762605079e-03       2.917266520824e+04       6.535582420239e+00       1.012493776857e-02      -1.771338754313e-09      -3.267791298466e+00      -1.278199460573e-03      -3.267791210120e+00      -4.292010426708e-03 
       6.396448288827e-01      -7.685095233965e-03      -1.449212713126e+04      -1.467034256037e+04      -7.362855254885e-03      -1.462855550147e+04       5.886049293996e-03       5.886049293996e-03       2.934068512075e+04       6.573228221899e+00       9.931384761439e-03      -1.737456175248e-09      -3.286614197608e+00      -1.285205180306e-03      -3.286614110950e+00      -4.316676894111e-03 
       6.477354282875e-01      -7.537779534318e-03      -1.457624325220e+04      -1.475542066385e+04      -7.221716564585e-03      -1.471340251198e+04       5.773219238676e-03       5.773219238676e-03       2.951084132770e+04       6.611353422296e+00       9.741009323934e-03      -1.704127947709e-09      -3.305676796145e+00      -1.292278733296e-03      -3.305676711148e+00      -4.341654116577e-03 
       6.559602757945e-01      -7.392474448089e-03      -1.466063781480e+04      -1.484080845153e+04      -7.082504191694e-03      -1.479855400587e+04       5.661929269160e-03       5.661929269160e-03       2.968161690305e+04       6.649615507286e+00       9.553232478660e-03      -1.671268055361e-09      -3.324807837001e+00      -1.299591326801e-03      -3.324807753643e+00      -4.366754581928e-03 
       6.643232560598e-01      -7.248949881849e-03      -1.474490325171e+04      -1.492611101647e+04      -6.944997693854e-03      -1.488361345747e+04       5.552003199577e-03       5.552003199577e-03       2.985222203293e+04       6.687836329279e+00       9.367756964471e-03      -1.638828515092e-09      -3.343918246380e+00      -1.307197139256e-03      -3.343918164640e+00      -4.391875283598e-03 
       6.728284411997e-01      -7.107553961208e-03      -1.482982648902e+04      -1.501210690816e+04      -6.809530593563e-03      -1.496936000144e+04       5.443707577362e-03       5.443707577362e-03       3.002421381631e+04       6.726365949518e+00       9.185032495609e-03      -1.606880099059e-09      -3.363183054905e+00      -1.315046538116e-03      -3.363182974759e+00      -4.417227558235e-03 
       6.814801031383e-01      -6.968130422883e-03      -1.491519689801e+04      -1.509856268038e+04      -6.675953173021e-03      -1.505556399672e+04       5.336922618369e-03       5.336922618369e-03       3.019712536077e+04       6.765101129571e+00       9.004856933233e-03      -1.575378196809e-09      -3.382550643359e+00      -1.322963764851e-03      -3.382550564785e+00      -4.442719167076e-03 
       6.902827269736e-01      -6.830610355709e-03      -1.500097074625e+04      -1.518541282204e+04      -6.544199404895e-03      -1.514216341638e+04       5.231595458909e-03       5.231595458909e-03       3.037082564407e+04       6.804013951246e+00       8.827141056802e-03      -1.544299451148e-09      -3.402007052646e+00      -1.330799558859e-03      -3.402006975623e+00      -4.468309183917e-03 
       6.992410254616e-01      -6.695346738135e-03      -1.508804536361e+04      -1.527354683941e+04      -6.414607463907e-03      -1.523004816074e+04       5.127996405686e-03       5.127996405686e-03       3.054709367882e+04       6.843504257663e+00       8.652340936042e-03      -1.513719640517e-09      -3.421752204329e+00      -1.338544847851e-03      -3.421752128831e+00      -4.494246480532e-03 
       7.083599547303e-01      -6.562015582499e-03      -1.517581588697e+04      -1.536236752142e+04      -6.286866951735e-03      -1.531862037710e+04       5.025877375409e-03       5.025877375409e-03       3.072473504284e+04       6.883303438576e+00       8.480038003951e-03      -1.483571283712e-09      -3.441651793282e+00      -1.346244319492e-03      -3.441651719288e+00      -4.520369930777e-03 
       7.176447313498e-01      -6.430491056650e-03      -1.526407753168e+04      -1.545168710821e+04      -6.160857317588e-03      -1.540768980643e+04       4.925142067610e-03       4.925142067610e-03       3.090337421642e+04       6.923326045175e+00       8.310069797293e-03      -1.453832938774e-09      -3.461663095099e+00      -1.354014224102e-03      -3.461663022588e+00      -4.546644308333e-03 
       7.271008508973e-01      -6.300957118112e-03      -1.535336781262e+04      -1.554205772963e+04      -6.036754807734e-03      -1.549780576314e+04       4.825931411662e-03       4.825931411662e-03       3.108411545927e+04       6.963818930486e+00       8.142674113250e-03      -1.424549354662e-09      -3.481909536293e+00      -1.361970418137e-03      -3.481909465243e+00      -4.573242342037e-03 
       7.367341081734e-01      -6.173026277321e-03      -1.544284755283e+04      -1.563264239677e+04      -5.914188181829e-03      -1.558813170062e+04       4.727948645684e-03       4.727948645684e-03       3.126528479355e+04       7.004406212655e+00       7.977350238142e-03      -1.395634782089e-09      -3.502203175935e+00      -1.370087515797e-03      -3.502203106328e+00      -4.599924746005e-03 
       7.465506192458e-01      -6.046885394273e-03      -1.553308366933e+04      -1.572399984145e+04      -5.793336461086e-03      -1.567922711225e+04       4.631336836123e-03       4.631336836123e-03       3.144799968291e+04       7.045339266241e+00       7.814339549563e-03      -1.367126664913e-09      -3.522669701306e+00      -1.378320700253e-03      -3.522669633121e+00      -4.626841836755e-03 
       7.565568455175e-01      -5.922582772135e-03      -1.562433662687e+04      -1.581637911069e+04      -5.674245920083e-03      -1.577134260547e+04       4.536132932335e-03       4.536132932335e-03       3.163275822138e+04       7.086730669732e+00       7.653704377581e-03      -1.339031585758e-09      -3.543365401650e+00      -1.386598122343e-03      -3.543365334866e+00      -4.654052799157e-03 
       7.667596200406e-01      -5.799862516674e-03      -1.571605488937e+04      -1.590922242175e+04      -5.556671394304e-03      -1.586392190317e+04       4.442140939678e-03       4.442140939678e-03       3.181844484350e+04       7.128330460012e+00       7.495114024040e-03      -1.311291432439e-09      -3.564165295406e+00      -1.394861251932e-03      -3.564165230006e+00      -4.681391963804e-03 
       7.771661763261e-01      -5.679008410446e-03      -1.580913218629e+04      -1.600342766510e+04      -5.440884766757e-03      -1.595786139850e+04       4.349578207221e-03       4.349578207221e-03       3.200685533021e+04       7.170541421987e+00       7.338935216330e-03      -1.283970076698e-09      -3.585270775031e+00      -1.403176556806e-03      -3.585270710994e+00      -4.709121911798e-03 
       7.877841799308e-01      -5.559665918034e-03      -1.590271224066e+04      -1.609814644778e+04      -5.326546371255e-03      -1.605231225638e+04       4.258173239784e-03       4.258173239784e-03       3.219629289556e+04       7.212982169078e+00       7.184709880634e-03      -1.256991734574e-09      -3.606491147230e+00      -1.411570477579e-03      -3.606491084539e+00      -4.737008053613e-03 
       7.986217631414e-01      -5.441953501921e-03      -1.599724623138e+04      -1.619383665603e+04      -5.213769703505e-03      -1.614773087887e+04       4.168016776582e-03       4.168016776582e-03       3.238767331207e+04       7.255857789043e+00       7.032591121459e-03      -1.230383875746e-09      -3.627928955885e+00      -1.420102724713e-03      -3.627928894521e+00      -4.765188152646e-03 
       8.096875631153e-01      -5.325817412843e-03      -1.609271555402e+04      -1.629047915891e+04      -5.102503267690e-03      -1.624409823572e+04       4.079067646270e-03       4.079067646270e-03       3.258095831781e+04       7.299159728583e+00       6.882509470068e-03      -1.204133937750e-09      -3.649579924346e+00      -1.428765469922e-03      -3.649579864292e+00      -4.793655624760e-03 
       8.209907638875e-01      -5.211129556809e-03      -1.618886751740e+04      -1.638781596163e+04      -4.992624340099e-03      -1.634115740800e+04       3.991227728422e-03       3.991227728422e-03       3.277563192326e+04       7.342772534163e+00       6.734299366538e-03      -1.178211832194e-09      -3.671386325843e+00      -1.437510305945e-03      -3.671386267081e+00      -4.822330592325e-03 
       8.325411427102e-01      -5.098072035447e-03      -1.628641744524e+04      -1.648655895244e+04      -4.884307384966e-03      -1.643962015517e+04       3.904636472517e-03       3.904636472517e-03       3.297311790489e+04       7.387016011107e+00       6.588196093768e-03      -1.152656470618e-09      -3.693508063040e+00      -1.446339550758e-03      -3.693508005554e+00      -4.851413613878e-03 
       8.443491212515e-01      -4.986356529371e-03      -1.638459588853e+04      -1.658593896138e+04      -4.777276173653e-03      -1.653871798589e+04       3.819073069759e-03       3.819073069759e-03       3.317187792276e+04       7.431544856066e+00       6.443827091327e-03      -1.127404333209e-09      -3.715772484260e+00      -1.455228929432e-03      -3.715772428033e+00      -4.880684719847e-03 
       8.564258222607e-01      -4.876210383406e-03      -1.648429821562e+04      -1.668685622406e+04      -4.671748517818e-03      -1.663934952529e+04       3.734711641325e-03       3.734711641325e-03       3.337371244812e+04       7.476762856480e+00       6.301486148653e-03      -1.102506371392e-09      -3.738381483225e+00      -1.464244076363e-03      -3.738381428240e+00      -4.910406987979e-03 
       8.687831323856e-01      -4.767322712964e-03      -1.658463322275e+04      -1.678842251665e+04      -4.567426570188e-03      -1.674062691550e+04       3.651314100966e-03       3.651314100966e-03       3.357684503330e+04       7.522271078930e+00       6.160771555070e-03      -1.077894481723e-09      -3.761135593222e+00      -1.473370934008e-03      -3.761135539465e+00      -4.940328482124e-03 
       8.814337719335e-01      -4.659921703358e-03      -1.668655372036e+04      -1.689159092333e+04      -4.464528946708e-03      -1.684350230249e+04       3.569055199643e-03       3.569055199643e-03       3.378318184667e+04       7.568497348519e+00       6.021978158511e-03      -1.053618497831e-09      -3.784248726805e+00      -1.482643832670e-03      -3.784248674260e+00      -4.970722409260e-03 
       8.943913724798e-01      -4.553731777873e-03      -1.678925049423e+04      -1.699554967121e+04      -4.362791626432e-03      -1.694716507794e+04       3.487723878429e-03       3.487723878429e-03       3.399109934242e+04       7.615077430597e+00       5.884749846362e-03      -1.029616867150e-09      -3.807538766647e+00      -1.492015675306e-03      -3.807538715299e+00      -5.001353363550e-03 
       9.076705633606e-01      -4.448967025821e-03      -1.689368947731e+04      -1.710126467173e+04      -4.262419720479e-03      -1.705258024942e+04       3.407484093822e-03       3.407484093822e-03       3.420252934346e+04       7.662444929509e+00       5.749363253834e-03      -1.005927045992e-09      -3.831222514921e+00      -1.501521694038e-03      -3.831222464754e+00      -5.032498311390e-03 
       9.212870682466e-01      -4.345360415764e-03      -1.699904973046e+04      -1.720791624423e+04      -4.163157395477e-03      -1.715892870841e+04       3.328131340656e-03       3.328131340656e-03       3.441583248845e+04       7.710231799568e+00       5.615473328945e-03      -9.825092226617e-10      -3.855115948783e+00      -1.511140673389e-03      -3.855115899784e+00      -5.063923527435e-03 
       9.352578131720e-01      -4.243079068473e-03      -1.710620289005e+04      -1.731637881428e+04      -4.065164300113e-03      -1.726708362085e+04       3.249799279883e-03       3.249799279883e-03       3.463275762855e+04       7.758836907095e+00       5.483307481424e-03      -9.592824781657e-10      -3.879418501393e+00      -1.520882098800e-03      -3.879418453548e+00      -5.095880208288e-03 
       9.496010476076e-01      -4.141919757364e-03      -1.721448013805e+04      -1.742598453850e+04      -3.968246660736e-03      -1.737637761738e+04       3.172320895634e-03       3.172320895634e-03       3.485196907700e+04       7.807947505503e+00       5.352580122946e-03      -9.364395363329e-10      -3.903973799456e+00      -1.530804470666e-03      -3.903973752751e+00      -5.128181725264e-03 
       9.643364804132e-01      -4.041968034593e-03      -1.732447331245e+04      -1.753732512348e+04      -3.872485968502e-03      -1.748740186950e+04       3.095767482776e-03       3.095767482776e-03       3.507465024696e+04       7.857835680121e+00       5.223413470457e-03      -9.138862703049e-10      -3.928917885638e+00      -1.540888082555e-03      -3.928917840060e+00      -5.160995327469e-03 
       9.794854327925e-01      -3.943009335696e-03      -1.743597931737e+04      -1.765019800981e+04      -3.777669589637e-03      -1.759995392469e+04       3.020061454576e-03       3.020061454576e-03       3.530039601961e+04       7.908519914874e+00       5.095705508935e-03      -8.943373842657e-10      -3.954260001901e+00      -1.551138319924e-03      -3.954259957437e+00      -5.194333764271e-03 
       9.950710107137e-01      -3.845376014116e-03      -1.754915554685e+04      -1.776476079295e+04      -3.684137666573e-03      -1.771419119595e+04       2.945190674592e-03       2.945190674592e-03       3.552952158590e+04       7.959734194674e+00       4.969346929887e-03      -8.695583295834e-10      -3.979867140698e+00      -1.561564186847e-03      -3.979867097337e+00      -5.228030922770e-03 
       1.011118299649e+00      -3.748720581537e-03      -1.766433595495e+04      -1.788135007091e+04      -3.591534561912e-03      -1.783044955247e+04       2.871167888038e-03       2.871167888038e-03       3.576270014182e+04       8.011982111693e+00       4.844452133093e-03      -8.475948116782e-10      -4.005991098118e+00      -1.572155179970e-03      -4.005991055847e+00      -5.262401424281e-03 
       1.027654584949e+00      -3.653035324585e-03      -1.778109669102e+04      -1.799954265545e+04      -3.499861465238e-03      -1.794830609834e+04       2.797881878408e-03       2.797881878408e-03       3.599908531089e+04       8.064939953293e+00       4.720798388143e-03      -8.260092553065e-10      -4.032470017838e+00      -1.582927960455e-03      -4.032469976646e+00      -5.297244874056e-03 
       1.044709601705e+00      -3.558340076549e-03      -1.789980648979e+04      -1.811970803422e+04      -3.409137208265e-03      -1.806812985588e+04       2.725349899178e-03       2.725349899178e-03       3.623941606843e+04       8.118775662083e+00       4.598415494062e-03      -8.046509670169e-10      -4.059387871166e+00      -1.593867242955e-03      -4.059387831041e+00      -5.332664006794e-03 
       1.062315818564e+00      -3.464630789899e-03      -1.802080021588e+04      -1.824218263149e+04      -3.319357215542e-03      -1.819025668831e+04       2.653577449674e-03       2.653577449674e-03       3.648436526297e+04       8.173652322033e+00       4.477315593365e-03      -7.834537766294e-10      -4.086826200084e+00      -1.605061601978e-03      -4.086826161016e+00      -5.368774849411e-03 
       1.080508760706e+00      -3.371798424689e-03      -1.814378420469e+04      -1.836667404212e+04      -3.230417462284e-03      -1.831439426777e+04       2.582475420816e-03       2.582475420816e-03       3.673334808425e+04       8.229430185501e+00       4.357346474087e-03      -7.623152733389e-10      -4.114715130771e+00      -1.616435885445e-03      -4.114715092751e+00      -5.405478342084e-03 
       1.099327377988e+00      -3.279812102540e-03      -1.826895581669e+04      -1.849338123189e+04      -3.142287741334e-03      -1.844074111908e+04       2.512028259087e-03       2.512028259087e-03       3.698676246379e+04       8.286212479195e+00       4.238484580987e-03      -7.414955004495e-10      -4.143106276581e+00      -1.628107916684e-03      -4.143106239598e+00      -5.442856888384e-03 
       1.118814465254e+00      -3.188708068003e-03      -1.839674650782e+04      -1.862273739204e+04      -3.055004059216e-03      -1.856972975568e+04       2.442247507984e-03       2.442247507984e-03       3.724547478407e+04       8.344166573262e+00       4.120743999424e-03      -7.210693761882e-10      -4.172083322587e+00      -1.639985582392e-03      -4.172083286631e+00      -5.481001527413e-03 
       1.139017142838e+00      -3.098409016362e-03      -1.852720327549e+04      -1.875479171863e+04      -2.968491137784e-03      -1.870140898121e+04       2.373089107026e-03       2.373089107026e-03       3.750958343726e+04       8.403339257880e+00       4.004055427975e-03      -7.005535483194e-10      -4.201669663878e+00      -1.652184328329e-03      -4.201669628940e+00      -5.519959391857e-03 
       1.159987406523e+00      -3.008866721861e-03      -1.866034585917e+04      -1.888956574007e+04      -2.882703625172e-03      -1.883580002295e+04       2.304505555707e-03       2.304505555707e-03       3.777913148014e+04       8.463722171178e+00       3.888335203592e-03      -6.804452232750e-10      -4.231861119517e+00      -1.664641726781e-03      -4.231861085589e+00      -5.559715549994e-03 
       1.181782757508e+00      -2.920029673980e-03      -1.879634875531e+04      -1.902723623327e+04      -2.797591287292e-03      -1.897307913316e+04       2.236468347609e-03       2.236468347609e-03       3.805447246653e+04       8.525413933463e+00       3.773538871966e-03      -6.603448767162e-10      -4.262706999658e+00      -1.677451520238e-03      -4.262706966732e+00      -5.600346371402e-03 
       1.204466924296e+00      -2.831888263470e-03      -1.893548187272e+04      -1.916807521630e+04      -2.713145913258e-03      -1.911351774295e+04       2.168957809472e-03       2.168957809472e-03       3.833615043259e+04       8.588514186561e+00       3.659629139296e-03      -6.404660153107e-10      -4.294257125213e+00      -1.690475959072e-03      -4.294257093280e+00      -5.641892594888e-03 
       1.228110689814e+00      -2.744391495930e-03      -1.907794523354e+04      -1.931228551624e+04      -2.629317960234e-03      -1.925731804813e+04       2.101943400050e-03       2.101943400050e-03       3.862457103248e+04       8.653129379021e+00       3.546557308799e-03      -6.206579203866e-10      -4.326564720457e+00      -1.703946430905e-03      -4.326564689510e+00      -5.684457227702e-03 
       1.252792838276e+00      -2.657410639381e-03      -1.922384042199e+04      -1.945997133444e+04      -2.545979536207e-03      -1.940458374162e+04       2.035382455583e-03       2.035382455583e-03       3.891994266888e+04       8.719422224823e+00       3.434270025958e-03      -6.015859438443e-10      -4.359711142378e+00      -1.717797778304e-03      -4.359711112411e+00      -5.728132184838e-03 
       1.278601237189e+00      -2.571093259448e-03      -1.937361572950e+04      -1.961158305885e+04      -2.463281806652e-03      -1.955576445753e+04       1.969267770708e-03       1.969267770708e-03       3.922316611770e+04       8.787350861637e+00       3.322715088679e-03      -5.816829738254e-10      -4.393675459812e+00      -1.732029591893e-03      -4.393675430819e+00      -5.772890679474e-03 
       1.305634070045e+00      -2.485299772091e-03      -1.952740831402e+04      -1.976726135970e+04      -2.381085772618e-03      -1.971100018250e+04       1.903557182011e-03       1.903557182011e-03       3.953452271941e+04       8.857107693466e+00       3.211842919871e-03      -5.620259850497e-10      -4.428553874759e+00      -1.746700524060e-03      -4.428553846733e+00      -5.818862564187e-03 
       1.334001234132e+00      -2.399993837324e-03      -1.968549979178e+04      -1.992729114278e+04      -2.299356609635e-03      -1.987057503763e+04       1.838222968615e-03       1.838222968615e-03       3.985458228555e+04       8.928821529121e+00       3.101606783899e-03      -5.427663144480e-10      -4.464410791625e+00      -1.761841849993e-03      -4.464410764561e+00      -5.866133347240e-03 
       1.363825914699e+00      -2.315223902500e-03      -1.984829789609e+04      -2.009208369059e+04      -2.218145132638e-03      -2.003489936062e+04       1.773248194052e-03       1.773248194052e-03       4.018416738119e+04       9.002545285133e+00       2.991960104095e-03      -5.234782639684e-10      -4.501272668674e+00      -1.777458653636e-03      -4.501272642567e+00      -5.914736663382e-03 
       1.395246340115e+00      -2.230793973384e-03      -2.001583533213e+04      -2.026167652588e+04      -2.137255416504e-03      -2.020400988369e+04       1.708582785180e-03       1.708582785180e-03       4.052335305175e+04       9.078534256178e+00       2.882851715452e-03      -5.043993079428e-10      -4.539267153244e+00      -1.793649440462e-03      -4.539267128089e+00      -5.964848530204e-03 
       1.428417711027e+00      -2.146762072806e-03      -2.018863296643e+04      -2.043659452806e+04      -2.056747039610e-03      -2.037843036167e+04       1.644222227826e-03       1.644222227826e-03       4.087318905613e+04       9.156909244335e+00       2.774257695030e-03      -4.854105106841e-10      -4.578454646375e+00      -1.810433088065e-03      -4.578454622168e+00      -6.016547157411e-03 
       1.463514277278e+00      -2.063129626893e-03      -2.036728311956e+04      -2.061743480330e+04      -1.976621368322e-03      -2.055875658778e+04       1.580167611484e-03       1.580167611484e-03       4.123486960659e+04       9.237937960702e+00       2.666179880230e-03      -4.665121463219e-10      -4.618969003615e+00      -1.827867966853e-03      -4.618968980351e+00      -6.070009299342e-03 
       1.500731506377e+00      -1.979777787407e-03      -2.055158305001e+04      -2.080399875489e+04      -1.896761658338e-03      -2.074478950140e+04       1.516363248550e-03       1.516363248550e-03       4.160799750978e+04       9.321635573259e+00       2.558536081914e-03      -4.482670371902e-10      -4.660817808955e+00      -1.846009538150e-03      -4.660817786630e+00      -6.125253531435e-03 
       1.540288242703e+00      -1.896862248035e-03      -2.074255837799e+04      -2.099731642622e+04      -1.817323064197e-03      -2.093755748180e+04       1.452854847006e-03       1.452854847006e-03       4.199463285243e+04       9.408251345780e+00       2.451378927417e-03      -4.289052751303e-10      -4.704125694280e+00      -1.864882357905e-03      -4.704125672890e+00      -6.182439156806e-03 
       1.582428693406e+00      -1.814337359513e-03      -2.094012218299e+04      -2.119730501708e+04      -1.738261160798e-03      -2.113697715783e+04       1.389616051390e-03       1.389616051390e-03       4.239461003416e+04       9.497758838126e+00       2.344666812085e-03      -4.102765828567e-10      -4.748879439522e+00      -1.884531448724e-03      -4.748879419063e+00      -6.241556205002e-03 
       1.627423992086e+00      -1.732172335895e-03      -2.114489277136e+04      -2.140458879703e+04      -1.659541381255e-03      -2.134367127871e+04       1.326685362161e-03       1.326685362161e-03       4.280917759406e+04       9.590636018010e+00       2.238485378561e-03      -3.917098073054e-10      -4.795318028537e+00      -1.905082518143e-03      -4.795318009005e+00      -6.302924918533e-03 
       1.675572985692e+00      -1.650465644353e-03      -2.135722239893e+04      -2.161952425634e+04      -1.581261065023e-03      -2.155799533321e+04       1.264101397548e-03       1.264101397548e-03       4.323904851269e+04       9.686925536032e+00       2.132887528438e-03      -3.733997817306e-10      -4.843462786627e+00      -1.926582149168e-03      -4.843462768016e+00      -6.366578834119e-03 
       1.727201772779e+00      -1.569271657203e-03      -2.157726314708e+04      -2.184226728160e+04      -1.503471495422e-03      -2.178010446312e+04       1.201915799766e-03       1.201915799766e-03       4.368453456320e+04       9.786733814943e+00       2.027963725317e-03      -3.550306822229e-10      -4.893366925167e+00      -1.949149896318e-03      -4.893366907471e+00      -6.432603204587e-03 
       1.782661416417e+00      -1.488710945243e-03      -2.180520529506e+04      -2.207300968035e+04      -1.426288762446e-03      -2.201019005571e+04       1.140213816135e-03       1.140213816135e-03       4.414601936071e+04       9.890121059490e+00       1.923855441338e-03      -3.368941419349e-10      -4.945060546532e+00      -1.972715787967e-03      -4.945060529745e+00      -6.501024741058e-03 
       1.842323209855e+00      -1.408941570474e-03      -2.204127875449e+04      -2.231198222036e+04      -1.349864169610e-03      -2.224848252753e+04       1.079118116954e-03       1.079118116954e-03       4.462396444072e+04       9.997196852193e+00       1.820770191221e-03      -3.188310686564e-10      -4.998598441984e+00      -1.997418535462e-03      -4.998598426096e+00      -6.571933882283e-03 
       1.906570961143e+00      -1.330134243732e-03      -2.228514012611e+04      -2.255884097518e+04      -1.274360954455e-03      -2.249463835787e+04       1.018763334184e-03       1.018763334184e-03       4.511768195037e+04       1.010782581743e+01       1.718936429503e-03      -3.010751943550e-10      -5.053912923714e+00      -2.023240337163e-03      -5.053912908715e+00      -6.645243017467e-03 
       1.975790075473e+00      -1.252555788153e-03      -2.253677583183e+04      -2.281356890612e+04      -1.200035598223e-03      -2.274864106827e+04       9.593434082439e-04       9.593434082439e-04       4.562713781225e+04       1.022195082427e+01       1.618677916713e-03      -2.834936075265e-10      -5.110975426259e+00      -2.050346651168e-03      -5.110975412135e+00      -6.720942533644e-03 
       2.050353823144e+00      -1.176452400367e-03      -2.279524418791e+04      -2.307521551905e+04      -1.127123435814e-03      -2.300954244154e+04       9.010535392621e-04       9.010535392621e-04       4.615043103810e+04       1.033917600921e+01       1.520326219379e-03      -2.663166299411e-10      -5.169588017870e+00      -2.078594198376e-03      -5.169588004605e+00      -6.798761929324e-03 
       2.130608069751e+00      -1.102113243306e-03      -2.305969143044e+04      -2.334291744992e+04      -1.055900127944e-03      -2.327648143511e+04       8.441320801189e-04       8.441320801189e-04       4.668583489985e+04       1.045921461330e+01       1.424289128086e-03      -2.491912706447e-10      -5.229607319080e+00      -2.108340225187e-03      -5.229607306652e+00      -6.878578568196e-03 
       2.216856723667e+00      -1.029942311997e-03      -2.332918913848e+04      -2.361573129179e+04      -9.867567378650e-04      -2.354851787878e+04       7.888393463753e-04       7.888393463753e-04       4.723146258358e+04       1.058135351970e+01       1.330989508141e-03      -2.332198704599e-10      -5.290676771465e+00      -2.139171740616e-03      -5.290676759851e+00      -6.959879334824e-03 
       2.309350833013e+00      -9.601683812506e-04      -2.360190649665e+04      -2.389180810661e+04      -9.199073164877e-04      -2.382380742363e+04       7.354134609541e-04       7.354134609541e-04       4.778361621322e+04       1.070515416240e+01       1.240850092663e-03      -2.174679255599e-10      -5.352577092027e+00      -2.171189956395e-03      -5.352577081200e+00      -7.042407367431e-03 
       2.408284166381e+00      -8.931625785711e-04      -2.387634127546e+04      -2.416962455663e+04      -8.557109375979e-04      -2.410083147825e+04       6.840956121944e-04       6.840956121944e-04       4.833924911326e+04       1.082965940714e+01       1.154263489884e-03      -2.022847564178e-10      -5.414829713643e+00      -2.204372852352e-03      -5.414829703571e+00      -7.125559330748e-03 
       2.513796969118e+00      -8.291708833276e-04      -2.415049887862e+04      -2.444716361960e+04      -7.944025585409e-04      -2.437757843975e+04       6.350828812862e-04       6.350828812862e-04       4.889432723920e+04       1.095401570089e+01       1.071565122847e-03      -1.878346366454e-10      -5.477007859796e+00      -2.238619615519e-03      -5.477007850446e+00      -7.208785263576e-03 
       2.625987629569e+00      -7.683991384503e-04      -2.442258553608e+04      -2.472260803539e+04      -7.361793430004e-04      -2.465223644699e+04       5.885335182460e-04       5.885335182460e-04       4.944521607077e+04       1.107740679283e+01       9.930222006656e-04      -1.738280968985e-10      -5.538703405080e+00      -2.274024621883e-03      -5.538703396415e+00      -7.291589196159e-03 
       2.744929960642e+00      -7.109726233442e-04      -2.469091643182e+04      -2.499425514538e+04      -6.811605714210e-04      -2.492310724383e+04       5.445526467561e-04       5.445526467561e-04       4.998851029076e+04       1.119915428890e+01       9.188151505924e-04      -1.608453687203e-10      -5.599577152468e+00      -2.310235444344e-03      -5.599577144451e+00      -7.373490796187e-03 
       2.870692567079e+00      -6.568957266542e-04      -2.495065506067e+04      -2.525720470241e+04      -6.293521364751e-04      -2.518530520218e+04       5.031229014539e-04       5.031229014539e-04       5.051440940481e+04       1.131685456951e+01       8.489077687344e-04      -1.489006986919e-10      -5.658427292162e+00      -2.346988976344e-03      -5.658427284755e+00      -7.452943666927e-03 
       3.003356777944e+00      -6.061216233656e-04      -2.519974942061e+04      -2.550938667240e+04      -5.807061104534e-04      -2.543676506847e+04       4.642460948946e-04       4.642460948946e-04       5.101877334480e+04       1.142998384201e+01       7.833156621298e-04      -1.372816435678e-10      -5.714991927842e+00      -2.384569927197e-03      -5.714991921007e+00      -7.529665534869e-03 
       3.143030673842e+00      -5.587070976992e-04      -2.543934908826e+04      -2.575195860955e+04      -5.352796135708e-04      -2.567864205552e+04       4.279322633751e-04       4.279322633751e-04       5.150391721909e+04       1.153870008013e+01       7.220446233188e-04      -1.267151735608e-10      -5.769350046363e+00      -2.422671826611e-03      -5.769350040063e+00      -7.603707075033e-03 
       3.289858202671e+00      -5.145981676602e-04      -2.567123220482e+04      -2.598672542757e+04      -4.930203050015e-04      -2.591273517257e+04       3.941478071631e-04       3.941478071631e-04       5.197345085514e+04       1.164388966187e+01       6.650405380432e-04      -1.168304911764e-10      -5.821944836738e+00      -2.462212880175e-03      -5.821944830935e+00      -7.675766642974e-03 
       3.444023643325e+00      -4.737149674178e-04      -2.589767271623e+04      -2.621598556786e+04      -4.538522947649e-04      -2.614133685248e+04       3.628238125370e-04       3.628238125370e-04       5.243197113572e+04       1.174645194916e+01       6.121845513555e-04      -1.075466976324e-10      -5.873225979921e+00      -2.503079520406e-03      -5.873225974579e+00      -7.746389358345e-03 
       3.605752430110e+00      -4.358532290747e-04      -2.611843946662e+04      -2.643951294933e+04      -4.175778751501e-04      -2.636422043123e+04       3.338284616097e-04       3.338284616097e-04       5.287902589866e+04       1.184666082112e+01       5.632624544089e-04      -9.902518406538e-11      -5.923330415474e+00      -2.545942554588e-03      -5.923330410560e+00      -7.815852998489e-03 
       3.775309589662e+00      -4.008207773275e-04      -2.633130404942e+04      -2.665504505276e+04      -3.840142566995e-04      -2.657913087643e+04       3.069982050876e-04       3.069982050876e-04       5.331009010551e+04       1.194326120745e+01       5.179928459811e-04      -9.115637952651e-11      -5.971630608246e+00      -2.590234162089e-03      -5.971630603726e+00      -7.883282959200e-03 
       3.952996932004e+00      -3.683659251676e-04      -2.653124269713e+04      -2.685750073366e+04      -3.529198386074e-04      -2.678100082825e+04       2.821461142617e-04       2.821461142617e-04       5.371500146732e+04       1.203409175929e+01       4.760622688554e-04      -8.398378797890e-11      -6.017045883798e+00      -2.636017023705e-03      -6.017045879644e+00      -7.947334150398e-03 
       4.139149865523e+00      -3.383041277266e-04      -2.671492024835e+04      -2.704350068458e+04      -3.241186439417e-04      -2.696646109737e+04       2.591205448544e-04       2.591205448544e-04       5.408700136915e+04       1.211742525259e+01       4.372114287097e-04      -7.699198863220e-11      -6.058712630112e+00      -2.683117856154e-03      -6.058712626297e+00      -8.006900466227e-03 
       4.334134407024e+00      -3.105009410792e-04      -2.688285954896e+04      -2.721357312268e+04      -2.974820410576e-04      -2.713603855335e+04       2.378164731308e-04       2.378164731308e-04       5.442714624536e+04       1.219341429284e+01       4.012624359859e-04      -7.066739153349e-11      -6.096707149922e+00      -2.731858840701e-03      -6.096707146421e+00      -8.062125194599e-03 
       4.538344703503e+00      -2.848308032463e-04      -2.703892111832e+04      -2.737163301375e+04      -2.728882597948e-04      -2.729363593496e+04       2.181557544037e-04       2.181557544037e-04       5.474326602751e+04       1.226423793395e+01       3.680894438492e-04      -6.489190235108e-11      -6.132118970186e+00      -2.782895925697e-03      -6.132118966974e+00      -8.114478209752e-03 
       4.752201195312e+00      -2.612081253238e-04      -2.718833933261e+04      -2.752297949760e+04      -2.502561128092e-04      -2.744453722419e+04       2.000628771990e-04       2.000628771990e-04       5.504595899521e+04       1.233204447892e+01       3.375617261878e-04      -5.953272063335e-11      -6.166022242404e+00      -2.837089182639e-03      -6.166022239459e+00      -8.165438419812e-03 
       4.976149428769e+00      -2.395073065909e-04      -2.733447854996e+04      -2.767101593181e+04      -2.294652380809e-04      -2.759213645293e+04       1.834419841163e-04       1.834419841163e-04       5.534203186363e+04       1.239836760043e+01       3.095176587056e-04      -5.464090674175e-11      -6.199183802917e+00      -2.894991980332e-03      -6.199183800216e+00      -8.216052806243e-03 
       5.210659457381e+00      -2.195683697027e-04      -2.747695387484e+04      -2.781535773651e+04      -2.103620668377e-04      -2.773604935304e+04       1.681742326466e-04       1.681742326466e-04       5.563071547302e+04       1.246316700646e+01       2.837579485783e-04      -5.015942698845e-11      -6.231583505706e+00      -2.957133451868e-03      -6.231583503230e+00      -8.266379334061e-03 
       5.456225739813e+00      -2.012392820219e-04      -2.761356798725e+04      -2.795377942101e+04      -1.928011882915e-04      -2.787405695205e+04       1.541401378309e-04       1.541401378309e-04       5.590755884202e+04       1.252536375281e+01       2.600799785842e-04      -4.599029481633e-11      -6.262681878675e+00      -3.023982373897e-03      -6.262681876405e+00      -8.315816556807e-03 
       5.713367436630e+00      -1.843952304723e-04      -2.774222844392e+04      -2.808415814071e+04      -1.766639143378e-04      -2.800404317444e+04       1.412331558170e-04       1.412331558170e-04       5.616831628142e+04       1.258354745378e+01       2.383003330457e-04      -4.219031920283e-11      -6.291773728972e+00      -3.095365396187e-03      -6.291773726892e+00      -8.363453187608e-03 
       5.982629016144e+00      -1.689032878123e-04      -2.786396709649e+04      -2.820754639378e+04      -1.618212189150e-04      -2.812705628931e+04       1.293720163128e-04       1.293720163128e-04       5.641509278756e+04       1.263903468598e+01       2.182887278935e-04      -3.883775737881e-11      -6.319517344897e+00      -3.171998614815e-03      -6.319517342992e+00      -8.410227724356e-03 
       6.264581095054e+00      -1.547194513841e-04      -2.798589965036e+04      -2.833114735912e+04      -1.482323632922e-04      -2.825027895750e+04       1.185056080752e-04       1.185056080752e-04       5.666229471824e+04       1.269428666097e+01       1.999531253247e-04      -3.557782314092e-11      -6.347143332229e+00      -3.255374662532e-03      -6.347143330484e+00      -8.457913136064e-03 
       6.559821456700e+00      -1.417639676501e-04      -2.811561176507e+04      -2.846264355103e+04      -1.358203597696e-04      -2.838137126043e+04       1.085799329000e-04       1.085799329000e-04       5.692528710206e+04       1.275304367902e+01       1.832047758554e-04      -3.256633380080e-11      -6.376521841110e+00      -3.347173184903e-03      -6.376521839512e+00      -8.509116511514e-03 
       6.868976205922e+00      -1.299239577230e-04      -2.825321372416e+04      -2.860214860403e+04      -1.244768362002e-04      -2.852044619758e+04       9.951132882751e-05       9.951132882751e-05       5.720429720806e+04       1.281552695494e+01       1.679034486031e-04      -2.989145733267e-11      -6.407763478937e+00      -3.447874793149e-03      -6.407763477472e+00      -8.564051129289e-03 
       7.192701032936e+00      -1.190812091455e-04      -2.839406870472e+04      -2.874497094871e+04      -1.140885998812e-04      -2.866282521014e+04       9.120847883010e-05       9.120847883010e-05       5.748994189743e+04       1.287962550717e+01       1.538948076883e-04      -2.747391505241e-11      -6.439812754929e+00      -3.557821798719e-03      -6.439812753587e+00      -8.621449405359e-03 
       7.531682569088e+00      -1.091542703130e-04      -2.853830898195e+04      -2.889124474322e+04      -1.045778341918e-04      -2.880864203494e+04       8.360629890522e-05       8.360629890522e-05       5.778248948644e+04       1.294523453904e+01       1.410681392612e-04      -2.523064848163e-11      -6.472617270749e+00      -3.678495318617e-03      -6.472617269518e+00      -8.681478671946e-03 
       7.886639824861e+00      -1.000919524028e-04      -2.869268578085e+04      -2.904780573265e+04      -9.589571230444e-05      -2.896471271207e+04       7.666293532074e-05       7.666293532074e-05       5.809561146531e+04       1.301518693680e+01       1.293519425642e-04      -2.315712066868e-11      -6.507593469526e+00      -3.811391904751e-03      -6.507593468398e+00      -8.746146795465e-03 
       8.258325705669e+00      -9.182936434568e-05      -2.886363918689e+04      -2.922118183504e+04      -8.797958123393e-05      -2.913754522564e+04       7.033462640620e-05       7.033462640620e-05       5.844236367008e+04       1.309286312788e+01       1.186743575030e-04      -2.128634462227e-11      -6.546431564975e+00      -3.958683483132e-03      -6.546431563939e+00      -8.817911463829e-03 
       8.647528604335e+00      -8.429519630827e-05      -2.905152277333e+04      -2.941173296478e+04      -8.076133545030e-05      -2.932749815596e+04       6.456412014182e-05       6.456412014182e-05       5.882346592956e+04       1.317822391910e+01       1.089379064203e-04      -1.958755797264e-11      -6.589111960499e+00      -4.122209797641e-03      -6.589111959549e+00      -8.897037442525e-03 
       9.055074071264e+00      -7.740421031921e-05      -2.925015056552e+04      -2.961320042285e+04      -7.415928894562e-05      -2.952833011070e+04       5.928640431099e-05       5.928640431099e-05       5.922640084570e+04       1.326849245876e+01       1.000329863849e-04      -1.803716427360e-11      -6.634246230251e+00      -4.302472360471e-03      -6.634246229378e+00      -8.981864800409e-03 
       9.481826564591e+00      -7.110118651754e-05      -2.946018366498e+04      -2.982625491512e+04      -6.812057355872e-05      -2.974070965738e+04       5.445873453683e-05       5.445873453683e-05       5.965250983024e+04       1.336392019628e+01       9.188732568342e-05      -1.661609701426e-11      -6.681960098940e+00      -4.501044496444e-03      -6.681960098138e+00      -9.072798561356e-03 
       9.928691283402e+00      -6.535137664113e-05      -2.968994435796e+04      -3.005932940400e+04      -6.261186144149e-05      -2.997304444257e+04       5.005495614881e-05       5.005495614881e-05       6.011865880799e+04       1.346833699056e+01       8.445694693678e-05      -1.532409229061e-11      -6.734168496016e+00      -4.721302305461e-03      -6.734168495279e+00      -9.172765884465e-03 
       1.039661608762e+01      -6.010124811852e-05      -2.993874360729e+04      -3.031173562142e+04      -5.758188087622e-05      -3.022464672608e+04       4.603386618478e-05       4.603386618478e-05       6.062347124284e+04       1.358140968784e+01       7.767226215010e-05      -1.414076491918e-11      -6.790704844598e+00      -4.966271572330e-03      -6.790704843921e+00      -9.282034591299e-03 
       1.088659350847e+01      -5.528961405573e-05      -3.019871373896e+04      -3.057550818089e+04      -5.297201024292e-05      -3.048757395712e+04       4.234860281147e-05       4.234860281147e-05       6.115101636177e+04       1.369957058695e+01       7.145420306188e-05      -1.305972264243e-11      -6.849785294096e+00      -5.236115608745e-03      -6.849785293473e+00      -9.398396088365e-03 
       1.139966285374e+01      -5.087673955615e-05      -3.046908252668e+04      -3.084987584669e+04      -4.874417220309e-05      -3.076105546955e+04       3.896883778357e-05       3.896883778357e-05       6.169975169338e+04       1.382249011498e+01       6.575163251609e-05      -1.206606999250e-11      -6.911245058065e+00      -5.533827275707e-03      -6.911245057492e+00      -9.522114621912e-03 
       1.193691241231e+01      -4.683627685027e-05      -3.075582512507e+04      -3.114089230595e+04      -4.487306312243e-05      -3.105112692117e+04       3.587514032057e-05       3.587514032057e-05       6.228178461191e+04       1.395302700919e+01       6.053201486030e-05      -1.119496618524e-11      -6.976513505121e+00      -5.862955022132e-03      -6.976513504593e+00      -9.655536540988e-03 
       1.249948176251e+01      -4.312982162271e-05      -3.105315144568e+04      -3.144270811339e+04      -4.132209983865e-05      -3.135195369344e+04       3.303549581932e-05       3.303549581932e-05       6.288541622678e+04       1.408806490719e+01       5.574046667877e-05      -1.032559482467e-11      -7.044032454080e+00      -6.227157599773e-03      -7.044032453594e+00      -9.797287951837e-03 
       1.308856418936e+01      -3.971496506996e-05      -3.135270411313e+04      -3.174686782900e+04      -3.805043825880e-05      -3.165510369534e+04       3.042005270757e-05       3.042005270757e-05       6.349373565801e+04       1.422431364788e+01       5.132749585026e-05      -9.558622218429e-12      -7.112156824385e+00      -6.627215281239e-03      -7.112156823938e+00      -9.945429650724e-03 
       1.370540921568e+01      -3.657551214620e-05      -3.165942585385e+04      -3.205838709262e+04      -3.504263421920e-05      -3.196557639832e+04       2.801552493513e-05       2.801552493513e-05       6.411677418524e+04       1.436385148717e+01       4.727039131532e-05      -8.856365840748e-12      -7.181925743999e+00      -7.068978324558e-03      -7.181925743586e+00      -1.010218242309e-02 
       1.435132525246e+01      -3.368600106404e-05      -3.197078399193e+04      -3.237470869890e+04      -3.227429083388e-05      -3.228082085432e+04       2.580244091890e-05       2.580244091890e-05       6.474941739781e+04       1.450553905814e+01       4.353630912920e-05      -8.209336194311e-12      -7.252769529449e+00      -7.555441064597e-03      -7.252769529069e+00      -1.026730363124e-02 
       1.502768237421e+01      -3.101686338647e-05      -3.227688871671e+04      -3.268583677806e+04      -2.971708191337e-05      -3.259086724978e+04       2.375812372955e-05       2.375812372955e-05       6.537167355612e+04       1.464488891576e+01       4.008697698065e-05      -7.607672798332e-12      -7.322444458228e+00      -8.090019462941e-03      -7.322444457878e+00      -1.043852070795e-02 
       1.573591522508e+01      -2.855631046740e-05      -3.258264350243e+04      -3.299674170090e+04      -2.735970554013e-05      -3.290067077403e+04       2.187363561472e-05       2.187363561472e-05       6.599348340180e+04       1.478415610740e+01       3.690734484433e-05      -7.063197418654e-12      -7.392078054022e+00      -8.677425365668e-03      -7.392078053700e+00      -1.061798568750e-02 
       1.647752606189e+01      -2.628989198631e-05      -3.288983982550e+04      -3.330922276285e+04      -2.518832801331e-05      -3.321202780328e+04       2.013778108173e-05       2.013778108173e-05       6.661844552569e+04       1.492410934730e+01       3.397848016007e-05      -6.555785200358e-12      -7.462054673946e+00      -9.324740792437e-03      -7.462054673650e+00      -1.080729203512e-02 
       1.725408794066e+01      -2.418770863422e-05      -3.317838922975e+04      -3.360304904923e+04      -2.317429604457e-05      -3.350474881378e+04       1.852774604555e-05       1.852774604555e-05       6.720609809845e+04       1.505570542783e+01       3.126191807991e-05      -6.085359686257e-12      -7.527852714190e+00      -1.003213369232e-02      -7.527852713917e+00      -1.100080557788e-02 
       1.806724805324e+01      -2.225316321388e-05      -3.346868603265e+04      -3.389879470265e+04      -2.132087447865e-05      -3.379936036250e+04       1.704608727827e-05       1.704608727827e-05       6.779758940530e+04       1.518815050846e+01       2.876195593682e-05      -5.656214287852e-12      -7.594075254482e+00      -1.081247966797e-02      -7.594075254231e+00      -1.120631191207e-02 
       1.891873122127e+01      -2.046672320336e-05      -3.375043952018e+04      -3.418608175975e+04      -1.960935039206e-05      -3.408550794643e+04       1.567783144846e-05       1.567783144846e-05       6.837216351950e+04       1.531678368994e+01       2.645332529887e-05      -5.251386076459e-12      -7.658391845200e+00      -1.166870092210e-02      -7.658391844969e+00      -1.142135273798e-02 
       1.981034355469e+01      -1.882253141699e-05      -3.403252592609e+04      -3.447388287351e+04      -1.803410461141e-05      -3.437214063664e+04       1.441859037954e-05       1.441859037954e-05       6.894776574702e+04       1.544567406520e+01       2.432865460618e-05      -4.889004536533e-12      -7.722837032812e+00      -1.261213651706e-02      -7.722837032600e+00      -1.165025631102e-02 
       2.074397628281e+01      -1.730131638355e-05      -3.429860606542e+04      -3.474580004604e+04      -1.657668249800e-05      -3.464288508124e+04       1.325349065075e-05       1.325349065075e-05       6.949160009208e+04       1.556740966768e+01       2.236281067697e-05      -4.574000281946e-12      -7.783704834036e+00      -1.364627794790e-02      -7.783704833841e+00      -1.188893175933e-02 
       2.172160976582e+01      -1.590408595725e-05      -3.456904118220e+04      -3.502231617862e+04      -1.523804373013e-05      -3.491818582289e+04       1.218338292966e-05       1.218338292966e-05       7.004463235723e+04       1.569122009382e+01       2.055725492677e-05      -4.239103058390e-12      -7.845610047090e+00      -1.478672949020e-02      -7.845610046911e+00      -1.214560779613e-02 
       2.274531769542e+01      -1.461732207204e-05      -3.483590290255e+04      -3.529553623672e+04      -1.400523651558e-05      -3.519015000258e+04       1.119791972255e-05       1.119791972255e-05       7.059107247344e+04       1.581356962860e+01       1.889453031619e-05      -3.949957793370e-12      -7.906784814465e+00      -1.604330333337e-02      -7.906784814301e+00      -1.241961271398e-02 
       2.381727149336e+01      -1.343458552284e-05      -3.510414395653e+04      -3.557043981819e+04      -1.287210323878e-05      -3.546374832079e+04       1.029202556516e-05       1.029202556516e-05       7.114087963638e+04       1.593659130577e+01       1.736602532062e-05      -3.690847076360e-12      -7.968295653037e+00      -1.742838517518e-02      -7.968295652885e+00      -1.271422843237e-02 
       2.493974491737e+01      -1.234304343210e-05      -3.536140318540e+04      -3.583467286649e+04      -1.182633688144e-05      -3.572663720605e+04       9.456019574676e-06       9.456019574676e-06       7.166934573298e+04       1.605484158090e+01       1.595545492898e-05      -3.449071316935e-12      -8.027420790591e+00      -1.894940576339e-02      -8.027420790452e+00      -1.302721374151e-02 
       2.611511888409e+01      -1.134496910715e-05      -3.563540319403e+04      -3.611613506682e+04      -1.087012078310e-05      -3.600666231017e+04       8.691587132697e-06       8.691587132697e-06       7.223227013364e+04       1.618079113395e+01       1.466564406961e-05      -3.234015193794e-12      -8.090395567105e+00      -2.063660668642e-02      -8.090395566977e+00      -1.337112687322e-02 
       2.734588651927e+01      -1.042487318271e-05      -3.590192986492e+04      -3.639054035255e+04      -9.988611248711e-06      -3.627957168483e+04       7.986902333143e-06       7.986902333143e-06       7.278108070510e+04       1.630357794040e+01       1.347665185410e-05      -3.030648439602e-12      -8.151788970315e+00      -2.249229139288e-02      -8.151788970198e+00      -1.373952995815e-02 
       2.863465844609e+01      -9.579680050467e-06      -3.617136528505e+04      -3.666835251302e+04      -9.178862446695e-06      -3.655580645100e+04       7.339603381974e-06       7.339603381974e-06       7.333670502604e+04       1.642789451120e+01       1.238449115226e-05      -2.839732376590e-12      -8.213947255710e+00      -2.454037928571e-02      -8.213947255602e+00      -1.413911833551e-02 
       2.998416832259e+01      -8.801901525868e-06      -3.643718879609e+04      -3.694307282762e+04      -8.433712682140e-06      -3.682887054433e+04       6.743799129486e-06       6.743799129486e-06       7.388614565525e+04       1.655064248932e+01       1.137917008843e-05      -2.794733011933e-12      -8.275321244759e+00      -2.679964935728e-02      -8.275321244660e+00      -1.457090498849e-02 
       3.139727864015e+01      -8.087619518995e-06      -3.670753630588e+04      -3.722293228031e+04      -7.749378118451e-06      -3.710697227643e+04       6.196860844249e-06       6.196860844249e-06       7.444586456062e+04       1.667595378046e+01       1.045637715888e-05      -2.511154848380e-12      -8.337976890323e+00      -2.928936317128e-02      -8.337976890232e+00      -1.504049636864e-02 
       3.287698679520e+01      -7.432006052892e-06      -3.698246160764e+04      -3.750804492750e+04      -7.121261441324e-06      -3.739021612520e+04       5.694743949930e-06       5.694743949930e-06       7.501608985500e+04       1.680346216038e+01       9.609172539522e-06      -2.368807861224e-12      -8.401731080274e+00      -3.204299510103e-02      -8.401731080190e+00      -1.555292832755e-02 
       3.442643144715e+01      -6.829317355509e-06      -3.725787956679e+04      -3.779436816652e+04      -6.543850199358e-06      -3.767455660176e+04       5.233164330811e-06       5.233164330811e-06       7.558873633303e+04       1.693149067874e+01       8.830366111778e-06      -2.238486978553e-12      -8.465745339448e+00      -3.508079594056e-02      -8.465745339371e+00      -1.611033079952e-02 
       3.604889917583e+01      -6.273569938643e-06      -3.752328143657e+04      -3.807136632213e+04      -6.011412301514e-06      -3.794947215782e+04       4.807529575278e-06       4.807529575278e-06       7.614273264426e+04       1.705529946003e+01       8.112206075172e-06      -2.116356113280e-12      -8.527649730084e+00      -3.842211408079e-02      -8.527649730013e+00      -1.671277613245e-02 
       3.774783145282e+01      -5.764503999726e-06      -3.779984074231e+04      -3.836045525736e+04      -5.523697847543e-06      -3.823632045701e+04       4.417660288434e-06       4.417660288434e-06       7.672091051471e+04       1.718452010208e+01       7.454396114978e-06      -2.008338813044e-12      -8.592260051104e+00      -4.211989139408e-02      -8.592260051039e+00      -1.737461142270e-02 
       3.952683194126e+01      -5.294375701345e-06      -3.806070884626e+04      -3.863468477879e+04      -5.073288918269e-06      -3.850819257918e+04       4.057601188965e-06       4.057601188965e-06       7.726936955758e+04       1.730702201721e+01       6.846880148360e-06      -1.899991528588e-12      -8.653511008663e+00      -4.618136545642e-02      -8.653511008604e+00      -1.808937985536e-02 
       4.138967413970e+01      -4.864121159897e-06      -3.833502931700e+04      -3.892350953925e+04      -4.661081780419e-06      -3.879446662276e+04       3.728086736650e-06       3.728086736650e-06       7.784701907851e+04       1.743604061350e+01       6.290903028192e-06      -1.814353815341e-12      -8.718020306804e+00      -5.067823645229e-02      -8.718020306749e+00      -1.887663128428e-02 
       4.334030938621e+01      -4.465856964519e-06      -3.858485788057e+04      -3.918878024503e+04      -4.279523190200e-06      -3.905706134661e+04       3.423070042981e-06       3.423070042981e-06       7.837756049005e+04       1.755445093397e+01       5.776259288410e-06      -1.729295803676e-12      -8.777225467033e+00      -5.560388700752e-02      -8.777225466983e+00      -1.972460614993e-02 
       4.538287523966e+01      -4.099234477864e-06      -3.882641851005e+04      -3.944696672621e+04      -3.928279521175e-06      -3.931239247309e+04       3.142285914234e-06       3.142285914234e-06       7.889393345242e+04       1.766963478381e+01       5.302501948171e-06      -1.658220777744e-12      -8.834817391950e+00      -6.102579075881e-02      -8.834817391904e+00      -2.064852629323e-02 
       4.752170425608e+01      -3.766683375341e-06      -3.911038302679e+04      -3.974934458573e+04      -3.609678811941e-06      -3.961159255583e+04       2.887609936029e-06       2.887609936029e-06       7.949868917147e+04       1.780461251833e+01       4.872800169071e-06      -1.581183341660e-12      -8.902306259205e+00      -6.707466387723e-02      -8.902306259163e+00      -2.168333705454e-02 
       4.976133317857e+01      -3.458154410454e-06      -3.936167547504e+04      -4.002029568850e+04      -3.314092793589e-06      -3.987919969264e+04       2.651323109070e-06       2.651323109070e-06       8.004059137701e+04       1.792542224797e+01       4.474123019741e-06      -1.516164688900e-12      -8.962711124025e+00      -7.368986160316e-02      -8.962711123987e+00      -2.279825265669e-02 
       5.210651256035e+01      -3.174292037241e-06      -3.960650065259e+04      -4.028637551331e+04      -3.042137052759e-06      -4.014168930566e+04       2.433951336773e-06       2.433951336773e-06       8.057275102662e+04       1.804407422785e+01       4.107368410355e-06      -1.456803974074e-12      -9.022037113962e+00      -8.097171838852e-02      -9.022037113926e+00      -2.401655306689e-02 
       5.456221684132e+01      -2.914303857351e-06      -3.985754510355e+04      -4.056063432379e+04      -2.793064677741e-06      -4.041204224628e+04       2.234740090100e-06       2.234740090100e-06       8.112126864759e+04       1.816584025958e+01       3.771214010764e-06      -1.483782195122e-12      -9.082920129822e+00      -8.901820290499e-02      -9.082920129790e+00      -2.535693883229e-02 
       5.713365489949e+01      -2.676886416866e-06      -4.013155073362e+04      -4.086017198506e+04      -2.565602743900e-06      -4.070728605660e+04       2.052997267774e-06       2.052997267774e-06       8.172034397013e+04       1.829957456252e+01       3.464593849572e-06      -1.356470819583e-12      -9.149787281292e+00      -9.794231258247e-02      -9.149787281262e+00      -2.684268362306e-02 
       5.982628109974e+01      -2.456449503909e-06      -4.036585925228e+04      -4.112183177103e+04      -2.354414457523e-06      -4.096440166621e+04       1.884181949838e-06       1.884181949838e-06       8.224366354205e+04       1.841594772091e+01       3.179760285294e-06      -1.309033628297e-12      -9.207973860483e+00      -1.076881354627e-01      -9.207973860456e+00      -2.844666320868e-02 
       6.264580686326e+01      -2.255753959214e-06      -4.062863790723e+04      -4.141479298406e+04      -2.162141759161e-06      -4.125234434648e+04       1.730473232248e-06       1.730473232248e-06       8.282958596811e+04       1.854618853457e+01       2.920411024705e-06      -1.285636404009e-12      -9.273094267308e+00      -1.185191350191e-01      -9.273094267283e+00      -3.022981103307e-02 
       6.559821278220e+01      -2.071728495220e-06      -4.089588983555e+04      -4.171509601127e+04      -1.985843629354e-06      -4.154717114377e+04       1.589489525041e-06       1.589489525041e-06       8.343019202254e+04       1.867935390280e+01       2.682518142742e-06      -1.412018999330e-12      -9.339676951424e+00      -1.304774403758e-01      -9.339676951400e+00      -3.219190389693e-02 
       6.868976130536e+01      -1.900262117907e-06      -4.111316682059e+04      -4.196775442395e+04      -1.821566840610e-06      -4.179403184912e+04       1.458244986012e-06       1.458244986012e-06       8.393550884791e+04       1.879177415644e+01       2.461098261871e-06      -1.204080338902e-12      -9.395887078240e+00      -1.434895289010e-01      -9.395887078219e+00      -3.430655585135e-02 
       7.192701002165e+01      -1.745530109648e-06      -4.138881102314e+04      -4.228301016944e+04      -1.673329197201e-06      -4.210276630562e+04       1.339759529382e-06       1.339759529382e-06       8.456602033888e+04       1.893177952571e+01       2.261186759463e-06      -1.167655256033e-12      -9.465889762874e+00      -1.580618808531e-01      -9.465889762854e+00      -3.668360715696e-02 
       7.531682556961e+01      -1.598122327898e-06      -4.152668929998e+04      -4.246195083668e+04      -1.532105232735e-06      -4.227508571173e+04       1.226876168045e-06       1.226876168045e-06       8.492390167337e+04       1.901058952329e+01       2.070726027905e-06      -1.136957373233e-12      -9.505294761665e+00      -1.735662468029e-01      -9.505294761647e+00      -3.916877645324e-02 
       7.886639820251e+01      -1.465584022591e-06      -4.173166555363e+04      -4.271306833192e+04      -1.405129922599e-06      -4.251871598350e+04       1.125372676366e-06       1.125372676366e-06       8.542613666383e+04       1.912150025986e+01       1.899462872081e-06      -1.111097693450e-12      -9.560750129946e+00      -1.909264176293e-01      -9.560750129930e+00      -4.196560007689e-02 
       8.258325703979e+01      -1.344281512111e-06      -4.194315985970e+04      -4.297521122956e+04      -1.288918955035e-06      -4.277265294558e+04       1.032481822782e-06       1.032481822782e-06       8.595042245913e+04       1.923724667819e+01       1.742733906805e-06      -1.087791542416e-12      -9.618623339108e+00      -2.100927721981e-01      -9.618623339093e+00      -4.504921348582e-02 
       8.647528603739e+01      -1.235275057561e-06      -4.223058038024e+04      -4.331967607037e+04      -1.184490321546e-06      -4.310782940341e+04       9.490134750308e-07       9.490134750308e-07       8.663935214075e+04       1.938969632894e+01       1.601904369675e-06      -1.068644326397e-12      -9.694848164483e+00      -2.316299157048e-01      -9.694848164469e+00      -4.852826900101e-02 
       9.055074071062e+01      -1.132373470446e-06      -4.241429095632e+04      -4.356377334454e+04      -1.085907963819e-06      -4.334220729160e+04       8.702164159809e-07       8.702164159809e-07       8.712754668909e+04       1.949702129045e+01       1.468955841007e-06      -1.048916139474e-12      -9.748510645238e+00      -2.547911135902e-01      -9.748510645225e+00      -5.223422529638e-02 
       9.481826564525e+01      -1.037474765756e-06      -4.257222664879e+04      -4.378738052609e+04      -9.949921553074e-07      -4.355528380138e+04       7.975484700509e-07       7.975484700509e-07       8.757476105218e+04       1.959498109838e+01       1.346348901275e-06      -1.030838673696e-12      -9.797490549201e+00      -2.801218656239e-01      -9.797490549190e+00      -5.627517134692e-02 
       9.928691283381e+01      -9.501155085165e-07      -4.270831310668e+04      -4.399495465617e+04      -9.112995893444e-07      -4.375142827288e+04       7.306484543176e-07       7.306484543176e-07       8.798990931235e+04       1.968548043419e+01       1.233472011299e-06      -1.013760401295e-12      -9.842740217105e+00      -3.078530083279e-01      -9.842740217094e+00      -6.068856386703e-02 
       1.039661608761e+02      -8.737413851227e-07      -4.302057028592e+04      -4.439035580328e+04      -8.381356185382e-07      -4.413339148662e+04       6.721768372285e-07       6.721768372285e-07       8.878071160656e+04       1.985986711532e+01       1.134819769822e-06      -1.002691890354e-12      -9.929933557671e+00      -3.397693784732e-01      -9.929933557661e+00      -6.581199459418e-02 
       1.088659350846e+02      -8.003042311392e-07      -4.315717161176e+04      -4.461343838040e+04      -7.677815111456e-07      -4.434267351349e+04       6.159395733145e-07       6.159395733145e-07       8.922687676081e+04       1.995677279087e+01       1.039933768842e-06      -9.888233401510e-13      -9.978386395443e+00      -3.734931260833e-01      -9.978386395434e+00      -7.117087430045e-02 
       1.139966285374e+02      -7.339744423863e-07      -4.334514533220e+04      -4.489795258243e+04      -7.042378429678e-07      -4.461174859861e+04       5.651522770630e-07       5.651522770630e-07       8.979590516485e+04       2.008092045412e+01       9.542450933839e-07      -9.779002021551e-13      -1.004046022707e+01      -4.111098022685e-01      -1.004046022706e+01      -7.715841088474e-02 
       1.193691241231e+02      -6.710222082784e-07      -4.339120830370e+04      -4.504526104295e+04      -6.439267285376e-07      -4.474300739759e+04       5.169415179152e-07       5.169415179152e-07       9.009052208590e+04       2.014333634892e+01       8.729013536958e-07      -9.648885569763e-13      -1.007166817447e+01      -4.510595225657e-01      -1.007166817446e+01      -8.347384018783e-02 
       1.249948176251e+02      -6.157025240370e-07      -4.358989347302e+04      -4.536066852730e+04      -5.909321525823e-07      -4.503977506125e+04       4.745832816200e-07       4.745832816200e-07       9.072133705460e+04       2.028052562626e+01       8.014335250942e-07      -9.562577804680e-13      -1.014026281313e+01      -4.966856675983e-01      -1.014026281313e+01      -9.072788074946e-02 
       1.308856418936e+02      -5.631687597072e-07      -4.364589687167e+04      -4.553938851568e+04      -5.406028415250e-07      -4.519904157919e+04       4.343556359864e-07       4.343556359864e-07       9.107877703137e+04       2.035631399528e+01       7.335605615914e-07      -9.459696352071e-13      -1.017815699764e+01      -5.452204985752e-01      -1.017815699764e+01      -9.840045678707e-02 
       1.370540921568e+02      -5.164494557665e-07      -4.380792081745e+04      -4.584074463787e+04      -4.958471459410e-07      -4.547821781135e+04       3.985838152495e-07       3.985838152495e-07       9.168148927574e+04       2.048640550585e+01       6.732058440136e-07      -9.387964667454e-13      -1.024320275293e+01      -5.999943369742e-01      -1.024320275292e+01      -1.070872154065e-01 
       1.435132525246e+02      -4.722896588428e-07      -4.384078778800e+04      -4.602082116647e+04      -4.535404053007e-07      -4.563499038897e+04       3.647658618450e-07       3.647658618450e-07       9.204164233294e+04       2.056186149252e+01       6.161466223648e-07      -9.299301579545e-13      -1.028093074626e+01      -6.583930499043e-01      -1.028093074626e+01      -1.163092632969e-01 
       1.502768237421e+02      -4.319268570547e-07      -4.386681529484e+04      -4.620822740466e+04      -4.148718077555e-07      -4.579685902676e+04       3.338504085556e-07       3.338504085556e-07       9.241645480932e+04       2.063993206976e+01       5.639828651722e-07      -9.366278154296e-13      -1.031996603489e+01      -7.224560134711e-01      -1.031996603488e+01      -1.264228383375e-01 
       1.573591522508e+02      -3.962541506792e-07      -4.402312700323e+04      -4.654883148342e+04      -3.806991599542e-07      -4.610818060110e+04       3.065449868365e-07       3.065449868365e-07       9.309766296684e+04       2.078614898401e+01       5.179151836844e-07      -9.107615576507e-13      -1.039307449201e+01      -7.952044660696e-01      -1.039307449201e+01      -1.379436261333e-01 
       1.647752606189e+02      -3.611540264723e-07      -4.388142877889e+04      -4.659213428707e+04      -3.470679303006e-07      -4.612236878031e+04       2.796583793021e-07       2.796583793021e-07       9.318426857414e+04       2.079903843666e+01       4.725497760290e-07      -9.075089216637e-13      -1.039951921834e+01      -8.694444292935e-01      -1.039951921833e+01      -1.496152616741e-01 
       1.725408794066e+02      -3.309428973722e-07      -4.396476569710e+04      -4.689299360223e+04      -3.181268228212e-07      -4.638876063944e+04       2.565245833738e-07       2.565245833738e-07       9.378598720447e+04       2.092599893164e+01       4.335174610422e-07      -8.996692944438e-13      -1.046299946582e+01      -9.556218523265e-01      -1.046299946582e+01      -1.632337640772e-01 
       1.806724805324e+02      -3.024372608355e-07      -4.391840169699e+04      -4.707656814144e+04      -2.908160485769e-07      -4.653602661679e+04       2.346959149831e-07       2.346959149831e-07       9.415313628288e+04       2.100021325380e+01       3.966878178219e-07      -8.965296661968e-13      -1.050010662690e+01      -1.047380195617e+00      -1.050010662690e+01      -1.776960479240e-01 
       1.891873122127e+02      -2.767935166462e-07      -4.392306860614e+04      -4.733753820919e+04      -2.662487675274e-07      -4.675647207926e+04       2.150591730961e-07       2.150591730961e-07       9.467507641837e+04       2.110804577068e+01       3.635561543103e-07      -8.915439232359e-13      -1.055402288534e+01      -1.149388271730e+00      -1.055402288534e+01      -1.937896742089e-01 
       1.981034355469e+02      -2.517731482586e-07      -4.364261605459e+04      -4.731511755505e+04      -2.422725997977e-07      -4.669352132190e+04       1.958722270131e-07       1.958722270131e-07       9.463023511010e+04       2.108828597659e+01       3.311763040767e-07      -8.848232823631e-13      -1.054414298830e+01      -1.253316848154e+00      -1.054414298830e+01      -2.101051527259e-01 
       2.074397628281e+02      -2.321825959375e-07      -4.395108692417e+04      -4.795927186103e+04      -2.235119917819e-07      -4.728431605080e+04       1.808978236715e-07       1.808978236715e-07       9.591854372205e+04       2.136531446509e+01       3.059176493975e-07      -8.860204518677e-13      -1.068265723255e+01      -1.385395224204e+00      -1.068265723254e+01      -2.310289312927e-01 
       2.172160976582e+02      -2.099500846377e-07      -4.338380536760e+04      -4.767614389519e+04      -2.021990852849e-07      -4.695679768711e+04       1.638380234293e-07       1.638380234293e-07       9.535228779037e+04       2.122830254523e+01       2.771262755373e-07      -8.694863738091e-13      -1.061415127261e+01      -1.501108782348e+00      -1.061415127261e+01      -2.491225080597e-01 
       2.274531769542e+02      -1.920926251564e-07      -4.331194299817e+04      -4.796638989497e+04      -1.850900949978e-07      -4.718986370074e+04       1.501636961207e-07       1.501636961207e-07       9.593277978995e+04       2.134563177291e+01       2.540548684918e-07      -8.655017895014e-13      -1.067281588646e+01      -1.645460824514e+00      -1.067281588646e+01      -2.718745908309e-01 
       2.381727149336e+02      -1.758168716839e-07      -4.323429292480e+04      -4.828595308488e+04      -1.694968636705e-07      -4.744670243547e+04       1.376962984230e-07       1.376962984230e-07       9.657190616976e+04       2.147454216956e+01       2.330183809282e-07      -8.616999660825e-13      -1.073727108478e+01      -1.803737236225e+00      -1.073727108478e+01      -2.968215273990e-01 
       2.493974491737e+02      -1.596949983311e-07      -4.280796765668e+04      -4.825103691050e+04      -1.540425085248e-07      -4.735030691828e+04       1.253253804454e-07       1.253253804454e-07       9.650207382100e+04       2.144489536040e+01       2.121401337595e-07      -8.516885755563e-13      -1.072244768020e+01      -1.961612998156e+00      -1.072244768020e+01      -3.216062659181e-01 
       2.611511888409e+02      -1.454704163817e-07      -4.248452433453e+04      -4.836889357928e+04      -1.404085705172e-07      -4.739870011326e+04       1.144149218909e-07       1.144149218909e-07       9.673778715856e+04       2.148194348110e+01       1.937277011524e-07      -8.435144945744e-13      -1.074097174055e+01      -2.138670029908e+00      -1.074097174055e+01      -3.494462554186e-01 
       2.734588651927e+02      -1.332100854769e-07      -4.235811179453e+04      -4.875555286181e+04      -1.286617687126e-07      -4.770436409635e+04       1.050205628382e-07       1.050205628382e-07       9.751110572363e+04       2.163667065125e+01       1.778756834982e-07      -8.447135451531e-13      -1.081833532563e+01      -2.343014429536e+00      -1.081833532563e+01      -3.816469357366e-01 
       2.863465844609e+02      -1.199374092080e-07      -4.150052251972e+04      -4.833891940471e+04      -1.159269513441e-07      -4.721882328858e+04       9.480503248780e-08       9.480503248780e-08       9.667783880943e+04       2.143433459169e+01       1.606283271395e-07      -8.230437283853e-13      -1.071716729585e+01      -2.523097112583e+00      -1.071716729584e+01      -4.098124203703e-01 
       2.998416832259e+02      -1.095949299550e-07      -4.123380935963e+04      -4.865514682424e+04      -1.060143310779e-07      -4.744314129479e+04       8.687397072245e-08       8.687397072245e-08       9.731029364848e+04       2.155531407731e+01       1.472443586754e-07      -8.177660542231e-13      -1.077765703866e+01      -2.756048994739e+00      -1.077765703866e+01      -4.464863907752e-01 
       3.139727864015e+02      -1.001921499568e-07      -4.095619245291e+04      -4.901472320361e+04      -9.700199397476e-08      -4.770224142712e+04       7.966269954504e-08       7.966269954504e-08       9.802944640721e+04       2.169380783955e+01       1.350749005964e-07      -8.127568499586e-13      -1.084690391977e+01      -3.010483363425e+00      -1.084690391977e+01      -4.865463616771e-01 
       3.287698679520e+02      -9.012008822639e-08      -3.999342626325e+04      -4.859966588881e+04      -8.733177067711e-08      -4.720149843826e+04       7.189058559489e-08       7.189058559489e-08       9.719933177763e+04       2.148823686455e+01       1.219482285205e-07      -7.945465269213e-13      -1.074411843228e+01      -3.233977021117e+00      -1.074411843227e+01      -5.215299674602e-01 
