# Transfer functions T_i(k) for adiabatic (AD) mode (normalized to initial curvature=1) at redshift z=99
# for k=1.03944e-05 to 328.77 h/Mpc,
# number of wavenumbers equal to 605
# d_i   stands for (delta rho_i/rho_i)(k,z) with above normalization 
# d_tot stands for (delta rho_tot/rho_tot)(k,z) with rho_Lambda NOT included in rho_tot
# (note that this differs from the transfer function output from CAMB/CMBFAST, which gives the same
#  quantities divided by -k^2 with k in Mpc^-1; use format=camb to match CAMB)
# t_i   stands for theta_i(k,z) with above normalization 
# t_tot stands for (sum_i [rho_i+p_i] theta_i)/(sum_i [rho_i+p_i]))(k,z)
#
#    1:k (h/Mpc)              2:d_g                    3:d_b                    4:d_cdm                  5:d_ur                   6:d_tot                  7:phi                    8:psi                    9:h                     10:h_prime               11:eta                   12:eta_prime             13:t_g                   14:t_b                   15:t_ur                  16:t_tot              
       1.039441571510e-05      -1.591039938013e-05      -1.193284951263e-05      -1.193284993339e-05      -1.591039147176e-05      -1.204638103014e-05       6.121915393523e-01       5.968440817927e-01       2.386569986678e-05       3.208354813589e-08       9.999995712636e-01      -2.903202724393e-10      -1.512093794986e-13      -1.332060447192e-16      -1.610264620201e-13      -5.872815559101e-15 
       1.088428943559e-05      -1.744539865703e-05      -1.308410907897e-05      -1.308410958484e-05      -1.744538914911e-05      -1.320859373570e-05       6.121915143251e-01       5.968440682348e-01       2.616821916967e-05       3.517890899302e-08       9.999995298995e-01      -3.183295619438e-10      -1.817936059082e-13      -1.601509564795e-16      -1.935963029619e-13      -7.060675086345e-15 
       1.139725019325e-05      -1.912849029804e-05      -1.434643996299e-05      -1.434644057118e-05      -1.912847886695e-05      -1.448293446152e-05       6.121914841942e-01       5.968440489545e-01       2.869288114235e-05       3.857290459281e-08       9.999994845454e-01      -3.490408984189e-10      -2.185639031232e-13      -1.925447149603e-16      -2.327538894515e-13      -8.488795882026e-15 
       1.193438604663e-05      -2.097396177482e-05      -1.573055818205e-05      -1.573055891325e-05      -2.097394803168e-05      -1.588022116710e-05       6.121914503439e-01       5.968440289183e-01       3.146111782650e-05       4.229434634583e-08       9.999994348148e-01      -3.827155887579e-10      -2.627715229887e-13      -2.314907477101e-16      -2.798315851327e-13      -1.020577353102e-14 
       1.249683633289e-05      -2.299747778854e-05      -1.724821275913e-05      -1.724821363824e-05      -2.299746126565e-05      -1.741231464315e-05       6.121913856748e-01       5.968439777956e-01       3.449642727649e-05       4.637482862369e-08       9.999993802872e-01      -4.196383199050e-10      -3.159207307150e-13      -2.783114951636e-16      -3.364314114733e-13      -1.227003316792e-14 
       1.308579408449e-05      -2.521621736044e-05      -1.891228855802e-05      -1.891228961492e-05      -2.521619749554e-05      -1.909222232469e-05       6.121913417457e-01       5.968439508896e-01       3.782457922983e-05       5.084898495412e-08       9.999993204985e-01      -4.601243873705e-10      -3.798200175709e-13      -3.346063502517e-16      -4.044793218690e-13      -1.475181639971e-14 
       1.370250855978e-05      -2.764901363118e-05      -2.073691115287e-05      -2.073691242355e-05      -2.764898974837e-05      -2.093420415767e-05       6.121912952802e-01       5.968439192050e-01       4.147382484710e-05       5.575479951094e-08       9.999992549417e-01      -5.045157234220e-10      -4.566439758607e-13      -4.022814875100e-16      -4.862908666698e-13      -1.773557723366e-14 
       1.434828789286e-05      -3.031651785927e-05      -2.273756985151e-05      -2.273757137922e-05      -3.031648914581e-05      -2.295389679192e-05       6.121912416745e-01       5.968438836351e-01       4.547514275844e-05       6.113391747883e-08       9.999991830601e-01      -5.531887398930e-10      -5.490065109056e-13      -4.836513017314e-16      -5.846498740170e-13      -2.132284217652e-14 
       1.502450186827e-05      -3.324137364094e-05      -2.493124839001e-05      -2.493125022671e-05      -3.324133911981e-05      -2.516844551810e-05       6.121911855026e-01       5.968438476214e-01       4.986250045343e-05       6.703200169403e-08       9.999991042433e-01      -6.065594745366e-10      -6.600506335597e-13      -5.814759682942e-16      -7.029033040326e-13      -2.563567956351e-14 
       1.573258482650e-05      -3.644840854243e-05      -2.733656869191e-05      -2.733657090010e-05      -3.644836703899e-05      -2.759664939385e-05       6.121911201644e-01       5.968438045707e-01       5.467314180020e-05       7.349912180634e-08       9.999990178223e-01      -6.650794843077e-10      -7.935549065255e-13      -6.990880160275e-16      -8.450749980512e-13      -3.082084481577e-14 
       1.647403870647e-05      -3.996484571549e-05      -2.997394962250e-05      -2.997395227733e-05      -3.996479581736e-05      -3.025912150683e-05       6.121910491523e-01       5.968437572275e-01       5.994790455467e-05       8.059017676064e-08       9.999989230643e-01      -7.292453790646e-10      -9.540621754609e-13      -8.404886915376e-16      -1.016002894416e-12      -3.705477961544e-14 
       1.725043623124e-05      -4.382053450851e-05      -3.286577999825e-05      -3.286578319010e-05      -4.382047451789e-05      -3.317846362875e-05       6.121909721945e-01       5.968437072488e-01       6.573156638020e-05       8.836536204074e-08       9.999988191630e-01      -7.996018039820e-10      -1.147034147509e-12      -1.010502221185e-15      -1.221503001769e-12      -4.454960841889e-14 
       1.806342424406e-05      -4.804820662086e-05      -3.603661076410e-05      -3.603661460152e-05      -4.804813449624e-05      -3.637946021870e-05       6.121909247122e-01       5.968436912902e-01       7.207322920304e-05       9.689067249715e-08       9.999987052368e-01      -8.767462539546e-10      -1.379036989083e-12      -1.214929368786e-15      -1.468568205686e-12      -5.356036326240e-14 
       1.891472720151e-05      -5.268373853514e-05      -3.951335189144e-05      -3.951335650500e-05      -5.268365182255e-05      -3.988927719259e-05       6.121907886572e-01       5.968435840426e-01       7.902671301001e-05       1.062385070363e-07       9.999985803233e-01      -9.613314700807e-10      -1.657965946569e-12      -1.460596230062e-15      -1.765605625463e-12      -6.439365672706e-14 
       1.980615083129e-05      -5.776649194520e-05      -4.332552778753e-05      -4.332553333425e-05      -5.776638769403e-05      -4.373771975922e-05       6.121907273611e-01       5.968435594873e-01       8.665106666850e-05       1.164881789278e-07       9.999984433526e-01      -1.054079193479e-09      -1.993311452703e-12      -1.756095350414e-15      -2.122722223844e-12      -7.741812830206e-14 
       2.073958596245e-05      -6.333959941969e-05      -4.750549165042e-05      -4.750549831904e-05      -6.333947408233e-05      -4.795744881138e-05       6.121906127024e-01       5.968434827485e-01       9.501099663809e-05       1.277267293208e-07       9.999982931715e-01      -1.155773557028e-09      -2.396484826558e-12      -2.111288977444e-15      -2.552070384173e-12      -9.307695600872e-14 
       2.171701253604e-05      -6.945037014391e-05      -5.208872990362e-05      -5.208873792108e-05      -6.945021945578e-05      -5.258428825262e-05       6.121904862099e-01       5.968433987792e-01       1.041774758422e-04       1.400495509075e-07       9.999981284992e-01      -1.267278843467e-09      -2.881205036430e-12      -2.538331624034e-15      -3.068259025332e-12      -1.119029694270e-13 
       2.274050380486e-05      -7.615067305856e-05      -5.711414970407e-05      -5.711415934316e-05      -7.615049189163e-05      -5.765751523567e-05       6.121903499397e-01       5.968433086218e-01       1.142283186863e-04       1.535612507796e-07       9.999979479422e-01      -1.389542139705e-09      -3.463965568903e-12      -3.051753894601e-15      -3.688853412589e-12      -1.345367733828e-13 
       2.381223073113e-05      -8.349737983314e-05      -6.262441135825e-05      -6.262442294697e-05      -8.349716202284e-05      -6.322019573513e-05       6.121901990256e-01       5.968432077581e-01       1.252488458939e-04       1.683765301089e-07       9.999977499646e-01      -1.523600340808e-09      -4.164596545693e-12      -3.669013217253e-15      -4.434970198337e-12      -1.617485333396e-13 
       2.493446659134e-05      -9.155284954794e-05      -6.866629205430e-05      -6.866630598787e-05      -9.155258768203e-05      -6.931955173363e-05       6.121900401301e-01       5.968431055859e-01       1.373326119757e-04       1.846211516319e-07       9.999975328839e-01      -1.670591767808e-09      -5.006937210344e-12      -4.411441015413e-15      -5.331996645188e-12      -1.944641952185e-13 
       2.610959179822e-05      -1.003854522024e-04      -7.529107877153e-05      -7.529109552232e-05      -1.003851373727e-04      -7.600735785696e-05       6.121898492080e-01       5.968429733932e-01       1.505821910446e-04       2.024330233337e-07       9.999972948664e-01      -1.831764043914e-09      -6.019653867906e-12      -5.303286782134e-15      -6.410458133168e-12      -2.337969449893e-13 
       2.734009894987e-05      -1.100701605036e-04      -8.255501242391e-05      -8.255503256285e-05      -1.100697819965e-04      -8.334038974038e-05       6.121896579410e-01       5.968428484611e-01       1.651100651257e-04       2.219633350628e-07       9.999970338805e-01      -2.008485818309e-09      -7.237202287518e-12      -6.376022962216e-15      -7.707049121867e-12      -2.810852044467e-13 
       2.862859811694e-05      -1.206891699161e-04      -9.051975330526e-05      -9.051977751761e-05      -1.206887148527e-04      -9.138089388141e-05       6.121894382467e-01       5.968427021315e-01       1.810395550352e-04       2.433778882827e-07       9.999967477152e-01      -2.202255968079e-09      -8.701012839416e-12      -7.665670541270e-15      -9.265888235920e-12      -3.379379899436e-13 
       2.997782237893e-05      -1.323326091699e-04      -9.925291442629e-05      -9.925294353591e-05      -1.323320620650e-04      -1.001971260401e-04       6.121891983810e-01       5.968425420290e-01       1.985058870718e-04       2.668584649960e-07       9.999964339442e-01      -2.414719845120e-09      -1.046089428608e-11      -9.216159235578e-15      -1.114001930391e-11      -4.062898497796e-13 
       3.139063362138e-05      -1.450992986420e-04      -1.088286308625e-04      -1.088286658599e-04      -1.450986408787e-04      -1.098639259843e-04       6.121889356322e-01       5.968423661602e-01       2.176573317198e-04       2.926043885818e-07       9.999960899037e-01      -2.647680703800e-09      -1.257672946120e-11      -1.108022564184e-14      -1.339321200381e-11      -4.884665534872e-13 
       3.287002860635e-05      -1.590975896651e-04      -1.193281899102e-04      -1.193282319864e-04      -1.590967988639e-04      -1.204633536195e-04       6.121886467265e-01       5.968421737104e-01       2.386564639728e-04       3.208342123985e-07       9.999957126676e-01      -2.903115716794e-09      -1.512051300200e-11      -1.332138706219e-14      -1.610213154126e-11      -5.872642568622e-13 
       3.441914532896e-05      -1.744462837318e-04      -1.308407212979e-04      -1.308407718845e-04      -1.744453329849e-04      -1.320853857394e-04       6.121883305132e-01       5.968419629150e-01       2.616815437691e-04       3.517875741506e-07       9.999952990373e-01      -3.183192310263e-09      -1.817880041364e-11      -1.601582724353e-14      -1.935895349850e-11      -7.060446844825e-13 
       3.604126967346e-05      -1.912756410167e-04      -1.434639545514e-04      -1.434640153698e-04      -1.912744979718e-04      -1.448286805656e-04       6.121879894342e-01       5.968417362994e-01       2.869280307396e-04       3.857272269182e-07       9.999948455053e-01      -3.490288875381e-09      -2.185565345388e-11      -1.925527405185e-14      -2.327449564928e-11      -8.488494942914e-13 
       3.773984238309e-05      -2.097284749306e-04      -1.573050410817e-04      -1.573051142013e-04      -2.097271006962e-04      -1.588014076180e-04       6.121875946004e-01       5.968414688844e-01       3.146102284027e-04       4.229412983412e-07       9.999943482166e-01      -3.827009600542e-09      -2.627617762841e-11      -2.314963089055e-14      -2.798198269981e-11      -1.020537559520e-12 
       3.951846635827e-05      -2.299613936959e-04      -1.724814867728e-04      -1.724815746821e-04      -2.299597415162e-04      -1.741221891296e-04       6.121871918672e-01       5.968412046726e-01       3.449631493641e-04       4.637456471751e-07       9.999938029469e-01      -4.196216548077e-09      -3.159079104884e-11      -2.783238913617e-14      -3.364158921929e-11      -1.226950969179e-12 
       4.138091429893e-05      -2.521460747265e-04      -1.891221094539e-04      -1.891222151438e-04      -2.521440883838e-04      -1.909210665713e-04       6.121867233874e-01       5.968408897626e-01       3.782444302875e-04       5.084866987084e-07       9.999932050768e-01      -4.601039353049e-09      -3.798031557934e-11      -3.346094606650e-14      -4.044588439124e-11      -1.475112487996e-12 
       4.333113670686e-05      -2.764707771789e-04      -2.073681753518e-04      -2.073683024200e-04      -2.764683890862e-04      -2.093406478526e-04       6.121862218023e-01       5.968405543188e-01       4.147366048400e-04       5.575442188215e-07       9.999925495272e-01      -5.044911754494e-09      -4.566216436733e-11      -4.022991116186e-14      -4.862638435419e-11      -1.773466492973e-12 
       4.537327026525e-05      -3.031418986979e-04      -2.273745690984e-04      -2.273747218678e-04      -3.031390276007e-04      -2.295372883747e-04       6.121856677219e-01       5.968401835086e-01       4.547494437356e-04       6.113346498249e-07       9.999918307367e-01      -5.531603921872e-09      -5.489770683877e-11      -4.836675815363e-14      -5.846142731304e-11      -2.132163875741e-12 
       4.751164661317e-05      -3.323857447325e-04      -2.493111236468e-04      -2.493113073159e-04      -3.323822929494e-04      -2.516824335093e-04       6.121850675966e-01       5.968397841912e-01       4.986226146318e-04       6.703145859949e-07       9.999910425956e-01      -6.065247712694e-09      -6.600118208954e-11      -5.814968695054e-14      -7.028563368750e-11      -2.563409250988e-12 
       4.975080153356e-05      -3.644504254287e-04      -2.733640464780e-04      -2.733642672967e-04      -3.644462755128e-04      -2.759640582542e-04       6.121844005675e-01       5.968393370475e-01       5.467285345935e-04       7.349847081919e-07       9.999901784242e-01      -6.650366601302e-09      -7.935037240690e-11      -6.991079209039e-14      -8.450131324267e-11      -3.081875188355e-12 
       5.209548457420e-05      -3.996079889967e-04      -2.997375238835e-04      -2.997377893655e-04      -3.996029997510e-04      -3.025882866389e-04       6.121836808577e-01       5.968388583971e-01       5.994755787310e-04       8.058939414030e-07       9.999892308849e-01      -7.291931127399e-09      -9.539947097527e-11      -8.405136307950e-14      -1.015921316983e-10      -3.705202017800e-12 
       5.455066912219e-05      -4.381566876855e-04      -3.286554255455e-04      -3.286557447246e-04      -4.381506893671e-04      -3.317811123568e-04       6.121828882575e-01       5.968383292942e-01       6.573114894492e-04       8.836442235485e-07       9.999881919335e-01      -7.995379643678e-09      -1.146945295440e-10      -1.010521159862e-13      -1.221395596104e-10      -4.454597262918e-12 
       5.712156295313e-05      -4.804235323824e-04      -3.603632266168e-04      -3.603636103560e-04      -4.804163209102e-04      -3.637903389294e-04       6.121820167778e-01       5.968377485191e-01       7.207272207119e-04       9.688955292505e-07       9.999870527482e-01      -8.766684956618e-09      -1.378920004142e-10      -1.214915374138e-13      -1.468426625520e-10      -5.355556781123e-12 
       5.981361927751e-05      -5.267670457863e-04      -3.951300800233e-04      -3.951305413768e-04      -5.267583758238e-04      -3.988876714729e-04       6.121810582832e-01       5.968371082751e-01       7.902610827536e-04       1.062371514086e-06       9.999858036642e-01      -9.612384855609e-09      -1.657811394782e-10      -1.460641448532e-13      -1.765418822998e-10      -6.438733473291e-12 
       6.263254830773e-05      -5.775803094030e-04      -4.332511105214e-04      -4.332516651900e-04      -5.775698859786e-04      -4.373710323070e-04       6.121800103613e-01       5.968364091150e-01       8.665033303801e-04       1.164865618307e-06       9.999844340811e-01      -1.053965559281e-08      -1.993107742636e-10      -1.756054969743e-13      -2.122476203352e-10      -7.740978338973e-12 
       6.558432937020e-05      -6.332942725419e-04      -4.750499071762e-04      -4.750505740356e-04      -6.332817410397e-04      -4.795670767776e-04       6.121788640527e-01       5.968356444217e-01       9.501011480713e-04       1.277247847926e-06       9.999829323773e-01      -1.155637022749e-08      -2.396216326515e-10      -2.111266676158e-13      -2.551746003765e-10      -9.306595993291e-12 
       6.867522358831e-05      -6.943813993261e-04      -5.208812714330e-04      -5.208820731728e-04      -6.943663334546e-04      -5.258339670558e-04       6.121775986800e-01       5.968347983536e-01       1.041764146346e-03       1.400472150446e-06       9.999812857967e-01      -1.267114332028e-08      -2.880851150729e-10      -2.538287498008e-13      -3.067831561609e-10      -1.118884753818e-11 
       7.191178716309e-05      -7.613596945068e-04      -5.711342519282e-04      -5.711352158160e-04      -7.613415818177e-04      -5.765644353070e-04       6.121762233673e-01       5.968338800918e-01       1.142270431632e-03       1.535584418337e-06       9.999794803767e-01      -1.389344575522e-08      -3.463500437397e-10      -3.051620873002e-13      -3.688289650551e-10      -1.345176820114e-11 
       7.530088527984e-05      -8.347970213774e-04      -6.262354011146e-04      -6.262365599831e-04      -8.347752455174e-04      -6.321890707529e-04       6.121747044344e-01       5.968328679859e-01       1.252473119966e-03       1.683731537771e-06       9.999775007939e-01      -1.523362257654e-08      -4.163981683635e-10      -3.668950441454e-13      -4.434226782904e-10      -1.617233416077e-11 
       7.884970667002e-05      -9.153159497096e-04      -6.866524343397e-04      -6.866538276092e-04      -9.152897700367e-04      -6.931800126822e-04       6.121730401770e-01       5.968317557008e-01       1.373307655218e-03       1.846170968694e-06       9.999753302473e-01      -1.670305479996e-08      -5.006128037199e-10      -4.411038203708e-13      -5.331017409576e-10      -1.944309801640e-11 
       8.256577885962e-05      -1.003598997821e-03      -7.528981873942e-04      -7.528998624513e-04      -1.003567523924e-03      -7.600549448928e-04       6.121712178868e-01       5.968305367405e-01       1.505799724903e-03       2.024281458314e-06       9.999729503189e-01      -1.831419933413e-08      -6.018586903464e-10      -5.303113012307e-13      -6.409166393948e-10      -2.337531939762e-11 
       8.645698413597e-05      -1.100394393142e-03      -8.255349690700e-04      -8.255369829460e-04      -1.100356554193e-03      -8.333814886263e-04       6.121692201628e-01       5.968292062356e-01       1.651073965892e-03       2.219574734887e-06       9.999703408114e-01      -2.008071478189e-08      -7.235792930084e-10      -6.375819460310e-13      -7.705346375431e-10      -2.810274718252e-11 
       9.053157626715e-05      -1.206522355863e-03      -9.051793136229e-04      -9.051817348422e-04      -1.206476865002e-03      -9.137819988116e-04       6.121670299540e-01       5.968277450067e-01       1.810363469684e-03       2.433708407648e-06       9.999674795664e-01      -2.201758651782e-08      -8.699154760671e-10      -7.665440855082e-13      -9.263643928884e-10      -3.378618906683e-11 
       9.479819800938e-05      -1.322882050868e-03      -9.925072401905e-04      -9.925101511258e-04      -1.322827360786e-03      -1.001938872108e-03       6.121646286689e-01       5.968261419430e-01       1.985020302252e-03       2.668499919290e-06       9.999643423453e-01      -2.414121667005e-08      -1.045844500393e-09      -9.215837575413e-13      -1.113706079224e-09      -4.061895326653e-11 
       9.926589943941e-05      -1.450459143979e-03      -1.088259976854e-03      -1.088263476498e-03      -1.450393395110e-03      -1.098600323512e-03       6.121620011582e-01       5.968243855179e-01       2.176526952995e-03       2.925942008238e-06       9.999609025037e-01      -2.646962350194e-08      -1.257350725018e-09      -1.107951184314e-12      -1.338931109909e-09      -4.883343996042e-11 
       1.039441571510e-04      -1.590334089511e-03      -1.193250241483e-03      -1.193254449051e-03      -1.590255044975e-03      -1.204586725012e-03       6.121591094930e-01       5.968224580376e-01       2.386508898103e-03       3.208219641116e-06       9.999571308537e-01      -2.902252058225e-08      -1.511625748688e-09      -1.332077982845e-12      -1.609698954038e-09      -5.870899265875e-11 
       1.088428943559e-04      -1.743691233551e-03      -1.308369154076e-03      -1.308374212678e-03      -1.743596205772e-03      -1.320797580410e-03       6.121559448508e-01       5.968203461827e-01       2.616748425356e-03       3.517728479498e-06       9.999529953992e-01      -3.182154419624e-08      -1.817319067827e-09      -1.601503242004e-12      -1.935217516206e-09      -7.058148782700e-11 
       1.139725019325e-04      -1.911828743191e-03      -1.434593777078e-03      -1.434599858751e-03      -1.911714500930e-03      -1.448219134726e-03       6.121524738857e-01       5.968180289796e-01       2.869199717503e-03       3.857095269294e-06       9.999484610758e-01      -3.489040545626e-08      -2.184825987544e-09      -1.925391730037e-12      -2.326555877435e-09      -8.485465173663e-11 
       1.193438604663e-04      -2.096169519424e-03      -1.572995417960e-03      -1.573002729751e-03      -2.096032177889e-03      -1.587932751927e-03       6.121486673385e-01       5.968154879651e-01       3.146005459502e-03       4.229200059473e-06       9.999434894036e-01      -3.825511472839e-08      -2.626643198242e-09      -2.314825510621e-12      -2.797020241910e-09      -1.020138255237e-10 
       1.249683633289e-04      -2.298273124702e-03      -1.724748716646e-03      -1.724757507365e-03      -2.298108014386e-03      -1.741124083733e-03       6.121444957730e-01       5.968127038339e-01       3.449515014729e-03       4.637200621637e-06       9.999380382067e-01      -4.194412822084e-08      -3.157794114001e-09      -2.783018815312e-12      -3.362606167378e-09      -1.226424495170e-10 
       1.308579408449e-04      -2.519848834796e-03      -1.891141602739e-03      -1.891152171354e-03      -2.519650343326e-03      -1.909093116190e-03       6.121399278420e-01       5.968096541887e-01       3.782304342708e-03       5.084559242875e-06       9.999320612593e-01      -4.598871208508e-08      -3.796339245985e-09      -3.345853719291e-12      -4.042541714772e-09      -1.474418930694e-10 
       1.370250855978e-04      -2.762769901943e-03      -2.073586193130e-03      -2.073598899404e-03      -2.762531281077e-03      -2.093265164768e-03       6.121349124349e-01       5.968063068990e-01       4.147197798808e-03       5.575072169277e-06       9.999255078650e-01      -5.042307607790e-08      -4.563985356134e-09      -4.022582781193e-12      -4.859940243442e-09      -1.772552016355e-10 
       1.434828789286e-04      -3.029089260237e-03      -2.273630818605e-03      -2.273646095005e-03      -3.028802397775e-03      -2.295203006604e-03       6.121294107190e-01       5.968026364061e-01       4.547292190010e-03       6.112901585236e-06       9.999183224749e-01      -5.528473625539e-08      -5.486827875427e-09      -4.836255359869e-12      -5.842585605744e-09      -2.130958133507e-10 
       1.502450186827e-04      -3.321056593885e-03      -2.492973119020e-03      -2.492991485242e-03      -3.320711740789e-03      -2.516620090688e-03       6.121233818916e-01       5.967986121004e-01       4.985982970484e-03       6.702611013340e-06       9.999104441744e-01      -6.061482420954e-08      -6.596238679336e-09      -5.814411203811e-12      -7.023874816516e-09      -2.561819834998e-10 
       1.573258482650e-04      -3.641137062679e-03      -2.733474435782e-03      -2.733496516775e-03      -3.640722500411e-03      -2.759395056185e-03       6.121167712086e-01       5.967941993468e-01       5.466993033551e-03       7.349203979884e-06       9.999018061061e-01      -6.645841807105e-08      -7.929923598034e-09      -6.990388865953e-12      -8.443950606449e-09      -3.079780125133e-10 
       1.647403870647e-04      -3.992031792184e-03      -2.997175605136e-03      -2.997202152216e-03      -3.991533433815e-03      -3.025587661536e-03       6.121095239532e-01       5.967893612236e-01       5.994404304432e-03       8.058166351305e-06       9.998923351148e-01      -7.286488087911e-08      -9.533206464855e-09      -8.404219578690e-12      -1.015106539214e-08      -3.702440278693e-10 
       1.725043623124e-04      -4.376700240019e-03      -3.286314241424e-03      -3.286346158387e-03      -4.376101152938e-03      -3.317456215966e-03       6.121015770499e-01       5.967840571477e-01       6.572692316775e-03       8.835512849330e-06       9.998819508745e-01      -7.988837585151e-08      -1.146056503301e-08      -1.010416068392e-11      -1.220321521470e-08      -4.450956384667e-10 
       1.806342424406e-04      -4.798384672868e-03      -3.603343712628e-03      -3.603382084791e-03      -4.797664509036e-03      -3.637476713367e-03       6.120928650272e-01       5.967782417613e-01       7.206764169582e-03       9.687837946202e-06       9.998705653950e-01      -8.758818416766e-08      -1.377748554383e-08      -1.214764672456e-11      -1.467010770816e-08      -5.350757524532e-10 
       1.891472720151e-04      -5.260636898810e-03      -3.950953914540e-03      -3.951000047439e-03      -5.259771199317e-03      -3.988363782956e-03       6.120833138235e-01       5.967718653603e-01       7.902000094877e-03       1.062237173450e-05       9.998580822209e-01      -9.602929072910e-08      -1.656267323529e-08      -1.460433752622e-11      -1.763552488981e-08      -6.432407325388e-10 
       1.980615083129e-04      -5.767347467033e-03      -4.332094060537e-03      -4.332149524215e-03      -5.766306833712e-03      -4.373093665018e-03       6.120728417357e-01       5.967648740892e-01       8.664299048429e-03       1.164704112265e-05       9.998443956430e-01      -1.052829323326e-07      -1.991072416292e-08      -1.755808722114e-11      -2.120016109526e-08      -7.732639946679e-10 
       2.073958596245e-04      -6.322777577140e-03      -4.749997673651e-03      -4.750064356393e-03      -6.321526677754e-03      -4.794929406190e-03       6.120613572017e-01       5.967572085403e-01       9.500128712786e-03       1.277053685182e-05       9.998293895808e-01      -1.154270812191e-07      -2.393532799290e-08      -2.110957792124e-11      -2.548502965592e-08      -9.295603096086e-10 
       2.171701253604e-04      -6.931593875761e-03      -5.208209977348e-03      -5.208290145844e-03      -6.930090257986e-03      -5.257448464626e-03       6.120487708679e-01       5.967488042145e-01       1.041658029169e-02       1.400238700901e-05       9.998129371753e-01      -1.265472746151e-07      -2.877314374975e-08      -2.537839803541e-11      -3.063556916302e-08      -1.117435804223e-09 
       2.274050380486e-04      -7.598906406941e-03      -5.710617850220e-03      -5.710714233871e-03      -7.597099041678e-03      -5.764572909504e-03       6.120349668507e-01       5.967395886528e-01       1.142142846774e-02       1.535303776071e-05       9.997948988973e-01      -1.387370234147e-07      -3.458836749392e-08      -3.051122601075e-11      -3.682654833830e-08      -1.343266620771e-09 
       2.381223073113e-04      -8.330310073232e-03      -6.261482813798e-03      -6.261598691224e-03      -8.328137643682e-03      -6.320602649477e-03       6.120198341733e-01       5.967294849234e-01       1.252319738245e-02       1.683394138581e-05       9.997751223190e-01      -1.520989307730e-07      -4.157835613575e-08      -3.668185178741e-11      -4.426799384005e-08      -1.614715648992e-09 
       2.493446659134e-04      -9.131929706984e-03      -6.865477020294e-03      -6.865616334708e-03      -9.129318535888e-03      -6.930251699074e-03       6.120032446550e-01       5.967184076443e-01       1.373123266942e-02       1.845765324650e-05       9.997534399372e-01      -1.667452981331e-07      -4.998026358802e-08      -4.410044353190e-11      -5.321227050642e-08      -1.940990987613e-09 
       2.610959179822e-04      -1.001046924650e-02      -7.527722805086e-03      -7.527890296074e-03      -1.000733080743e-02      -7.598688014393e-03       6.119850570140e-01       5.967062625537e-01       1.505578059215e-02       2.023793774097e-05       9.997296682761e-01      -1.827990968283e-07      -6.007906241368e-08      -5.301914426204e-11      -6.396261138582e-08      -2.333157080221e-09 
       2.734009894987e-04      -1.097326521726e-02      -8.253835984763e-03      -8.254037350650e-03      -1.096949312479e-02      -8.331577100710e-03       6.119651174304e-01       5.966929463912e-01       1.650807470130e-02       2.218988457294e-05       9.997036068731e-01      -2.003949617322e-07      -7.221716287842e-08      -6.374132500815e-11      -7.688336824041e-08      -2.804508530788e-09 
       2.862859811694e-04      -1.202834489575e-02      -9.049973337726e-03      -9.050215431025e-03      -1.202381136282e-02      -9.135129818813e-03       6.119432570761e-01       5.966783468213e-01       1.810043086205e-02       2.433003591076e-05       9.996750346057e-01      -2.196803122063e-07      -8.680599986633e-08      -7.663212222736e-11      -9.241223994852e-08      -3.371018464907e-09 
       2.997782237893e-04      -1.318448955665e-02      -9.922884633272e-03      -9.923175690522e-03      -1.317904104670e-02      -1.001615475296e-02       6.119192927667e-01       5.966623403851e-01       1.984635138104e-02       2.667652599353e-05       9.996437106706e-01      -2.408165105434e-07      -1.043398753029e-07      -9.212966069489e-11      -1.110750950386e-07      -4.051877256984e-09 
       3.139063362138e-04      -1.445130306190e-02      -1.087996960665e-02      -1.088031953762e-02      -1.444475513945e-02      -1.098211555657e-02       6.118930212394e-01       5.966447921029e-01       2.176063907525e-02       2.924923386182e-05       9.996093699932e-01      -2.639801351880e-07      -1.254126235573e-07      -1.107632066715e-10      -1.335035961283e-07      -4.870138419405e-09 
       3.287002860635e-04      -1.583928624070e-02      -1.192934045429e-02      -1.192976115751e-02      -1.583141736991e-02      -1.204119379587e-02       6.118642215015e-01       5.966255521682e-01       2.385952231502e-02       3.206995087408e-05       9.995717234312e-01      -2.893644320475e-07      -1.507376380266e-07      -1.331621131762e-10      -1.604565135072e-07      -5.853494883326e-09 
       3.441914532896e-04      -1.735991755823e-02      -1.307989023503e-02      -1.308039602581e-02      -1.735046166956e-02      -1.320235777882e-02       6.118326504347e-01       5.966044584297e-01       2.616079205163e-02       3.516256386606e-05       9.995304528073e-01      -3.171807969073e-07      -1.811718160717e-07      -1.600905099854e-10      -1.928451103767e-07      -7.035209277601e-09 
       3.604126967346e-04      -1.902574030010e-02      -1.434136789773e-02      -1.434197598777e-02      -1.901437784546e-02      -1.447543795417e-02       6.117980423872e-01       5.965813330632e-01       2.868395197555e-02       3.855325601209e-05       9.994852102141e-01      -3.476604424893e-07      -2.177443557499e-07      -1.924648589541e-10      -2.317637740157e-07      -8.455230620707e-09 
       3.773984238309e-04      -2.085045668415e-02      -1.572446040234e-02      -1.572519147289e-02      -2.083680394903e-02      -1.587120943082e-02       6.117601057151e-01       5.965559801116e-01       3.145038294578e-02       4.227072680531e-05       9.994356146753e-01      -3.810561981896e-07      -2.616913112368e-07      -2.313828191119e-10      -2.785266485211e-07      -1.016153359310e-08 
       3.951846635827e-04      -2.284902943544e-02      -1.724088266872e-02      -1.724176159500e-02      -2.283262571448e-02      -1.740148235713e-02       6.117185222873e-01       5.965281857515e-01       3.448352318999e-02       4.634643278645e-05       9.993812482809e-01      -4.176444852432e-07      -3.144970044954e-07      -2.781706150159e-10      -3.347115400334e-07      -1.221172553271e-08 
       4.138091429893e-04      -2.503779114018e-02      -1.890347620892e-02      -1.890453289009e-02      -2.501808331347e-02      -1.907920091508e-02       6.116729424524e-01       5.964977152661e-01       3.780906578018e-02       5.081485111754e-05       9.993216539445e-01      -4.577273740363e-07      -3.779436325842e-07      -3.344179542306e-10      -4.022126408379e-07      -1.467497015816e-08 
       4.333113670686e-04      -2.743456155155e-02      -2.072631700454e-02      -2.072758739479e-02      -2.741088569738e-02      -2.091855159640e-02       6.116229832998e-01       5.964643114327e-01       4.145517478959e-02       5.571376817652e-05       9.992563304154e-01      -5.016348856138e-07      -4.541708555187e-07      -4.020374282155e-10      -4.833035533879e-07      -1.763429622189e-08 
       4.537327026525e-04      -3.005877337646e-02      -2.272483377733e-02      -2.272636108632e-02      -3.003033267370e-02      -2.293508178267e-02       6.115682276953e-01       5.964276929335e-01       4.545272217264e-02       6.108459543187e-05       9.991847294921e-01      -5.497274781024e-07      -5.457471376433e-07      -4.833258596256e-10      -5.807129868194e-07      -2.118936377077e-08 
       4.751164661317e-04      -3.293160670529e-02      -2.491593739374e-02      -2.491777355582e-02      -3.289744502173e-02      -2.514582946258e-02       6.115082153542e-01       5.963875504276e-01       4.983554711164e-02       6.697271497222e-05       9.991062505409e-01      -6.023985989935e-07      -6.557551211181e-07      -5.810381985819e-10      -6.977151399637e-07      -2.545977144959e-08 
       4.975080153356e-04      -3.607613226244e-02      -2.731816245227e-02      -2.732036998160e-02      -3.603510231337e-02      -2.756946511865e-02       6.114424449394e-01       5.963435467100e-01       5.464073996320e-02       7.342785767580e-05       9.990202350791e-01      -6.600776613541e-07      -7.878938888935e-07      -6.985234574623e-10      -8.382380999635e-07      -3.058902733918e-08 
       5.209548457420e-04      -3.951746284622e-02      -2.995182276197e-02      -2.995447669870e-02      -3.946818867392e-02      -3.022644709808e-02       6.113703687987e-01       5.962953113544e-01       5.990895339739e-02       8.050451692742e-05       9.989259647884e-01      -7.232330271284e-07      -9.466019463476e-07      -8.397344761932e-10      -1.006993573124e-06      -3.674929130370e-08 
       5.455066912219e-04      -4.328291450753e-02      -3.283918060436e-02      -3.284237123828e-02      -4.322374599452e-02      -3.313919118670e-02       6.112913842279e-01       5.962424375819e-01       6.568474247656e-02       8.826240063632e-05       9.988226497232e-01      -7.923752187501e-07      -1.137203166172e-06      -1.009496046266e-09      -1.209631441752e-06      -4.414705094210e-08 
       5.712156295313e-04      -4.740217501059e-02      -3.600463292117e-02      -3.600846880466e-02      -4.733113369902e-02      -3.633225642511e-02       6.112048352138e-01       5.961844825210e-01       7.201693760933e-02       9.676692622284e-05       9.987094286385e-01      -8.680605016262e-07      -1.366082496806e-06      -1.213573418961e-09      -1.452925616832e-06      -5.302991309602e-08 
       5.981361927751e-04      -5.190748043597e-02      -3.947491452544e-02      -3.947952608639e-02      -5.182219484281e-02      -3.983254792775e-02       6.111100048415e-01       5.961209600434e-01       7.895905217278e-02       1.060897610160e-04       9.985853595632e-01      -9.508945573604e-07      -1.640895609414e-06      -1.458880111607e-09      -1.744995099486e-06      -6.369471558433e-08 
       6.263254830773e-04      -5.683379860607e-02      -4.327932004070e-02      -4.328486419866e-02      -5.673142711513e-02      -4.366953839781e-02       6.110061050570e-01       5.960513369351e-01       8.656972839732e-02       1.163094125785e-04       9.984494088121e-01      -1.041536309443e-06      -1.970818932951e-06      -1.753780073352e-09      -2.095567555375e-06      -7.649720868759e-08 
       6.558432937020e-04      -6.221901737642e-02      -4.744994774116e-02      -4.745661295021e-02      -6.209615631829e-02      -4.787551055672e-02       6.108922791573e-01       5.959750309364e-01       9.491322590041e-02       1.275118744968e-04       9.983004497603e-01      -1.140702220404e-06      -2.366849408280e-06      -2.108230374158e-09      -2.516295354738e-06      -9.186362931538e-08 
       6.867522358831e-04      -6.810413785988e-02      -5.202196455318e-02      -5.202997747932e-02      -6.795671147695e-02      -5.248582122177e-02       6.107675872247e-01       5.958914033283e-01       1.040599549586e-01       1.397913303348e-04       9.981372475317e-01      -1.249170415623e-06      -2.842160249721e-06      -2.534292763216e-09      -3.021130128576e-06      -1.103044812462e-07 
       7.191178716309e-04      -7.453346767890e-02      -5.703389720207e-02      -5.704353033863e-02      -7.435659718652e-02      -5.753919018040e-02       6.106310060531e-01       5.957997570173e-01       1.140870606773e-01       1.532509230313e-04       9.979584549295e-01      -1.367785398892e-06      -3.412526941893e-06      -3.046431818247e-09      -3.626770879921e-06      -1.324309821710e-07 
       7.530088527984e-04      -8.155481239389e-02      -6.252794917388e-02      -6.253953016575e-02      -8.134266099979e-02      -6.307801468474e-02       6.104814138168e-01       5.956993266984e-01       1.250790603315e-01       1.680035932086e-04       9.977625964913e-01      -1.497462503916e-06      -4.096833648986e-06      -3.662037715289e-09      -4.353194814582e-06      -1.589746119038e-07 
       7.884970667002e-04      -8.921966162850e-02      -6.855034846537e-02      -6.856427088298e-02      -8.896524886860e-02      -6.914871341396e-02       6.103175936710e-01       5.955892793272e-01       1.371285417660e-01       1.841729956531e-04       9.975480678204e-01      -1.639192919941e-06      -4.917676848532e-06      -4.401908841576e-09      -5.224291935731e-06      -1.908104206942e-07 
       8.256577885962e-04      -9.758336347654e-02      -7.515172446267e-02      -7.516846162056e-02      -9.727834663334e-02      -7.580209967863e-02       6.101382087795e-01       5.954686985482e-01       1.503369232411e-01       2.018944937230e-04       9.973131075195e-01      -1.794048200079e-06      -5.902081124674e-06      -5.291183171521e-09      -6.268612011713e-06      -2.289846371564e-07 
       8.645698413597e-04      -1.067052826611e-01      -8.238752230393e-02      -8.240764350344e-02      -1.063396950041e-01      -8.309378994694e-02       6.099418074001e-01       5.953365866060e-01       1.648152870069e-01       2.213162480584e-04       9.970557991723e-01      -1.963185395693e-06      -7.082350753145e-06      -6.360105827728e-09      -7.520257628821e-06      -2.747475293010e-07 
       9.053157626715e-04      -1.166489292052e-01      -9.031845456926e-02      -9.034264337229e-02      -1.162108737309e-01      -9.108464745337e-02       6.097268073216e-01       5.951918518032e-01       1.806852867446e-01       2.426003982128e-04       9.967740532146e-01      -2.147851604304e-06      -8.497081591486e-06      -7.644653428373e-09      -9.019936439443e-06      -3.295922700675e-07 
       9.479819800938e-04      -1.274820587041e-01      -9.901099013917e-02      -9.904006885529e-02      -1.269573423652e-01      -9.984126435223e-02       6.094914819500e-01       5.950333000670e-01       1.980801377106e-01       2.659243478099e-04       9.964655862688e-01      -2.349388540050e-06      -1.019235314292e-05      -9.188515005240e-09      -1.081620422928e-05      -3.953009644908e-07 
       9.926589943941e-04      -1.392767182016e-01      -1.085378923578e-01      -1.085728492277e-01      -1.386484228980e-01      -1.094364872925e-01       6.092339545104e-01       5.948596283564e-01       2.171456984553e-01       2.914821643173e-04       9.961279135247e-01      -2.569236632465e-06      -1.222314580419e-05      -1.104390100634e-08      -1.296693539457e-05      -4.739990226020e-07 
       1.039441571510e-03      -1.521092346300e-01      -1.189788017570e-01      -1.190208244231e-01      -1.513572112460e-01      -1.199499874209e-01       6.089521845150e-01       5.946694147012e-01       2.380416488462e-01       3.194860974714e-04       9.957583299440e-01      -2.808938764634e-06      -1.465500903865e-05      -1.327350911299e-08      -1.554105079180e-05      -5.682192658170e-07 
       1.088428943559e-03      -1.660601232995e-01      -1.304208700635e-01      -1.304713861140e-01      -1.651603971803e-01      -1.314688784294e-01       6.086439506901e-01       5.944611038538e-01       2.609427722280e-01       3.501682257453e-04       9.953538870238e-01      -3.070143013053e-06      -1.756602691141e-05      -1.595274259980e-08      -1.862054642006e-05      -6.809773342850e-07 
       1.139725019325e-03      -1.812138960245e-01      -1.429594516197e-01      -1.430201772880e-01      -1.801379706470e-01      -1.440883882433e-01       6.083068434569e-01       5.942330014377e-01       2.860403545760e-01       3.837822443203e-04       9.949113804232e-01      -3.354604540452e-06      -2.104913011261e-05      -1.917226434913e-08      -2.230287290218e-05      -8.158602722155e-07 
       1.193438604663e-03      -1.976587423958e-01      -1.566988553257e-01      -1.567718526991e-01      -1.963727852303e-01      -1.579125859836e-01       6.079382512864e-01       5.939832614959e-01       3.135437053982e-01       4.206054003883e-04       9.944273308917e-01      -3.664186319791e-06      -2.521480778905e-05      -2.304053136649e-08      -2.670371749438e-05      -9.771302223380e-07 
       1.249683633289e-03      -2.154860648872e-01      -1.717531556478e-01      -1.718409044678e-01      -2.139499591562e-01      -1.730551669269e-01       6.075353397468e-01       5.937098685333e-01       3.436818089356e-01       4.609405826395e-04       9.938979549317e-01      -4.000857684352e-06      -3.019427213462e-05      -2.768866863255e-08      -3.196023107569e-05      -1.169845419990e-06 
       1.308579408449e-03      -2.347898062591e-01      -1.882470843427e-01      -1.883525612660e-01      -2.329560606991e-01      -1.896403040168e-01       6.070950430039e-01       5.934106284110e-01       3.767051225319e-01       5.051185842047e-04       9.933191528258e-01      -4.366690729598e-06      -3.614316369039e-05      -3.327198632082e-08      -3.823478872169e-05      -1.400000949081e-06 
       1.370250855978e-03      -2.556655953028e-01      -2.063169734370e-01      -2.064437632347e-01      -2.534780537280e-01      -2.078035633416e-01       6.066140479281e-01       5.930831545002e-01       4.128875264695e-01       5.535005395868e-04       9.926864788735e-01      -4.763855279913e-06      -4.324581796800e-05      -3.998124516092e-08      -4.571932163618e-05      -1.674692283798e-06 
       1.434828789286e-03      -2.782095373382e-01      -2.261118191497e-01      -2.262642200288e-01      -2.756019464767e-01      -2.276928966870e-01       6.060887822352e-01       5.927248526171e-01       4.525284400576e-01       6.064805554009e-04       9.919951331470e-01      -5.194607680778e-06      -5.172026853438e-05      -4.803892649699e-08      -5.464030833227e-05      -2.002303125934e-06 
       1.502450186827e-03      -3.025167823974e-01      -2.477943697061e-01      -2.479775532725e-01      -2.994111032303e-01      -2.494696991572e-01       6.055153891143e-01       5.923328981468e-01       4.959551065451e-01       6.644885228292e-04       9.912399116890e-01      -5.661278883077e-06      -6.182391779561e-05      -5.771810704883e-08      -6.526445973518e-05      -2.392722229305e-06 
       1.573258482650e-03      -3.286796215011e-01      -2.715423586173e-01      -2.717625382622e-01      -3.249841466060e-01      -2.733099575332e-01       6.048897230913e-01       5.919042260250e-01       5.435250765244e-01       7.279931568062e-04       9.904152048965e-01      -6.166254731626e-06      -7.386011229460e-05      -6.934342978732e-08      -7.790520424141e-05      -2.857589987409e-06 
       1.647403870647e-03      -3.567851821892e-01      -2.975498034108e-01      -2.978144442270e-01      -3.523924003287e-01      -2.994054771955e-01       6.042073382527e-01       5.914355153971e-01       5.956288884541e-01       7.975052435808e-04       9.895149737869e-01      -6.711952080907e-06      -8.818558247773e-05      -8.330456759613e-08      -9.292998716175e-05      -3.410578711688e-06 
       1.725043623124e-03      -3.869125895618e-01      -3.260284033821e-01      -3.263464760548e-01      -3.816968072819e-01      -3.279651921020e-01       6.034634677253e-01       5.909231631822e-01       6.526929521097e-01       8.735811015043e-04       9.885327152656e-01      -7.300786829467e-06      -1.052188574148e-04      -1.000697018832e-07      -1.107684163812e-04      -4.067707659137e-06 
       1.806342424406e-03      -4.191295278969e-01      -3.572090533247e-01      -3.575913359794e-01      -4.129442423294e-01      -3.592165735242e-01       6.026530240214e-01       5.903632751827e-01       7.151826719588e-01       9.568262909064e-04       9.874614562146e-01      -7.935134173299e-06      -1.254496988369e-04      -1.201996937424e-07      -1.319212915889e-04      -4.847694470051e-06 
       1.891472720151e-03      -4.534881155886e-01      -3.913434617986e-01      -3.918028970844e-01      -4.461631696329e-01      -3.934071270670e-01       6.017705875752e-01       5.897516433753e-01       7.836057941688e-01       1.047899546341e-03       9.862937293309e-01      -8.617278640644e-06      -1.494495611278e-04      -1.443647841943e-07      -1.569704371171e-04      -5.772342201890e-06 
       1.980615083129e-03      -4.900200494575e-01      -4.287058499182e-01      -4.292579943949e-01      -4.813585828683e-01      -4.308059775714e-01       6.008103895398e-01       5.890837146055e-01       8.585159887899e-01       1.147516929268e-03       9.850215350445e-01      -9.349353487545e-06      -1.778830178938e-04      -1.733731142241e-07      -1.865892373877e-04      -6.866960477175e-06 
       2.073958596245e-03      -5.287308626219e-01      -4.695948495680e-01      -4.702583721754e-01      -5.185061316994e-01      -4.717055879312e-01       5.997663472022e-01       5.883546052734e-01       9.405167443508e-01       1.256456297127e-03       9.836363848908e-01      -1.013326678972e-05      -2.115201419072e-04      -2.081840727921e-07      -2.215538086289e-04      -8.160815332933e-06 
       2.171701253604e-03      -5.695933766668e-01      -5.143353667243e-01      -5.151327234245e-01      -5.575454984466e-01      -5.164235257311e-01       5.986320289129e-01       5.875590452503e-01       1.030265446849e+00       1.375561894344e-03       9.821292268116e-01      -1.097061493001e-05      -2.512494805278e-04      -2.499649298439e-07      -2.627542807123e-04      -9.687600525042e-06 
       2.274050380486e-03      -6.125399779754e-01      -5.632807760451e-01      -5.642389046406e-01      -5.983729023200e-01      -5.653043939993e-01       5.974006980838e-01       5.866913919273e-01       1.128477809281e+00       1.505749301869e-03       9.804905012319e-01      -1.186257526658e-05      -2.980915863835e-04      -3.000892480063e-07      -3.112060494081e-04      -1.148591186144e-05 
       2.381223073113e-03      -6.574541986869e-01      -6.168150104468e-01      -6.179662725782e-01      -6.408328629404e-01      -6.187218254385e-01       5.960653194116e-01       5.857456028927e-01       1.235932545156e+00       1.648010540255e-03       9.787101179229e-01      -1.280978847064e-05      -3.532122595945e-04      -3.602183229164e-07      -3.680601427721e-04      -1.359971393686e-05 
       2.493446659134e-03      -7.041611020928e-01      -6.753549127923e-01      -6.767381667093e-01      -6.847092764479e-01      -6.770806078440e-01       5.946185905319e-01       5.847152264222e-01       1.353476333419e+00       1.803419428674e-03       9.767774799840e-01      -1.381221642944e-05      -4.179351503177e-04      -4.323336754038e-07      -4.346120023010e-04      -1.607876067752e-05 
       2.610959179822e-03      -7.524168866864e-01      -7.393526366811e-01      -7.410145359314e-01      -7.297160015710e-01      -7.408189162680e-01       5.930529816427e-01       5.835933931103e-01       1.482029071863e+00       1.973137151690e-03       9.746815084205e-01      -1.486898359129e-05      -4.937525511771e-04      -5.188065449684e-07      -5.123075014934e-04      -1.897893847643e-05 
       2.734009894987e-03      -8.018977548699e-01      -8.092981792082e-01      -8.112947219506e-01      -7.754872008512e-01      -8.104106784173e-01       5.913607986046e-01       5.823728229260e-01       1.622589443901e+00       2.158418069404e-03       9.724106988870e-01      -1.597819890701e-05      -5.823331859498e-04      -6.224696536165e-07      -6.027448399535e-04      -2.236247908068e-05 
       2.862859811694e-03      -8.521883069763e-01      -8.857219785750e-01      -8.881203663367e-01      -8.215679225553e-01      -8.863680460877e-01       5.895342425218e-01       5.810458213794e-01       1.776240732673e+00       2.360615674069e-03       9.699531654573e-01      -1.713675860908e-05      -6.855252725423e-04      -7.467034971521e-07      -7.076703911142e-04      -2.629797611553e-05 
       2.997782237893e-03      -9.027699847168e-01      -9.691975637275e-01      -9.720784470336e-01      -8.674054843343e-01      -9.692439908117e-01       5.875654845269e-01       5.796042816724e-01       1.944156894067e+00       2.581188718289e-03       9.672966993925e-01      -1.834013465466e-05      -8.053527183707e-04      -8.955522663338e-07      -8.289663516028e-04      -3.086012668107e-05 
       3.139063362138e-03      -9.530101003132e-01      -1.060344319245e+00      -1.063804489293e+00      -9.123423975124e-01      -1.059635087874e+00       5.854467861793e-01       5.780397248078e-01       2.127608978586e+00       2.821707633432e-03       9.644288936167e-01      -1.958215191361e-05      -9.440018520535e-04      -1.073848899176e-06      -9.686277036322e-04      -3.612909879325e-05 
       3.287002860635e-03      -1.002152207748e+00      -1.159830332782e+00      -1.163985874264e+00      -9.556118772423e-01      -1.158184445818e+00       5.831706193756e-01       5.763433326114e-01       2.327971748529e+00       3.083861075268e-03       9.613372586866e-01      -2.085475914526e-05      -1.103795437201e-03      -1.287339575810e-06      -1.128725361478e-03      -4.218940259100e-05 
       3.441914532896e-03      -1.049309189506e+00      -1.268375064539e+00      -1.273365210045e+00      -9.963375551689e-01      -1.265584754848e+00       5.807297772995e-01       5.745059649198e-01       2.546730420091e+00       3.369462529695e-03       9.580093144664e-01      -2.214780755968e-05      -1.287150215629e-03      -1.542886089159e-06      -1.311352116932e-03      -4.912814157859e-05 
       3.604126967345e-03      -1.093460371915e+00      -1.386752171349e+00      -1.392743924151e+00      -1.033538207025e+00      -1.382581666697e+00       5.781175675395e-01       5.725182569443e-01       2.785487848301e+00       3.680457429152e-03       9.544328066927e-01      -2.344885127336e-05      -1.496513878955e-03      -1.848679485489e-06      -1.518548707480e-03      -5.703250146400e-05 
       3.773984238305e-03      -1.133454162987e+00      -1.515792360146e+00      -1.522985818547e+00      -1.066140334929e+00      -1.509977333208e+00       5.753279687173e-01       5.703706798806e-01       3.045971637093e+00       4.018930281517e-03       9.505958624146e-01      -2.474297768334e-05      -1.734276977350e-03      -2.214411926001e-06      -1.752206274390e-03      -6.598631132642e-05 
       3.951846635814e-03      -1.168019344370e+00      -1.656385586986e+00      -1.665020748096e+00      -1.092999997472e+00      -1.648634199827e+00       5.723558062076e-01       5.680536258516e-01       3.330041496191e+00       4.387112145180e-03       9.464871672235e-01      -2.601271564732e-05      -2.002655451704e-03      -2.651720150822e-06      -2.013943608923e-03      -7.606560422609e-05 
       4.138091429848e-03      -1.195785990311e+00      -1.809484238930e+00      -1.819848446273e+00      -1.112936321079e+00      -1.799479368422e+00       5.691970067077e-01       5.655575849954e-01       3.639696892547e+00       4.787388968645e-03       9.420962799122e-01      -2.723801385637e-05      -2.303540203387e-03      -3.174297851911e-06      -2.304958868469e-03      -8.733300182921e-05 
       4.333113670534e-03      -1.215320705516e+00      -1.976104622987e+00      -1.988542183556e+00      -1.124779160242e+00      -1.963508970770e+00       5.658487316378e-01       5.628732216392e-01       3.977084367113e+00       5.222309723834e-03       9.374137483292e-01      -2.839636910959e-05      -2.638311465838e-03      -3.798530150503e-06      -2.625857314537e-03      -9.983102699204e-05 
       4.537327026042e-03      -1.225177531602e+00      -2.157329545457e+00      -2.172252752079e+00      -1.127432324493e+00      -2.141793421186e+00       5.623096420344e-01       5.599916146180e-01       4.344505504158e+00       5.694596248692e-03       9.324314600392e-01      -2.946310508879e-05      -3.007619052660e-03      -4.543820904550e-06      -2.976462616584e-03      -1.135743597452e-04 
       4.751164659838e-03      -1.223968005693e+00      -2.354309905111e+00      -2.372212063496e+00      -1.119954115224e+00      -2.335482726019e+00       5.585800112426e-01       5.569043902559e-01       4.744424126992e+00       6.207152983770e-03       9.271427648014e-01      -3.041186500096e-05      -3.411132880979e-03      -5.433121952809e-06      -3.355622814568e-03      -1.285413833902e-04 
       4.975080148993e-03      -1.210453388092e+00      -2.568265655323e+00      -2.589737301842e+00      -1.101654405518e+00      -2.545812716818e+00       5.546619264737e-01       5.536040049881e-01       5.179474603684e+00       6.763079094357e-03       9.215427786144e-01      -3.121537752900e-05      -3.847277127803e-03      -6.493813053613e-06      -3.761032094050e-03      -1.446656672821e-04 
       5.209548445017e-03      -1.183658195098e+00      -2.800487311619e+00      -2.826234559222e+00      -1.072206809165e+00      -2.774111477262e+00       5.505593388609e-01       5.500839529968e-01       5.652469118443e+00       7.365681002862e-03       9.156284885799e-01      -3.184649108415e-05      -4.312966506889e-03      -7.758117738476e-06      -4.189096905530e-03      -1.618281144508e-04 
       5.455066878190e-03      -1.143006131485e+00      -3.052335343876e+00      -3.083202475754e+00      -1.031770508371e+00      -3.021805938727e+00       5.462780136391e-01       5.463389674064e-01       6.166404951508e+00       8.018486153856e-03       9.093987559890e-01      -3.227955535877e-05      -4.803378220605e-03      -9.264221785642e-06      -4.634887088131e-03      -1.798513237134e-04 
       5.712156205140e-03      -1.088476463531e+00      -3.325241322726e+00      -3.362237318601e+00      -9.811126572011e-01      -3.290430271038e+00       5.418256686176e-01       5.423655203620e-01       6.724474637202e+00       8.725262950888e-03       9.028547187370e-01      -3.249217872170e-05      -5.311815374640e-03      -1.105748486880e-05      -5.092225831758e-03      -1.984981437202e-04 
       5.981361696754e-03      -1.020765039314e+00      -3.620706615051e+00      -3.665035682559e+00      -9.217187958209e-01      -3.581631887414e+00       5.372115043446e-01       5.381618353588e-01       7.330071365119e+00       9.490035670155e-03       8.959992755389e-01      -3.246721476122e-05      -5.829704632750e-03      -1.319096496911e-05      -5.553974489503e-03      -2.174761120410e-04 
       6.263254258196e-03      -9.414469870591e-01      -3.940299566860e+00      -3.993399090373e+00      -8.558712385030e-01      -3.897178425641e+00       5.324459162743e-01       5.337282081251e-01       7.986798180747e+00       1.031710591970e-02       8.888369918137e-01      -3.219509665818e-05      -6.346832279911e-03      -1.572765217243e-05      -6.012581614401e-03      -2.364515234293e-04 
       6.558431562524e-03      -8.531135030400e-01      -4.285653143676e+00      -4.349237743890e+00      -7.866716028060e-01      -4.238963013687e+00       5.275399255109e-01       5.290671655016e-01       8.698475487780e+00       1.121107333169e-02       8.813736559896e-01      -3.167624243900e-05      -6.851895959941e-03      -1.874192641583e-05      -6.460952006453e-03      -2.550753202137e-04 
       6.867519160582e-03      -7.594574737409e-01      -4.658461694724e+00      -4.734574633822e+00      -7.179788527151e-01      -4.609007846580e+00       5.225044902309e-01       5.241836009049e-01       9.469149267644e+00       1.217685728102e-02       8.736157577420e-01      -3.092337588847e-05      -7.333471787019e-03      -2.232111622827e-05      -6.893670331094e-03      -2.730236756312e-04 
       7.191171496729e-03      -6.652726128179e-01      -5.060474419552e+00      -5.151548976989e+00      -6.542328498213e-01      -5.009463917845e+00       5.173495751740e-01       5.190847211994e-01       1.030309795398e+01       1.321971556459e-02       8.655696742062e-01      -2.996348025079e-05      -7.781480953015e-03      -2.656816043665e-05      -7.308564061187e-03      -2.900550427340e-04 
       7.530072704257e-03      -5.763242863822e-01      -5.493486407286e+00      -5.602419059842e+00      -6.001372237544e-01      -5.442606096710e+00       5.120831003867e-01       5.137798530338e-01       1.120483811968e+01       1.434525840605e-02       8.572407326456e-01      -2.883896769002e-05      -8.189192744531e-03      -3.160457321989e-05      -7.708510736502e-03      -3.060828891874e-04 
       7.884936964503e-03      -4.990507693131e-01      -5.959331881832e+00      -6.089564482872e+00      -5.601871780421e-01      -5.910823397174e+00       5.067099433097e-01       5.082801770746e-01       1.217912896574e+01       1.555945667236e-02       8.486323744945e-01      -2.760758110188e-05      -8.555719994495e-03      -3.757215933500e-05      -8.103278252204e-03      -3.212596378379e-04 
       8.256508074902e-03      -4.400569512105e-01      -6.459863247683e+00      -6.615485841129e+00      -5.380510815252e-01      -6.416599793288e+00       5.012307921177e-01       5.025980684782e-01       1.323097168226e+01       1.686863333886e-02       8.397450373163e-01      -2.634061785750e-05      -8.888839718956e-03      -4.463888271784e-05      -8.511037504964e-03      -3.360633558884e-04 
       8.645557666719e-03      -4.053857128412e-01      -6.996935844760e+00      -7.182798680140e+00      -5.358492129637e-01      -6.962486298198e+00       4.956412139957e-01       4.967462356069e-01       1.436559736028e+01       1.827943308287e-02       8.305752041260e-01      -2.511886732975e-05      -9.207755924689e-03      -5.300013564442e-05      -8.959030452804e-03      -3.513694106700e-04 
       9.052881226195e-03      -3.995811209997e-01      -7.572375490807e+00      -7.794225250047e+00      -5.534246712711e-01      -7.551065038248e+00       4.899312241821e-01       4.907367991725e-01       1.558845050009e+01       1.979877050235e-02       8.211150294919e-01      -2.402614762421e-05      -9.545222134897e-03      -6.288537030908e-05      -9.482747619947e-03      -3.684857610821e-04 
       9.479290692733e-03      -4.246182281542e-01      -8.187942359339e+00      -8.452574184505e+00      -5.877540137442e-01      -8.184902287641e+00       4.840852904676e-01       4.845800903875e-01       1.690514836901e+01       2.143373696362e-02       8.113522496966e-01      -2.314033167625e-05      -9.948143805414e-03      -7.456127665249e-05      -1.012294304556e-02      -3.891207466554e-04 
       9.925601939390e-03      -4.788428248232e-01      -8.845271390480e+00      -9.160706504156e+00      -6.327001539237e-01      -8.866490891059e+00       4.780830262954e-01       4.782833479785e-01       1.832141300831e+01       2.319145884218e-02       8.012707119268e-01      -2.252250434269e-05      -1.047560593400e-02      -8.833830834679e-05      -1.091999335679e-02      -4.152535179043e-04 
       1.039261492092e-02      -5.561560649818e-01      -9.545798344360e+00      -9.921482332985e+00      -6.793347216664e-01      -9.598185451118e+00       4.719008660581e-01       4.718496309124e-01       1.984296466597e+01       2.507890149705e-02       7.908519070122e-01      -2.220544834098e-05      -1.119323987743e-02      -1.045752797012e-04      -1.190560879556e-02      -4.488824723680e-04 
       1.088108379590e-02      -6.457553173265e-01      -1.029065853554e+01      -1.073767919447e+01      -7.170255390343e-01      -1.038212830535e+01       4.655145966879e-01       4.652770232016e-01       2.147535838894e+01       2.710260333044e-02       7.800773056838e-01      -2.218351851192e-05      -1.216317855886e-02      -1.236831016216e-04      -1.309280411567e-02      -4.916492942287e-04 
       1.139167407410e-02      -7.327806136964e-01      -1.108056528031e+01      -1.161188212761e+01      -7.353605545668e-01      -1.122017422613e+01       4.589030175340e-01       4.585588220023e-01       2.322376425521e+01       2.926835530722e-02       7.689320817048e-01      -2.240670681576e-05      -1.342974865501e-02      -1.461268600723e-04      -1.446633510221e-02      -5.443757312472e-04 
       1.192490411388e-02      -8.001591948731e-01      -1.191562658469e+01      -1.254631892020e+01      -7.267295936696e-01      -1.211378844221e+01       4.520513909420e-01       4.516840231923e-01       2.509263784039e+01       3.158076881757e-02       7.574082925784e-01      -2.278194801070e-05      -1.500260724104e-02      -1.724297238845e-04      -1.597714854651e-02      -6.066058780422e-04 
       1.248106954268e-02      -8.317273866917e-01      -1.279516904197e+01      -1.354265783176e+01      -6.890392495062e-01      -1.306393795127e+01       4.449554275148e-01       4.446396811516e-01       2.708531566351e+01       3.404280437237e-02       7.455091747295e-01      -2.318420972105e-05      -1.684135058466e-02      -2.031621857645e-04      -1.754530623833e-02      -6.763088665414e-04 
       1.306015192574e-02      -8.163033953424e-01      -1.371752429715e+01      -1.460177305842e+01      -6.276550434586e-01      -1.407095761185e+01       4.376245036391e-01       4.374146694841e-01       2.920354611685e+01       3.665526980886e-02       7.332530404029e-01      -2.347817049364e-05      -1.884780665042e-02      -2.389375652600e-04      -1.907509222616e-02      -7.499390404931e-04 
       1.366171767776e-02      -7.518053149719e-01      -1.467982185455e+01      -1.572345566972e+01      -5.554711859874e-01      -1.513435157900e+01       4.300824124289e-01       4.300036919103e-01       3.144691133945e+01       3.941624087067e-02       7.206744177088e-01      -2.354774589174e-05      -2.087338889789e-02      -2.803861883253e-04      -2.048259408317e-02      -8.230165558398e-04 
       1.428481967396e-02      -6.479752220648e-01      -1.567777361386e+01      -1.690613596100e+01      -4.902568789923e-01      -1.625254794701e+01       4.223660021211e-01       4.224117450750e-01       3.381227192199e+01       4.232052488196e-02       7.078234553830e-01      -2.332688445828e-05      -2.274695342168e-02      -3.281398983603e-04      -2.172988175509e-02      -8.912631538482e-04 
       1.492792100706e-02      -5.260694039922e-01      -1.670563630603e+01      -1.814666946836e+01      -4.493289365135e-01      -1.742265104186e+01       4.145221358220e-01       4.146583550693e-01       3.629333893672e+01       4.535929464082e-02       6.947640721892e-01      -2.282126988635e-05      -2.432212580278e-02      -3.827850067880e-04      -2.285252328202e-02      -9.520611050025e-04 
       1.558886502105e-02      -4.144757344037e-01      -1.775623640204e+01      -1.944020471545e+01      -4.430187053320e-01      -1.864018819001e+01       4.066019918531e-01       4.067785458300e-01       3.888040943090e+01       4.851984952348e-02       6.815685203293e-01      -2.211078330561e-05      -2.553243344097e-02      -4.448255912306e-04      -2.396324191977e-02      -1.005721831518e-03 
       1.626491417422e-02      -3.407160031782e-01      -1.882120692193e+01      -2.078024869087e+01      -4.696938320181e-01      -1.989900832359e+01       3.986558966749e-01       3.988213584109e-01       4.156049738174e+01       5.178577239791e-02       6.683123901000e-01      -2.132756035083e-05      -2.643243455571e-02      -5.146259769036e-04      -2.521998802230e-02      -1.055899977324e-03 
       1.695286934301e-02      -3.222668251755e-01      -1.989134778227e+01      -2.215890799360e+01      -5.152076708268e-01      -2.119137462319e+01       3.907287897962e-01       3.908444040471e-01       4.431781598720e+01       5.513742692568e-02       6.550689884551e-01      -2.061490692005e-05      -2.720067586074e-02      -5.924520004477e-04      -2.676303870684e-02      -1.108709036577e-03 
       1.764926168430e-02      -3.599353265348e-01      -2.095729716503e+01      -2.356734931960e+01      -5.579386896346e-01      -2.250839129248e+01       3.828590441049e-01       3.829073212312e-01       4.713469863920e+01       5.855296907210e-02       6.419067740407e-01      -2.008084694851e-05      -2.809197969376e-02      -6.782671623557e-04      -2.864662158675e-02      -1.170599294241e-03 
       1.835058760363e-02      -4.370098082313e-01      -2.200997117451e+01      -2.499636566476e+01      -5.776312702133e-01      -2.384062157808e+01       3.750784101376e-01       3.750640436582e-01       4.999273132952e+01       6.200959951523e-02       6.288868703404e-01      -1.976707129930e-05      -2.935059712665e-02      -7.719711989563e-04      -3.080099676016e-02      -1.245902615569e-03 
       1.905354355797e-02      -5.250083322511e-01      -2.304118081573e+01      -2.643697955761e+01      -5.638851455932e-01      -2.517886923920e+01       3.674140644045e-01       3.673579130219e-01       5.287395911521e+01       6.548501726831e-02       6.160630474026e-01      -1.964317804433e-05      -3.111781649988e-02      -8.732631601315e-04      -3.305002268450e-02      -1.335039429704e-03 
       1.975521843946e-02      -5.936947870235e-01      -2.404394922252e+01      -2.788095260900e+01      -5.201235770620e-01      -2.651485683062e+01       3.598899376046e-01       3.598193273610e-01       5.576190521800e+01       6.895870207526e-02       6.034811970875e-01      -1.962788093796e-05      -3.337488929267e-02      -9.817539466350e-04      -3.517999230487e-02      -1.434317669215e-03 
       2.045321634933e-02      -6.211807750266e-01      -2.501309390481e+01      -2.932119445021e+01      -4.613214598839e-01      -2.784179207862e+01       3.525285217893e-01       3.524678379687e-01       5.864238890042e+01       7.241310937283e-02       5.911809466859e-01      -1.962393201101e-05      -3.594612731026e-02      -1.096826903688e-03      -3.702711335505e-02      -1.537300163345e-03 
       2.114570368999e-02      -6.002126792419e-01      -2.594469420222e+01      -3.075190062667e+01      -4.070367629039e-01      -2.915442474068e+01       3.453485129977e-01       3.453130387884e-01       6.150380125334e+01       7.583397063136e-02       5.791922543959e-01      -1.955235375740e-05      -3.855950389620e-02      -1.217954578646e-03      -3.854126400857e-02      -1.637148095676e-03 
       2.183139227336e-02      -5.388241074269e-01      -2.683628181428e+01      -3.216857576684e+01      -3.733494459093e-01      -3.044901372944e+01       3.383643868094e-01       3.383584463484e-01       6.433715153369e+01       7.921047651926e-02       5.675358819607e-01      -1.937230295710e-05      -4.093766170771e-02      -1.344558823360e-03      -3.979878542154e-02      -1.728795794163e-03 
       2.250947928866e-02      -4.560041830549e-01      -2.768688809557e+01      -3.356803045565e+01      -3.672175546002e-01      -3.172319543133e+01       3.315865687386e-01       3.316053077663e-01       6.713606091129e+01       8.253531419405e-02       5.562252541559e-01      -1.908437815662e-05      -4.288396005023e-02      -1.476002736130e-03      -4.096337517437e-02      -1.810255276885e-03 
       2.317956563857e-02      -3.746556571436e-01      -2.849624453451e+01      -3.494804510318e+01      -3.850796902382e-01      -3.297545326550e+01       3.250184847912e-01       3.250516871662e-01       6.989609020636e+01       8.580365001754e-02       5.452628731353e-01      -1.872052800648e-05      -4.433437455636e-02      -1.611734441697e-03      -4.221641668132e-02      -1.882734044864e-03 
       2.384156963309e-02      -3.145415857996e-01      -2.926484815068e+01      -3.630732009458e+01      -4.154870055377e-01      -3.420499938859e+01       3.186588326898e-01       3.186950777736e-01       7.261464018916e+01       8.901298397597e-02       5.346447295805e-01      -1.832744158585e-05      -4.536416904665e-02      -1.751271075565e-03      -4.368841811980e-02      -1.949752990764e-03 
       2.449564690182e-02      -2.872760036162e-01      -2.999412756451e+01      -3.764528059891e+01      -4.440766899823e-01      -3.541161331932e+01       3.125029289543e-01       3.125328598416e-01       7.529056119782e+01       9.216269199979e-02       5.243625042510e-01      -1.795005612892e-05      -4.615344729479e-02      -1.894028162769e-03      -4.541623455026e-02      -2.015725302911e-03 
       2.514212195473e-02      -2.943726134656e-01      -3.068579535289e+01      -3.896185769757e+01      -4.587453878635e-01      -3.659538983421e+01       3.065428901624e-01       3.065610093876e-01       7.792371539514e+01       9.525330783493e-02       5.144036505259e-01      -1.762031718219e-05      -4.692719902072e-02      -2.039502049734e-03      -4.733759075327e-02      -2.084587651363e-03 
       2.578143298704e-02      -3.282692479130e-01      -3.134151260255e+01      -4.025731792013e+01      -4.532880610822e-01      -3.775660618431e+01       3.007686232277e-01       3.007736178135e-01       8.051463584026e+01       9.828602160544e-02       5.047525618942e-01      -1.735229414900e-05      -4.789067901824e-02      -2.187324499603e-03      -4.931976379673e-02      -2.158820147113e-03 
       2.641408926964e-02      -3.754970107896e-01      -3.196351809972e+01      -4.153226588293e+01      -4.286245932073e-01      -3.889588670517e+01       2.951706715947e-01       2.951646388987e-01       8.306453176586e+01       1.012628692019e-01       4.953947108854e-01      -1.714280656631e-05      -4.917750139331e-02      -2.337028765315e-03      -5.120869158334e-02      -2.239005554896e-03 
       2.704063940089e-02      -4.208387870866e-01      -3.255399601350e+01      -4.278745742617e+01      -3.916459795886e-01      -4.001400905215e+01       2.897395615313e-01       2.897266472035e-01       8.557491485233e+01       1.041861488057e-01       4.863152980947e-01      -1.697641598255e-05      -5.082164632154e-02      -2.488216237308e-03      -5.287972085522e-02      -2.323995494394e-03 
       2.766164838054e-02      -4.512947193234e-01      -3.311560491314e+01      -4.402383902864e+01      -3.524233871140e-01      -4.111205152926e+01       2.844675282803e-01       2.844524660279e-01       8.804767805727e+01       1.070586929666e-01       4.775018794990e-01      -1.683172513186e-05      -5.275768061308e-02      -2.640391979636e-03      -5.427489192534e-02      -2.411442476899e-03 
       2.827768155684e-02      -4.589424645080e-01      -3.365015681957e+01      -4.524229690419e+01      -3.208388756291e-01      -4.219099530514e+01       2.793460619828e-01       2.793329744143e-01       9.048459380839e+01       1.098829415478e-01       4.689404214856e-01      -1.668781796519e-05      -5.484474083625e-02      -2.793321876661e-03      -5.541616865393e-02      -2.498571256218e-03 
       2.888929376710e-02      -4.422576226220e-01      -3.416033279693e+01      -4.644388152901e+01      -3.036984960895e-01      -4.325215991309e+01       2.743692166906e-01       2.743608603297e-01       9.288776305801e+01       1.126619720573e-01       4.606206802543e-01      -1.652840208279e-05      -5.690747995663e-02      -2.946532904929e-03      -5.639460952485e-02      -2.582834258104e-03 
       2.949702230981e-02      -4.057506571956e-01      -3.464842937882e+01      -4.762961745710e+01      -3.030567110188e-01      -4.429683136527e+01       2.695311169772e-01       2.695286148703e-01       9.525923491419e+01       1.153987161703e-01       4.525323635694e-01      -1.634447714639e-05      -5.878086000944e-02      -3.099674626645e-03      -5.733928263843e-02      -2.662480697706e-03 
       3.010138268639e-02      -3.582893461043e-01      -3.511722365953e+01      -4.880060137179e+01      -3.160768551764e-01      -4.532644557086e+01       2.648271991609e-01       2.648301802174e-01       9.760120274359e+01       1.180964316882e-01       4.446672365715e-01      -1.613441088726e-05      -6.034964637034e-02      -3.252227885069e-03      -5.837789128194e-02      -2.736790404784e-03 
       3.070286630818e-02      -3.105892393271e-01      -3.556854510262e+01      -4.995778502557e+01      -3.362724887630e-01      -4.634216508768e+01       2.602517062025e-01       2.602587158417e-01       9.991557005113e+01       1.207578156580e-01       4.370152717943e-01      -1.590300405624e-05      -6.157276693327e-02      -3.404031251025e-03      -5.959968237719e-02      -2.806136892538e-03 
       3.130193957039e-02      -2.725878704153e-01      -3.600505311022e+01      -5.110218470797e+01      -3.556483712443e-01      -4.734530305304e+01       2.558002687438e-01       2.558092944520e-01       1.022043694159e+02       1.233859476544e-01       4.295687603973e-01      -1.565870213014e-05      -6.248975585353e-02      -3.554548659630e-03      -6.103243884213e-02      -2.871680596593e-03 
       3.189904385593e-02      -2.512081812355e-01      -3.642923020568e+01      -5.223487959545e+01      -3.670585161046e-01      -4.833715753451e+01       2.514688399703e-01       2.514778220694e-01       1.044697591909e+02       1.259840269237e-01       4.223207845328e-01      -1.541158186156e-05      -6.320771553575e-02      -3.703432546442e-03      -6.263752524313e-02      -2.935102890658e-03 
       3.249459615342e-02      -2.490219507172e-01      -3.684349854941e+01      -5.335684276382e+01      -3.661254141954e-01      -4.931889032864e+01       2.472530538433e-01       2.472603011105e-01       1.067136855276e+02       1.285549836244e-01       4.152640356352e-01      -1.517086247232e-05      -6.387333910265e-02      -3.850262286095e-03      -6.432384631659e-02      -2.998170124796e-03 
       3.308899006411e-02      -2.639945150772e-01      -3.724996297408e+01      -5.446895739633e+01      -3.522620979950e-01      -5.029150794551e+01       2.431482076343e-01       2.431526470299e-01       1.089379147927e+02       1.311014530646e-01       4.083908114887e-01      -1.494341120218e-05      -6.463736976833e-02      -3.994713669520e-03      -6.597553827504e-02      -3.062401383444e-03 
       3.368259703912e-02      -2.902837500224e-01      -3.765174236673e+01      -5.557235075894e+01      -3.285819367337e-01      -5.125635023110e+01       2.391516160013e-01       2.391528683564e-01       1.111447015179e+02       1.336269055735e-01       4.016967809810e-01      -1.473277697346e-05      -6.562009758717e-02      -4.136228485013e-03      -6.748689847009e-02      -3.128787977517e-03 
       3.427576773646e-02      -3.198224104000e-01      -3.805062679295e+01      -5.666783918594e+01      -3.007818989341e-01      -5.221429116154e+01       2.352586860113e-01       2.352570284023e-01       1.133356783719e+02       1.361337063969e-01       3.951745597586e-01      -1.453933545789e-05      -6.688391010733e-02      -4.274568705379e-03      -6.879190344324e-02      -3.197715253729e-03 
       3.486883342232e-02      -3.443155825870e-01      -3.844963814685e+01      -5.775648604498e+01      -2.754056558082e-01      -5.316659998683e+01       2.314669946405e-01       2.314632084133e-01       1.155129720900e+02       1.386251402567e-01       3.888202849663e-01      -1.436036576003e-05      -6.842155817508e-02      -4.409199389909e-03      -6.988217204525e-02      -3.268874135193e-03 
       3.546210736590e-02      -3.571371122020e-01      -3.885069212518e+01      -5.883902628127e+01      -2.579889861241e-01      -5.411412320253e+01       2.277725073164e-01       2.277676596573e-01       1.176780525625e+02       1.411034006770e-01       3.826274030604e-01      -1.419112874438e-05      -7.015920577921e-02      -4.539807014474e-03      -7.080778105287e-02      -3.341407967787e-03 
       3.605588619481e-02      -3.547633227518e-01      -3.925684563663e+01      -5.991656287987e+01      -2.515710318464e-01      -5.505820502558e+01       2.241735992299e-01       2.241688186021e-01       1.198331257597e+02       1.435718652427e-01       3.765932799489e-01      -1.402581031458e-05      -7.197648269692e-02      -4.665888606702e-03      -7.166330782911e-02      -3.414069712487e-03 
       3.665045119063e-02      -3.373908367526e-01      -3.967027748654e+01      -6.098989671799e+01      -2.559934013877e-01      -5.599983293809e+01       2.206673142481e-01       2.206635866876e-01       1.219797934360e+02       1.460329539321e-01       3.707130127088e-01      -1.385861552085e-05      -7.373513935921e-02      -4.787077360830e-03      -7.255938180531e-02      -3.485459381468e-03 
       3.724606951266e-02      -3.087426196364e-01      -4.009346421562e+01      -6.205994290853e+01      -2.680810102780e-01      -5.694015732814e+01       2.172515705384e-01       2.172495838770e-01       1.241198858171e+02       1.484894498103e-01       3.649830931137e-01      -1.368470889387e-05      -7.531248025309e-02      -4.902983184479e-03      -7.359197815407e-02      -3.554265532106e-03 
       3.784299534431e-02      -2.749772511868e-01      -4.052925616583e+01      -6.312764180778e+01      -2.827160209600e-01      -5.788042517246e+01       2.139247776027e-01       2.139248317102e-01       1.262552836156e+02       1.509443145262e-01       3.594007606570e-01      -1.350088848697e-05      -7.663075565059e-02      -5.013112516545e-03      -7.481519156439e-02      -3.619482346797e-03 
       3.844147096019e-02      -2.432547720637e-01      -4.097994020250e+01      -6.419378602437e+01      -2.943094309981e-01      -5.882168835205e+01       2.106847425732e-01       2.106867263161e-01       1.283875720487e+02       1.533999839879e-01       3.539622147695e-01      -1.330605625234e-05      -7.767353135365e-02      -5.117029767390e-03      -7.622705479445e-02      -3.680590897537e-03 
       3.904172771505e-02      -2.198915896369e-01      -4.144823140911e+01      -6.525945167307e+01      -2.984999224304e-01      -5.976529785753e+01       2.075304469220e-01       2.075338886932e-01       1.305189033461e+02       1.558597366694e-01       3.486656852865e-01      -1.310154237300e-05      -7.849202992867e-02      -5.214525577784e-03      -7.777078887029e-02      -3.737740874893e-03 
       3.964398695723e-02      -2.089744700152e-01      -4.193646447815e+01      -6.632534400109e+01      -2.932981102100e-01      -6.071223454205e+01       2.044596327471e-01       2.044638085757e-01       1.326506880022e+02       1.583258480999e-01       3.435072794561e-01      -1.289038201611e-05      -7.918965865582e-02      -5.305013872255e-03      -7.935276399049e-02      -3.791616883544e-03 
       4.024846087044e-02      -2.115958230918e-01      -4.244740010023e+01      -6.739252050457e+01      -2.794998221803e-01      -6.166381593138e+01       2.014713069472e-01       2.014753850057e-01       1.347850410091e+02       1.608015325636e-01       3.384852725130e-01      -1.267718674325e-05      -7.989722139892e-02      -5.388173055667e-03      -8.087159754404e-02      -3.843454651631e-03 
       4.085535324819e-02      -2.253371994707e-01      -4.298318344890e+01      -6.846168834242e+01      -2.605796811259e-01      -6.262095269875e+01       1.985631089881e-01       1.985663215894e-01       1.369233766848e+02       1.632891108794e-01       3.335958168978e-01      -1.246711832802e-05      -8.074515045803e-02      -5.463671516777e-03      -8.224691536097e-02      -3.894814587675e-03 
       4.146486020563e-02      -2.455092444715e-01      -4.354670303113e+01      -6.953378481541e+01      -2.411952974559e-01      -6.358483279159e+01       1.957337241885e-01       1.957355100755e-01       1.390675696308e+02       1.657915385827e-01       3.288367203530e-01      -1.226471613840e-05      -8.182397638770e-02      -5.530965613511e-03      -8.344680284572e-02      -3.947161376264e-03 
       4.207717083329e-02      -2.660994232275e-01      -4.413991800126e+01      -7.060965632469e+01      -2.259711055275e-01      -6.455640454401e+01       1.929811066247e-01       1.929812188172e-01       1.412193126494e+02       1.683113507498e-01       3.242047453894e-01      -1.207333297347e-05      -8.316980356815e-02      -5.589925547562e-03      -8.449380544152e-02      -4.001696574611e-03 
       4.269246779746e-02      -2.809730182834e-01      -4.476553898372e+01      -7.169034765401e+01      -2.183200914696e-01      -6.553687656282e+01       1.903039630687e-01       1.903025227414e-01       1.433806953080e+02       1.708518235665e-01       3.196980139843e-01      -1.189430596562e-05      -8.475973230223e-02      -5.640202623769e-03      -8.545958230078e-02      -4.059053236143e-03 
       4.331092789152e-02      -2.866969165458e-01      -4.542552101101e+01      -7.277646315468e+01      -2.185247950497e-01      -6.652698603257e+01       1.876998932105e-01       1.876973261106e-01       1.455529263094e+02       1.734147037772e-01       3.153124374695e-01      -1.172588410352e-05      -8.649609138395e-02      -5.681469867562e-03      -8.644215127643e-02      -4.118726678382e-03 
       4.393272254233e-02      -2.815374788724e-01      -4.612237502634e+01      -7.386897990767e+01      -2.251816502599e-01      -6.752786797948e+01       1.851674706769e-01       1.851644263240e-01       1.477379598153e+02       1.760030472249e-01       3.110459106267e-01      -1.156492743105e-05      -8.827295942331e-02      -5.713374565337e-03      -8.753068624542e-02      -4.179771507927e-03 
       4.455801827569e-02      -2.667199589264e-01      -4.685830769870e+01      -7.496883985279e+01      -2.348547141561e-01      -6.854060618440e+01       1.827052154867e-01       1.827024154031e-01       1.499376797056e+02       1.786196412753e-01       3.068960921989e-01      -1.140668898090e-05      -8.997334557746e-02      -5.735757207530e-03      -8.878539051289e-02      -4.240558747788e-03 
       4.518697714421e-02      -2.501662701396e-01      -4.763457033285e+01      -7.607647450961e+01      -2.400378789240e-01      -6.956577956706e+01       1.803115038268e-01       1.803094444419e-01       1.521529490192e+02       1.812643979874e-01       3.028586682889e-01      -1.124205143703e-05      -9.141247580790e-02      -5.748500901199e-03      -9.020454743120e-02      -4.297273886582e-03 
       4.581975712116e-02      -2.293891209730e-01      -4.845369210792e+01      -7.719316527865e+01      -2.449641956564e-01      -7.060483172217e+01       1.779835883359e-01       1.779826868685e-01       1.543863305573e+02       1.839439992703e-01       2.989325252681e-01      -1.107637732739e-05      -9.280690636447e-02      -5.751402192878e-03      -9.172988921556e-02      -4.352864193855e-03 
       4.645651246315e-02      -2.102946033422e-01      -4.931709095481e+01      -7.831946110108e+01      -2.444288391705e-01      -7.165846816085e+01       1.757203616431e-01       1.757207787886e-01       1.566389222022e+02       1.866584662523e-01       2.951139914680e-01      -1.090257361533e-05      -9.401827161135e-02      -5.744364798908e-03      -9.333803754492e-02      -4.404102087663e-03 
       4.709739404439e-02      -1.966287813717e-01      -5.022639573577e+01      -7.945600463943e+01      -2.380230762917e-01      -7.272752418895e+01       1.735199622547e-01       1.735215462416e-01       1.589120092789e+02       1.894097852975e-01       2.913999312696e-01      -1.072058425993e-05      -9.509073416539e-02      -5.727207594028e-03      -9.495159871322e-02      -4.450599196641e-03 
       4.774254966524e-02      -1.796896537685e-01      -5.118335914492e+01      -8.060415210615e+01      -2.408350498638e-01      -7.381341379748e+01       1.713772810239e-01       1.713797641962e-01       1.612083042123e+02       1.922077006571e-01       2.877884614459e-01      -1.055470455186e-05      -9.661469206687e-02      -5.700110219620e-03      -9.652733257363e-02      -4.503911397675e-03 
       4.839212433710e-02      -1.726259310129e-01      -5.218827757749e+01      -8.176383020561e+01      -2.252514579766e-01      -7.491603659209e+01       1.692979038812e-01       1.693012448209e-01       1.635276604112e+02       1.950391179564e-01       2.842752276917e-01      -1.036094132752e-05      -9.745402440212e-02      -5.663062942288e-03      -9.815224793453e-02      -4.541868440740e-03 
       4.904626054591e-02      -1.778448730207e-01      -5.324265667589e+01      -8.293596171705e+01      -2.072747403295e-01      -7.603659520766e+01       1.672761728979e-01       1.672794991002e-01       1.658719234341e+02       1.979136799129e-01       2.808579093983e-01      -1.016422214806e-05      -9.833973160565e-02      -5.615958863334e-03      -9.958847016947e-02      -4.576376087293e-03 
       4.970509849602e-02      -1.929912992938e-01      -5.434726395613e+01      -8.412120220195e+01      -1.920714714743e-01      -7.717576463436e+01       1.653101339744e-01       1.653125867698e-01       1.682424044039e+02       2.008329479476e-01       2.775331816073e-01      -9.970863042365e-06      -9.942154972049e-02      -5.559014857948e-03      -1.008324831145e-01      -4.610812180677e-03 
       5.036877633628e-02      -2.100200752850e-01      -5.550219791672e+01      -8.532033805338e+01      -2.096721156289e-01      -7.833442241600e+01       1.633892910670e-01       1.633892910670e-01       1.706406761068e+02       2.038115794041e-01       2.742962721388e-01      -9.834168104297e-06      -1.019063493575e-01      -5.492719362301e-03      -1.019057897020e-01      -4.672997208764e-03 
       5.103743036975e-02      -2.077388393219e-01      -5.670728171994e+01      -8.653339164732e+01      -2.073943804265e-01      -7.951156888513e+01       1.615268277210e-01       1.615268277210e-01       1.730667832946e+02       2.068223516999e-01       2.711434906958e-01      -9.675429537642e-06      -1.034117305665e-01      -5.417355014093e-03      -1.034111758499e-01      -4.718337237624e-03 
       5.171119524854e-02      -2.055191317494e-01      -5.796316102989e+01      -8.776109410867e+01      -2.051780620462e-01      -8.070847160409e+01       1.597129571306e-01       1.597129571306e-01       1.755221882173e+02       2.098821581956e-01       2.680724202179e-01      -9.515655551169e-06      -1.049416290672e-01      -5.332810687634e-03      -1.049410790978e-01      -4.763211995824e-03 
       5.239020415505e-02      -2.033574433253e-01      -5.926823920002e+01      -8.900352597419e+01      -2.030196632581e-01      -8.192495236159e+01       1.579444921722e-01       1.579444921722e-01       1.780070519484e+02       2.129901969657e-01       2.650775652695e-01      -9.358786424801e-06      -1.064956438697e-01      -5.240048818254e-03      -1.064950984828e-01      -4.807751906744e-03 
       5.307458897075e-02      -2.012519422335e-01      -6.062262233103e+01      -9.026163169018e+01      -2.009173566553e-01      -8.316180048081e+01       1.562202816129e-01       1.562202816129e-01       1.805232633804e+02       2.161486226382e-01       2.621570849910e-01      -9.203470356458e-06      -1.080748522779e-01      -5.139475899719e-03      -1.080743113191e-01      -4.852059135348e-03 
       5.376448043353e-02      -1.991979144255e-01      -6.202486291732e+01      -9.153516324025e+01      -1.988664374437e-01      -8.441859159235e+01       1.545369732588e-01       1.545369732588e-01       1.830703264805e+02       2.193564762818e-01       2.593054563721e-01      -9.049895781449e-06      -1.096787748081e-01      -5.031537794731e-03      -1.096782381409e-01      -4.896183100813e-03 
       5.446000828457e-02      -1.971918652128e-01      -6.347333650767e+01      -9.282441997342e+01      -1.968634187294e-01      -8.569532241896e+01       1.528922119682e-01       1.528922119682e-01       1.856488399468e+02       2.226139473547e-01       2.565188450553e-01      -8.900404667825e-06      -1.113075061727e-01      -4.917012113752e-03      -1.113069736773e-01      -4.940245095344e-03 
       5.516130140571e-02      -1.952295848962e-01      -6.496565692475e+01      -9.412944064905e+01      -1.949040997016e-01      -8.699165993079e+01       1.512832211899e-01       1.512832211899e-01       1.882588812981e+02       2.259204873591e-01       2.537927521096e-01      -8.750553639618e-06      -1.129607721041e-01      -4.796864782028e-03      -1.129602436795e-01      -4.984381007262e-03 
       5.586848794792e-02      -1.933076494475e-01      -6.649996118685e+01      -9.545024723850e+01      -1.929850635981e-01      -8.830733732823e+01       1.497075353377e-01       1.497075353377e-01       1.909004944770e+02       2.292755391763e-01       2.511231048852e-01      -8.606553253226e-06      -1.146382940284e-01      -4.671746900891e-03      -1.146377695881e-01      -5.028678891217e-03 
       5.658169545170e-02      -1.914222693471e-01      -6.807336525828e+01      -9.678686506455e+01      -1.911025289806e-01      -8.964193451397e+01       1.481626094982e-01       1.481626094982e-01       1.935737301291e+02       2.326783145848e-01       2.485057626331e-01      -8.463756052877e-06      -1.163396778176e-01      -4.542678121712e-03      -1.163391572924e-01      -5.073278233232e-03 
       5.730105096009e-02      -1.895685873294e-01      -6.968215568188e+01      -9.813867411904e+01      -1.892516484315e-01      -9.099437631734e+01       1.466450300473e-01       1.466450300473e-01       1.962773482381e+02       2.361263231715e-01       2.459351138362e-01      -8.326641552448e-06      -1.180636782456e-01      -4.410700833345e-03      -1.180631615858e-01      -5.118289900623e-03 
       5.802668112475e-02      -1.877440401471e-01      -7.132346943820e+01      -9.950602005167e+01      -1.874298647160e-01      -9.236450812114e+01       1.451531090694e-01       1.451531090694e-01       1.990120401033e+02       2.396194559546e-01       2.434084252564e-01      -8.190880114421e-06      -1.198102408082e-01      -4.276953775301e-03      -1.198097279773e-01      -5.163884181279e-03 
       5.875871230577e-02      -1.859437236209e-01      -7.299273584594e+01      -1.008880874156e+02      -1.856322833304e-01      -9.375096376341e+01       1.436834181925e-01       1.436834181925e-01       2.017761748311e+02       2.431545422579e-01       2.409200673972e-01      -8.060722632849e-06      -1.215777801482e-01      -4.142620024121e-03      -1.215772711290e-01      -5.210180428746e-03 
       5.949727066567e-02      -1.841637312624e-01      -7.468560841046e+01      -1.022842971512e+02      -1.838550059755e-01      -9.515260488636e+01       1.422331612916e-01       1.422331612916e-01       2.045685943024e+02       2.467289231110e-01       2.384654259926e-01      -7.932389540632e-06      -1.233649667639e-01      -4.008904533658e-03      -1.233644615555e-01      -5.257310899706e-03 
       6.024248225797e-02      -1.824004273492e-01      -7.639727767354e+01      -1.036942939932e+02      -1.820944043350e-01      -9.656840560063e+01       1.407999445059e-01       1.407999445059e-01       2.073885879865e+02       2.503404184771e-01       2.360406234040e-01      -7.808673885553e-06      -1.251707106215e-01      -3.877245684658e-03      -1.251702092386e-01      -5.305452250202e-03 
       6.099447311085e-02      -1.806495638781e-01      -7.812207295871e+01      -1.051171469875e+02      -1.803462391981e-01      -9.799673710948e+01       1.393807222150e-01       1.393807222150e-01       2.102342939749e+02       2.539851720517e-01       2.336406313403e-01      -7.687968417840e-06      -1.269930835511e-01      -3.749094318262e-03      -1.269925860258e-01      -5.354751395799e-03 
       6.175336930616e-02      -1.789072876550e-01      -7.985436268942e+01      -1.065520373883e+02      -1.786066648971e-01      -9.943606846131e+01       1.379728600766e-01       1.379728600766e-01       2.131040747765e+02       2.576597040761e-01       2.312611455209e-01      -7.571364206442e-06      -1.288303456586e-01      -3.625924676348e-03      -1.288298520380e-01      -5.405365930394e-03 
       6.251929705421e-02      -1.771700518565e-01      -8.158834630903e+01      -1.079980291209e+02      -1.768721418350e-01      -1.008847468400e+02       1.365738022393e-01       1.365738022393e-01       2.159960582418e+02       2.613601150839e-01       2.288979421048e-01      -7.458464772503e-06      -1.306805471963e-01      -3.509198754337e-03      -1.306800575419e-01      -5.457443637508e-03 
       6.329238276460e-02      -1.754339472779e-01      -8.331738062524e+01      -1.094539527823e+02      -1.751387684009e-01      -1.023407996404e+02       1.351808134214e-01       1.351808134214e-01       2.189079055646e+02       2.650817967322e-01       2.265465287533e-01      -7.349074746715e-06      -1.325413839780e-01      -3.400518652619e-03      -1.325408983661e-01      -5.511140189043e-03 
       6.407275311340e-02      -1.736955957109e-01      -8.503439746368e+01      -1.109188496174e+02      -1.734031732852e-01      -1.038023617749e+02       1.337915642695e-01       1.337915642695e-01       2.218376992349e+02       2.688204540649e-01       2.242030921226e-01      -7.243245824534e-06      -1.344107085116e-01      -3.301696739289e-03      -1.344102270324e-01      -5.566648967529e-03 
       6.486053510691e-02      -1.719515043040e-01      -8.673275059054e+01      -1.123912242655e+02      -1.716618701115e-01      -1.052671933422e+02       1.324034895188e-01       1.324034895188e-01       2.247824485310e+02       2.725707151004e-01       2.218633761488e-01      -7.141564085351e-06      -1.362858347945e-01      -3.214167155777e-03      -1.362853575502e-01      -5.624085809309e-03 
       6.565585614227e-02      -1.701985252327e-01      -8.840518363769e+01      -1.138697350143e+02      -1.699117171101e-01      -1.067330869978e+02       1.310143290055e-01       1.310143290055e-01       2.277394700286e+02       2.763273582071e-01       2.195236485070e-01      -7.043270138586e-06      -1.381641519991e-01      -3.139595447350e-03      -1.381636791036e-01      -5.683604417045e-03 
       6.645884406518e-02      -1.684336981794e-01      -9.004394000504e+01      -1.153530653465e+02      -1.681497596753e-01      -1.081977795855e+02       1.296219989262e-01       1.296219989262e-01       2.307061306930e+02       2.800850822746e-01       2.171804826160e-01      -6.948856901247e-06      -1.400430095592e-01      -3.079794790055e-03      -1.400425411373e-01      -5.745379335421e-03 
       6.726962722477e-02      -1.666541900868e-01      -9.164184904647e+01      -1.168394706055e+02      -1.663731697635e-01      -1.096587470014e+02       1.282243431704e-01       1.282243431704e-01       2.336789412110e+02       2.838377665005e-01       2.148302758945e-01      -6.858023592186e-06      -1.419193470650e-01      -3.036178858211e-03      -1.419188832502e-01      -5.809509189658e-03 
       6.808833452604e-02      -1.648575266682e-01      -9.319090550833e+01      -1.183275166891e+02      -1.645794777594e-01      -1.111135918457e+02       1.268195965957e-01       1.268195965957e-01       2.366550333783e+02       2.875797630607e-01       2.124701176667e-01      -6.770730775176e-06      -1.437903405954e-01      -3.010563721991e-03      -1.437898815303e-01      -5.876162436174e-03 
       6.891509547984e-02      -1.630415762892e-01      -9.468392235013e+01      -1.198154785171e+02      -1.627665554670e-01      -1.125598035549e+02       1.254060833753e-01       1.254060833753e-01       2.396309570342e+02       2.913049710152e-01       2.100971908037e-01      -6.687252351578e-06      -1.456529396752e-01      -3.004239323101e-03      -1.456524855076e-01      -5.945419346513e-03 
       6.975004025066e-02      -1.612043182810e-01      -9.611314337165e+01      -1.213016725617e+02      -1.609323857986e-01      -1.139948186103e+02       1.239822829176e-01       1.239822829176e-01       2.426033451234e+02       2.950072482846e-01       2.077089605354e-01      -6.607036849366e-06      -1.475040732584e-01      -3.018844090127e-03      -1.475036241423e-01      -6.017412154931e-03 
       7.059329970233e-02      -1.593441661429e-01      -9.747156524786e+01      -1.227842816341e+02      -1.590753845417e-01      -1.154160791342e+02       1.225468839424e-01       1.225468839424e-01       2.455685632683e+02       2.986803455626e-01       2.053032026438e-01      -6.530534094814e-06      -1.493406166889e-01      -3.055576623925e-03      -1.493401727813e-01      -6.092204525470e-03 
       7.144500544176e-02      -1.574599351957e-01      -9.875173473458e+01      -1.242617607157e+02      -1.571943688333e-01      -1.168211813168e+02       1.210989237010e-01       1.210989237010e-01       2.485235214314e+02       3.023184711545e-01       2.028782893522e-01      -6.457034389102e-06      -1.511596741168e-01      -3.115862900110e-03      -1.511592355773e-01      -6.169903147816e-03 
       7.230528986090e-02      -1.555506732823e-01      -9.994751959535e+01      -1.257321914170e+02      -1.552883872901e-01      -1.182076175653e+02       1.196374946502e-01       1.196374946502e-01       2.514643828340e+02       3.059154303120e-01       2.004326456160e-01      -6.386609559203e-06      -1.529581481683e-01      -3.200581388124e-03      -1.529577151560e-01      -6.250524219770e-03 
       7.317428617696e-02      -1.536159632869e-01      -1.010522535565e+02      -1.271941176530e+02      -1.533570229956e-01      -1.195731771569e+02       1.181621415486e-01       1.181621415486e-01       2.543882353059e+02       3.094658486951e-01       1.979654670476e-01      -6.319440502591e-06      -1.547333516744e-01      -3.310888775308e-03      -1.547329243475e-01      -6.334141543781e-03 
       7.405212847100e-02      -1.516557038212e-01      -1.020606559315e+02      -1.286458201477e+02      -1.514001736632e-01      -1.209156456545e+02       1.166725252311e-01       1.166725252311e-01       2.572916402955e+02       3.129641861247e-01       1.954761029051e-01      -6.254752717851e-06      -1.564825145493e-01      -3.447381646278e-03      -1.564820930624e-01      -6.420741022067e-03 
       7.493895172510e-02      -1.496701592075e-01      -1.029678912032e+02      -1.300857052189e+02      -1.494181020157e-01      -1.222329794758e+02       1.151685786954e-01       1.151685786954e-01       2.601714104378e+02       3.164053252459e-01       1.929643553908e-01      -6.193003283822e-06      -1.582030781209e-01      -3.610558288095e-03      -1.582026626230e-01      -6.510301595143e-03 
       7.583489185804e-02      -1.476601736090e-01      -1.037702718897e+02      -1.315123591055e+02      -1.474116493916e-01      -1.235234577815e+02       1.136506194506e-01       1.136506194506e-01       2.630247182110e+02       3.197848890826e-01       1.904306510228e-01      -6.133579677065e-06      -1.598928539086e-01      -3.800605065702e-03      -1.598924445413e-01      -6.602768978741e-03 
       7.674008575965e-02      -1.456267981838e-01      -1.044639048760e+02      -1.329245936185e+02      -1.453818639291e-01      -1.247855129779e+02       1.121191555270e-01       1.121191555270e-01       2.658491872370e+02       3.230989196296e-01       1.878757454575e-01      -6.075980119955e-06      -1.615498629178e-01      -4.017805646958e-03      -1.615494598148e-01      -6.698111540678e-03 
       7.765467132399e-02      -1.435716531482e-01      -1.050470014545e+02      -1.343212320032e+02      -1.433303613300e-01      -1.260179084297e+02       1.105750202996e-01       1.105750202996e-01       2.686424640064e+02       3.263441414443e-01       1.853009032336e-01      -6.020884870463e-06      -1.631724674384e-01      -4.261796885095e-03      -1.631720707222e-01      -6.796212543065e-03 
       7.857878748124e-02      -1.414968485045e-01      -1.055191393882e+02      -1.357012686998e+02      -1.412592460853e-01      -1.272197564787e+02       1.090193503211e-01       1.090193503211e-01       2.714025373995e+02       3.295180411454e-01       1.827078729997e-01      -5.967281988634e-06      -1.647594107933e-01      -4.531826159900e-03      -1.647590205727e-01      -6.896910680958e-03 
       7.951257422856e-02      -1.394046951220e-01      -1.058799838824e+02      -1.370640439781e+02      -1.391708233532e-01      -1.283904659456e+02       1.074535047591e-01       1.074535047591e-01       2.741280879561e+02       3.326189261199e-01       1.800987982415e-01      -5.914780378034e-06      -1.663098466894e-01      -4.827241413630e-03      -1.663094630600e-01      -7.000075379915e-03 
       8.045617265987e-02      -1.372980625417e-01      -1.061314625815e+02      -1.384090488174e+02      -1.370679555896e-01      -1.295299147755e+02       1.058791774711e-01       1.058791774711e-01       2.768180976347e+02       3.356461359462e-01       1.774763525390e-01      -5.864062245508e-06      -1.678234449324e-01      -5.146734135170e-03      -1.678230679731e-01      -7.105496096966e-03 
       8.140972499466e-02      -1.351802281093e-01      -1.062767241544e+02      -1.397360775386e+02      -1.349539124056e-01      -1.306384158433e+02       1.042983265904e-01       1.042983265904e-01       2.794721550772e+02       3.386000024218e-01       1.748436361342e-01      -5.814121065805e-06      -1.693003714389e-01      -5.488715769839e-03      -1.693000012109e-01      -7.212938613477e-03 
       8.237337460583e-02      -1.330547467933e-01      -1.063203017195e+02      -1.410452037802e+02      -1.328322403757e-01      -1.317167222556e+02       1.027131418778e-01       1.027131418778e-01       2.820904075603e+02       3.414819579727e-01       1.722041431893e-01      -5.764532733116e-06      -1.707413424409e-01      -5.851288580190e-03      -1.707409789864e-01      -7.322142686340e-03 
       8.334726604670e-02      -1.309256064524e-01      -1.062686617707e+02      -1.423368243798e+02      -1.307069180583e-01      -1.327661471622e+02       1.011261014699e-01       1.011261014699e-01       2.846736487596e+02       3.442947450176e-01       1.695618365713e-01      -5.715819501248e-06      -1.721477291687e-01      -6.232077882605e-03      -1.721473725088e-01      -7.432800527443e-03 
       8.433154507717e-02      -1.287969249106e-01      -1.061289019274e+02      -1.436116783029e+02      -1.285820540600e-01      -1.337883802419e+02       9.953979296256e-02       9.953979296256e-02       2.872233566059e+02       3.470420163172e-01       1.669208653878e-01      -5.667219059166e-06      -1.735213580230e-01      -6.628692154043e-03      -1.735210081586e-01      -7.544618969893e-03 
       8.532635868907e-02      -1.266734525549e-01      -1.059115005009e+02      -1.448708644143e+02      -1.264623878133e-01      -1.347859224364e+02       9.795720583441e-02       9.795720583441e-02       2.897417288287e+02       3.497292972890e-01       1.642860248795e-01      -5.618197199205e-06      -1.748649917372e-01      -7.037733441259e-03      -1.748646486445e-01      -7.657187821175e-03 
       8.633185513081e-02      -1.245599049328e-01      -1.056267971613e+02      -1.461159009265e+02      -1.243526247998e-01      -1.357615967928e+02       9.638132638350e-02       9.638132638350e-02       2.922318018531e+02       3.523628869959e-01       1.616621121550e-01      -5.569330757909e-06      -1.761817798641e-01      -7.456182747543e-03      -1.761814434979e-01      -7.770168815187e-03 
       8.734818393131e-02      -1.224606990779e-01      -1.052873404766e+02      -1.473483779076e+02      -1.222571711779e-01      -1.367186227359e+02       9.481517519477e-02       9.481517519477e-02       2.946967558151e+02       3.549504831514e-01       1.590540677375e-01      -5.519588578873e-06      -1.774755712850e-01      -7.880341575046e-03      -1.774752415757e-01      -7.883147130669e-03 
       8.837549592326e-02      -1.203818601191e-01      -1.049089363009e+02      -1.485709888140e+02      -1.201820399063e-01      -1.376616207566e+02       9.326247034152e-02       9.326247034152e-02       2.971419776280e+02       3.575023508376e-01       1.564678253755e-01      -5.468801774795e-06      -1.787514985665e-01      -8.305883535619e-03      -1.787511754188e-01      -7.995661433853e-03 
       8.941394326581e-02      -1.183279099660e-01      -1.045060920325e+02      -1.497860071605e+02      -1.181317426890e-01      -1.385946691116e+02       9.172624538047e-02       9.172624538047e-02       2.995720143210e+02       3.600280802846e-01       1.539083249145e-01      -5.417193600100e-06      -1.800143568459e-01      -8.728894603782e-03      -1.800140401423e-01      -8.107299956079e-03 
       9.046367946662e-02      -1.163037067336e-01      -1.040950581361e+02      -1.509962103040e+02      -1.161111272961e-01      -1.395225248947e+02       9.020969940884e-02       9.020969940884e-02       3.019924206080e+02       3.625387507512e-01       1.513807531834e-01      -5.364381808038e-06      -1.812696857743e-01      -9.145226247062e-03      -1.812693753756e-01      -8.217643550205e-03 
       9.152485940339e-02      -1.143150423373e-01      -1.036962877276e+02      -1.522053753090e+02      -1.141259730831e-01      -1.404514058528e+02       8.871665602157e-02       8.871665602157e-02       3.044107506180e+02       3.650489288248e-01       1.488913131739e-01      -5.309730409710e-06      -1.825247686724e-01      -9.549532053426e-03      -1.825244644124e-01      -8.326157503028e-03 
       9.259763934485e-02      -1.123667514198e-01      -1.033292412119e+02      -1.534170178444e+02      -1.121811045503e-01      -1.413871640161e+02       8.725034769144e-02       8.725034769144e-02       3.068340356889e+02       3.675723958291e-01       1.464452641380e-01      -5.253862863132e-06      -1.837864962231e-01      -9.937174206429e-03      -1.837861979145e-01      -8.432399491660e-03 
       9.368217697132e-02      -1.104633304015e-01      -1.030129881460e+02      -1.546349772321e+02      -1.102810088587e-01      -1.423358566346e+02       8.581380752260e-02       8.581380752260e-02       3.092699544641e+02       3.701234760446e-01       1.440475508283e-01      -5.196073570274e-06      -1.850620305858e-01      -1.030362054830e-02      -1.850617380223e-01      -8.535953454654e-03 
       9.477863139475e-02      -1.086092631832e-01      -1.027684767900e+02      -1.558634036763e+02      -1.084301606555e-01      -1.433040825507e+02       8.441007240173e-02       8.441007240173e-02       3.117268073526e+02       3.727178161800e-01       1.417031286639e-01      -5.136067746155e-06      -1.863591951337e-01      -1.064401845193e-02      -1.863589080900e-01      -8.636379791665e-03 
       9.588716317841e-02      -1.068088468274e-01      -1.026174356973e+02      -1.571068053902e+02      -1.066328482327e-01      -1.442988529227e+02       8.304209091753e-02       8.304209091753e-02       3.142136107804e+02       3.753721424374e-01       1.394168229886e-01      -5.074478743441e-06      -1.876863529859e-01      -1.095349442171e-02      -1.876860712187e-01      -8.733256019571e-03 
       9.700793435611e-02      -1.050659662056e-01      -1.025813511745e+02      -1.583698543622e+02      -1.048929488262e-01      -1.453272759521e+02       8.171253859282e-02       8.171253859282e-02       3.167397087244e+02       3.781034244043e-01       1.371930156979e-01      -5.010728084035e-06      -1.890519889512e-01      -1.122740877820e-02      -1.890517122021e-01      -8.826199648024e-03 
       9.814110845115e-02      -1.033834997385e-01      -1.026800110527e+02      -1.596568036825e+02      -1.032133353062e-01      -1.463958573331e+02       8.042344734762e-02       8.042344734762e-02       3.193136073651e+02       3.809272648897e-01       1.350350524962e-01      -4.944682575688e-06      -1.904639044449e-01      -1.146163036169e-02      -1.904636324449e-01      -8.914879461453e-03 
       9.928685049485e-02      -1.017643276521e-01      -1.029339641768e+02      -1.609724784023e+02      -1.015968824990e-01      -1.475116872858e+02       7.917689982003e-02       7.917689982003e-02       3.219449568045e+02       3.838608177759e-01       1.329463799821e-01      -4.876304759179e-06      -1.919306764182e-01      -1.165211487829e-02      -1.919304088880e-01      -8.999006567477e-03 
       1.004453270449e-01      -1.002111852887e-01      -1.033643997148e+02      -1.623219069227e+02      -1.000463207580e-01      -1.486821203474e+02       7.797484196298e-02       7.797484196298e-02       3.246438138454e+02       3.869217903088e-01       1.309302075080e-01      -4.806880191274e-06      -1.934611585034e-01      -1.179466851368e-02      -1.934608951544e-01      -9.078279866876e-03 
       1.016167062032e-01      -9.872345789522e-02      -1.039807481661e+02      -1.637078599571e+02      -9.856103771591e-02      -1.499108658342e+02       7.681708143818e-02       7.681708143818e-02       3.274157199141e+02       3.901194340404e-01       1.289863032475e-01      -4.735245817437e-06      -1.950599764697e-01      -1.188830444149e-02      -1.950597170202e-01      -9.152724395123e-03 
       1.028011576338e-01      -9.730382902617e-02      -1.048059884065e+02      -1.651360215319e+02      -9.714371198261e-02      -1.512060884971e+02       7.570557410272e-02       7.570557410272e-02       3.302720430638e+02       3.934735879832e-01       1.271179093058e-01      -4.661461795888e-06      -1.967370498325e-01      -1.192872488217e-02      -1.967367939916e-01      -9.222063504803e-03 
       1.039988525803e-01      -9.595137515120e-02      -1.058494136981e+02      -1.666094325956e+02      -9.579342311879e-02      -1.525716978985e+02       7.463991409127e-02       7.463991409127e-02       3.332188651913e+02       3.969940502912e-01       1.253244438424e-01      -4.586686853143e-06      -1.984972776604e-01      -1.191515970773e-02      -1.984970251456e-01      -9.286365284714e-03 
       1.052099638834e-01      -9.466572720184e-02      -1.071226412872e+02      -1.681318113275e+02      -9.450980388134e-02      -1.540125131631e+02       7.362005850665e-02       7.362005850665e-02       3.362636226550e+02       4.006928300851e-01       1.236059127271e-01      -4.510376845786e-06      -2.003466645083e-01      -1.184631694555e-02      -2.003464150425e-01      -9.345660534054e-03 
       1.064346659978e-01      -9.344444678146e-02      -1.086290007048e+02      -1.697052015605e+02      -9.329042219528e-02      -1.555307161890e+02       7.264462713424e-02       7.264462713424e-02       3.394104031209e+02       4.045757951305e-01       1.219601632847e-01      -4.432693512236e-06      -2.022881442439e-01      -1.172315445845e-02      -2.022878975653e-01      -9.400204845397e-03 
       1.076731350094e-01      -9.228567151757e-02      -1.103736515455e+02      -1.713322218576e+02      -9.213342069670e-02      -1.571292390485e+02       7.171259700768e-02       7.171259700768e-02       3.426644437153e+02       4.086505957937e-01       1.203856137475e-01      -4.354443712915e-06      -2.043255420378e-01      -1.154613364417e-02      -2.043252978969e-01      -9.450212247204e-03 
       1.089255486525e-01      -9.118582993556e-02      -1.123537909856e+02      -1.730139184787e+02      -9.103523664657e-02      -1.588085098440e+02       7.082181315529e-02       7.082181315529e-02       3.460278369575e+02       4.129189652873e-01       1.188788446094e-01      -4.275554120626e-06      -2.064597244763e-01      -1.131772809672e-02      -2.064594826437e-01      -9.496089844202e-03 
       1.101920863262e-01      -9.014096751644e-02      -1.145640222924e+02      -1.747508755379e+02      -8.999192496174e-02      -1.605681819499e+02       6.996987235220e-02       6.996987235220e-02       3.495017510757e+02       4.173808723593e-01       1.174360354707e-01      -4.196272245214e-06      -2.086906759117e-01      -1.104106801750e-02      -2.086904361796e-01      -9.538310879495e-03 
       1.114729291118e-01      -8.914623491189e-02      -1.169935505019e+02      -1.765425971081e+02      -8.899864761946e-02      -1.624061996242e+02       6.915376045102e-02       6.915376045102e-02       3.530851942162e+02       4.220322152340e-01       1.160523673217e-01      -4.117342642061e-06      -2.110163454306e-01      -1.072055251447e-02      -2.110161076170e-01      -9.577463950883e-03 
       1.127682597891e-01      -8.819640694680e-02      -1.196281531174e+02      -1.783879148840e+02      -8.805019152116e-02      -1.643194329023e+02       6.837019459654e-02       6.837019459654e-02       3.567758297679e+02       4.268663301252e-01       1.147225775377e-01      -4.038691036247e-06      -2.134334011129e-01      -1.036137241591e-02      -2.134331650626e-01      -9.614209197702e-03 
       1.140782628537e-01      -8.728523308366e-02      -1.224468305273e+02      -1.802842426915e+02      -8.714032027857e-02      -1.663025554279e+02       6.761520936522e-02       6.761520936522e-02       3.605684853831e+02       4.318713644763e-01       1.134402941780e-01      -3.960793539874e-06      -2.159359166490e-01      -9.970264169830e-03      -2.159356822381e-01      -9.649342936410e-03 
       1.154031245340e-01      -8.640627082197e-02      -1.254254217349e+02      -1.822282241996e+02      -8.626260582794e-02      -1.683491272517e+02       6.688467822914e-02       6.688467822914e-02       3.644564483991e+02       4.370327550254e-01       1.121988710657e-01      -3.884146185523e-06      -2.185166103763e-01      -9.554572826031e-03      -2.185163775127e-01      -9.683702523434e-03 
       1.167430328075e-01      -8.555254342902e-02      -1.285343456806e+02      -1.842153554497e+02      -8.541008695771e-02      -1.704509406534e+02       6.617409523006e-02       6.617409523006e-02       3.684307108993e+02       4.423316863960e-01       1.109910364729e-01      -3.809015544809e-06      -2.211660745728e-01      -9.122810674373e-03      -2.211658431980e-01      -9.718221847915e-03 
       1.180981774189e-01      -8.471690508629e-02      -1.317404570603e+02      -1.862402200179e+02      -8.457563354712e-02      -1.725984962590e+02       6.547881739760e-02       6.547881739760e-02       3.724804400358e+02       4.477462226986e-01       1.098092869259e-01      -3.735713757748e-06      -2.238733412598e-01      -8.684132114395e-03      -2.238731113493e-01      -9.753873187084e-03 
       1.194687498966e-01      -8.389193030318e-02      -1.350061808440e+02      -1.882962536945e+02      -8.375183623908e-02      -1.747806781373e+02       6.479398087560e-02       6.479398087560e-02       3.765925073891e+02       4.532504828198e-01       1.086457470327e-01      -3.664622487339e-06      -2.266254698461e-01      -8.248471700816e-03      -2.266252414099e-01      -9.791672539156e-03 
       1.208549435706e-01      -8.307016185719e-02      -1.382904230501e+02      -1.903759793226e+02      -8.293125388239e-02      -1.769850852346e+02       6.411466832469e-02       6.411466832469e-02       3.807519586452e+02       4.588154304119e-01       1.074924424292e-01      -3.596038250839e-06      -2.294079421236e-01      -7.826348285196e-03      -2.294077152060e-01      -9.832664892308e-03 
       1.222569535902e-01      -8.224442427793e-02      -1.415501771719e+02      -1.924713272825e+02      -8.210672631776e-02      -1.791985392300e+02       6.343611862259e-02       6.343611862259e-02       3.849426545649e+02       4.644100830696e-01       1.063416409946e-01      -3.530151168986e-06      -2.322052668572e-01      -7.428450862883e-03      -2.322050415348e-01      -9.877884305883e-03 
       1.236749769417e-01      -8.140775513246e-02      -1.447405998096e+02      -1.945733761320e+02      -8.127130573471e-02      -1.814068837670e+02       6.275366427944e-02       6.275366427944e-02       3.891467522639e+02       4.700009489298e-01       1.051857448479e-01      -3.467271872001e-06      -2.350006980850e-01      -7.065470177093e-03      -2.350004744649e-01      -9.928317803855e-03 
       1.251092124670e-01      -8.055361766057e-02      -1.478155514909e+02      -1.966728064157e+02      -8.041846898206e-02      -1.835954386135e+02       6.206289873469e-02       6.206289873469e-02       3.933456128315e+02       4.755532018475e-01       1.040175718436e-01      -3.407556447819e-06      -2.377768227063e-01      -6.748135030076e-03      -2.377766009238e-01      -9.984933020421e-03 
       1.265598608818e-01      -7.967599585592e-02      -1.507288757606e+02      -1.987598408459e+02      -7.954221234309e-02      -1.857491461552e+02       6.135971954106e-02       6.135971954106e-02       3.975196816918e+02       4.810309346451e-01       1.028304182615e-01      -3.351096169392e-06      -2.405156871071e-01      -6.486740335872e-03      -2.405154673226e-01      -1.004861153543e-02 
       1.280271247951e-01      -7.877002909530e-02      -1.534382442642e+02      -2.008251890809e+02      -7.863768483060e-02      -1.878539324314e+02       6.064075679189e-02       6.064075679189e-02       4.016503781618e+02       4.864004247306e-01       1.016187573506e-01      -3.298014411074e-06      -2.432004299723e-01      -6.290258540759e-03      -2.432002123653e-01      -1.012007591448e-02 
       1.295112087282e-01      -7.783117775138e-02      -1.559005584650e+02      -2.028590278985e+02      -7.770035565421e-02      -1.898951695574e+02       5.990282737210e-02       5.990282737210e-02       4.057180557971e+02       4.916264741530e-01       1.003773559156e-01      -3.248318285318e-06      -2.458134523092e-01      -6.167481710189e-03      -2.458132370765e-01      -1.019999361759e-02 
       1.310123191347e-01      -7.685628162114e-02      -1.580789880661e+02      -2.048524584027e+02      -7.672707033675e-02      -1.918599442530e+02       5.914363238829e-02       5.914363238829e-02       4.097049168054e+02       4.966777951875e-01       9.910240518896e-02      -3.201963664857e-06      -2.483391102449e-01      -6.125320128901e-03      -2.483388975937e-01      -1.028882095242e-02 
       1.325306644210e-01      -7.584330216277e-02      -1.599417550514e+02      -2.067974540466e+02      -7.571579355639e-02      -1.937368294698e+02       5.836160656226e-02       5.836160656226e-02       4.135949080932e+02       5.015265417060e-01       9.779128387851e-02      -3.158887396858e-06      -2.507634807103e-01      -6.169155546281e-03      -2.507632708530e-01      -1.038684771874e-02 
       1.340664549670e-01      -7.479117171954e-02      -1.614623057724e+02      -2.086865552000e+02      -7.466545875869e-02      -1.955156606436e+02       5.755578354165e-02       5.755578354165e-02       4.173731103999e+02       5.061475948316e-01       9.644232638184e-02      -3.118769474593e-06      -2.530740042666e-01      -6.302765028851e-03      -2.530737974158e-01      -1.049417220981e-02 
       1.356199031477e-01      -7.370042502743e-02      -1.626241555591e+02      -2.105141934380e+02      -7.357659819970e-02      -1.971893601551e+02       5.672626376639e-02       5.672626376639e-02       4.210283868761e+02       5.105231394758e-01       9.505560101767e-02      -3.081569783550e-06      -2.552617733770e-01      -6.527241619156e-03      -2.552615697379e-01      -1.061062410285e-02 
       1.371912233555e-01      -7.257261222470e-02      -1.634178144359e+02      -2.122759890605e+02      -7.245075738684e-02      -1.987528924391e+02       5.587380763537e-02       5.587380763537e-02       4.245519781210e+02       5.146400733739e-01       9.363224271535e-02      -3.046935500150e-06      -2.573202369210e-01      -6.841837851687e-03      -2.573200366869e-01      -1.073584329007e-02 
       1.387806320229e-01      -7.141057870611e-02      -1.638435807318e+02      -2.139693994251e+02      -7.129077429916e-02      -2.002042216477e+02       5.500002644125e-02       5.500002644125e-02       4.279387988503e+02       5.184923097174e-01       9.217476508683e-02      -3.014620662679e-06      -2.592463515123e-01      -7.243269029274e-03      -2.592461548587e-01      -1.086921783029e-02 
       1.403883476462e-01      -7.021852273171e-02      -1.639131014584e+02      -2.155941368622e+02      -7.010083690733e-02      -2.015448922224e+02       5.410744095559e-02       5.410744095559e-02       4.311882737245e+02       5.220822625558e-01       9.068716320646e-02      -2.984036928252e-06      -2.610413241995e-01      -7.725557406689e-03      -2.610411312779e-01      -1.100988835531e-02 
       1.420145908098e-01      -6.900165332994e-02      -1.636479428844e+02      -2.171518238009e+02      -6.888614184955e-02      -2.027795281200e+02       5.319924166740e-02       5.319924166740e-02       4.343036476018e+02       5.254195793782e-01       8.917451940692e-02      -2.955035238170e-06      -2.627099787554e-01      -8.280321368239e-03      -2.627097896891e-01      -1.115676795179e-02 
       1.436595842114e-01      -6.776629244357e-02      -1.630811403095e+02      -2.186465327940e+02      -6.765299639411e-02      -2.039165117282e+02       5.227937689948e-02       5.227937689948e-02       4.372930655880e+02       5.285228706098e-01       8.764315401473e-02      -2.927033422051e-06      -2.642616204256e-01      -8.896593408476e-03      -2.642614353049e-01      -1.130854721008e-02 
       1.453235526881e-01      -6.651950088770e-02      -1.622556003610e+02      -2.200843813889e+02      -6.640844518051e-02      -2.049674080512e+02       5.135230881172e-02       5.135230881172e-02       4.401687627777e+02       5.314183619785e-01       8.610023066018e-02      -2.899630563897e-06      -2.657093621100e-01      -9.561227697880e-03      -2.657091809893e-01      -1.146373051130e-02 
       1.470067232437e-01      -6.526912955017e-02      -1.612248604608e+02      -2.214739496285e+02      -6.516032143563e-02      -2.059474225506e+02       5.042304930441e-02       5.042304930441e-02       4.429478992571e+02       5.341410076578e-01       8.455381527319e-02      -2.872370838119e-06      -2.670706809342e-01      -1.025893286461e-02      -2.670705038289e-01      -1.162066199799e-02 
       1.487093250766e-01      -6.402349011084e-02      -1.600514773448e+02      -2.228259597018e+02      -6.391691833032e-02      -2.068748926272e+02       4.949695496323e-02       4.949695496323e-02       4.456519194036e+02       5.367333678773e-01       8.301254812756e-02      -2.844851865780e-06      -2.683668570534e-01      -1.097265375887e-02      -2.683666839387e-01      -1.177756214526e-02 
       1.504315896089e-01      -6.279110971882e-02      -1.588053854552e+02      -2.241530282293e+02      -6.268674427904e-02      -2.077708339668e+02       4.857955756788e-02       4.857955756788e-02       4.483060564587e+02       5.392445002558e-01       8.148536602455e-02      -2.816688937082e-06      -2.696224193174e-01      -1.168410696618e-02      -2.696222501279e-01      -1.193258801600e-02 
       1.521737505165e-01      -6.158038038499e-02      -1.575621361260e+02      -2.254689875578e+02      -6.147817295427e-02      -2.086581158318e+02       4.767632920836e-02       4.767632920836e-02       4.509379751155e+02       5.417279943710e-01       7.998112002500e-02      -2.787411812557e-06      -2.708641625546e-01      -1.237406843397e-02      -2.708639971855e-01      -1.208383968241e-02 
       1.539360437612e-01      -6.040008537918e-02      -1.564017864891e+02      -2.267905098188e+02      -6.029996968697e-02      -2.095626208211e+02       4.679291988720e-02       4.679291988720e-02       4.535810196376e+02       5.442440338207e-01       7.850891903006e-02      -2.757143110071e-06      -2.721221786015e-01      -1.302328214051e-02      -2.721220169103e-01      -1.222953669635e-02 
       1.557187076226e-01      -5.925730064529e-02      -1.554052607494e+02      -2.281338784699e+02      -5.915919392485e-02      -2.105100457871e+02       4.593441096218e-02       4.593441096218e-02       4.562677569399e+02       5.468559668275e-01       7.707716105117e-02      -2.724781835800e-06      -2.734281416045e-01      -1.361336894763e-02      -2.734279834138e-01      -1.236809088605e-02 
       1.575219827324e-01      -5.815903504744e-02      -1.546509181852e+02      -2.295153667378e+02      -5.806284061819e-02      -2.115256872599e+02       4.510530390617e-02       4.510530390617e-02       4.590307334757e+02       5.496227627783e-01       7.569310042590e-02      -2.690686831363e-06      -2.748115362858e-01      -1.412633487102e-02      -2.748113813891e-01      -1.249788997577e-02 
       1.593461121101e-01      -5.711133807967e-02      -1.542139695713e+02      -2.309525954005e+02      -5.701694707791e-02      -2.126354637685e+02       4.430977174091e-02       4.430977174091e-02       4.619051908010e+02       5.526068966995e-01       7.436357390934e-02      -2.654680150084e-06      -2.763036001831e-01      -1.454670759834e-02      -2.763034483497e-01      -1.261776944191e-02 
       1.611913411993e-01      -5.611801871681e-02      -1.541598088321e+02      -2.324587580434e+02      -5.602531419604e-02      -2.138601693376e+02       4.355050079465e-02       4.355050079465e-02       4.649175160869e+02       5.558586734087e-01       7.309300395598e-02      -2.616444231452e-06      -2.779294857219e-01      -1.486075599204e-02      -2.779293367044e-01      -1.272659890812e-02 
       1.630579179063e-01      -5.518278767800e-02      -1.545455726382e+02      -2.340495121355e+02      -5.509164673977e-02      -2.152213532152e+02       4.283000576283e-02       4.283000576283e-02       4.680990242710e+02       5.594295081850e-01       7.188549370013e-02      -2.576402326577e-06      -2.797149005519e-01      -1.505855462112e-02      -2.797147540925e-01      -1.282384496764e-02 
       1.649460926397e-01      -5.430686408764e-02      -1.554139149609e+02      -2.357362748829e+02      -5.421716197564e-02      -2.167348801625e+02       4.214937985233e-02       4.214937985233e-02       4.714725497658e+02       5.633589586544e-01       7.074292513748e-02      -2.534590862974e-06      -2.816796234887e-01      -1.513390512023e-02      -2.816794793272e-01      -1.290931506952e-02 
       1.668561183526e-01      -5.349018543680e-02      -1.567911479009e+02      -2.375276191831e+02      -5.340179948976e-02      -2.184117891669e+02       4.150860326226e-02       4.150860326226e-02       4.750552383663e+02       5.676732328712e-01       6.966527364250e-02      -2.491159893782e-06      -2.838367585528e-01      -1.508442931631e-02      -2.838366164356e-01      -1.298314309901e-02 
       1.687882505850e-01      -5.272997577383e-02      -1.586865732532e+02      -2.394291218336e+02      -5.264278851235e-02      -2.202580669912e+02       4.090661833275e-02       4.090661833275e-02       4.788582436671e+02       5.723923879386e-01       6.865111639051e-02      -2.446126028059e-06      -2.861963342832e-01      -1.491382194660e-02      -2.861961939693e-01      -1.304626640970e-02 
       1.707427475096e-01      -5.202305610923e-02      -1.610882672759e+02      -2.414420541142e+02      -5.193695973139e-02      -2.222729321751e+02       4.034113209709e-02       4.034113209709e-02       4.828841082283e+02       5.775131503118e-01       6.769665960766e-02      -2.400283847776e-06      -2.887567138847e-01      -1.462885207966e-02      -2.887565751559e-01      -1.309964803296e-02 
       1.727198699783e-01      -5.136401388490e-02      -1.639649861756e+02      -2.435635422334e+02      -5.127891314665e-02      -2.244492574668e+02       3.980883355558e-02       3.980883355558e-02       4.871270844667e+02       5.830207316570e-01       6.679663109516e-02      -2.353732567365e-06      -2.915105031621e-01      -1.424170703835e-02      -2.915103658285e-01      -1.314485395868e-02 
       1.747198815714e-01      -5.074608033816e-02      -1.672650227874e+02      -2.457864700611e+02      -5.066189550799e-02      -2.267733155456e+02       3.930547310654e-02       3.930547310654e-02       4.915729401222e+02       5.888844525066e-01       6.594421976019e-02      -2.306932898892e-06      -2.944423623470e-01      -1.376928727031e-02      -2.944422262533e-01      -1.318386421972e-02 
       1.767430486482e-01      -5.016135396291e-02      -1.709177796569e+02      -2.481002505331e+02      -5.007802288616e-02      -2.292256509237e+02       3.882613042999e-02       3.882613042999e-02       4.962005010663e+02       5.950608239022e-01       6.513155574248e-02      -2.260517829186e-06      -2.975305469211e-01      -1.323303575382e-02      -2.975304119511e-01      -1.321910507149e-02 
       1.787896404004e-01      -4.960164235602e-02      -1.748359164730e+02      -2.504900599697e+02      -4.951912226454e-02      -2.317807812717e+02       3.836526017341e-02       3.836526017341e-02       5.009801199394e+02       6.014884594955e-01       6.434959143228e-02      -2.214935572581e-06      -3.007443636681e-01      -1.265656233307e-02      -3.007442297478e-01      -1.325299334395e-02 
       1.808599289070e-01      -4.905691796134e-02      -1.789168346269e+02      -2.529378400651e+02      -4.897518594003e-02      -2.344082445302e+02       3.791695490290e-02       3.791695490290e-02       5.058756801302e+02       6.081016456799e-01       6.358901370817e-02      -2.170116832017e-06      -3.040509557417e-01      -1.206866574776e-02      -3.040508228399e-01      -1.328864976729e-02 
       1.829541891925e-01      -4.852165069206e-02      -1.830671213616e+02      -2.554355455556e+02      -4.844069885287e-02      -2.370871796222e+02       3.747731727876e-02       3.747731727876e-02       5.108710911111e+02       6.148493622945e-01       6.284340654748e-02      -2.127115773311e-06      -3.074248130274e-01      -1.149404174383e-02      -3.074246811473e-01      -1.332885099742e-02 
       1.850726992858e-01      -4.798437613599e-02      -1.871547120835e+02      -2.579507112706e+02      -4.790421997817e-02      -2.397708275591e+02       3.703877670096e-02       3.703877670096e-02       5.159014225412e+02       6.216210189003e-01       6.210048894375e-02      -2.086129084065e-06      -3.108106402570e-01      -1.096377933601e-02      -3.108105094502e-01      -1.337621860467e-02 
       1.872157402839e-01      -4.743541392352e-02      -1.910517670671e+02      -2.604525958439e+02      -4.735608916160e-02      -2.424144862069e+02       3.659474628392e-02       3.659474628392e-02       5.209051916877e+02       6.283091063923e-01       6.134950215229e-02      -2.047264550003e-06      -3.141546828365e-01      -1.050648406469e-02      -3.141545531961e-01      -1.343305633730e-02 
       1.893835964156e-01      -4.686706029206e-02      -1.946411525606e+02      -2.629147036475e+02      -4.678861857926e-02      -2.449785652537e+02       3.614000015395e-02       3.614000015395e-02       5.258294072951e+02       6.348187253950e-01       6.058191640434e-02      -2.010877810887e-06      -3.174094910453e-01      -1.014777404668e-02      -3.174093626975e-01      -1.350145337397e-02 
       1.915765551102e-01      -4.627299984553e-02      -1.978167634029e+02      -2.653115390863e+02      -4.619550552995e-02      -2.474259784151e+02       3.567017694807e-02       3.567017694807e-02       5.306230781725e+02       6.410603399886e-01       5.979058471953e-02      -1.976957659596e-06      -3.205302968978e-01      -9.909277132032e-03      -3.205301699943e-01      -1.358299599818e-02 
       1.937949070674e-01      -4.564860645661e-02      -2.004888405379e+02      -2.676201464841e+02      -4.557213276691e-02      -2.497242166494e+02       3.518200157098e-02       3.518200157098e-02       5.352402929682e+02       6.469548919387e-01       5.897011133015e-02      -1.945569875851e-06      -3.234775712600e-01      -9.807690423527e-03      -3.234774459693e-01      -1.367872157285e-02 
       1.960389463306e-01      -4.499138161087e-02      -2.025913628382e+02      -2.698224150131e+02      -4.491600597187e-02      -2.518483646543e+02       3.467360108261e-02       3.467360108261e-02       5.396448300262e+02       6.524412251832e-01       5.811737408355e-02      -1.916617466592e-06      -3.262207360935e-01      -9.853325531034e-03      -3.262206125916e-01      -1.378903830288e-02 
       1.983089703634e-01      -4.430102443948e-02      -2.040853469360e+02      -2.719061930674e+02      -4.422682375202e-02      -2.537825174030e+02       3.414455481991e-02       3.414455481991e-02       5.438123861348e+02       6.574794899029e-01       5.723160717822e-02      -1.889925527460e-06      -3.287398664918e-01      -1.004960066672e-02      -3.287397449514e-01      -1.391371250895e-02 
       2.006052801287e-01      -4.357968812100e-02      -2.049639218592e+02      -2.738661563514e+02      -4.350673399880e-02      -2.555212662823e+02       3.359593674972e-02       3.359593674972e-02       5.477323127028e+02       6.620532742120e-01       5.631442178093e-02      -1.865242230906e-06      -3.310267565249e-01      -1.039169421014e-02      -3.310266371060e-01      -1.405170498415e-02 
       2.029281801717e-01      -4.283115818054e-02      -2.052536955559e+02      -2.757055170816e+02      -4.275951195982e-02      -2.570713071091e+02       3.303035702165e-02       3.303035702165e-02       5.514110341632e+02       6.661798595063e-01       5.537009458215e-02      -1.842309077343e-06      -3.330900469144e-01      -1.086824381402e-02      -3.330899297531e-01      -1.420162151525e-02 
       2.052779787053e-01      -4.206151575272e-02      -2.050134601759e+02      -2.774336456216e+02      -4.199122522980e-02      -2.584492952818e+02       3.245151505483e-02       3.245151505483e-02       5.548672912432e+02       6.698954654841e-01       5.440450774944e-02      -1.820564049343e-06      -3.349478475396e-01      -1.145922892878e-02      -3.349477327421e-01      -1.436111419628e-02 
       2.076549876996e-01      -4.127798014736e-02      -2.043332916997e+02      -2.790675577037e+02      -4.120907616942e-02      -2.596829256471e+02       3.186419742760e-02       3.186419742760e-02       5.581351154074e+02       6.732662675548e-01       5.342543406298e-02      -1.799647380557e-06      -3.366332461425e-01      -1.213883355522e-02      -3.366331337774e-01      -1.452752251845e-02 
       2.100595229749e-01      -4.048936145617e-02      -2.033295636953e+02      -2.806297617723e+02      -4.042185634194e-02      -2.608084083108e+02       3.127383471279e-02       3.127383471279e-02       5.612595235446e+02       6.763738446896e-01       5.244153699345e-02      -1.779263795521e-06      -3.381870322490e-01      -1.287481600395e-02      -3.381869223448e-01      -1.469750355365e-02 
       2.124919042982e-01      -3.970435853454e-02      -2.021384294118e+02      -2.821452997466e+02      -3.963824534301e-02      -2.618670499787e+02       3.068600500502e-02       3.068600500502e-02       5.642905994933e+02       6.793142291642e-01       5.146180302998e-02      -1.759006656674e-06      -3.396572220388e-01      -1.363093342536e-02      -3.396571145821e-01      -1.486738117159e-02 
       2.149524554836e-01      -3.893098819948e-02      -2.009090740463e+02      -2.836429341780e+02      -3.886624062530e-02      -2.629051946587e+02       3.010638376688e-02       3.010638376688e-02       5.672858683561e+02       6.822021956367e-01       5.049558388529e-02      -1.738124283164e-06      -3.411012028831e-01      -1.437136676732e-02      -3.411010978183e-01      -1.503389665146e-02 
       2.174415044964e-01      -3.817793981006e-02      -1.997946792631e+02      -2.851493664707e+02      -3.811451465413e-02      -2.639681097661e+02       2.954002045394e-02       2.954002045394e-02       5.702987329413e+02       6.851365061498e-01       4.955081051781e-02      -1.716647665715e-06      -3.425683558394e-01      -1.505607392137e-02      -3.425682530749e-01      -1.519285020543e-02 
       2.199593835622e-01      -3.745192830159e-02      -1.989439319032e+02      -2.866950709393e+02      -3.738976663959e-02      -2.651034644412e+02       2.899176122730e-02       2.899176122730e-02       5.733901418785e+02       6.882354072527e-01       4.863550052519e-02      -1.693976567920e-06      -3.441178042159e-01      -1.565261933262e-02      -3.441177036263e-01      -1.534156070064e-02 
       2.225064292787e-01      -3.675909750991e-02      -1.984984005173e+02      -2.883096758909e+02      -3.669812728807e-02      -2.663571474635e+02       2.846579847987e-02       2.846579847987e-02       5.766193517817e+02       6.916096153164e-01       4.775650607369e-02      -1.669960763861e-06      -3.458049062253e-01      -1.613061524981e-02      -3.458048076582e-01      -1.547751507452e-02 
       2.250829827337e-01      -3.610401821282e-02      -1.985694184721e+02      -2.900132680205e+02      -3.604415982275e-02      -2.677626160568e+02       2.796460673154e-02       2.796460673154e-02       5.800265360409e+02       6.953309292991e-01       4.691763544691e-02      -1.644662447326e-06      -3.476655613622e-01      -1.646367863597e-02      -3.476654646495e-01      -1.559807295403e-02 
       2.276893896260e-01      -3.548952240271e-02      -1.992478537725e+02      -2.918343010308e+02      -3.543068993378e-02      -2.693570495934e+02       2.749076364083e-02       2.749076364083e-02       5.836686020616e+02       6.994970769612e-01       4.612333748618e-02      -1.618083616276e-06      -3.497486335184e-01      -1.664054076833e-02      -3.497485384806e-01      -1.570337054545e-02 
       2.303260003924e-01      -3.491661967269e-02      -2.005868557582e+02      -2.937909760701e+02      -3.485872624922e-02      -2.711634702928e+02       2.704513999351e-02       2.704513999351e-02       5.875819521401e+02       7.041656099424e-01       4.537510155337e-02      -1.590309162105e-06      -3.520828985137e-01      -1.665623985132e-02      -3.520828049712e-01      -1.579374159952e-02 
       2.329931703385e-01      -3.438365439817e-02      -2.025889385364e+02      -2.958871248870e+02      -3.432661836286e-02      -2.731853991302e+02       2.662655738266e-02       2.662655738266e-02       5.917742497739e+02       7.093435646615e-01       4.467098337619e-02      -1.561639545166e-06      -3.546718745453e-01      -1.651529910874e-02      -3.546717823307e-01      -1.587000329647e-02 
       2.356912597752e-01      -3.388763652891e-02      -2.052231480893e+02      -2.981295806598e+02      -3.383138330407e-02      -2.754236997651e+02       2.623361851702e-02       2.623361851702e-02       5.962591613196e+02       7.150415933626e-01       4.400893399884e-02      -1.532364175312e-06      -3.575208877177e-01      -1.623678307021e-02      -3.575207966813e-01      -1.593524240064e-02 
       2.384206341604e-01      -3.342309612317e-02      -2.084054788606e+02      -3.005065246059e+02      -3.336756402071e-02      -2.778558594928e+02       2.586280679441e-02       2.586280679441e-02       6.010130492118e+02       7.212079444313e-01       4.338328438541e-02      -1.502857864846e-06      -3.606040621947e-01      -1.584720576413e-02      -3.606039722156e-01      -1.599249693687e-02 
       2.411816642459e-01      -3.298331637760e-02      -2.120174172281e+02      -3.029989008514e+02      -3.292845890116e-02      -2.804481676727e+02       2.550983977663e-02       2.550983977663e-02       6.059978017028e+02       7.277652539946e-01       4.278714496658e-02      -1.473518455439e-06      -3.638827160065e-01      -1.538103459893e-02      -3.638826269973e-01      -1.604552617626e-02 
       2.439747262300e-01      -3.255972994166e-02      -2.158943095112e+02      -3.055730269648e+02      -3.250551942181e-02      -2.831478888428e+02       2.516907621531e-02       2.516907621531e-02       6.111460539296e+02       7.345888418784e-01       4.221137029234e-02      -1.444710542109e-06      -3.672945090256e-01      -1.488058276033e-02      -3.672944209392e-01      -1.609838514735e-02 
       2.468002019165e-01      -3.214414514409e-02      -2.198627073824e+02      -3.081941015627e+02      -3.209057169743e-02      -2.859000276018e+02       2.483514688435e-02       2.483514688435e-02       6.163882031255e+02       7.415491077839e-01       4.164726531390e-02      -1.416819878082e-06      -3.707746410644e-01      -1.438934670453e-02      -3.707745538919e-01      -1.615521531703e-02 
       2.496584788785e-01      -3.172838205393e-02      -2.237346579011e+02      -3.108232235717e+02      -3.167545323681e-02      -2.886440158671e+02       2.450266990056e-02       2.450266990056e-02       6.216464471434e+02       7.485029320372e-01       4.108610683724e-02      -1.390104956471e-06      -3.742515522491e-01      -1.395225219183e-02      -3.742514660186e-01      -1.622011965624e-02 
       2.525499506303e-01      -3.130511343187e-02      -2.273286701286e+02      -3.134188314619e+02      -3.125285233624e-02      -2.913180950718e+02       2.416664247938e-02       2.416664247938e-02       6.268376629237e+02       7.553012337645e-01       4.051971720299e-02      -1.364830765351e-06      -3.776507021104e-01      -1.360893822469e-02      -3.776506168822e-01      -1.629628848660e-02 
       2.554750168040e-01      -3.086896430309e-02      -2.304882005445e+02      -3.159476447051e+02      -3.081740543656e-02      -2.938710982176e+02       2.382338019353e-02       2.382338019353e-02       6.318952894102e+02       7.618204889455e-01       3.994206844891e-02      -1.341239626514e-06      -3.809103286146e-01      -1.339282162282e-02      -3.809102444727e-01      -1.638645198387e-02 
       2.584340833344e-01      -3.041588922038e-02      -2.330908435624e+02      -3.183815915133e+02      -3.036507430399e-02      -2.962613391762e+02       2.347030506053e-02       2.347030506053e-02       6.367631830266e+02       7.679637907457e-01       3.934901419467e-02      -1.319183216765e-06      -3.839819783303e-01      -1.332820479568e-02      -3.839818953729e-01      -1.649246236347e-02 
       2.614275626498e-01      -2.994422600521e-02      -2.350583194487e+02      -3.206992443197e+02      -2.989419985965e-02      -2.984593141622e+02       2.310604853493e-02       2.310604853493e-02       6.413984886394e+02       7.736566550589e-01       3.873823217857e-02      -1.298686511467e-06      -3.868284091990e-01      -1.342573721427e-02      -3.868283275295e-01      -1.661452776720e-02 
       2.644558738710e-01      -2.945416571804e-02      -2.363643325908e+02      -3.228876341613e+02      -2.940497173041e-02      -3.004503878991e+02       2.273053158922e-02       2.273053158922e-02       6.457752683226e+02       7.788608882717e-01       3.810951701826e-02      -1.279526586453e-06      -3.894305244187e-01      -1.368289045212e-02      -3.894304441358e-01      -1.675154556822e-02 
       2.675194430176e-01      -2.894767499332e-02      -2.370379725605e+02      -3.249430273753e+02      -2.889935084070e-02      -3.022359491794e+02       2.234491192757e-02       2.234491192757e-02       6.498860547507e+02       7.835774332122e-01       3.746469398529e-02      -1.261481833858e-06      -3.917887954177e-01      -1.408352568529e-02      -3.917887166061e-01      -1.690109056657e-02 
       2.706187032217e-01      -2.842930624298e-02      -2.371643943120e+02      -3.268748915704e+02      -2.838188011007e-02      -3.038367615667e+02       2.195168727278e-02       2.195168727278e-02       6.537497831408e+02       7.878458062600e-01       3.680762290092e-02      -1.244414052958e-06      -3.939229804070e-01      -1.459765297649e-02      -3.939229031300e-01      -1.705936787704e-02 
       2.737540949511e-01      -2.790408831350e-02      -2.368807575762e+02      -3.287049957432e+02      -2.785757515183e-02      -3.052916061000e+02       2.155444272043e-02       2.155444272043e-02       6.574099914864e+02       7.917634248136e-01       3.614422014516e-02      -1.227605263620e-06      -3.958817881156e-01      -1.518772055712e-02      -3.958817124068e-01      -1.722252933507e-02 
       2.769260662395e-01      -2.737918877033e-02      -2.363632359440e+02      -3.304665780369e+02      -2.733358878245e-02      -3.066546148808e+02       2.115753142140e-02       2.115753142140e-02       6.609331560738e+02       7.954512362795e-01       3.548140391098e-02      -1.211050806615e-06      -3.977256922787e-01      -1.580611782398e-02      -3.977256181398e-01      -1.738564764904e-02 
       2.801350729270e-01      -2.686177343167e-02      -2.358137182317e+02      -3.322032153590e+02      -2.681707097147e-02      -3.079923134050e+02       2.076577037267e-02       2.076577037267e-02       6.644064307180e+02       7.990689907679e-01       3.482702077226e-02      -1.194240804802e-06      -3.995345679852e-01      -1.640434628827e-02      -3.995344953839e-01      -1.754439248491e-02 
       2.833815789091e-01      -2.635883256460e-02      -2.354386480569e+02      -3.339632332684e+02      -2.631499714588e-02      -3.093758106491e+02       2.038385121483e-02       2.038385121483e-02       6.679264665368e+02       8.027872957988e-01       3.418871020753e-02      -1.177047836080e-06      -4.013937190262e-01      -1.693578096292e-02      -4.013936478994e-01      -1.769492175493e-02 
       2.866660563954e-01      -2.587617896275e-02      -2.354265271001e+02      -3.357921437640e+02      -2.583316799729e-02      -3.108711704840e+02       2.001570981758e-02       2.001570981758e-02       6.715842875279e+02       8.067653536913e-01       3.357289381822e-02      -1.159297759193e-06      -4.033827465863e-01      -1.736035614972e-02      -4.033826768457e-01      -1.783417128588e-02 
       2.899889861791e-01      -2.541770742490e-02      -2.359253434019e+02      -3.377252333704e+02      -2.537547047167e-02      -3.125298946804e+02       1.966398888954e-02       1.966398888954e-02       6.754504667408e+02       8.111272236971e-01       3.298388530192e-02      -1.140849633866e-06      -4.055636803072e-01      -1.764872166241e-02      -4.055636118485e-01      -1.796003661292e-02 
       2.933508579160e-01      -2.498539212752e-02      -2.370325474939e+02      -3.397889019783e+02      -2.494387507155e-02      -3.143884871390e+02       1.933013723827e-02       1.933013723827e-02       6.795778039566e+02       8.159631074139e-01       3.242408964287e-02      -1.121823620830e-06      -4.079816209946e-01      -1.778613756262e-02      -4.079815537069e-01      -1.807198661290e-02 
       2.967521704153e-01      -2.457859435412e-02      -2.387714468152e+02      -3.419903413758e+02      -2.453774503557e-02      -3.164563970505e+02       1.901380623708e-02       1.901380623708e-02       6.839806827516e+02       8.212972857790e-01       3.189296875868e-02      -1.102236676824e-06      -4.106487091122e-01      -1.777454662312e-02      -4.106486428895e-01      -1.817077301123e-02 
       3.001934319413e-01      -2.419473430370e-02      -2.411010661777e+02      -3.443214420269e+02      -2.415450669411e-02      -3.187207239559e+02       1.871332178814e-02       1.871332178814e-02       6.886428840538e+02       8.270998527982e-01       3.138781784242e-02      -1.082298194595e-06      -4.135499916492e-01      -1.763021885654e-02      -4.135499263991e-01      -1.825829502152e-02 
       3.036751605276e-01      -2.383024068625e-02      -2.439289124882e+02      -3.467698838048e+02      -2.379059706704e-02      -3.211572477680e+02       1.842646821787e-02       1.842646821787e-02       6.935397676095e+02       8.333168540583e-01       3.090509625093e-02      -1.062256569685e-06      -4.166584913803e-01      -1.738352565918e-02      -4.166584270292e-01      -1.833813307681e-02 
       3.071978843033e-01      -2.348007133788e-02      -2.470988384275e+02      -3.493100087321e+02      -2.344098537131e-02      -3.237211021895e+02       1.815003404950e-02       1.815003404950e-02       6.986200174643e+02       8.398448355657e-01       3.043963868220e-02      -1.042382694561e-06      -4.199224812836e-01      -1.707825595184e-02      -4.199224177829e-01      -1.841496570688e-02 
       3.107621418325e-01      -2.313885145856e-02      -2.504266061304e+02      -3.519101722742e+02      -2.310030874799e-02      -3.263582274424e+02       1.788056299040e-02       1.788056299040e-02       7.038203445483e+02       8.465580795484e-01       2.998587322760e-02      -1.022957152023e-06      -4.232791024470e-01      -1.676285683179e-02      -4.232790397742e-01      -1.849375692808e-02 
       3.143684824675e-01      -2.280110514639e-02      -2.537137010672e+02      -3.545317230143e+02      -2.276310314548e-02      -3.290066459371e+02       1.761446560106e-02       1.761446560106e-02       7.090634460286e+02       8.533104762210e-01       2.953798699493e-02      -1.004233413320e-06      -4.266552999525e-01      -1.648563487428e-02      -4.266552381105e-01      -1.857906509786e-02 
       3.180174667161e-01      -2.246162331079e-02      -2.567630425134e+02      -3.571306120428e+02      -2.242417042451e-02      -3.316001805758e+02       1.734824612765e-02       1.734824612765e-02       7.142612240856e+02       8.599437467722e-01       2.909028799983e-02      -9.863633935732e-07      -4.299719343718e-01      -1.629049743445e-02      -4.299718733861e-01      -1.867455332669e-02 
       3.217096666243e-01      -2.211621986408e-02      -2.594076685401e+02      -3.596640446141e+02      -2.207933297772e-02      -3.340782835613e+02       1.707901255284e-02       1.707901255284e-02       7.193280892282e+02       8.663109202334e-01       2.863803661424e-02      -9.694198587906e-07      -4.331555202032e-01      -1.621045407189e-02      -4.331554601167e-01      -1.878244820344e-02 
       3.254456661739e-01      -2.176241022385e-02      -2.615351550896e+02      -3.620995071529e+02      -2.172611091096e-02      -3.363971578812e+02       1.680498150349e-02       1.680498150349e-02       7.241990143059e+02       8.723042487908e-01       2.817828608396e-02      -9.533928664557e-07      -4.361521835310e-01      -1.626370383181e-02      -4.361521243954e-01      -1.890347369855e-02 
       3.292260616973e-01      -2.139978914990e-02      -2.631042355314e+02      -3.644215741313e+02      -2.136409921456e-02      -3.385378694178e+02       1.652576318532e-02       1.652576318532e-02       7.288431482627e+02       8.778755271390e-01       2.771035810179e-02      -9.382189915417e-07      -4.389378217032e-01      -1.645134066304e-02      -4.389377635695e-01      -1.903688681649e-02 
       3.330514623091e-01      -2.103000295361e-02      -2.641510004075e+02      -3.666345243387e+02      -2.099494011497e-02      -3.405094361438e+02       1.624235965038e-02       1.624235965038e-02       7.332690486775e+02       8.830440105690e-01       2.723584625122e-02      -9.236936002726e-07      -4.415220623746e-01      -1.675720080115e-02      -4.415220052845e-01      -1.918060372590e-02 
       3.369224903559e-01      -2.065623223259e-02      -2.647809449100e+02      -3.687585237857e+02      -2.062180690238e-02      -3.423444880125e+02       1.595680645164e-02       1.595680645164e-02       7.375170475714e+02       8.878856603505e-01       2.675802835590e-02      -9.096967507134e-07      -4.439428861963e-01      -1.714997850947e-02      -4.439428301753e-01      -1.933131733341e-02 
       3.408397818850e-01      -2.028248891290e-02      -2.651507561088e+02      -3.708230674660e+02      -2.024870249014e-02      -3.440911149249e+02       1.567167889684e-02       1.567167889684e-02       7.416461349319e+02       8.925128306596e-01       2.628105434438e-02      -8.959462315737e-07      -4.462564702761e-01      -1.758741114126e-02      -4.462564153298e-01      -1.948474790235e-02 
       3.448039871328e-01      -1.991295629615e-02      -2.654453566038e+02      -3.728614202069e+02      -1.987980087639e-02      -3.458048077067e+02       1.538966174105e-02       1.538966174105e-02       7.457228404138e+02       8.970551892632e-01       2.580925026560e-02      -8.822686106350e-07      -4.485276485178e-01      -1.802210695606e-02      -4.485275946316e-01      -1.963616563405e-02 
       3.488157710346e-01      -1.955155372949e-02      -2.658541048231e+02      -3.749085581389e+02      -1.951901284695e-02      -3.475431359725e+02       1.511329215170e-02       1.511329215170e-02       7.498171162778e+02       9.016480148550e-01       2.534671278837e-02      -8.684580480576e-07      -4.508240602866e-01      -1.840835876490e-02      -4.508240074275e-01      -1.978120145666e-02 
       3.528758137560e-01      -1.920164428495e-02      -2.665470922430e+02      -3.770012039081e+02      -1.916969439170e-02      -3.493621548505e+02       1.484480987355e-02       1.484480987355e-02       7.540024078162e+02       9.064251873498e-01       2.489708242304e-02      -8.544057411220e-07      -4.532126455550e-01      -1.870915647011e-02      -4.532125936749e-01      -1.991677646596e-02 
       3.569848112472e-01      -1.886577492919e-02      -2.676576970804e+02      -3.791756276191e+02      -1.883438740708e-02      -3.513119386906e+02       1.458599223736e-02       1.458599223736e-02       7.583512552381e+02       9.115090406703e-01       2.446327836310e-02      -8.400834014206e-07      -4.557545712942e-01      -1.890023563246e-02      -4.557545203351e-01      -2.004152347490e-02 
       3.611434758224e-01      -1.854503022293e-02      -2.692512483113e+02      -3.814583460948e+02      -1.851417469368e-02      -3.534241784992e+02       1.433769156656e-02       1.433769156656e-02       7.629166921895e+02       9.169798334805e-01       2.404673454981e-02      -8.255431794455e-07      -4.584899668390e-01      -1.897602429454e-02      -4.584899167403e-01      -2.015611179620e-02 
       3.653525367639e-01      -1.823885928883e-02      -2.713207372165e+02      -3.838584862342e+02      -1.820850707462e-02      -3.557052749110e+02       1.409965710546e-02       1.409965710546e-02       7.677169724683e+02       9.228571467381e-01       2.364708675485e-02      -8.108890281061e-07      -4.614286226638e-01      -1.894763311642e-02      -4.614285733691e-01      -2.026259236368e-02 
       3.696127409538e-01      -1.794488636335e-02      -2.737760876199e+02      -3.863606801743e+02      -1.791501421869e-02      -3.581288821996e+02       1.387036710653e-02       1.387036710653e-02       7.727213603485e+02       9.290804412579e-01       2.326188405226e-02      -7.962675325199e-07      -4.645402691640e-01      -1.884290780695e-02      -4.645402206290e-01      -2.036403919089e-02 
       3.739248535338e-01      -1.765955533931e-02      -2.764648893897e+02      -3.889305951341e+02      -1.763014779215e-02      -3.606436036285e+02       1.364746598426e-02       1.364746598426e-02       7.778611902682e+02       9.355275796269e-01       2.288730234103e-02      -7.818299870799e-07      -4.677638376165e-01      -1.870108166481e-02      -4.677637898135e-01      -2.046408904642e-02 
       3.782896585951e-01      -1.737908484253e-02      -2.792063458351e+02      -3.915274686437e+02      -1.735013456087e-02      -3.631884409823e+02       1.342843828008e-02       1.342843828008e-02       7.830549372875e+02       9.420531190534e-01       2.251925400136e-02      -7.677191348091e-07      -4.710266066081e-01      -1.856567188961e-02      -4.710265595267e-01      -2.056658789585e-02 
       3.827079599000e-01      -1.710027177242e-02      -2.818249481538e+02      -3.941158361898e+02      -1.707177828878e-02      -3.657075412607e+02       1.321117151947e-02       1.321117151947e-02       7.882316723796e+02       9.485247069423e-01       2.215431313535e-02      -7.540567115161e-07      -4.742623998267e-01      -1.847771716766e-02      -4.742623534711e-01      -2.067525326029e-02 
       3.871805816365e-01      -1.682081264284e-02      -2.841773432592e+02      -3.966681777282e+02      -1.679278032242e-02      -3.681564690080e+02       1.299414429088e-02       1.299414429088e-02       7.933363554564e+02       9.548371446248e-01       2.179001158150e-02      -7.409261073151e-07      -4.774186179279e-01      -1.846873189449e-02      -4.774185723124e-01      -2.079287275702e-02 
       3.917083692089e-01      -1.653944416809e-02      -2.861753067552e+02      -3.991645311267e+02      -1.651187981346e-02      -3.705054004390e+02       1.277647963662e-02       1.277647963662e-02       7.983290622534e+02       9.609183379934e-01       2.142491064295e-02      -7.283372470286e-07      -4.804592138531e-01      -1.855429505592e-02      -4.804591689967e-01      -2.092044576627e-02 
       3.962921900649e-01      -1.625574306212e-02      -2.877878397972e+02      -4.015890080767e+02      -1.622865392207e-02      -3.727365916387e+02       1.255779391046e-02       1.255779391046e-02       8.031780161534e+02       9.667222412456e-01       2.105834875103e-02      -7.162277879678e-07      -4.833611647009e-01      -1.873319032803e-02      -4.833611206228e-01      -2.105692027787e-02 
       4.009329345627e-01      -1.597041820390e-02      -2.890558788318e+02      -4.039378343662e+02      -1.594380950752e-02      -3.748532085341e+02       1.233843564267e-02       1.233843564267e-02       8.078756687325e+02       9.722516054824e-01       2.069084626995e-02      -7.044822134444e-07      -4.861258460268e-01      -1.898667523188e-02      -4.861258027412e-01      -2.119951103403e-02 
       4.056315168792e-01      -1.568541478980e-02      -2.900884554011e+02      -4.062285446342e+02      -1.565928727935e-02      -3.768862672916e+02       1.211962684132e-02       1.211962684132e-02       8.124570892683e+02       9.775776788410e-01       2.032436205669e-02      -6.929738634934e-07      -4.887888819096e-01      -1.928327476648e-02      -4.887888394205e-01      -2.134479648036e-02 
       4.103888759632e-01      -1.540347720339e-02      -2.910420907924e+02      -4.084969336727e+02      -1.537782563832e-02      -3.788889897293e+02       1.190318348688e-02       1.190318348688e-02       8.169938673454e+02       9.828274447359e-01       1.996184348770e-02      -6.815879200750e-07      -4.914137640693e-01      -1.958485139314e-02      -4.914137223679e-01      -2.148939704886e-02 
       4.152059765344e-01      -1.512735727385e-02      -2.920833062760e+02      -4.107848971901e+02      -1.510217057630e-02      -3.809211202757e+02       1.169095932152e-02       1.169095932152e-02       8.215697943801e+02       9.881450038870e-01       1.960631156136e-02      -6.702359487059e-07      -4.940725428780e-01      -1.985450908904e-02      -4.940725019435e-01      -2.163044374721e-02 
       4.200838101329e-01      -1.485891278508e-02      -2.933461119663e+02      -4.131222552821e+02      -1.483417596232e-02      -3.830275495663e+02       1.148419074046e-02       1.148419074046e-02       8.262445105642e+02       9.936379148385e-01       1.925977560950e-02      -6.588548021225e-07      -4.968189976161e-01      -2.006370162691e-02      -4.968189574192e-01      -2.176564274951e-02 
       4.250233962207e-01      -1.459886239020e-02      -2.949068300961e+02      -4.155224855383e+02      -1.457455899006e-02      -3.852309740290e+02       1.128334278482e-02       1.128334278482e-02       8.310449710766e+02       9.993599375988e-01       1.892298642050e-02      -6.474170975775e-07      -4.996800082908e-01      -2.019785727406e-02      -4.996799687994e-01      -2.189380157231e-02 
       4.300257833389e-01      -1.434699392827e-02      -2.967762322772e+02      -4.179885431529e+02      -1.432310812449e-02      -3.875354589550e+02       1.108829307762e-02       1.108829307762e-02       8.359770863058e+02       1.005321762724e+00       1.859575212354e-02      -6.359579475281e-07      -5.026609201785e-01      -2.025954234797e-02      -5.026608813620e-01      -2.201551018561e-02 
       4.350920503249e-01      -1.410263468372e-02      -2.989139267166e+02      -4.205221838077e+02      -1.407915240019e-02      -3.899362691920e+02       1.089867145673e-02       1.089867145673e-02       8.410443676154e+02       1.011516114360e+00       1.827750013088e-02      -6.245577788251e-07      -5.057580953480e-01      -2.026593352183e-02      -5.057580571799e-01      -2.213323154137e-02 
       4.402233075914e-01      -1.386446954815e-02      -3.012248962386e+02      -4.231155086906e+02      -1.384137980774e-02      -3.924124184852e+02       1.071368533192e-02       1.071368533192e-02       8.462310173812e+02       1.017897452719e+00       1.796697325817e-02      -6.133151621656e-07      -5.089487638982e-01      -2.024621530191e-02      -5.089487263593e-01      -2.225052504143e-02 
       4.454206984736e-01      -1.363055304229e-02      -3.035769074094e+02      -4.257424549807e+02      -1.360784909398e-02      -3.949223635659e+02       1.053205531445e-02       1.053205531445e-02       8.514849099615e+02       1.024367826561e+00       1.766209803749e-02      -6.023158508111e-07      -5.121839502004e-01      -2.023327360695e-02      -5.121839132804e-01      -2.237052250733e-02 
       4.506854006466e-01      -1.339872206037e-02      -3.058290247002e+02      -4.283633293621e+02      -1.337640160147e-02      -3.974120728436e+02       1.035228582650e-02       1.035228582650e-02       8.567266587241e+02       1.030795573446e+00       1.736042297755e-02      -5.916031516416e-07      -5.153978230254e-01      -2.025623387867e-02      -5.153977867230e-01      -2.249515111671e-02 
       4.560186276189e-01      -1.316751553853e-02      -3.078760627709e+02      -4.309480066124e+02      -1.314557918428e-02      -3.998408107180e+02       1.017335305812e-02       1.017335305812e-02       8.618960132248e+02       1.037080895845e+00       1.706026499731e-02      -5.811936647486e-07      -5.185404836024e-01      -2.033455471146e-02      -5.185404479223e-01      -2.262547535165e-02 
       4.614216303071e-01      -1.293671027636e-02      -3.096847615092e+02      -4.334908505528e+02      -1.291515898421e-02      -4.021988805683e+02       9.995099212827e-03       9.995099212827e-03       8.669817011055e+02       1.043200546945e+00       1.676136422251e-02      -5.710802530726e-07      -5.216003085252e-01      -2.047250336907e-02      -5.216002734724e-01      -2.276170299928e-02 
       4.668956986955e-01      -1.270695216476e-02      -3.112866573255e+02      -4.360026868543e+02      -1.268578539340e-02      -4.044999639693e+02       9.817951428556e-03       9.817951428556e-03       8.720053737085e+02       1.049187649337e+00       1.646441383714e-02      -5.612278723120e-07      -5.245938590920e-01      -2.065981134619e-02      -5.245938246683e-01      -2.290290399648e-02 
       4.724421635890e-01      -1.247910874740e-02      -3.127548417817e+02      -4.384935361885e+02      -1.245832388367e-02      -4.067634336807e+02       9.642435248991e-03       9.642435248991e-03       8.769870723770e+02       1.055086008708e+00       1.617024856893e-02      -5.515666014358e-07      -5.275430381514e-01      -2.087455702301e-02      -5.275430043541e-01      -2.304658566419e-02 
       4.780623984623e-01      -1.225409255809e-02      -3.141847036861e+02      -4.409721780581e+02      -1.223368480337e-02      -4.090110537079e+02       9.469084392321e-03       9.469084392321e-03       8.819443561163e+02       1.060943547642e+00       1.587970827573e-02      -5.420154392746e-07      -5.304718070000e-01      -2.108947751890e-02      -5.304717738210e-01      -2.318952439339e-02 
       4.837578214154e-01      -1.203310305015e-02      -3.156848712949e+02      -4.434612924420e+02      -1.201306501199e-02      -4.112779907665e+02       9.298685771135e-03       9.298685771135e-03       8.869225848839e+02       1.066843828912e+00       1.559406757360e-02      -5.325236164901e-07      -5.334219470302e-01      -2.127955277192e-02      -5.334219144559e-01      -2.332950784228e-02 
       4.895298972391e-01      -1.181730145090e-02      -3.173487017785e+02      -4.459927312757e+02      -1.179762342094e-02      -4.136045865077e+02       9.132065017603e-03       9.132065017603e-03       8.919854625513e+02       1.072886919917e+00       1.531468800147e-02      -5.230825193417e-07      -5.364434919460e-01      -2.142881312217e-02      -5.364434599583e-01      -2.346600474942e-02 
       4.953801396020e-01      -1.160707604209e-02      -3.192148606553e+02      -4.485832507536e+02      -1.158774764006e-02      -4.160104669064e+02       8.969518988689e-03       8.969518988689e-03       8.971665015073e+02       1.079122654044e+00       1.504206637163e-02      -5.137058719390e-07      -5.395613584421e-01      -2.153403551968e-02      -5.395613270219e-01      -2.359946651418e-02 
       5.013101133638e-01      -1.140172449275e-02      -3.212490710251e+02      -4.512196938997e+02      -1.138273684310e-02      -4.184796230945e+02       8.810558718506e-03       8.810558718506e-03       9.024393877993e+02       1.085511696217e+00       1.477539995943e-02      -5.044117951712e-07      -5.427558789773e-01      -2.160480635063e-02      -5.427558481083e-01      -2.373060284934e-02 
       5.073214370266e-01      -1.120021252379e-02      -3.233753310811e+02      -4.538819568328e+02      -1.118155897508e-02      -4.209839830273e+02       8.654484395740e-03       8.654484395740e-03       9.077639136657e+02       1.091986414909e+00       1.451354715554e-02      -4.952351844640e-07      -5.459932377839e-01      -2.166006361659e-02      -5.459932074547e-01      -2.386100570978e-02 
       5.134157853330e-01      -1.100181548298e-02      -3.255149680770e+02      -4.565626331450e+02      -1.098349104407e-02      -4.235054612196e+02       8.500855292945e-03       8.500855292945e-03       9.131252662900e+02       1.098506843377e+00       1.425580725171e-02      -4.862276157169e-07      -5.492534514856e-01      -2.172180724475e-02      -5.492534216885e-01      -2.399325198884e-02 
       5.195948920219e-01      -1.080593273959e-02      -3.275967565418e+02      -4.592549823523e+02      -1.078793374946e-02      -4.260276553890e+02       8.349300224503e-03       8.349300224503e-03       9.185099647046e+02       1.105036417048e+00       1.400158770167e-02      -4.774256437750e-07      -5.525182377937e-01      -2.180826176361e-02      -5.525182085240e-01      -2.412941121219e-02 
       5.258605527531e-01      -1.061181258626e-02      -3.295609889743e+02      -4.619366567098e+02      -1.059413681413e-02      -4.285231465639e+02       8.199268701197e-03       8.199268701197e-03       9.238733134196e+02       1.111506531825e+00       1.374997509881e-02      -4.688228910387e-07      -5.557532946568e-01      -2.192825344205e-02      -5.557532659124e-01      -2.426952635833e-02 
       5.322146282141e-01      -1.041911720767e-02      -3.313907149794e+02      -4.645912850283e+02      -1.040176292862e-02      -4.309759423164e+02       8.050473493134e-03       8.050473493134e-03       9.291825700566e+02       1.117874708299e+00       1.350047931449e-02      -4.603898327795e-07      -5.589373823702e-01      -2.207920947048e-02      -5.589373541497e-01      -2.441240729821e-02 
       5.386590474225e-01      -1.022843041815e-02      -3.331345851333e+02      -4.672341359941e+02      -1.021139462125e-02      -4.334059767401e+02       7.903309318696e-03       7.903309318696e-03       9.344682719882e+02       1.124189490661e+00       1.325374415652e-02      -4.521039946414e-07      -5.620947730312e-01      -2.224890767464e-02      -5.620947453304e-01      -2.455711890741e-02 
       5.451958112383e-01      -1.004062470087e-02      -3.348723386512e+02      -4.698914711624e+02      -1.002390253224e-02      -4.358469339423e+02       7.758378543843e-03       7.758378543843e-03       9.397829423248e+02       1.130533684378e+00       1.301075669970e-02      -4.439432978586e-07      -5.652668693779e-01      -2.242034954304e-02      -5.652668421889e-01      -2.470264882435e-02 
       5.518269961031e-01      -9.856035403095e-03      -3.366628462749e+02      -4.725682838513e+02      -9.839621193135e-03      -4.383118979229e+02       7.615867081496e-03       7.615867081496e-03       9.451365677027e+02       1.136936088295e+00       1.277180514041e-02      -4.358730816219e-07      -5.684680708346e-01      -2.257783235019e-02      -5.684680441476e-01      -2.484716288555e-02 
       5.585547580240e-01      -9.674733819223e-03      -3.385397437682e+02      -4.752634829317e+02      -9.658621678999e-03      -4.408051154351e+02       7.475789889963e-03       7.475789889963e-03       9.505269658634e+02       1.143404476114e+00       1.253690162898e-02      -4.278729287224e-07      -5.717022642527e-01      -2.271255167770e-02      -5.717022380570e-01      -2.498947485479e-02 
       5.653813368197e-01      -9.496998810920e-03      -3.405249130440e+02      -4.779944168499e+02      -9.481182391030e-03      -4.433441325335e+02       7.338376529037e-03       7.338376529037e-03       9.559888336999e+02       1.149984860079e+00       1.230643568499e-02      -4.199606529950e-07      -5.749924557548e-01      -2.282529668447e-02      -5.749924300393e-01      -2.513057145267e-02 
       5.723090606529e-01      -9.322729765155e-03      -3.426007159118e+02      -4.807680091077e+02      -9.307203039193e-03      -4.459319217425e+02       7.203594746679e-03       7.203594746679e-03       9.615360182153e+02       1.156687921072e+00       1.208036787684e-02      -4.121621498499e-07      -5.783439857818e-01      -2.292520705313e-02      -5.783439605360e-01      -2.527203750409e-02 
       5.793403508692e-01      -9.151122552324e-03      -3.447001500609e+02      -4.835584633896e+02      -9.135881117223e-03      -4.485371261932e+02       7.070868894335e-03       7.070868894335e-03       9.671169267793e+02       1.163435618686e+00       1.185774753502e-02      -4.044836524077e-07      -5.817178341259e-01      -2.302535766175e-02      -5.817178093428e-01      -2.541438125027e-02 
       5.864777271687e-01      -8.981606683135e-03      -3.467651938524e+02      -4.863483406005e+02      -8.966647294488e-03      -4.511366029765e+02       6.939799990613e-03       6.939799990613e-03       9.726966812011e+02       1.170171251057e+00       1.163791903028e-02      -3.969336495500e-07      -5.850856498534e-01      -2.313744995604e-02      -5.850856255283e-01      -2.555830523354e-02 
       5.937238131390e-01      -8.814273389078e-03      -3.487836082189e+02      -4.891492706471e+02      -8.799592675937e-03      -4.537380025505e+02       6.810486653513e-03       6.810486653513e-03       9.782985412942e+02       1.176917203736e+00       1.142105682292e-02      -3.895287115753e-07      -5.884586257399e-01      -2.326731235776e-02      -5.884586018678e-01      -2.570511366098e-02 
       6.010813421777e-01      -8.649066263646e-03      -3.507544095252e+02      -4.919589704425e+02      -8.634660900917e-03      -4.563393055666e+02       6.682874435707e-03       6.682874435707e-03       9.839179408851e+02       1.183667734533e+00       1.120706611023e-02      -3.822581371501e-07      -5.918338906905e-01      -2.341292194685e-02      -5.918338672666e-01      -2.585439208537e-02 
       6.085531638393e-01      -8.485809536599e-03      -3.526862136739e+02      -4.947627656970e+02      -8.471676401356e-03      -4.589298156315e+02       6.556787903326e-03       6.556787903326e-03       9.895255313939e+02       1.190392038268e+00       1.099563991906e-02      -3.750916795521e-07      -5.951960421145e-01      -2.356609374878e-02      -5.951960191338e-01      -2.600432088421e-02 
       6.161422506428e-01      -8.324957224470e-03      -3.546306394385e+02      -4.975800696486e+02      -8.311092253698e-03      -4.615333133265e+02       6.432547111267e-03       6.432547111267e-03       9.951601392973e+02       1.197149207851e+00       1.078730509151e-02      -3.680219264981e-07      -5.985746264696e-01      -2.371691696082e-02      -5.985746039255e-01      -2.615451363979e-02 
       6.238517053790e-01      -8.166941590998e-03      -3.566362516001e+02      -5.004334650190e+02      -8.153339867020e-03      -4.641757072185e+02       6.310468015799e-03       6.310468015799e-03       1.000866930038e+03       1.204004742722e+00       1.058258568885e-02      -3.610494892609e-07      -6.020023934769e-01      -2.385827199014e-02      -6.020023713611e-01      -2.630512720310e-02 
       6.316847689635e-01      -8.011464600065e-03      -3.586965097461e+02      -5.033075906278e+02      -7.998121740176e-03      -4.668434225026e+02       6.190308900234e-03       6.190308900234e-03       1.006615181256e+03       1.210922164483e+00       1.038107265455e-02      -3.541604132384e-07      -6.054611039367e-01      -2.398863693754e-02      -6.054610822416e-01      -2.645524363122e-02 
       6.396448288827e-01      -7.858380778147e-03      -3.607981370822e+02      -5.062001601222e+02      -7.845292715738e-03      -4.695325585930e+02       6.071972645613e-03       6.071972645613e-03       1.012400320244e+03       1.217892521843e+00       1.018260804075e-02      -3.473603676431e-07      -6.089462822028e-01      -2.411236175808e-02      -6.089462609216e-01      -2.660535267252e-02 
       6.477354282875e-01      -7.707802172847e-03      -3.629346555097e+02      -5.091279313009e+02      -7.694964712411e-03      -4.722558442180e+02       5.955577909807e-03       5.955577909807e-03       1.018255862602e+03       1.224951777880e+00       9.987401183552e-03      -3.406711299534e-07      -6.124759098144e-01      -2.423689987973e-02      -6.124758889402e-01      -2.675726043201e-02 
       6.559602757945e-01      -7.559256433585e-03      -3.650626485276e+02      -5.120693062505e+02      -7.546666284036e-03      -4.749889637428e+02       5.840772692066e-03       5.840772692066e-03       1.024138612501e+03       1.232038190985e+00       9.794865944157e-03      -3.340869599004e-07      -6.160191159646e-01      -2.436844236449e-02      -6.160190954924e-01      -2.691074033260e-02 
       6.643232560598e-01      -7.412506137591e-03      -3.671607076645e+02      -5.150128250735e+02      -7.400160441879e-03      -4.777192640855e+02       5.727376073766e-03       5.727376073766e-03       1.030025650147e+03       1.239119333973e+00       9.604699733625e-03      -3.276017017763e-07      -6.195596870615e-01      -2.450911628222e-02      -6.195596669867e-01      -2.706550315124e-02 
       6.728284411997e-01      -7.267903601101e-03      -3.692588533073e+02      -5.179831773227e+02      -7.255798825188e-03      -4.804715447218e+02       5.615660462977e-03       5.615660462977e-03       1.035966354645e+03       1.246259721778e+00       9.417359458847e-03      -3.212230364455e-07      -6.231298805720e-01      -2.465650386466e-02      -6.231298608891e-01      -2.722239891682e-02 
       6.814801031383e-01      -7.125316937798e-03      -3.713630568287e+02      -5.209703450607e+02      -7.113449729099e-03      -4.832385170333e+02       5.505503295718e-03       5.505503295718e-03       1.041940690121e+03       1.253438382886e+00       9.232632919515e-03      -3.149342093807e-07      -6.267192107391e-01      -2.480535099367e-02      -6.267191914428e-01      -2.738023701106e-02 
       6.902827269736e-01      -6.984696848901e-03      -3.734846401561e+02      -5.239698465191e+02      -6.973063900528e-03      -4.860182421899e+02       5.396850610028e-03       5.396850610028e-03       1.047939693038e+03       1.260648533397e+00       9.050424506128e-03      -3.087240224894e-07      -6.303242856139e-01      -2.495104845879e-02      -6.303242666985e-01      -2.753819185339e-02 
       6.992410254616e-01      -6.846394877363e-03      -3.756580848279e+02      -5.270098895640e+02      -6.834992235461e-03      -4.888390816362e+02       5.289979017130e-03       5.289979017130e-03       1.054019779128e+03       1.267964186143e+00       8.871199717443e-03      -3.026044077301e-07      -6.339821116125e-01      -2.509232447137e-02      -6.339820930715e-01      -2.769746596399e-02 
       7.083599547303e-01      -6.710082539190e-03      -3.778595422886e+02      -5.300716884058e+02      -6.698906862580e-03      -4.916820121143e+02       5.184634468024e-03       5.184634468024e-03       1.060143376812e+03       1.275335874327e+00       8.694532424300e-03      -2.965665454331e-07      -6.376679553353e-01      -2.523122824359e-02      -6.376679371633e-01      -2.785743716007e-02 
       7.176447313498e-01      -6.575619365620e-03      -3.800725923794e+02      -5.331508964805e+02      -6.564667594900e-03      -4.945409661116e+02       5.080718002921e-03       5.080718002921e-03       1.066301792961e+03       1.282748910740e+00       8.520259754489e-03      -2.906119500921e-07      -6.413744731779e-01      -2.537159873699e-02      -6.413744553698e-01      -2.801840972607e-02 
       7.271008508973e-01      -6.443173631623e-03      -3.823062422102e+02      -5.362671771120e+02      -6.432442418354e-03      -4.974334172962e+02       4.978373373071e-03       4.978373373071e-03       1.072534354224e+03       1.290250304550e+00       8.348627214314e-03      -2.847523069128e-07      -6.451251697246e-01      -2.551644641899e-02      -6.451251522750e-01      -2.818172542342e-02 
       7.367341081734e-01      -6.312362221522e-03      -3.845312792013e+02      -5.393934416802e+02      -6.301848902356e-03      -5.003327256542e+02       4.877296570609e-03       4.877296570609e-03       1.078786883360e+03       1.297770060028e+00       8.179122396835e-03      -2.789719138401e-07      -6.488850471090e-01      -2.566589040482e-02      -6.488850300138e-01      -2.834608296345e-02 
       7.465506192458e-01      -6.183375160107e-03      -3.867707812250e+02      -5.425471497962e+02      -6.173076703105e-03      -5.032567110010e+02       4.777633778172e-03       4.777633778172e-03       1.085094299592e+03       1.305354368124e+00       8.011990253769e-03      -2.732743364530e-07      -6.526772008076e-01      -2.581790088688e-02      -6.526771840618e-01      -2.851204572048e-02 
       7.565568455175e-01      -6.056267910229e-03      -3.890398607746e+02      -5.457352518836e+02      -6.046181158767e-03      -5.062133726507e+02       4.679422718523e-03       4.679422718523e-03       1.091470503767e+03       1.313023339023e+00       7.847292396757e-03      -2.676572977050e-07      -6.565116859132e-01      -2.596994213604e-02      -6.565116695117e-01      -2.867960889985e-02 
       7.667596200406e-01      -5.930791436259e-03      -3.913241776863e+02      -5.489388117294e+02      -5.920913672319e-03      -5.091850172152e+02       4.582462708578e-03       4.582462708578e-03       1.097877623459e+03       1.320729933127e+00       7.684689609791e-03      -2.621088724467e-07      -6.603649826251e-01      -2.612078558892e-02      -6.603649665634e-01      -2.884769989944e-02 
       7.771661763261e-01      -5.807220397943e-03      -3.936508731205e+02      -5.521876377138e+02      -5.797548410378e-03      -5.122001946788e+02       4.486975952512e-03       4.486975952512e-03       1.104375275428e+03       1.328549516616e+00       7.524557759738e-03      -2.566417005838e-07      -6.642747740353e-01      -2.627150887758e-02      -6.642747583081e-01      -2.901790238894e-02 
       7.877841799308e-01      -5.685198573071e-03      -3.959873158396e+02      -5.554548052855e+02      -5.675729802591e-03      -5.152318769250e+02       4.392684319502e-03       4.392684319502e-03       1.110909610571e+03       1.336411565724e+00       7.366429478386e-03      -2.512441505393e-07      -6.682057982589e-01      -2.642386396293e-02      -6.682057828620e-01      -2.918915229628e-02 
       7.986217631414e-01      -5.564837336163e-03      -3.983443288976e+02      -5.587560457481e+02      -5.555569024588e-03      -5.182945961977e+02       4.299680381524e-03       4.299680381524e-03       1.117512091496e+03       1.344354721518e+00       7.210462116107e-03      -2.459223461064e-07      -6.721773758298e-01      -2.657920104544e-02      -6.721773607588e-01      -2.936238233506e-02 
       8.096875631153e-01      -5.446083574786e-03      -4.007214788583e+02      -5.620907094868e+02      -5.437013052019e-03      -5.213877544572e+02       4.207921788044e-03       4.207921788044e-03       1.124181418974e+03       1.352377284717e+00       7.056584228478e-03      -2.406734271882e-07      -6.761886571076e-01      -2.673728121630e-02      -6.761886423583e-01      -2.953752431146e-02 
       8.209907638875e-01      -5.328813676082e-03      -4.031134436013e+02      -5.654498116675e+02      -5.319938481691e-03      -5.245031830307e+02       4.117307938070e-03       4.117307938070e-03       1.130899623335e+03       1.360457304428e+00       6.904625464954e-03      -2.354904038461e-07      -6.802286666458e-01      -2.689685806754e-02      -6.802286522141e-01      -2.971397580884e-02 
       8.325411427102e-01      -5.213208149625e-03      -4.055457316640e+02      -5.688562945484e+02      -5.204525487111e-03      -5.276635615059e+02       4.027981378351e-03       4.027981378351e-03       1.137712589097e+03       1.368654084591e+00       6.754825875945e-03      -2.303792504360e-07      -6.843270564141e-01      -2.705719959484e-02      -6.843270422954e-01      -2.989274381515e-02 
       8.443491212515e-01      -5.098981698182e-03      -4.079929427930e+02      -5.722850254456e+02      -5.090489283462e-03      -5.308444336610e+02       3.939715950152e-03       3.939715950152e-03       1.144570050891e+03       1.376903247621e+00       6.606804340886e-03      -2.253285542653e-07      -6.884516376199e-01      -2.721837827166e-02      -6.884516238106e-01      -3.007262587473e-02 
       8.564258222607e-01      -4.986354062499e-03      -4.104816501116e+02      -5.757659999654e+02      -4.978049214070e-03      -5.340744159466e+02       3.852689570335e-03       3.852689570335e-03       1.151531999931e+03       1.385280352467e+00       6.460861857842e-03      -2.203482252288e-07      -6.926401897378e-01      -2.738143311406e-02      -6.926401762334e-01      -3.025520344535e-02 
       8.687831323856e-01      -4.875016909802e-03      -4.129807456096e+02      -5.792705092361e+02      -4.866897502396e-03      -5.373252522946e+02       3.766658398843e-03       3.766658398843e-03       1.158541018472e+03       1.393711164497e+00       6.316587691498e-03      -2.154263572238e-07      -6.968555954511e-01      -2.754688614054e-02      -6.968555822483e-01      -3.043915632920e-02 
       8.814337719335e-01      -4.765193603007e-03      -4.155212958665e+02      -5.828297930224e+02      -4.757257100175e-03      -5.406272643388e+02       3.681801001047e-03       3.681801001047e-03       1.165659586045e+03       1.402275392261e+00       6.174283234847e-03      -2.105715521403e-07      -7.011377090357e-01      -2.771473359326e-02      -7.011376961303e-01      -3.062598634980e-02 
       8.943913724798e-01      -4.656613647382e-03      -4.180781854800e+02      -5.864170409400e+02      -4.648857994692e-03      -5.439546659482e+02       3.597901255191e-03       3.597901255191e-03       1.172834081880e+03       1.410904876750e+00       6.033583748169e-03      -2.057720320637e-07      -7.054524509862e-01      -2.788437536120e-02      -7.054524383749e-01      -3.081431796508e-02 
       9.076705633606e-01      -4.549486786156e-03      -4.206831727845e+02      -5.900638757639e+02      -4.541909544022e-03      -5.473381980145e+02       3.515126732734e-03       3.515126732734e-03       1.180127751528e+03       1.419680368366e+00       5.894772035042e-03      -2.010359197295e-07      -7.098401965044e-01      -2.805581676784e-02      -7.098401841832e-01      -3.100567401022e-02 
       9.212870682466e-01      -4.443548636551e-03      -4.233085314125e+02      -5.937436378717e+02      -4.436147840308e-03      -5.507517988363e+02       3.433267965240e-03       3.433267965240e-03       1.187487275743e+03       1.428533272014e+00       5.757495136102e-03      -1.963526856411e-07      -7.142666480413e-01      -2.822927327552e-02      -7.142666360070e-01      -3.119879417992e-02 
       9.352578131720e-01      -4.338968213069e-03      -4.259809986101e+02      -5.974852581543e+02      -4.331741588649e-03      -5.542232383203e+02       3.352461234744e-03       3.352461234744e-03       1.194970516309e+03       1.437536734199e+00       5.621983439326e-03      -1.917294175810e-07      -7.187683788507e-01      -2.840530849827e-02      -7.187683670996e-01      -3.139514249738e-02 
       9.496010476076e-01      -4.235530378879e-03      -4.286782934343e+02      -6.012670653073e+02      -4.228476035855e-03      -5.577313705560e+02       3.272535916404e-03       3.272535916404e-03       1.202534130615e+03       1.446635026906e+00       5.487949383805e-03      -1.871572353723e-07      -7.233175249243e-01      -2.858389750203e-02      -7.233175134532e-01      -3.159366479389e-02 
       9.643364804132e-01      -4.133325503866e-03      -4.314196892948e+02      -6.051084247906e+02      -4.126441382094e-03      -5.612949941936e+02       3.193564496676e-03       3.193564496676e-03       1.210216849581e+03       1.455877461291e+00       5.355515392637e-03      -1.826394111074e-07      -7.279387418397e-01      -2.876499583005e-02      -7.279387306454e-01      -3.179528378413e-02 
       9.794854327925e-01      -4.032275845365e-03      -4.342018335837e+02      -6.090061339112e+02      -4.025560019953e-03      -5.649109750425e+02       3.115485686886e-03       3.115485686886e-03       1.218012267822e+03       1.465255654681e+00       5.224578290674e-03      -1.781725718117e-07      -7.326278382611e-01      -2.894860377765e-02      -7.326278273405e-01      -3.199984151047e-02 
       9.950710107137e-01      -3.932296102909e-03      -4.370190767253e+02      -6.129554933835e+02      -3.925746798603e-03      -5.685746027285e+02       3.038232571466e-03       3.038232571466e-03       1.225910986767e+03       1.474757151712e+00       5.095025534815e-03      -1.737532476232e-07      -7.373785865057e-01      -2.913493151191e-02      -7.373785758559e-01      -3.220713501992e-02 
       1.011118299649e+00      -3.833467504523e-03      -4.398910094165e+02      -6.169775449611e+02      -3.827082794357e-03      -5.723060966745e+02       2.961870966340e-03       2.961870966340e-03       1.233955089922e+03       1.484435104951e+00       4.966968488036e-03      -1.693846953326e-07      -7.422175628577e-01      -2.932431493576e-02      -7.422175524755e-01      -3.241821700856e-02 
       1.027654584949e+00      -3.735625130325e-03      -4.428001763234e+02      -6.210555007969e+02      -3.729403380014e-03      -5.760890462005e+02       2.886270221384e-03       2.886270221384e-03       1.242111001594e+03       1.494246192688e+00       4.840187007246e-03      -1.650600370146e-07      -7.471231064610e-01      -2.951674651412e-02      -7.471230963438e-01      -3.263226978226e-02 
       1.044709601705e+00      -3.638788255177e-03      -4.457578526706e+02      -6.252013481445e+02      -3.632727789512e-03      -5.799349876025e+02       2.811446566942e-03       2.811446566942e-03       1.250402696289e+03       1.504220648950e+00       4.714708744878e-03      -1.607798352420e-07      -7.521103343299e-01      -2.971232711927e-02      -7.521103244749e-01      -3.284987847785e-02 
       1.062315818564e+00      -3.542964390107e-03      -4.487743862759e+02      -6.294266177274e+02      -3.537063515388e-03      -5.838549417201e+02       2.737406887530e-03       2.737406887530e-03       1.258853235455e+03       1.514387345995e+00       4.590545597054e-03      -1.565442890499e-07      -7.571936825931e-01      -2.991130963183e-02      -7.571936729976e-01      -3.307162557442e-02 
       1.080508760706e+00      -3.448035975731e-03      -4.518389615840e+02      -6.337216254299e+02      -3.442293205957e-03      -5.878393279470e+02       2.664058404806e-03       2.664058404806e-03       1.267443250860e+03       1.524720929399e+00       4.467541345300e-03      -1.523485422028e-07      -7.623604740380e-01      -3.011387929435e-02      -7.623604646996e-01      -3.329706121661e-02 
       1.099327377988e+00      -3.353984666887e-03      -4.549577698228e+02      -6.380937060746e+02      -3.348398543714e-03      -5.918950969915e+02       2.591387381836e-03       2.591387381836e-03       1.276187412149e+03       1.535239528525e+00       4.345673095345e-03      -1.481916884799e-07      -7.676197733462e-01      -3.032023056768e-02      -7.676197642625e-01      -3.352655655194e-02 
       1.118814465254e+00      -3.260819294163e-03      -4.581428562604e+02      -6.425564031738e+02      -3.255388337851e-03      -5.960351768433e+02       2.519401756560e-03       2.519401756560e-03       1.285112806348e+03       1.545976991010e+00       4.224954520964e-03      -1.440739353517e-07      -7.729885043366e-01      -3.053062073084e-02      -7.729884955052e-01      -3.376078850385e-02 
       1.139017142838e+00      -3.168485577649e-03      -4.613951324716e+02      -6.471123478085e+02      -3.163208401583e-03      -6.002618607193e+02       2.448059152085e-03       2.448059152085e-03       1.294224695617e+03       1.556939153181e+00       4.105314415291e-03      -1.399929643631e-07      -7.784695851719e-01      -3.074532378546e-02      -7.784695765906e-01      -3.399990855353e-02 
       1.159987406523e+00      -3.076918513093e-03      -4.647135074345e+02      -6.517620284374e+02      -3.071793842563e-03      -6.045753817677e+02       2.377308729488e-03       2.377308729488e-03       1.303524056875e+03       1.568126435003e+00       3.986667323782e-03      -1.359459999423e-07      -7.840632258349e-01      -3.096458380066e-02      -7.840632175015e-01      -3.424396156058e-02 
       1.181782757508e+00      -2.986082689087e-03      -4.681028891258e+02      -6.565120961925e+02      -2.981109307908e-03      -6.089819348995e+02       2.307123181579e-03       2.307123181579e-03       1.313024192385e+03       1.579554910498e+00       3.868967470467e-03      -1.319314567212e-07      -7.897774633366e-01      -3.118869081383e-02      -7.897774552492e-01      -3.449329439940e-02 
       1.204466924296e+00      -2.895948245807e-03      -4.715699548516e+02      -6.613711554738e+02      -2.891124985933e-03      -6.134895844328e+02       2.237479708945e-03       2.237479708945e-03       1.322742310948e+03       1.591245578195e+00       3.752176709625e-03      -1.279479738994e-07      -7.956227969407e-01      -3.141795709147e-02      -7.956227890974e-01      -3.474835012918e-02 
       1.228110689814e+00      -2.806476381749e-03      -4.751201596130e+02      -6.663466372596e+02      -2.801802139144e-03      -6.181052472874e+02       2.168348443405e-03       2.168348443405e-03       1.332693274519e+03       1.603216417057e+00       3.636244989436e-03      -1.239938236572e-07      -8.016082161295e-01      -3.165269595778e-02      -8.016082085286e-01      -3.500951505474e-02 
       1.252792838276e+00      -2.717625641587e-03      -4.787587952920e+02      -6.714459354459e+02      -2.713099381353e-03      -6.228357850984e+02       2.099697326080e-03       2.099697326080e-03       1.342891870892e+03       1.615485217181e+00       3.521118538864e-03      -1.200671717538e-07      -8.077426159506e-01      -3.189325420162e-02      -8.077426085903e-01      -3.527717698632e-02 
       1.278601237189e+00      -2.629353469664e-03      -4.824913335233e+02      -6.766766559503e+02      -2.624974227938e-03      -6.276882605397e+02       2.031493442115e-03       2.031493442115e-03       1.353353311901e+03       1.628070286501e+00       3.406742149509e-03      -1.161661390889e-07      -8.140351503717e-01      -3.213999682763e-02      -8.140351432504e-01      -3.555173625197e-02 
       1.305634070045e+00      -2.541621288237e-03      -4.863242504363e+02      -6.820478527664e+02      -2.537388165362e-03      -6.326710752441e+02       1.963706994827e-03       1.963706994827e-03       1.364095705533e+03       1.640993421818e+00       3.293065856538e-03      -1.122890205667e-07      -8.204967177929e-01      -3.239334675250e-02      -8.204967109092e-01      -3.583366770591e-02 
       1.334001234132e+00      -2.454392100297e-03      -4.902647304928e+02      -6.875693658032e+02      -2.450304258169e-03      -6.377933824715e+02       1.896309406088e-03       1.896309406088e-03       1.375138731606e+03       1.654278369157e+00       3.180041737699e-03      -1.084341781404e-07      -8.271391912261e-01      -3.265375866794e-02      -8.271391845787e-01      -3.612348775208e-02 
       1.363825914699e+00      -2.367628958662e-03      -4.943197422271e+02      -6.932512413718e+02      -2.363685621403e-03      -6.430644714547e+02       1.829272010594e-03       1.829272010594e-03       1.386502482744e+03       1.667949173090e+00       3.067621683757e-03      -1.045999969324e-07      -8.339745929576e-01      -3.292176329208e-02      -8.339745865452e-01      -3.642172992949e-02 
       1.395246340115e+00      -2.281292237061e-03      -4.984947814165e+02      -6.991025277074e+02      -2.277492696298e-03      -6.484925893013e+02       1.762563940621e-03       1.762563940621e-03       1.398205055415e+03       1.682027105272e+00       2.955753849078e-03      -1.007847670439e-07      -8.410135588145e-01      -3.319793007299e-02      -8.410135526359e-01      -3.672888137400e-02 
       1.428417711027e+00      -2.195362356807e-03      -5.028007549512e+02      -7.051375775355e+02      -2.191705935149e-03      -6.540911524972e+02       1.696170346928e-03       1.696170346928e-03       1.410275155071e+03       1.696547076341e+00       2.844413422216e-03      -9.698758166083e-08      -8.482735441162e-01      -3.348280581205e-02      -8.482735381703e-01      -3.704568286912e-02 
       1.463514277278e+00      -2.109839858153e-03      -5.072540414914e+02      -7.113766216710e+02      -2.106325874068e-03      -6.598792257501e+02       1.630092205506e-03       1.630092205506e-03       1.422753243342e+03       1.711558811290e+00       2.733602221220e-03      -9.320838274975e-08      -8.557794113592e-01      -3.377703224200e-02      -8.557794056449e-01      -3.737316879744e-02 
       1.500731506377e+00      -2.024661633165e-03      -5.118485376048e+02      -7.178168770938e+02      -2.021289516761e-03      -6.658535980687e+02       1.564279627987e-03       1.564279627987e-03       1.435633754188e+03       1.727053421287e+00       2.623236218539e-03      -8.944454566146e-08      -8.635267161273e-01      -3.408110245226e-02      -8.635267106437e-01      -3.771124625395e-02 
       1.540288242703e+00      -1.939867353217e-03      -5.166085621570e+02      -7.244863725618e+02      -1.936636462073e-03      -6.720409312687e+02       1.498764371230e-03       1.498764371230e-03       1.448972745124e+03       1.743100625414e+00       2.513369028249e-03      -8.569765776989e-08      -8.715503179609e-01      -3.439569067603e-02      -8.715503127069e-01      -3.806133140103e-02 
       1.582428693406e+00      -1.855425802862e-03      -5.215289923623e+02      -7.313833655100e+02      -1.852335552465e-03      -6.784390159779e+02       1.433521301736e-03       1.433521301736e-03       1.462766731020e+03       1.759694137266e+00       2.403958172821e-03      -8.196649073909e-08      -8.798470736580e-01      -3.472134404125e-02      -8.798470686328e-01      -3.842338856542e-02 
       1.627423992086e+00      -1.771403564079e-03      -5.266324783466e+02      -7.385349550036e+02      -1.768453254586e-03      -6.850734979194e+02       1.368602628245e-03       1.368602628245e-03       1.477069910007e+03       1.776900898954e+00       2.295091453129e-03      -7.825387475682e-08      -8.884504542748e-01      -3.505886389354e-02      -8.884504494771e-01      -3.879880080814e-02 
       1.675572985692e+00      -1.687842638764e-03      -5.319241590232e+02      -7.459499117906e+02      -1.685031501616e-03      -6.919523425061e+02       1.304040599027e-03       1.304040599027e-03       1.491899823581e+03       1.794741459112e+00       2.186822882472e-03      -7.456170062393e-08      -8.973707341272e-01      -3.540880066238e-02      -8.973707295558e-01      -3.918803875834e-02 
       1.727201772779e+00      -1.604815173868e-03      -5.374079320353e+02      -7.536350847789e+02      -1.602142321173e-03      -6.990817521668e+02       1.239890812209e-03       1.239890812209e-03       1.507270169558e+03       1.813231807083e+00       2.079245650250e-03      -7.089317634568e-08      -9.066159078879e-01      -3.577158140238e-02      -9.066159035414e-01      -3.959146843420e-02 
       1.782661416417e+00      -1.522432904389e-03      -5.430882184674e+02      -7.615961681356e+02      -1.519897261838e-03      -7.064670639993e+02       1.176239645647e-03       1.176239645647e-03       1.523192336271e+03       1.832385807327e+00       1.972504625072e-03      -6.725322818050e-08      -9.161929077867e-01      -3.614743808648e-02      -9.161929036633e-01      -4.000938627400e-02 
       1.842323209855e+00      -1.440859634862e-03      -5.489723610500e+02      -7.698409826556e+02      -1.438459853954e-03      -7.141158025208e+02       1.113213893070e-03       1.113213893070e-03       1.539681965311e+03       1.852223154189e+00       1.866812511839e-03      -6.364905773851e-08      -9.261115809971e-01      -3.653653727932e-02      -9.261115770946e-01      -4.044218870065e-02 
       1.906570961143e+00      -1.360276772219e-03      -5.550500339183e+02      -7.783586994830e+02      -1.358011204888e-03      -7.220175248307e+02       1.050953279063e-03       1.050953279063e-03       1.556717398966e+03       1.872716420636e+00       1.762403482919e-03      -6.008874809651e-08      -9.363582140024e-01      -3.693877334908e-02      -9.363582103181e-01      -4.088934276425e-02 
       1.975790075473e+00      -1.280939965491e-03      -5.613216995363e+02      -7.871468404334e+02      -1.278806535234e-03      -7.301702728580e+02       9.896557787660e-04       9.896557787660e-04       1.574293680867e+03       1.893860903005e+00       1.659609683482e-03      -5.658352656554e-08      -9.469304549719e-01      -3.735360759073e-02      -9.469304515025e-01      -4.135067826582e-02 
       2.050353823144e+00      -1.203112040117e-03      -5.677631223403e+02      -7.961738590987e+02      -1.201108234519e-03      -7.385445178243e+02       9.295241298571e-04       9.295241298571e-04       1.592347718197e+03       1.915579735449e+00       1.558770991555e-03      -5.314504702430e-08      -9.577898709830e-01      -3.777985126509e-02      -9.577898677245e-01      -4.182456645766e-02 
       2.130608069751e+00      -1.127115692075e-03      -5.743559241142e+02      -8.054130286636e+02      -1.125238460937e-03      -7.471155715636e+02       8.708077091300e-04       8.708077091300e-04       1.610826057327e+03       1.937808927010e+00       1.460305621243e-03      -4.978755765337e-08      -9.689044665576e-01      -3.821621773437e-02      -9.689044635048e-01      -4.230960644728e-02 
       2.216856723667e+00      -1.053284968468e-03      -5.810698507544e+02      -8.148224360008e+02      -1.051530704991e-03      -7.558444989377e+02       8.137646421581e-04       8.137646421581e-04       1.629644872002e+03       1.960447529398e+00       1.364646451156e-03      -4.652580824082e-08      -9.802237675516e-01      -3.866069533348e-02      -9.802237646989e-01      -4.280359100400e-02 
       2.309350833013e+00      -9.819551241543e-04      -5.878695341344e+02      -8.243508945394e+02      -9.803196625629e-04      -7.646839916720e+02       7.586540422865e-04       7.586540422865e-04       1.648701789079e+03       1.983372963465e+00       1.272228034131e-03      -4.337458970902e-08      -9.916864843919e-01      -3.911072989166e-02      -9.916864817323e-01      -4.330382306893e-02 
       2.408284166381e+00      -9.134363485518e-04      -5.947104027842e+02      -8.339368837324e+02      -9.119150070753e-04      -7.735768752521e+02       7.057154485380e-04       7.057154485380e-04       1.667873767465e+03       2.006436823419e+00       1.183452030004e-03      -4.034761827226e-08      -1.003218414183e+00      -3.956357005646e-02      -1.003218411709e+00      -4.380708894089e-02 
       2.513796969118e+00      -8.479943165711e-04      -6.015432023002e+02      -8.435126604513e+02      -8.465819711700e-04      -7.824601654710e+02       6.551540730186e-04       6.551540730186e-04       1.687025320903e+03       2.029475691032e+00       1.098662555000e-03      -3.745663129664e-08      -1.014737847813e+00      -4.001609542061e-02      -1.014737845516e+00      -4.430983609299e-02 
       2.625987629569e+00      -7.858403733568e-04      -6.083244427806e+02      -8.530152119444e+02      -7.845315474231e-04      -7.912756315066e+02       6.071332844494e-04       6.071332844494e-04       1.706030423889e+03       2.052338673193e+00       1.018133598613e-03      -3.471094478860e-08      -1.026169338725e+00      -4.046519127398e-02      -1.026169336597e+00      -4.480874894149e-02 
       2.744929960642e+00      -7.271175220367e-04      -6.150132056320e+02      -8.623887861796e+02      -7.259065011464e-04      -7.999713794065e+02       5.617634976845e-04       5.617634976845e-04       1.724777572359e+03       2.074891098722e+00       9.420502994328e-04      -3.211688201279e-08      -1.037445551330e+00      -4.090836525435e-02      -1.037445549361e+00      -4.530091186578e-02 
       2.870692567079e+00      -6.717967235927e-04      -6.214848881241e+02      -8.714571086920e+02      -6.706778414167e-04      -8.083840622327e+02       5.190222466683e-04       5.190222466683e-04       1.742914217384e+03       2.096709263270e+00       8.703749733025e-04      -2.967312523601e-08      -1.048354633455e+00      -4.133702806689e-02      -1.048354631635e+00      -4.577703850673e-02 
       3.003356777944e+00      -6.198910742179e-04      -6.276975622058e+02      -8.801623626945e+02      -6.188586427916e-04      -8.164599414718e+02       4.789196183181e-04       4.789196183181e-04       1.760324725389e+03       2.117653742450e+00       8.031245256273e-04      -2.738025718080e-08      -1.058826872904e+00      -4.174853312091e-02      -1.058826871225e+00      -4.623410030737e-02 
       3.143030673842e+00      -5.714044908423e-04      -6.336718431203e+02      -8.885323242715e+02      -5.704528153920e-04      -8.242249061248e+02       4.414587129031e-04       4.414587129031e-04       1.777064648543e+03       2.137791870786e+00       7.403041796130e-04      -2.523845278954e-08      -1.068895936941e+00      -4.214421264958e-02      -1.068895935393e+00      -4.667356808478e-02 
       3.289858202671e+00      -5.262946371556e-04      -6.394528078895e+02      -8.966326168238e+02      -5.254180938933e-04      -8.317395667433e+02       4.066067643687e-04       4.066067643687e-04       1.793265233648e+03       2.157280779083e+00       6.818589696656e-04      -2.324586292184e-08      -1.078640390967e+00      -4.252756527697e-02      -1.078640389542e+00      -4.709893310787e-02 
       3.444023643325e+00      -4.844667708960e-04      -6.450940150241e+02      -9.045373076190e+02      -4.836598935138e-04      -8.390727424808e+02       3.742906347004e-04       3.742906347004e-04       1.809074615238e+03       2.176299175512e+00       6.276662661214e-04      -2.139829666593e-08      -1.088149589068e+00      -4.290212236500e-02      -1.088149587756e+00      -4.751409830368e-02 
       3.605752430110e+00      -4.457525172749e-04      -6.505991515676e+02      -9.122523946244e+02      -4.450101200569e-04      -8.462299069598e+02       3.443801850809e-04       3.443801850809e-04       1.824504789249e+03       2.194861199658e+00       5.775078150486e-04      -1.968831138147e-08      -1.097430601036e+00      -4.326830723202e-02      -1.097430599829e+00      -4.791939425992e-02 
       3.775309589662e+00      -4.099277878618e-04      -6.559061031026e+02      -9.196893002731e+02      -4.092450580708e-04      -8.531290547967e+02       3.167022761189e-04       3.167022761189e-04       1.839378600546e+03       2.212754201982e+00       5.310932666651e-04      -1.810598369023e-08      -1.106377102101e+00      -4.362168472462e-02      -1.106377100991e+00      -4.831014149977e-02 
       3.952996932004e+00      -3.767456735455e-04      -6.608935145494e+02      -9.266785317456e+02      -3.761182098924e-04      -8.596128870821e+02       2.910660529390e-04       2.910660529390e-04       1.853357063491e+03       2.229569938739e+00       4.881025357547e-04      -1.664039197618e-08      -1.114784970390e+00      -4.395415990714e-02      -1.114784969369e+00      -4.867741990341e-02 
       4.139149865523e+00      -3.460007165229e-04      -6.654731810384e+02      -9.330960751465e+02      -3.454244598828e-04      -8.655664017367e+02       2.673127543518e-04       2.673127543518e-04       1.866192150293e+03       2.245010033575e+00       4.482693789482e-04      -1.528244901979e-08      -1.122505017725e+00      -4.425971709357e-02      -1.122505016787e+00      -4.901469492498e-02 
       4.334134407024e+00      -3.175521181830e-04      -6.696569567402e+02      -9.389575407072e+02      -3.170232437945e-04      -8.710041894496e+02       2.453336304866e-04       2.453336304866e-04       1.877915081414e+03       2.259112446108e+00       4.114114376490e-04      -1.402593440360e-08      -1.129556223914e+00      -4.453904483770e-02      -1.129556223054e+00      -4.932278627398e-02 
       4.538344703503e+00      -2.913003326458e-04      -6.735499616697e+02      -9.444115148154e+02      -2.908151816847e-04      -8.760639532667e+02       2.250517760671e-04       2.250517760671e-04       1.888823029631e+03       2.272234372001e+00       3.773997463591e-04      -1.286646480911e-08      -1.136117186789e+00      -4.479953313309e-02      -1.136117186000e+00      -4.960954518171e-02 
       4.752201195312e+00      -2.671418581482e-04      -6.772758240716e+02      -9.496340490579e+02      -2.666969441761e-04      -8.809087087503e+02       2.063872460914e-04       2.063872460914e-04       1.899268098116e+03       2.284798758891e+00       3.461002474790e-04      -1.179947592242e-08      -1.142399380169e+00      -4.504978378351e-02      -1.142399379445e+00      -4.988424563876e-02 
       4.976149428769e+00      -2.449486988675e-04      -6.809206920117e+02      -9.547421465118e+02      -2.445407485194e-04      -8.856474043016e+02       1.892411672244e-04       1.892411672244e-04       1.909484293024e+03       2.297088341577e+00       3.173471400770e-04      -1.081931029835e-08      -1.148544171452e+00      -4.529538436142e-02      -1.148544170789e+00      -5.015306256772e-02 
       5.210659457381e+00      -2.245632742883e-04      -6.844770274604e+02      -9.597272044904e+02      -2.241892767489e-04      -8.902718454690e+02       1.734917579902e-04       1.734917579902e-04       1.919454408981e+03       2.309081741852e+00       2.909361907380e-04      -9.919002951500e-09      -1.154540871534e+00      -4.553601181322e-02      -1.154540870926e+00      -5.041554411992e-02 
       5.456225739813e+00      -2.058253029805e-04      -6.878890554307e+02      -9.645099950189e+02      -2.054825143202e-04      -8.947086496047e+02       1.590151728127e-04       1.590151728127e-04       1.929019990038e+03       2.320588593021e+00       2.666597119838e-04      -9.091463507284e-09      -1.160294297068e+00      -4.576772244200e-02      -1.160294296510e+00      -5.066750520841e-02 
       5.713367436630e+00      -1.885894053279e-04      -6.910930276690e+02      -9.690016984744e+02      -1.882753238222e-04      -8.988753634969e+02       1.456990621670e-04       1.456990621670e-04       1.938003396949e+03       2.331394847369e+00       2.443292891487e-04      -8.330265823177e-09      -1.165697424195e+00      -4.598629553187e-02      -1.165697423684e+00      -5.090427246107e-02 
       5.982629016144e+00      -1.727528392235e-04      -6.941379648948e+02      -9.732663344451e+02      -1.724651342053e-04      -9.028318873951e+02       1.334640601813e-04       1.334640601813e-04       1.946532668890e+03       2.341655954039e+00       2.238118332777e-04      -7.630870615405e-09      -1.170827977487e+00      -4.619477345312e-02      -1.170827977019e+00      -5.112923638736e-02 
       6.264581095054e+00      -1.582425065596e-04      -6.971773806497e+02      -9.775282805781e+02      -1.579789691577e-04      -9.067853655579e+02       1.222537022932e-04       1.222537022932e-04       1.955056561156e+03       2.351909291951e+00       2.050126593449e-04      -6.990057461910e-09      -1.175954646404e+00      -4.640415678522e-02      -1.175954645975e+00      -5.135419094021e-02 
       6.559821456700e+00      -1.449882769698e-04      -7.004095750212e+02      -9.820621658867e+02      -1.447468151169e-04      -9.109909241909e+02       1.120138180266e-04       1.120138180266e-04       1.964124331773e+03       2.362816742594e+00       1.878409298071e-04      -6.404732934925e-09      -1.181408371689e+00      -4.662782450636e-02      -1.181408371297e+00      -5.159363677936e-02 
       6.868976205922e+00      -1.328790853062e-04      -7.038413944857e+02      -9.868764760950e+02      -1.326577918877e-04      -9.154565563085e+02       1.026585919842e-04       1.026585919842e-04       1.973752952190e+03       2.374399038187e+00       1.721527339345e-04      -5.869986072842e-09      -1.187199519454e+00      -4.686614393761e-02      -1.187199519094e+00      -5.184802027785e-02 
       7.192701032936e+00      -1.217929599636e-04      -7.073573480585e+02      -9.918101096612e+02      -1.215901310421e-04      -9.200327285833e+02       9.409376501022e-05       9.409376501022e-05       1.983620219322e+03       2.386268104279e+00       1.577899955362e-04      -5.380423052644e-09      -1.193134052469e+00      -4.711137447435e-02      -1.193134052140e+00      -5.210885511239e-02 
       7.531682569088e+00      -1.116421903263e-04      -7.109571245001e+02      -9.968617455197e+02      -1.114562680217e-04      -9.247183119697e+02       8.625157406461e-05       8.625157406461e-05       1.993723491039e+03       2.398421030584e+00       1.446390796827e-04      -4.932167899563e-09      -1.199210515594e+00      -4.736345034735e-02      -1.199210515292e+00      -5.237607647329e-02 
       7.886639824861e+00      -1.023701838190e-04      -7.148034044771e+02      -1.002260064148e+03      -1.021997045344e-04      -9.297253740715e+02       7.908830284718e-05       7.908830284718e-05       2.004520128296e+03       2.411407957350e+00       1.326266783556e-04      -4.522725732051e-09      -1.205703978952e+00      -4.763364191761e-02      -1.205703978675e+00      -5.266175968247e-02 
       8.258325705669e+00      -9.392011669551e-05      -7.190667869246e+02      -1.008245177387e+03      -9.376371147856e-05      -9.352765507232e+02       7.256005749126e-05       7.256005749126e-05       2.016490354774e+03       2.425806487900e+00       1.216791861044e-04      -4.149589791671e-09      -1.212903244205e+00      -4.793374235988e-02      -1.212903243950e+00      -5.297857683867e-02 
       8.647528604335e+00      -8.621482670500e-05      -7.237522213098e+02      -1.014822870501e+03      -8.607125510445e-05      -9.413773343381e+02       6.660722029404e-05       6.660722029404e-05       2.029645741003e+03       2.441630885805e+00       1.116966259676e-04      -3.809349534675e-09      -1.220815443136e+00      -4.826412097799e-02      -1.220815442903e+00      -5.332685269111e-02 
       9.055074071264e+00      -7.916768831413e-05      -7.287064880222e+02      -1.021779415922e+03      -7.903585416677e-05      -9.478293441874e+02       6.116285112938e-05       6.116285112938e-05       2.043558831844e+03       2.458366403602e+00       1.025667380099e-04      -3.498174644458e-09      -1.229183202015e+00      -4.861459333126e-02      -1.229183201801e+00      -5.369534339547e-02 
       9.481826564591e+00      -7.272131247623e-05      -7.339430971321e+02      -1.029134083060e+03      -7.260021519891e-05      -9.546504195704e+02       5.618261371567e-05       5.618261371567e-05       2.058268166120e+03       2.476059347453e+00       9.421517303918e-05      -3.213530762180e-09      -1.238029673923e+00      -4.898631170214e-02      -1.238029673726e+00      -5.408509617611e-02 
       9.928691283402e+00      -6.684096563236e-05      -7.396725103599e+02      -1.037180146879e+03      -6.672966249760e-05      -9.621128095429e+02       5.163968308811e-05       5.163968308811e-05       2.074360293759e+03       2.495416081369e+00       8.659695005518e-05      -2.953887866208e-09      -1.247708040865e+00      -4.939383614012e-02      -1.247708040684e+00      -5.451162890218e-02 
       1.039661608762e+01      -6.147165015852e-05      -7.458759810423e+02      -1.045894552631e+03      -6.136929003532e-05      -9.701947757386e+02       4.749156737509e-05       4.749156737509e-05       2.091789105263e+03       2.516380255939e+00       7.964081182475e-05      -2.716816024736e-09      -1.258190128136e+00      -4.983633819280e-02      -1.258190127969e+00      -5.497375406941e-02 
       1.088659350847e+01      -5.655073248275e-05      -7.523584453010e+02      -1.055001151598e+03      -5.645656855818e-05      -9.786404423881e+02       4.368986773953e-05       4.368986773953e-05       2.110002303196e+03       2.538288025871e+00       7.326559298996e-05      -2.499545595475e-09      -1.269144013089e+00      -5.030076349137e-02      -1.269144012936e+00      -5.545698314049e-02 
       1.139966285374e+01      -5.203785986574e-05      -7.591014420156e+02      -1.064476429825e+03      -5.195121253279e-05      -9.874277388350e+02       4.020341027774e-05       4.020341027774e-05       2.128952859651e+03       2.561082215755e+00       6.741901712891e-05      -2.300294835874e-09      -1.280541108018e+00      -5.078637764316e-02      -1.280541107877e+00      -5.596012728055e-02 
       1.193691241231e+01      -4.790695844235e-05      -7.662536795322e+02      -1.074527128450e+03      -4.782719152486e-05      -9.967486370244e+02       3.701205687411e-05       3.701205687411e-05       2.149054256900e+03       2.585260970577e+00       6.206731562065e-05      -2.117914751901e-09      -1.292630485418e+00      -5.130375248037e-02      -1.292630485288e+00      -5.649417604369e-02 
       1.249948176251e+01      -4.411497478988e-05      -7.736633659901e+02      -1.084944126186e+03      -4.404152381432e-05      -1.006408745313e+03       3.408254148839e-05       3.408254148839e-05       2.169888252372e+03       2.610320045758e+00       5.715470181627e-05      -1.950502146538e-09      -1.305160022998e+00      -5.184321641516e-02      -1.305160022879e+00      -5.704816118172e-02 
       1.308856418936e+01      -4.062258793591e-05      -7.811333240049e+02      -1.095447756836e+03      -4.055495391383e-05      -1.016148985397e+03       3.138448146433e-05       3.138448146433e-05       2.190895513671e+03       2.635587368041e+00       5.263022427640e-05      -1.796318469756e-09      -1.317793684131e+00      -5.239171533944e-02      -1.317793684021e+00      -5.760743911283e-02 
       1.370540921568e+01      -3.741182853143e-05      -7.887826162370e+02      -1.106206194434e+03      -3.734954240717e-05      -1.026125226253e+03       2.890399902073e-05       2.890399902073e-05       2.212412388869e+03       2.661467448785e+00       4.847061229367e-05      -1.654572307150e-09      -1.330733724494e+00      -5.295811410535e-02      -1.330733724392e+00      -5.818097615131e-02 
       1.435132525246e+01      -3.445670941058e-05      -7.965493496618e+02      -1.117131504412e+03      -3.439934540796e-05      -1.036256022718e+03       2.662101663044e-05       2.662101663044e-05       2.234263008823e+03       2.687749103820e+00       4.464219678623e-05      -1.524115550869e-09      -1.343874552003e+00      -5.353880663649e-02      -1.343874551910e+00      -5.876424593993e-02 
       1.502768237421e+01      -3.172694810219e-05      -8.041847279005e+02      -1.127879184205e+03      -3.167413087463e-05      -1.046221330538e+03       2.451213494854e-05       2.451213494854e-05       2.255758368410e+03       2.713602120989e+00       4.110573707540e-05      -1.403608835727e-09      -1.356801060580e+00      -5.411766671120e-02      -1.356801060494e+00      -5.933915918795e-02 
       1.573591522508e+01      -2.921059955112e-05      -8.118123162145e+02      -1.138620359759e+03      -2.916197365038e-05      -1.056180123308e+03       2.256812914104e-05       2.256812914104e-05       2.277240719518e+03       2.739439072209e+00       3.784576478297e-05      -1.292526257573e-09      -1.369719536183e+00      -5.470386154776e-02      -1.369719536104e+00      -5.991487990897e-02 
       1.647752606189e+01      -2.689271452880e-05      -8.195037344771e+02      -1.149412183318e+03      -2.684794940922e-05      -1.066190132827e+03       2.077744908639e-05       2.077744908639e-05       2.298824366636e+03       2.765409744358e+00       3.484291074781e-05      -1.190207651009e-09      -1.382704872252e+00      -5.530120584291e-02      -1.382704872179e+00      -6.049480879666e-02 
       1.725408794066e+01      -2.474283632268e-05      -8.266773773584e+02      -1.159571938115e+03      -2.470165214266e-05      -1.075603580258e+03       1.911656273842e-05       1.911656273842e-05       2.319143876229e+03       2.789833960943e+00       3.205771238020e-05      -1.095305470531e-09      -1.394916980538e+00      -5.587657947758e-02      -1.394916980471e+00      -6.104226362962e-02 
       1.806724805324e+01      -2.276438772823e-05      -8.339224090272e+02      -1.169795384210e+03      -2.272649896836e-05      -1.085080077339e+03       1.758811742426e-05       1.758811742426e-05       2.339590768420e+03       2.814422831090e+00       2.949461005526e-05      -1.007973775300e-09      -1.407211415607e+00      -5.646557136780e-02      -1.407211415545e+00      -6.159488337246e-02 
       1.891873122127e+01      -2.093736304001e-05      -8.409570346809e+02      -1.179728573309e+03      -2.090251749089e-05      -1.094286804524e+03       1.617665519139e-05       1.617665519139e-05       2.359457146618e+03       2.838313082479e+00       2.712768096711e-05      -9.273274822296e-10      -1.419156541296e+00      -5.705164601424e-02      -1.419156541240e+00      -6.213389364837e-02 
       1.981034355469e+01      -1.925589981102e-05      -8.480369045252e+02      -1.189674807875e+03      -1.922385503731e-05      -1.103511125228e+03       1.487764807826e-05       1.487764807826e-05       2.379349615751e+03       2.862250246421e+00       2.494933236117e-05      -8.531089508897e-10      -1.431125123263e+00      -5.765112825880e-02      -1.431125123211e+00      -6.267581771171e-02 
       2.074397628281e+01      -1.770014494178e-05      -8.546466378531e+02      -1.199088979324e+03      -1.767069155232e-05      -1.112228032684e+03       1.367575783221e-05       1.367575783221e-05       2.398177958648e+03       2.884872726266e+00       2.293384274612e-05      -7.844396004953e-10      -1.442436363181e+00      -5.823745619912e-02      -1.442436363133e+00      -6.319097081646e-02 
       2.172160976582e+01      -1.627123139790e-05      -8.614269998772e+02      -1.208653182205e+03      -1.624415814180e-05      -1.121093836784e+03       1.257185980142e-05       1.257185980142e-05       2.417306364409e+03       2.907882916800e+00       2.108268004206e-05      -7.213716512309e-10      -1.453941458444e+00      -5.884671392531e-02      -1.453941458400e+00      -6.371690263079e-02 
       2.274531769542e+01      -1.495536744482e-05      -8.680974561991e+02      -1.218113055173e+03      -1.493048602851e-05      -1.129857436806e+03       1.155529964671e-05       1.155529964671e-05       2.436226110346e+03       2.930629784682e+00       1.937797776504e-05      -6.632952934485e-10      -1.465314892381e+00      -5.946712030875e-02      -1.465314892341e+00      -6.423955883952e-02 
       2.381727149336e+01      -1.374571166103e-05      -8.748311544375e+02      -1.227625510410e+03      -1.372284519392e-05      -1.138673747193e+03       1.062079118649e-05       1.062079118649e-05       2.455251020820e+03       2.953515222193e+00       1.781087105668e-05      -6.099088058115e-10      -1.476757611133e+00      -6.010861852626e-02      -1.476757611096e+00      -6.476801962033e-02 
       2.493974491737e+01      -1.262939539931e-05      -8.812111382303e+02      -1.236790266777e+03      -1.260838840504e-05      -1.147151363804e+03       9.758392613978e-06       9.758392613978e-06       2.473580533553e+03       2.975524254862e+00       1.636468811176e-05      -5.606424139898e-10      -1.487762127465e+00      -6.075188994880e-02      -1.487762127431e+00      -6.528022995628e-02 
       2.611511888409e+01      -1.160865597265e-05      -8.881150142876e+02      -1.246534752978e+03      -1.158934928602e-05      -1.156183630338e+03       8.969833396967e-06       8.969833396967e-06       2.493069505956e+03       2.998974281146e+00       1.504232945990e-05      -5.155983626716e-10      -1.499487140605e+00      -6.144734744108e-02      -1.499487140573e+00      -6.582750037476e-02 
       2.734588651927e+01      -1.066769547088e-05      -8.947685180558e+02      -1.256052248231e+03      -1.064995620538e-05      -1.164991811938e+03       8.242907613320e-06       8.242907613320e-06       2.512104496461e+03       3.021845621665e+00       1.382332616479e-05      -4.740759239083e-10      -1.510922810861e+00      -6.215505010489e-02      -1.510922810832e+00      -6.636571706935e-02 
       2.863465844609e+01      -9.803362133155e-06      -9.015136845962e+02      -1.265689094307e+03      -9.787062666810e-06      -1.173911706644e+03       7.575180605548e-06       7.575180605548e-06       2.531378188614e+03       3.045009528852e+00       1.270359553558e-05      -4.359372701133e-10      -1.522504764453e+00      -6.289585289547e-02      -1.522504764426e+00      -6.691445868094e-02 
       2.998416832259e+01      -9.007793840781e-06      -9.081394856583e+02      -1.275231242718e+03      -8.992819637082e-06      -1.182735837073e+03       6.960578133989e-06       6.960578133989e-06       2.550462485435e+03       3.067928116763e+00       1.167295135132e-05      -4.008343654642e-10      -1.533964058406e+00      -6.366108015670e-02      -1.533964058381e+00      -6.746227363294e-02 
       3.139727864015e+01      -8.277469764814e-06      -9.148992836980e+02      -1.284952306318e+03      -8.263712162039e-06      -1.191726911832e+03       6.396380667056e-06       6.396380667056e-06       2.569904612635e+03       3.091283191272e+00       1.072683328740e-05      -3.686128322270e-10      -1.545641595658e+00      -6.446840144528e-02      -1.545641595636e+00      -6.802468760895e-02 
       3.287698679520e+01      -7.607001587834e-06      -9.218140539037e+02      -1.294855342814e+03      -7.594360900321e-06      -1.200890639388e+03       5.878425426851e-06       5.878425426851e-06       2.589710685627e+03       3.115089938918e+00       9.858260623424e-06      -3.390348820098e-10      -1.557544969480e+00      -6.532190365948e-02      -1.557544969459e+00      -6.860260550058e-02 
       3.442643144715e+01      -6.990663077307e-06      -9.287459900539e+02      -1.304807345577e+03      -6.979049150479e-06      -1.210097076068e+03       5.402288376131e-06       5.402288376131e-06       2.609614691153e+03       3.139011698892e+00       9.059814460281e-06      -3.118470811709e-10      -1.569505849465e+00      -6.621812182081e-02      -1.569505849446e+00      -6.918915727088e-02 
       3.604889917583e+01      -6.422320526991e-06      -9.353857184721e+02      -1.314453899389e+03      -6.411653409953e-06      -1.219008805661e+03       4.963229900749e-06       4.963229900749e-06       2.628907798778e+03       3.162173487626e+00       8.323546445353e-06      -2.867771811804e-10      -1.581086743830e+00      -6.714188586786e-02      -1.581086743813e+00      -6.976555449654e-02 
       3.774783145282e+01      -5.901734690128e-06      -9.423879098482e+02      -1.324511704921e+03      -5.891934857798e-06      -1.228312593083e+03       4.561067000761e-06       4.561067000761e-06       2.649023409842e+03       3.186357553393e+00       7.649150284003e-06      -2.638176293024e-10      -1.593178776713e+00      -6.813745880611e-02      -1.593178776697e+00      -7.037209003263e-02 
       3.952683194126e+01      -5.420957001799e-06      -9.489194128396e+02      -1.334082568071e+03      -5.411958132778e-06      -1.237145820737e+03       4.189656691662e-06       4.189656691662e-06       2.668165136142e+03       3.209326370818e+00       7.026323847555e-06      -2.426136249919e-10      -1.604663185424e+00      -6.915951008131e-02      -1.604663185409e+00      -7.095972816333e-02 
       4.138967413970e+01      -4.980964980098e-06      -9.558817134869e+02      -1.344151358609e+03      -4.972699162628e-06      -1.246452505167e+03       3.849756645516e-06       3.849756645516e-06       2.688302717217e+03       3.233529836530e+00       6.456338498216e-06      -2.232124870566e-10      -1.616764918279e+00      -7.026927183721e-02      -1.616764918265e+00      -7.158391455521e-02 
       4.334030938621e+01      -4.573685647971e-06      -9.621119211121e+02      -1.353442566140e+03      -4.566098367934e-06      -1.255010752597e+03       3.535126722626e-06       3.535126722626e-06       2.706885132280e+03       3.255798124880e+00       5.928728851457e-06      -2.052523735404e-10      -1.627899062452e+00      -7.139964618706e-02      -1.627899062440e+00      -7.217474608444e-02 
       4.538287523966e+01      -4.198764038658e-06      -9.681054523787e+02      -1.362509018768e+03      -4.191801393595e-06      -1.263348838556e+03       3.245494085167e-06       3.245494085167e-06       2.725018037536e+03       3.277502521122e+00       5.443037820417e-06      -1.887198836540e-10      -1.638751260572e+00      -7.258790493670e-02      -1.638751260561e+00      -7.276371131118e-02 
       4.752170425608e+01      -3.858706540438e-06      -9.754165107463e+02      -1.373070077805e+03      -3.852310517912e-06      -1.273111810402e+03       2.982799627160e-06       2.982799627160e-06       2.746140155611e+03       3.302912767606e+00       5.002521623566e-06      -1.737329598880e-10      -1.651456383813e+00      -7.394415058708e-02      -1.651456383803e+00      -7.344795484254e-02 
       4.976133317857e+01      -3.543202047358e-06      -9.817424432811e+02      -1.382593888734e+03      -3.537331712916e-06      -1.281875105261e+03       2.739070702879e-06       2.739070702879e-06       2.765187777469e+03       3.325737953433e+00       4.593808476458e-06      -1.598255557737e-10      -1.662868976726e+00      -7.532582254399e-02      -1.662868976716e+00      -7.408732289693e-02 
       5.210651256035e+01      -3.252962107544e-06      -9.878951002875e+02      -1.391974364130e+03      -3.247575375554e-06      -1.290494580603e+03       2.514859403691e-06       2.514859403691e-06       2.783948728260e+03       3.348199875675e+00       4.217824962595e-06      -1.470328982528e-10      -1.674099937846e+00      -7.679438263241e-02      -1.674099937837e+00      -7.473299658851e-02 
       5.456221684132e+01      -2.986961870111e-06      -9.942598024840e+02      -1.401642996803e+03      -2.982018377934e-06      -1.299382357458e+03       2.309375140455e-06       2.309375140455e-06       2.803285993606e+03       3.371369182625e+00       3.873245685673e-06      -1.353115640411e-10      -1.685684591321e+00      -7.838654096533e-02      -1.685684591313e+00      -7.541071291441e-02 
       5.713365489949e+01      -2.744290324849e-06      -1.001354809364e+03      -1.412180878201e+03      -2.739751248777e-06      -1.309093339654e+03       2.121915714160e-06       2.121915714160e-06       2.824361756402e+03       3.396687583580e+00       3.558893615492e-06      -1.246238057802e-10      -1.698343791797e+00      -8.015214513552e-02      -1.698343791790e+00      -7.615519146140e-02 
       5.982628109974e+01      -2.518881896708e-06      -1.007266142273e+03      -1.421471894901e+03      -2.514718436177e-06      -1.317602702767e+03       1.947789352126e-06       1.947789352126e-06       2.842943789802e+03       3.418900361028e+00       3.266899094677e-06      -1.146927566217e-10      -1.709450180521e+00      -8.196566714759e-02      -1.709450180514e+00      -7.684838736604e-02 
       6.264580686326e+01      -2.313653222219e-06      -1.014084939860e+03      -1.431842324807e+03      -2.309831805817e-06      -1.327134393471e+03       1.789255697207e-06       1.789255697207e-06       2.863684649614e+03       3.443782051979e+00       3.001053442514e-06      -1.056571285259e-10      -1.721891025996e+00      -8.399364611512e-02      -1.721891025990e+00      -7.762435128579e-02 
       6.559821278220e+01      -2.125404149980e-06      -1.021066228978e+03      -1.442480100813e+03      -2.121896505315e-06      -1.336909776303e+03       1.643840200621e-06       1.643840200621e-06       2.884960201626e+03       3.469313163020e+00       2.757206274537e-06      -9.737209542983e-11      -1.734656581516e+00      -8.619883294973e-02      -1.734656581510e+00      -7.843938039011e-02 
       6.868976130536e+01      -1.950163208384e-06      -1.026566860262e+03      -1.451550697640e+03      -1.946947609956e-06      -1.345175933530e+03       1.508469659990e-06       1.508469659990e-06       2.903101395281e+03       3.490943661734e+00       2.530202417176e-06      -8.965452221142e-11      -1.745471830872e+00      -8.846640834419e-02      -1.745471830867e+00      -7.919033304482e-02 
       7.192701002165e+01      -1.791961601873e-06      -1.033887733604e+03      -1.462758663056e+03      -1.789009746785e-06      -1.355469991451e+03       1.386268612804e-06       1.386268612804e-06       2.925517326112e+03       3.517860381976e+00       2.325284788646e-06      -8.270104660731e-11      -1.758930190993e+00      -9.107999473078e-02      -1.758930190988e+00      -8.009329972277e-02 
       7.531682556961e+01      -1.641239105361e-06      -1.037063187328e+03      -1.469422216408e+03      -1.638538366809e-06      -1.361410319631e+03       1.269832718197e-06       1.269832718197e-06       2.938844432815e+03       3.533491252453e+00       2.130030844469e-06      -7.605233588336e-11      -1.766745626231e+00      -9.355886392051e-02      -1.766745626227e+00      -8.076315310807e-02 
       7.886639820251e+01      -1.505710334206e-06      -1.042332862510e+03      -1.478548144646e+03      -1.503235494990e-06      -1.369686480588e+03       1.165141400975e-06       1.165141400975e-06       2.957096289292e+03       3.555212229197e+00       1.954473928015e-06      -7.009065766175e-11      -1.777606114603e+00      -9.644736775765e-02      -1.777606114599e+00      -8.160980344374e-02 
       8.258325703979e+01      -1.381683821264e-06      -1.047857104009e+03      -1.488090697804e+03      -1.379415736397e-06      -1.378342610124e+03       1.069337106191e-06       1.069337106191e-06       2.976181395607e+03       3.577946456745e+00       1.793820278126e-06      -6.463480376550e-11      -1.788973228376e+00      -9.961838062781e-02      -1.788973228372e+00      -8.251831644691e-02 
       8.647528603739e+01      -1.270240603610e-06      -1.055746212326e+03      -1.500454825732e+03      -1.268158415399e-06      -1.389669987405e+03       9.832616982222e-07       9.832616982222e-07       3.000909651465e+03       3.607651433383e+00       1.649483792462e-06      -5.974558323233e-11      -1.803825716695e+00      -1.033070651832e-01      -1.803825716691e+00      -8.363657911557e-02 
       9.055074071062e+01      -1.165032423218e-06      -1.060554484485e+03      -1.509492379846e+03      -1.163125621725e-06      -1.397803293157e+03       9.019936725962e-07       9.019936725962e-07       3.018984759693e+03       3.629088880557e+00       1.513205939650e-06      -5.511796815225e-11      -1.814544440282e+00      -1.070208434645e-01      -1.814544440278e+00      -8.460281030838e-02 
       9.481826564525e+01      -1.068009411146e-06      -1.064656333001e+03      -1.517899079059e+03      -1.066264336897e-06      -1.405312202648e+03       8.270470858939e-07       8.270470858939e-07       3.035798158118e+03       3.648937656228e+00       1.387528087470e-06      -5.084877449120e-11      -1.824468828117e+00      -1.110050180579e-01      -1.824468828114e+00      -8.558002845181e-02 
       9.928691283381e+01      -9.786854817005e-07      -1.068179410237e+03      -1.525823721563e+03      -9.770892905953e-07      -1.412338035579e+03       7.580468703586e-07       7.580468703586e-07       3.051647443125e+03       3.667567686875e+00       1.271821417990e-06      -4.691716657482e-11      -1.833783843440e+00      -1.152990752501e-01      -1.833783843437e+00      -8.658118327302e-02 
       1.039661608761e+02      -9.006198350930e-07      -1.077106996148e+03      -1.540165091997e+03      -8.991540036049e-07      -1.425442763679e+03       6.977617708896e-07       6.977617708896e-07       3.080330183993e+03       3.702048932132e+00       1.170735040811e-06      -4.350814688966e-11      -1.851024466068e+00      -1.206320111435e-01      -1.851024466066e+00      -8.803836774745e-02 
       1.088659350846e+02      -8.255329665708e-07      -1.080821045779e+03      -1.548762346814e+03      -8.241923205302e-07      -1.433048409838e+03       6.397616928019e-07       6.397616928019e-07       3.097524693627e+03       3.722276380920e+00       1.073475305415e-06      -4.020686556178e-11      -1.861138190462e+00      -1.258387496103e-01      -1.861138190460e+00      -8.920778745854e-02 
       1.139966285374e+02      -7.577261700476e-07      -1.086186264282e+03      -1.559527421043e+03      -7.564986568032e-07      -1.442681048522e+03       5.873915281419e-07       5.873915281419e-07       3.119054842086e+03       3.747828798984e+00       9.856583920355e-07      -3.723531099833e-11      -1.873914399494e+00      -1.317617986407e-01      -1.873914399492e+00      -9.058600517305e-02 
       1.193691241231e+02      -6.933540137047e-07      -1.087389356326e+03      -1.565732461554e+03      -6.922337439984e-07      -1.447944615940e+03       5.376619234452e-07       5.376619234452e-07       3.131464923109e+03       3.762065868296e+00       9.022654108509e-07      -3.439621023459e-11      -1.881032934150e+00      -1.376922350425e-01      -1.881032934148e+00      -9.175206453910e-02 
       1.249948176251e+02      -6.367988944175e-07      -1.093293124614e+03      -1.577736516190e+03      -6.357730489962e-07      -1.458673836074e+03       4.939869791722e-07       4.939869791722e-07       3.155473032380e+03       3.790592181214e+00       8.290306960616e-07      -3.192517841836e-11      -1.895296090609e+00      -1.448801662321e-01      -1.895296090607e+00      -9.337780555890e-02 
       1.308856418936e+02      -5.830862722561e-07      -1.095046702474e+03      -1.585215494043e+03      -5.821499492697e-07      -1.465064426226e+03       4.524952317999e-07       4.524952317999e-07       3.170430988087e+03       3.807888189929e+00       7.594529762539e-07      -2.956053149192e-11      -1.903944094966e+00      -1.521436851634e-01      -1.903944094964e+00      -9.480331495036e-02 
       1.370540921568e+02      -5.353233549638e-07      -1.100102090004e+03      -1.596981103970e+03      -5.344667883704e-07      -1.475468801586e+03       4.156112436263e-07       4.156112436263e-07       3.193962207940e+03       3.835714829501e+00       6.976057901357e-07      -2.747536920952e-11      -1.917857414752e+00      -1.606636456822e-01      -1.917857414750e+00      -9.661750258457e-02 
       1.435132525246e+02      -4.901675561894e-07      -1.101447053360e+03      -1.604757201103e+03      -4.893862552065e-07      -1.482040185240e+03       3.807300954834e-07       3.807300954834e-07       3.209514402207e+03       3.853633795347e+00       6.391136271447e-07      -2.548803813448e-11      -1.926816897675e+00      -1.693934308154e-01      -1.926816897673e+00      -9.827670806957e-02 
       1.502768237421e+02      -4.488866076009e-07      -1.102748927982e+03      -1.612924645696e+03      -4.481741234419e-07      -1.488925358734e+03       3.488430887400e-07       3.488430887400e-07       3.225849291393e+03       3.872456161561e+00       5.856426466021e-07      -2.367242922220e-11      -1.936228080782e+00      -1.789813359593e-01      -1.936228080780e+00      -1.000828381487e-01 
       1.573591522508e+02      -4.124265541335e-07      -1.108067053933e+03      -1.626485688040e+03      -4.117750331929e-07      -1.500839704227e+03       3.206944709982e-07       3.206944709982e-07       3.252971376081e+03       3.904498136688e+00       5.384451836835e-07      -2.209006829260e-11      -1.952249068345e+00      -1.903323654112e-01      -1.952249068344e+00      -1.024050279387e-01 
       1.647752606189e+02      -3.765204283248e-07      -1.104733261642e+03      -1.630038124141e+03      -3.759285996535e-07      -1.503238438729e+03       2.929442630548e-07       2.929442630548e-07       3.260076248283e+03       3.911794502624e+00       4.919063761837e-07      -2.049357670106e-11      -1.955897251313e+00      -2.009973393333e-01      -1.955897251312e+00      -1.041569511715e-01 
       1.725408794066e+02      -3.456233064466e-07      -1.108222335274e+03      -1.642591641760e+03      -3.450831163631e-07      -1.514048477387e+03       2.690895704242e-07       2.690895704242e-07       3.285183283521e+03       3.941182030817e+00       4.519083617470e-07      -1.915006569151e-11      -1.970591015409e+00      -2.142764600919e-01      -1.970591015408e+00      -1.067209715598e-01 
       1.806724805324e+02      -3.164692233494e-07      -1.108080354110e+03      -1.651345406459e+03      -3.159776258544e-07      -1.521192998849e+03       2.465706379138e-07       2.465706379138e-07       3.302690812918e+03       3.961120872730e+00       4.141468693550e-07      -1.786750754509e-11      -1.980560436366e+00      -2.280338657130e-01      -1.980560436365e+00      -1.091792988409e-01 
       1.891873122127e+02      -2.902445323223e-07      -1.109639834670e+03      -1.663016676823e+03      -2.897967289008e-07      -1.530985924329e+03       2.263227399824e-07       2.263227399824e-07       3.326033353647e+03       3.988133526993e+00       3.801962977319e-07      -1.672163884442e-11      -1.994066763497e+00      -2.436495525354e-01      -1.994066763496e+00      -1.120522503958e-01 
       1.981034355469e+02      -2.646071203817e-07      -1.103074409502e+03      -1.665085632436e+03      -2.642018036579e-07      -1.531676381473e+03       2.065018556679e-07       2.065018556679e-07       3.330171264873e+03       3.991460170362e+00       3.469532604148e-07      -1.556573877490e-11      -1.995730085182e+00      -2.585383737401e-01      -1.995730085181e+00      -1.143687306436e-01 
       2.074397628281e+02      -2.446045541579e-07      -1.113740595181e+03      -1.690529111270e+03      -2.442330821828e-07      -1.554135465965e+03       1.910934317279e-07       1.910934317279e-07       3.381058222540e+03       4.051972893633e+00       3.211285929044e-07      -1.474558049168e-11      -2.025986446817e+00      -2.802509958832e-01      -2.025986446817e+00      -1.187960234217e-01 
       2.172160976582e+02      -2.217992446778e-07      -1.099357555590e+03      -1.684042913683e+03      -2.214652365360e-07      -1.546627665519e+03       1.734373394811e-07       1.734373394811e-07       3.368085827366e+03       4.034122721591e+00       2.915083698235e-07      -1.367962065832e-11      -2.017061360796e+00      -2.959529344570e-01      -2.017061360795e+00      -1.208364386013e-01 
       2.274531769542e+02      -2.035216673178e-07      -1.099412739798e+03      -1.697802839528e+03      -2.032182103060e-07      -1.557900580800e+03       1.593296139650e-07       1.593296139650e-07       3.395605679055e+03       4.065704539525e+00       2.678546753493e-07      -1.288642318456e-11      -2.032852269763e+00      -3.183138438350e-01      -2.032852269762e+00      -1.248165631031e-01 
       2.381727149336e+02      -1.868526347553e-07      -1.099423713011e+03      -1.712944014865e+03      -1.865770652253e-07      -1.570297491758e+03       1.464666111284e-07       1.464666111284e-07       3.425888029730e+03       4.100469306658e+00       2.462889559469e-07      -1.216646901842e-11      -2.050234653330e+00      -3.430518748563e-01      -2.050234653329e+00      -1.292165151486e-01 
       2.493974491737e+02      -1.703042057019e-07      -1.089763406939e+03      -1.715993865406e+03      -1.700559262483e-07      -1.571318015292e+03       1.336659262866e-07       1.336659262866e-07       3.431987730811e+03       4.105553946252e+00       2.248178710080e-07      -1.140608239959e-11      -2.052776973126e+00      -3.662700272247e-01      -2.052776973126e+00      -1.328269737876e-01 
       2.611511888409e+02      -1.557047987494e-07      -1.083174316039e+03      -1.724766489491e+03      -1.554807136205e-07      -1.577492774665e+03       1.223837969134e-07       1.223837969134e-07       3.449532978983e+03       4.124422555731e+00       2.058974154191e-07      -1.074946173151e-11      -2.062211277866e+00      -3.932016408866e-01      -2.062211277865e+00      -1.372593594860e-01 
       2.734588651927e+02      -1.431294343905e-07      -1.082105738818e+03      -1.743468400650e+03      -1.429264337982e-07      -1.592639691362e+03       1.126870465231e-07       1.126870465231e-07       3.486936801300e+03       4.167208127285e+00       1.896424845944e-07      -1.021498156659e-11      -2.083604063643e+00      -4.257680823647e-01      -2.083604063643e+00      -1.429955088841e-01 
       2.863465844609e+02      -1.294433838448e-07      -1.061146417725e+03      -1.734005864473e+03      -1.292624750240e-07      -1.581690388928e+03       1.020652365730e-07       1.020652365730e-07       3.468011728946e+03       4.141405372066e+00       1.718148543881e-07      -9.530576807911e-12      -2.070702686033e+00      -4.507517353729e-01      -2.070702686033e+00      -1.462910398031e-01 
       2.998416832259e+02      -1.188135630056e-07      -1.056349154850e+03      -1.751104056150e+03      -1.186503810740e-07      -1.594954638627e+03       9.386520102966e-08       9.386520102966e-08       3.502208112300e+03       4.179829810708e+00       1.580678067892e-07      -9.066610480778e-12      -2.089914905354e+00      -4.877311897854e-01      -2.089914905354e+00      -1.526130019783e-01 
       3.139727864015e+02      -1.091407246647e-07      -1.051101929546e+03      -1.770294962864e+03      -1.089936844132e-07      -1.609863316583e+03       8.640625575150e-08       8.640625575150e-08       3.540589925728e+03       4.222972443887e+00       1.455640903982e-07      -8.647312708041e-12      -2.111486221944e+00      -5.285096275226e-01      -2.111486221943e+00      -1.595989616410e-01 
       3.287698679520e+02      -9.870483833953e-08      -1.027791394387e+03      -1.761971889339e+03      -9.857444183201e-08      -1.599487532438e+03       7.829552395845e-08       7.829552395845e-08       3.523943778678e+03       4.199438578089e+00       1.319474374576e-07      -8.103811771176e-12      -2.099719289045e+00      -5.604966163844e-01      -2.099719289045e+00      -1.639973801136e-01 
