# Transfer functions T_i(k) for adiabatic (AD) mode (normalized to initial curvature=1) at redshift z=5.4
# for k=1.03944e-05 to 328.77 h/Mpc,
# number of wavenumbers equal to 605
# d_i   stands for (delta rho_i/rho_i)(k,z) with above normalization 
# d_tot stands for (delta rho_tot/rho_tot)(k,z) with rho_Lambda NOT included in rho_tot
# (note that this differs from the transfer function output from CAMB/CMBFAST, which gives the same
#  quantities divided by -k^2 with k in Mpc^-1; use format=camb to match CAMB)
# t_i   stands for theta_i(k,z) with above normalization 
# t_tot stands for (sum_i [rho_i+p_i] theta_i)/(sum_i [rho_i+p_i]))(k,z)
#
#    1:k (h/Mpc)              2:d_g                    3:d_b                    4:d_cdm                  5:d_ur                   6:d_tot                  7:phi                    8:psi                    9:h                     10:h_prime               11:eta                   12:eta_prime             13:t_g                   14:t_b                   15:t_ur                  16:t_tot              
       1.039441571510e-05      -2.613525516835e-04      -1.960326934146e-04      -1.960326948777e-04      -2.613522462040e-04      -1.961552860886e-04       6.000831495063e-01       5.989201158076e-01       3.920653897555e-04       1.253829782675e-07       9.999988408161e-01      -9.142222638341e-11      -1.176465193646e-11      -1.755292753034e-15      -1.201535162364e-11      -2.995314413129e-14 
       1.088428943559e-05      -2.865647707380e-04      -2.149455549356e-04      -2.149455566947e-04      -2.865644034756e-04      -2.150799703843e-04       6.000830717421e-01       5.989200533646e-01       4.298911133894e-04       1.374796862846e-07       9.999987289819e-01      -1.002418591750e-10      -1.414413030967e-11      -2.110326176249e-15      -1.444553532308e-11      -3.601136667952e-14 
       1.139725019325e-05      -3.142088927975e-04      -2.356830914982e-04      -2.356830936131e-04      -3.142084512563e-04      -2.358304694020e-04       6.000829867774e-01       5.989199851135e-01       4.713661872261e-04       1.507434595899e-07       9.999986063584e-01      -1.099122702779e-10      -1.700486493661e-11      -2.537145581219e-15      -1.736722866070e-11      -4.329487680520e-14 
       1.193438604663e-05      -3.445194368162e-04      -2.584213435559e-04      -2.584213460985e-04      -3.445189059683e-04      -2.585829333552e-04       6.000828935088e-01       5.989199101967e-01       5.168426921971e-04       1.652868940155e-07       9.999984719056e-01      -1.205153537665e-10      -2.044418464922e-11      -3.050285870285e-15      -2.087983709868e-11      -5.205148126410e-14 
       1.249683633289e-05      -3.777535264124e-04      -2.833533356620e-04      -2.833533387190e-04      -3.777528882048e-04      -2.835305071077e-04       6.000827916327e-01       5.989198284862e-01       5.667066774380e-04       1.812334481142e-07       9.999983244832e-01      -1.321413525574e-10      -2.457910530272e-11      -3.667256879165e-15      -2.510286942283e-11      -6.257911308467e-14 
       1.308579408449e-05      -4.141930658717e-04      -3.106907146183e-04      -3.106907182936e-04      -4.141922985811e-04      -3.108849693317e-04       6.000826795017e-01       5.989197384565e-01       6.213814365872e-04       1.987184915792e-07       9.999981628361e-01      -1.448888545566e-10      -2.955030571489e-11      -4.408978915126e-15      -3.018000155293e-11      -7.523593321236e-14 
       1.370250855978e-05      -4.541471263000e-04      -3.406655465858e-04      -3.406655510044e-04      -4.541462038363e-04      -3.408785307246e-04       6.000825567552e-01       5.989196398632e-01       6.813311020087e-04       2.178904538379e-07       9.999979855943e-01      -1.588657577983e-10      -3.552692054064e-11      -5.300693030823e-15      -3.628396597151e-11      -9.045255761441e-14 
       1.434828789286e-05      -4.979545598944e-04      -3.735322866598e-04      -3.735322919721e-04      -4.979534508664e-04      -3.737658047948e-04       6.000824221657e-01       5.989195318210e-01       7.470645839442e-04       2.389120844364e-07       9.999977912537e-01      -1.741908766897e-10      -4.271227173590e-11      -6.372775185384e-15      -4.362242555902e-11      -1.087466647280e-13 
       1.502450186827e-05      -5.459868656813e-04      -4.095699389794e-04      -4.095699453661e-04      -5.459855323605e-04      -4.098259692954e-04       6.000822746693e-01       5.989194134502e-01       8.191398907322e-04       2.619618344122e-07       9.999975781643e-01      -1.909940974182e-10      -5.135080972109e-11      -7.661695322006e-15      -5.244503654482e-11      -1.307406285601e-13 
       1.573258482650e-05      -5.986513301939e-04      -4.490844251254e-04      -4.490844328039e-04      -5.986497272221e-04      -4.493651360730e-04       6.000821129771e-01       5.989192835791e-01       8.981688656077e-04       2.872353710999e-07       9.999973445150e-01      -2.094180259521e-10      -6.173642529627e-11      -9.211173397894e-15      -6.305193866899e-11      -1.571826695465e-13 
       1.647403870647e-05      -6.563944690158e-04      -4.924111808265e-04      -4.924111900581e-04      -6.563925418611e-04      -4.927189493598e-04       6.000819356864e-01       5.989191412561e-01       9.848223801161e-04       3.149472391954e-07       9.999970883282e-01      -2.296187922798e-10      -7.422240898914e-11      -1.107410098546e-14      -7.580396660627e-11      -1.889723196305e-13 
       1.725043623124e-05      -7.197057987520e-04      -5.399180036029e-04      -5.399180147016e-04      -7.197034818556e-04      -5.402554351532e-04       6.000817412679e-01       5.989189852130e-01       1.079836029403e-03       3.453326816979e-07       9.999968074269e-01      -2.517678801462e-10      -8.923350858248e-11      -1.331382353801e-14      -9.113491446647e-11      -2.271909898710e-13 
       1.806342424406e-05      -7.891219694464e-04      -5.920081745294e-04      -5.920081878729e-04      -7.891191839844e-04      -5.923781248766e-04       6.000815278954e-01       5.989188139947e-01       1.184016375746e-03       3.786496370484e-07       9.999964994271e-01      -2.760531564477e-10      -1.072803441807e-10      -1.600663152436e-14      -1.095662909694e-10      -2.731387581425e-13 
       1.891472720151e-05      -8.652312937204e-04      -6.491238821315e-04      -6.491238981735e-04      -8.652279449892e-04      -6.495294813520e-04       6.000812940451e-01       5.989186260476e-01       1.298247796347e-03       4.151809280195e-07       9.999961617145e-01      -3.026803777025e-10      -1.289768626606e-10      -1.924348332531e-14      -1.317250505255e-10      -3.283785727561e-13 
       1.980615083129e-05      -9.486787075612e-04      -7.117499752701e-04      -7.117499945568e-04      -9.486746816129e-04      -7.121946539529e-04       6.000810377505e-01       5.989184205127e-01       1.423499989114e-03       4.552366630032e-07       9.999957914239e-01      -3.318752090515e-10      -1.550609238965e-10      -2.313576752970e-14      -1.583649103924e-10      -3.947893868790e-13 
       2.073958596245e-05      -1.040171205645e-03      -7.804180788671e-04      -7.804181020543e-04      -1.040166365582e-03      -7.809055968081e-04       6.000807567056e-01       5.989181946902e-01       1.560836204109e-03       4.991568682267e-07       9.999953854112e-01      -3.638851751202e-10      -1.864199110492e-10      -2.781413127684e-14      -1.903919735987e-10      -4.746300357483e-13 
       2.171701253604e-05      -1.140483795484e-03      -8.557111061688e-04      -8.557111340458e-04      -1.140477976650e-03      -8.562455837757e-04       6.000804482980e-01       5.989179471486e-01       1.711422268092e-03       5.473143742120e-07       9.999949402337e-01      -3.989826375892e-10      -2.241202234317e-10      -3.343946791294e-14      -2.288955334652e-10      -5.706160553043e-13 
       2.274050380486e-05      -1.250466021930e-03      -9.382682086673e-04      -9.382682421823e-04      -1.250459026409e-03      -9.388541613201e-04       6.000801105298e-01       5.989176762949e-01       1.876536484365e-03       6.001179786929e-07       9.999944521111e-01      -4.374625270297e-10      -2.694440490273e-10      -4.020314224619e-14      -2.751850946810e-10      -6.860119371685e-13 
       2.381223073113e-05      -1.371049106208e-03      -1.028790198114e-03      -1.028790238407e-03      -1.371040696148e-03      -1.029432573753e-03       6.000797399483e-01       5.989173785676e-01       2.057580476814e-03       6.580159194736e-07       9.999939169015e-01      -4.796534850798e-10      -3.239330604313e-10      -4.833239122418e-14      -3.308348852399e-10      -8.247420849052e-13 
       2.493446659134e-05      -1.503253772533e-03      -1.128045497780e-03      -1.128045546223e-03      -1.503243661923e-03      -1.128749718021e-03       6.000793336254e-01       5.989170523382e-01       2.256091092447e-03       7.214996765388e-07       9.999933300641e-01      -5.259115379596e-10      -3.894399762688e-10      -5.810640695057e-14      -3.977373491854e-10      -9.915242561392e-13 
       2.610959179822e-05      -1.648198812907e-03      -1.236876664110e-03      -1.236876722351e-03      -1.648186657874e-03      -1.237648669192e-03       6.000788882398e-01       5.989166950488e-01       2.473753444702e-03       7.911081444721e-07       9.999926866217e-01      -5.766289548858e-10      -4.681922094016e-10      -6.985875751544e-14      -4.781674563764e-10      -1.192029797148e-12 
       2.734009894987e-05      -1.807110464939e-03      -1.356207537883e-03      -1.356207607902e-03      -1.807095852261e-03      -1.357053835806e-03       6.000783998203e-01       5.989163029518e-01       2.712415215803e-03       8.674322068766e-07       9.999919811145e-01      -6.322355829494e-10      -5.628678333558e-10      -8.398579128871e-14      -5.748599829233e-10      -1.433076281669e-12 
       2.862859811694e-05      -1.981332679942e-03      -1.487051086537e-03      -1.487051170715e-03      -1.981315112876e-03      -1.487978806762e-03       6.000778643436e-01       5.989158728534e-01       2.974102341430e-03       9.511197506355e-07       9.999912075534e-01      -6.932005661684e-10      -6.766858788299e-10      -1.009668684733e-13      -6.911024109501e-10      -1.722859160925e-12 
       2.997782237893e-05      -2.172338358373e-03      -1.630518000801e-03      -1.630518102003e-03      -2.172317239626e-03      -1.631534952910e-03       6.000772771758e-01       5.989154014771e-01       3.261036204006e-03       1.042881166027e-06       9.999903593788e-01      -7.600418406633e-10      -8.135153816383e-10      -1.213837730382e-13      -8.308465878658e-10      -2.071230194542e-12 
       3.139063362138e-05      -2.381741648345e-03      -1.787826123273e-03      -1.787826244941e-03      -2.381716260024e-03      -1.788940861024e-03       6.000766333753e-01       5.989148846309e-01       3.575652489883e-03       1.143495374738e-06       9.999894293943e-01      -8.333242637351e-10      -9.780079025316e-10      -1.459286793921e-13      -9.988429115445e-10      -2.490031809413e-12 
       3.287002860635e-05      -2.611311398974e-03      -1.960310783811e-03      -1.960310930086e-03      -2.611280877989e-03      -1.961532675062e-03       6.000759274541e-01       5.989143181279e-01       3.920621860172e-03       1.253816441620e-06       9.999884097141e-01      -9.136681407451e-10      -1.175754242049e-09      -1.754401074656e-13      -1.200801613460e-09      -2.993499330182e-12 
       3.441914532896e-05      -2.862985878999e-03      -2.149436134286e-03      -2.149436310140e-03      -2.862949188206e-03      -2.150775437280e-03       6.000751535049e-01       5.989136967757e-01       4.298872620281e-03       1.374780821997e-06       9.999872916867e-01      -1.001751871172e-09      -1.413475949327e-09      -2.109136828378e-13      -1.443586565945e-09      -3.598743949377e-12 
       3.604126967346e-05      -3.138888871074e-03      -2.356807573584e-03      -2.356807785001e-03      -3.138844763605e-03      -2.358275520149e-03       6.000743049001e-01       5.989130154809e-01       4.713615570001e-03       1.507415310457e-06       9.999860658301e-01      -1.098320824852e-09      -1.699251138332e-09      -2.535586572974e-13      -1.735448208326e-09      -4.326333594894e-12 
       3.773984238309e-05      -3.441347270732e-03      -2.584185373916e-03      -2.584185628085e-03      -3.441294247829e-03      -2.585794260137e-03       6.000733744669e-01       5.989122684676e-01       5.168371256171e-03       1.652845753757e-06       9.999847217487e-01      -1.204191319956e-09      -2.042790088863e-09      -3.048238833222e-13      -2.086303444370e-09      -5.200990628940e-12 
       3.951846635827e-05      -3.772910320473e-03      -2.833499619377e-03      -2.833499924941e-03      -3.772846581131e-03      -2.835262904358e-03       6.000723542510e-01       5.989114491331e-01       5.666999849882e-03       1.812306605701e-06       9.999832480474e-01      -1.320256470319e-09      -2.455764911761e-09      -3.664439333348e-13      -2.508071979840e-09      -6.252430335133e-12 
       4.138091429893e-05      -4.136370630714e-03      -3.106866586573e-03      -3.106866953925e-03      -4.136294009494e-03      -3.108798999946e-03       6.000712357767e-01       5.989105513338e-01       6.213733907850e-03       1.987151401829e-06       9.999816322282e-01      -1.447496101118e-09      -2.952201446628e-09      -4.405367037188e-13      -3.015080418283e-09      -7.516368782399e-12 
       4.333113670686e-05      -4.534787135389e-03      -3.406606703905e-03      -3.406607145537e-03      -4.534695030454e-03      -3.408724362755e-03       6.000700093572e-01       5.989095664048e-01       6.813214291075e-03       2.178864246051e-06       9.999798605960e-01      -1.586984683482e-09      -3.548963485644e-09      -5.295831366501e-13      -3.624547873060e-09      -9.035732041677e-12 
       4.537327026525e-05      -4.971510164157e-03      -3.735264243134e-03      -3.735264774066e-03      -4.971399447405e-03      -3.737584779068e-03       6.000686648153e-01       5.989084870967e-01       7.470529548133e-03       2.389072403121e-06       9.999779181315e-01      -1.739896933265e-09      -4.266310625067e-09      -6.366543530472e-13      -4.357169273617e-09      -1.086211288877e-11 
       4.751164661317e-05      -5.450208799847e-03      -4.095628909777e-03      -4.095629548062e-03      -5.450075713000e-03      -4.098171606876e-03       6.000671905571e-01       5.989073033383e-01       8.191259096124e-03       2.619560106835e-06       9.999757883725e-01      -1.907522982886e-09      -5.128600305003e-09      -7.653468250874e-13      -5.237816247880e-09      -1.305751521040e-11 
       4.975080153356e-05      -5.974900733924e-03      -4.490759516903e-03      -4.490760284239e-03      -5.974740759803e-03      -4.493545461347e-03       6.000655742521e-01       5.989060054401e-01       8.981520568479e-03       2.872283696782e-06       9.999734532755e-01      -2.091273936757e-09      -6.165099526168e-09      -9.200380140950e-13      -6.296378958909e-09      -1.569645482571e-11 
       5.209548457420e-05      -6.549984806071e-03      -4.924009936428e-03      -4.924010858892e-03      -6.549792517734e-03      -4.927062178564e-03       6.000638020254e-01       5.989045820715e-01       9.848021717784e-03       3.149388219934e-06       9.999708930484e-01      -2.292694240125e-09      -7.410982570539e-09      -1.105961593369e-12      -7.568777319714e-09      -1.886848017969e-11 
       5.455066912219e-05      -7.180276486612e-03      -5.399057561074e-03      -5.399058670042e-03      -7.180045359425e-03      -5.402401290797e-03       6.000618589679e-01       5.989030217491e-01       1.079811734008e-02       3.453225624351e-06       9.999680860071e-01      -2.513479303187e-09      -8.908510193644e-09      -1.329477117998e-12      -9.098175553038e-09      -2.268119987320e-11 
       5.712156295313e-05      -7.871046494310e-03      -5.919934502988e-03      -5.919935836146e-03      -7.870768689340e-03      -5.923597239097e-03       6.000597287811e-01       5.989013112955e-01       1.183987167229e-02       3.786374713755e-06       9.999650083915e-01      -2.755482058327e-09      -1.070847031758e-08      -1.598179955316e-12      -1.093644090434e-08      -2.726392117887e-11 
       5.981361927751e-05      -8.628062843064e-03      -6.491061802635e-03      -6.491063405307e-03      -8.627728943279e-03      -6.495073597129e-03       6.000573932574e-01       5.988994356142e-01       1.298212681061e-02       4.151663022210e-06       9.999616341136e-01      -3.020733236644e-09      -1.287189424703e-08      -1.921114492279e-12      -1.314589473417e-08      -3.277201120693e-11 
       6.263254830773e-05      -9.457636563992e-03      -7.117286934889e-03      -7.117288861517e-03      -9.457235253084e-03      -7.121680592763e-03       6.000548326533e-01       5.988973790786e-01       1.423457772303e-02       4.552190798600e-06       9.999579346394e-01      -3.311455617126e-09      -1.547210042422e-08      -2.309269375006e-12      -1.580141610419e-08      -3.939214676897e-11 
       6.558432937020e-05      -1.036667138281e-02      -7.803924933036e-03      -7.803927249089e-03      -1.036618906667e-02      -7.808736248457e-03       6.000520254178e-01       5.988951243163e-01       1.560785449818e-02       4.991357297971e-06       9.999538786475e-01      -3.630082325031e-09      -1.859718113612e-08      -2.775792664435e-12      -1.899296582325e-08      -4.734860520161e-11 
       6.867522358831e-05      -1.136271764638e-02      -8.556803471519e-03      -8.556806255660e-03      -1.136213799521e-02      -8.562071480743e-03       6.000489477782e-01       5.988926520717e-01       1.711361251132e-02       5.472889612353e-06       9.999494318255e-01      -3.979276567012e-09      -2.235296838671e-08      -3.336444561552e-12      -2.282861718617e-08      -5.691081888401e-11 
       7.191178716309e-05      -1.245403080213e-02      -9.382312292552e-03      -9.382315639389e-03      -1.245333419545e-02      -9.388079544258e-03       6.000455735810e-01       5.988899414804e-01       1.876463127878e-02       6.000874278542e-06       9.999445565622e-01      -4.361953072654e-09      -2.686658333054e-08      -4.010282121624e-12      -2.743819290307e-08      -6.840244864902e-11 
       7.530088527984e-05      -1.364963474354e-02      -1.028745741130e-02      -1.028746143448e-02      -1.364879761347e-02      -1.029377025429e-02       6.000418746773e-01       5.988869701645e-01       2.057492286897e-02       6.579791916596e-06       9.999392116450e-01      -4.781299009644e-09      -3.229071373933e-08      -4.820240963012e-12      -3.297762941483e-08      -8.221226094962e-11 
       7.884970667002e-05      -1.495939029345e-02      -1.127992051216e-02      -1.127992534831e-02      -1.495838433976e-02      -1.128682940070e-02       6.000378194763e-01       5.988837121992e-01       2.255985069662e-02       7.214555233649e-06       9.999333519056e-01      -5.240802534267e-09      -3.880877566429e-08      -5.793565745558e-12      -3.963421263189e-08      -9.880717975458e-11 
       8.256577885962e-05      -1.639406923463e-02      -1.236812410544e-02      -1.236812991872e-02      -1.639286047147e-02      -1.237568392170e-02       6.000333739617e-01       5.988801402328e-01       2.473625983745e-02       7.910550650541e-06       9.999269278274e-01      -5.744277606132e-09      -4.664102281611e-08      -6.963144342159e-12      -4.763285820081e-08      -1.187479493044e-10 
       8.645698413597e-05      -1.796543407710e-02      -1.356130292400e-02      -1.356130991173e-02      -1.796398168716e-02      -1.356957331688e-02       6.000285005276e-01       5.988762241308e-01       2.712261982346e-02       8.673683972060e-06       9.999198851802e-01      -6.295893461931e-09      -5.605192296040e-08      -8.368639638299e-12      -5.724364340907e-08      -1.427079172449e-10 
       9.053157626715e-05      -1.968632392126e-02      -1.486958222494e-02      -1.486959062423e-02      -1.968457890612e-02      -1.487862796387e-02       6.000231582003e-01       5.988719307563e-01       2.973918124845e-02       9.510430424231e-06       9.999121645372e-01      -6.900207359849e-09      -6.735903684289e-08      -1.005745745636e-11      -6.879083646722e-08      -1.714955454246e-10 
       9.479819800938e-05      -2.157074669835e-02      -1.630406361264e-02      -1.630407370843e-02      -2.156865023015e-02      -1.631395495428e-02       6.000173019828e-01       5.988672238522e-01       3.260814741685e-02       1.042788952501e-05       9.999037007757e-01      -7.562198824873e-09      -8.094358612275e-08      -1.208662717696e-11      -8.266371904774e-08      -2.060813937192e-10 
       9.926589943941e-05      -2.363397793241e-02      -1.787691912957e-02      -1.787693126408e-02      -2.363145941832e-02      -1.788773219430e-02       6.000108826136e-01       5.988620636679e-01       3.575386252815e-02       1.143384523007e-05       9.998944225529e-01      -8.287306209787e-09      -9.726317426239e-08      -1.452463452224e-11      -9.932955450175e-08      -2.476304731028e-10 
       1.039441571510e-04      -2.589266639978e-02      -1.960149440794e-02      -1.960150899288e-02      -2.588964106630e-02      -1.961331156304e-02       6.000038460045e-01       5.988564065843e-01       3.920301798576e-02       1.253683185965e-05       9.998842517438e-01      -9.081467574406e-09      -1.168669761026e-07      -1.745369806590e-11      -1.193491217586e-07      -2.975409419443e-10 
       1.088428943559e-04      -2.836494639368e-02      -2.149242174460e-02      -2.149243927406e-02      -2.836131258030e-02      -2.150533198616e-02       5.999961331681e-01       5.988502048583e-01       4.298487854813e-02       1.374620636622e-05       9.998731026857e-01      -9.951163515076e-09      -1.404140164651e-07      -2.097233659065e-11      -1.433953129564e-07      -3.574905460339e-10 
       1.139725019325e-04      -3.107055720763e-02      -2.356574405331e-02      -2.356576512108e-02      -3.106619292913e-02      -2.357984338300e-02       5.999876793779e-01       5.988434062130e-01       4.713153024217e-02       1.507222755724e-05       9.998608816610e-01      -1.090346337872e-08      -1.686949109621e-07      -2.519894886414e-11      -1.722753992091e-07      -4.294920875944e-10 
       1.193438604663e-04      -3.403096915495e-02      -2.583905073793e-02      -2.583907605755e-02      -3.402572808527e-02      -2.585444252311e-02       5.999784136967e-01       5.988359531551e-01       5.167815211509e-02       1.652614292348e-05       9.998474859712e-01      -1.194607422968e-08      -2.026580273000e-07      -3.027520287209e-11      -2.069576615414e-07      -5.159598623972e-10 
       1.249683633289e-04      -3.726951613472e-02      -2.833162663925e-02      -2.833165706758e-02      -3.726322284497e-02      -2.834842194473e-02       5.999682587521e-01       5.988277834717e-01       5.666331413515e-02       1.812028380740e-05       9.998328031660e-01      -1.308739705147e-08      -2.434405131789e-07      -3.637285008308e-11      -2.486032414234e-07      -6.197891634223e-10 
       1.308579408449e-04      -4.081153438906e-02      -3.106461528940e-02      -3.106465185576e-02      -4.080397853431e-02      -3.108293316705e-02       5.999571294574e-01       5.988188277632e-01       6.212930371152e-02       1.986816971678e-05       9.998167101433e-01      -1.433657596466e-08      -2.924059658325e-07      -4.369467442068e-11      -2.986042068696e-07      -7.444510446627e-10 
       1.370250855978e-04      -4.468450643348e-02      -3.406119785703e-02      -3.406124179805e-02      -4.467543587698e-02      -3.408116557375e-02       5.999449329535e-01       5.988090109967e-01       6.812248359611e-02       2.178462264648e-05       9.997990721207e-01      -1.570356535751e-08      -3.511885317856e-07      -5.248671214816e-11      -3.586290191339e-07      -8.941059177745e-10 
       1.434828789286e-04      -4.891820925015e-02      -3.734678928676e-02      -3.734684208682e-02      -4.890732194966e-02      -3.736854246611e-02       5.999315676472e-01       5.987982505995e-01       7.469368417363e-02       2.388589236770e-05       9.997797416162e-01      -1.719918888521e-08      -4.217464672634e-07      -6.304218566232e-11      -4.306768091859e-07      -1.073738849333e-09 
       1.502450186827e-04      -5.354486564789e-02      -4.094925325687e-02      -4.094931669901e-02      -5.353179980852e-02      -4.097293590894e-02       5.999169222893e-01       5.987864562178e-01       8.189863339803e-02       2.618979372585e-05       9.997585570697e-01      -1.883520605016e-08      -5.064253497939e-07      -7.571324055693e-11      -5.171421100023e-07      -1.289321037190e-09 
       1.573258482650e-04      -5.859929632588e-02      -4.489913778497e-02      -4.489921400936e-02      -5.858361876540e-02      -4.492490218433e-02       5.999008753546e-01       5.987735290542e-01       8.979842801872e-02       2.871585711595e-05       9.997353419198e-01      -2.062438198259e-08      -6.080337799158e-07      -9.092209424062e-11      -6.208920351329e-07      -1.548002388698e-09 
       1.647403870647e-04      -6.411907076636e-02      -4.922993341418e-02      -4.923002499120e-02      -6.410026297722e-02      -4.925793978706e-02       5.998832938766e-01       5.987593608420e-01       9.846004998241e-02       3.148549334254e-05       9.997099029105e-01      -2.258055639516e-08      -7.299334460778e-07      -1.091743905871e-10      -7.453581556523e-07      -1.858340701701e-09 
       1.725043623124e-04      -7.014465320495e-02      -5.397835617142e-02      -5.397846618530e-02      -7.012209500340e-02      -5.400877213277e-02       5.998640325348e-01       5.987438329148e-01       1.079569323706e-01       3.452217426481e-05       9.996820286349e-01      -2.471872310830e-08      -8.761465038243e-07      -1.310733158383e-10      -8.946458245840e-07      -2.230574414805e-09 
       1.806342424406e-04      -7.671954062112e-02      -5.918465760725e-02      -5.918478976017e-02      -7.669249031995e-02      -5.921765728949e-02       5.998429325145e-01       5.987268157458e-01       1.183695795203e-01       3.785163074507e-05       9.996514880013e-01      -2.705509496053e-08      -1.051482380848e-06      -1.573455085689e-10      -1.073664101026e-06      -2.676946960735e-09 
       1.891472720151e-04      -8.389038657675e-02      -6.489296456943e-02      -6.489312330384e-02      -8.385795785426e-02      -6.492872735866e-02       5.998198203156e-01       5.987081670524e-01       1.297862466077e-01       4.150206945173e-05       9.996180283209e-01      -2.960719707399e-08      -1.261690096636e-06      -1.888511388736e-10      -1.288279961007e-06      -3.212091235665e-09 
       1.980615083129e-04      -9.170710592561e-02      -7.115165143644e-02      -7.115184208185e-02      -9.166824009491e-02      -7.119036022370e-02       5.997945067550e-01       5.986877323984e-01       1.423036841637e-01       4.550441042704e-05       9.995813734953e-01      -3.239389429880e-08      -1.513635262336e-06      -2.266384065631e-10      -1.545501123601e-06      -3.853486717251e-09 
       2.073958596245e-04      -1.002229518863e-01      -7.801374795544e-02      -7.801397690392e-02      -1.001763853866e-01      -7.805558678759e-02       5.997667848345e-01       5.986653411530e-01       1.560279538078e-01       4.989254728164e-05       9.995412218628e-01      -3.543554233385e-08      -1.815516052655e-06      -2.719327717474e-10      -1.853692445877e-06      -4.621998353675e-09 
       2.171701253604e-04      -1.094945572425e-01      -8.553738607206e-02      -8.553766099151e-02      -1.094387829350e-01      -8.558253706843e-02       5.997364291268e-01       5.986408079324e-01       1.710753219830e-01       5.470363214923e-05       9.994972439445e-01      -3.875397263285e-08      -2.177110663817e-06      -3.262151677269e-10      -2.222831674491e-06      -5.542516139503e-09 
       2.274050380486e-04      -1.195819276595e-01      -9.378628934111e-02      -9.378661942065e-02      -1.195151492894e-01      -9.383492870086e-02       5.997031936232e-01       5.986139297698e-01       1.875732388413e-01       5.997838785166e-05       9.994490801584e-01      -4.237260393931e-08      -2.610074861845e-06      -3.912512405185e-10      -2.664811149081e-06      -6.644708067178e-09 
       2.381223073113e-04      -1.305483746618e-01      -1.028303090432e-01      -1.028307053003e-01      -1.304684531961e-01      -1.028826019664e-01       5.996668101234e-01       5.985844847376e-01       2.056614106006e-01       6.576144959946e-05       9.993963378370e-01      -4.631646717975e-08      -3.128290394635e-06      -4.691448697772e-10      -3.193792941593e-06      -7.963906744198e-09 
       2.493446659134e-04      -1.424603711550e-01      -1.127460114136e-01      -1.127464870472e-01      -1.423647621148e-01      -1.128021056808e-01       5.996269868174e-01       5.985522305138e-01       2.254929740944e-01       7.210173929000e-05       9.993385892905e-01      -5.061224677773e-08      -3.748275831989e-06      -5.623910207406e-10      -3.826626139694e-06      -9.542151695115e-09 
       2.610959179822e-04      -1.553873135240e-01      -1.236173205038e-01      -1.236178913304e-01      -1.552729927158e-01      -1.236773384635e-01       5.995834056271e-01       5.985169027702e-01       2.472357826609e-01       7.905287509469e-05       9.992753673751e-01      -5.528828504446e-08      -4.489661279786e-06      -6.740060289011e-10      -4.583335487720e-06      -1.142941120958e-08 
       2.734009894987e-04      -1.694011637733e-01      -1.355362224181e-01      -1.355369073791e-01      -1.692645416532e-01      -1.356002510319e-01       5.995357205674e-01       5.984782119759e-01       2.710738147581e-01       8.667362001300e-05       9.992061636320e-01      -6.037460315114e-08      -5.375758801279e-06      -8.075117943723e-10      -5.487692586842e-06      -1.368500723097e-08 
       2.862859811694e-04      -1.845759503441e-01      -1.486035362290e-01      -1.486043579845e-01      -1.844127721424e-01      -1.486716147956e-01       5.994835559561e-01       5.984358432235e-01       2.972087159691e-01       9.502837264943e-05       9.991304245276e-01      -6.590282955794e-08      -6.434207287831e-06      -9.671359637159e-10      -6.567880889945e-06      -1.637927997951e-08 
       2.997782237893e-04      -2.009870981001e-01      -1.629297577638e-01      -1.629307434360e-01      -2.007923261483e-01      -1.630018629127e-01       5.994265034529e-01       5.983894526152e-01       3.258614868719e-01       1.041877043725e-04       9.990475475945e-01      -7.190613589592e-08      -7.697734321582e-06      -1.157889887893e-09      -7.857267288054e-06      -1.959551548314e-08 
       3.139063362138e-04      -2.187105463891e-01      -1.786359832567e-01      -1.786371652730e-01      -2.184782288427e-01      -1.787120106280e-01       5.993641194925e-01       5.983386644792e-01       3.572743305461e-01       1.142289468308e-04       9.989568767770e-01      -7.841911579738e-08      -9.205037312180e-06      -1.385668271402e-09      -9.395293564665e-06      -2.343217528615e-08 
       3.287002860635e-04      -2.378216342831e-01      -1.958549206813e-01      -1.958563378446e-01      -2.375447443345e-01      -1.959346627829e-01       5.992959248128e-01       5.982830720065e-01       3.917126756892e-01       1.252368351655e-04       9.988577014128e-01      -8.547754757708e-08      -1.100177412939e-05      -1.657606138604e-09      -1.122850230590e-05      -2.800546591223e-08 
       3.441914532896e-04      -2.583936779076e-01      -2.147319951384e-01      -2.147336937594e-01      -2.580639462889e-01      -2.148151145057e-01       5.992213984474e-01       5.982222288681e-01       4.294673875188e-01       1.373042106851e-04       9.987492474740e-01      -9.311824989415e-08      -1.314175132526e-05      -1.981904647639e-09      -1.341170893593e-05      -3.345226656450e-08 
       3.604126967346e-04      -2.804962403278e-01      -2.354265595598e-01      -2.354285949694e-01      -2.801039482760e-01      -2.355125566858e-01       5.991399781858e-01       5.981556514376e-01       4.708571899389e-01       1.505327900099e-04       9.986306767914e-01      -1.013786125801e-07      -1.568820612606e-05      -2.368382213385e-09      -1.600933543719e-05      -3.993347451781e-08 
       3.773984238309e-04      -3.041929908654e-01      -2.581132182898e-01      -2.581156564590e-01      -3.037267497632e-01      -2.582013931333e-01       5.990510569822e-01       5.980828136192e-01       5.162313129180e-01       1.650340057095e-04       9.985010818697e-01      -1.102962375909e-07      -1.871531104296e-05      -2.828491957705e-09      -1.909691441023e-05      -4.763776996488e-08 
       3.951846635827e-04      -3.295391540220e-01      -2.829832738934e-01      -2.829861935763e-01      -3.289856442594e-01      -2.830726802929e-01       5.989539796016e-01       5.980031440767e-01       5.659723871526e-01       1.809299246241e-04       9.983594791252e-01      -1.199083152558e-07      -2.230979870202e-05      -3.375984145288e-09      -2.276277110198e-05      -5.678584198794e-08 
       4.138091429893e-04      -3.565784300976e-01      -3.102463102219e-01      -3.102498052052e-01      -3.559221324847e-01      -3.103357016428e-01       5.988480405371e-01       5.979160214375e-01       6.204996104103e-01       1.983542522471e-04       9.982048062402e-01      -1.302510172647e-07      -2.657286482299e-05      -4.026535550468e-09      -2.710988656611e-05      -6.763504867744e-08 
       4.333113670686e-04      -3.853394104981e-01      -3.401319221250e-01      -3.401361041252e-01      -3.845622921185e-01      -3.402196879430e-01       5.987324823271e-01       5.978207736806e-01       6.802722082505e-01       2.174534292329e-04       9.980359169367e-01      -1.413584551461e-07      -3.162210980108e-05      -4.798890948040e-09      -3.225793425955e-05      -8.048454870376e-08 
       4.537327026525e-04      -4.158313539882e-01      -3.728916053244e-01      -3.728966071157e-01      -4.149125588185e-01      -3.729756958323e-01       5.986064917333e-01       5.977166713374e-01       7.457932142315e-01       2.383878293363e-04       9.978515752621e-01      -1.532618567499e-07      -3.759378554618e-05      -5.714446490344e-09      -3.834547252901e-05      -9.568079958052e-08 
       4.751164661317e-04      -4.480393976353e-01      -4.088008212127e-01      -4.088068007101e-01      -4.469548805668e-01      -4.088786605238e-01       5.984691986189e-01       5.976029263827e-01       8.176136014201e-01       2.613330673789e-04       9.976504514629e-01      -1.659881407930e-07      -4.464500444637e-05      -6.798649389266e-09      -4.553226000942e-05      -1.136234102041e-07 
       4.975080153356e-04      -4.819190359941e-01      -4.481612522945e-01      -4.481683969332e-01      -4.806412312304e-01      -4.482296369281e-01       5.983196734975e-01       5.974786861895e-01       8.963367938663e-01       2.864814267903e-04       9.974311170424e-01      -1.795585481499e-07      -5.295622112381e-05      -8.080204119448e-09      -5.400163866728e-05      -1.347711219227e-07 
       5.209548457420e-04      -5.173900230408e-01      -4.913032649149e-01      -4.913117968709e-01      -5.158874892668e-01      -4.913582470039e-01       5.981569275132e-01       5.973430327087e-01       9.826235937419e-01       3.140434181429e-04       9.971920420278e-01      -1.939868513270e-07      -6.273348879397e-05      -9.592830307523e-09      -6.396290338609e-05      -1.596478425128e-07 
       5.455066912219e-04      -5.543296239474e-01      -5.385885948860e-01      -5.385987772947e-01      -5.525667394367e-01      -5.386253485571e-01       5.979799088988e-01       5.971949749850e-01       1.077197554589e+00       3.442494780261e-04       9.969315877631e-01      -2.092773855220e-07      -7.421081000178e-05      -1.137449221906e-08      -7.565353928863e-05      -1.888482885060e-07 
       5.712156295313e-04      -5.925654268437e-01      -5.904132807998e-01      -5.904254251060e-01      -5.905020872117e-01      -5.904259505122e-01       5.977875052209e-01       5.970334493331e-01       1.180850850212e+00       3.773518234505e-04       9.966480064564e-01      -2.254228385878e-07      -8.765196397752e-05      -1.346960140295e-08      -8.934117120997e-05      -2.230430251786e-07 
       5.981361927751e-04      -6.318677310375e-01      -6.472108623872e-01      -6.472253362875e-01      -6.294591701579e-01      -6.471923915751e-01       5.975785430391e-01       5.968573141000e-01       1.294450672575e+00       4.136264733369e-04       9.963394383837e-01      -2.424016488951e-07      -1.033521361498e-04      -1.592778750032e-08      -1.053250114299e-04      -2.629821630482e-07 
       6.263254830773e-04      -6.719418567882e-01      -7.094558651377e-01      -7.094731022433e-01      -6.691386342130e-01      -7.093978054550e-01       5.973517879605e-01       5.966653457459e-01       1.418946204487e+00       4.533754507081e-04       9.960039074679e-01      -2.601752941438e-07      -1.216386753571e-04      -1.880430003189e-08      -1.239365350326e-04      -3.094972307943e-07 
       6.558432937020e-04      -7.124209086126e-01      -7.776676012381e-01      -7.776881123182e-01      -7.091689485719e-01      -7.775599024579e-01       5.971059486632e-01       5.964562387709e-01       1.555376224636e+00       4.969291847240e-04       9.956393231406e-01      -2.786852934418e-07      -1.428705276254e-04      -2.216274356421e-08      -1.455390484911e-04      -3.635003265985e-07 
       6.867522358831e-04      -7.528590630548e-01      -8.524143082773e-01      -8.524386937148e-01      -7.491001019679e-01      -8.522450891588e-01       5.968396788027e-01       5.962286009394e-01       1.704877387430e+00       5.446491256269e-04       9.952434788419e-01      -2.978501356638e-07      -1.674368027658e-04      -2.607091948125e-08      -1.705257401247e-04      -4.259793531666e-07 
       7.191178716309e-04      -7.927265905436e-01      -9.343176576288e-01      -9.343466212825e-01      -7.883988656693e-01      -9.340729603486e-01       5.965515826251e-01       5.959809542908e-01       1.868693242565e+00       5.969305944052e-04       9.948140546776e-01      -3.175620311332e-07      -1.957526533269e-04      -3.060469042007e-08      -1.993157379139e-04      -4.979885003031e-07 
       7.530088527984e-04      -8.314072403875e-01      -1.024057658313e+00      -1.024092025410e+00      -8.264465290962e-01      -1.023721192445e+00       5.962402200132e-01       5.957117334122e-01       2.048184050820e+00       6.542058847431e-04       9.943486194787e-01      -3.376839401889e-07      -2.282531313898e-04      -3.584589642242e-08      -2.323476415985e-04      -5.806322247720e-07 
       7.884970667002e-04      -8.681989186552e-01      -1.122377997459e+00      -1.122418732989e+00      -8.625402063284e-01      -1.121930876106e+00       5.959041142088e-01       5.954192870654e-01       2.244837465979e+00       7.169476424928e-04       9.938446366769e-01      -3.580468471741e-07      -2.653837765329e-04      -4.188291619422e-08      -2.700699665315e-04      -6.750416510125e-07 
       8.256577885962e-04      -9.023192963167e-01      -1.230091846113e+00      -1.230140074728e+00      -8.958990474278e-01      -1.229512323400e+00       5.955417592948e-01       5.951018788549e-01       2.460280149456e+00       7.856725418280e-04       9.932994690991e-01      -3.784475504166e-07      -3.075880653194e-04      -4.880439092077e-08      -3.129279561852e-04      -7.823415521985e-07 
       8.645698413597e-04      -9.329178367952e-01      -1.348088168468e+00      -1.348145199889e+00      -9.256768695068e-01      -1.347351392860e+00       5.951516301296e-01       5.947576921276e-01       2.696290399779e+00       8.609452897357e-04       9.927103876507e-01      -3.986475610008e-07      -3.552898494089e-04      -5.670369675542e-08      -3.613463111704e-04      -9.036074279160e-07 
       9.053157626715e-04      -9.590957701878e-01      -1.477338580198e+00      -1.477405937353e+00      -9.509828819065e-01      -1.476416375307e+00       5.947321920070e-01       5.943848342664e-01       2.954811874706e+00       9.433829821061e-04       9.920745797373e-01      -4.183731877336e-07      -4.088722302539e-04      -6.567284232995e-08      -4.157075976883e-04      -1.039811241748e-06 
       9.479819800938e-04      -9.799357760249e-01      -1.618904800709e+00      -1.618984249053e+00      -9.709122155780e-01      -1.617765489467e+00       5.942819113114e-01       5.939813440113e-01       3.237968498107e+00       1.033659846906e-03       9.913891602920e-01      -4.373175643376e-07      -4.686519342271e-04      -7.579837471347e-08      -4.763264639120e-04      -1.191756535073e-06 
       9.926589943941e-04      -9.945434473952e-01      -1.773946734212e+00      -1.774040318663e+00      -9.845878105592e-01      -1.772555032423e+00       5.937992640602e-01       5.935451989329e-01       3.548080637325e+00       1.132512397431e-03       9.906511784557e-01      -4.551449487797e-07      -5.348496789089e-04      -8.715986263568e-08      -5.434203689428e-04      -1.360004451136e-06 
       1.039441571510e-03      -1.002100839825e+00      -1.943731261829e+00      -1.943841345698e+00      -9.912148809714e-01      -1.942048258106e+00       5.932827484193e-01       5.930743298554e-01       3.887682691396e+00       1.240745060698e-03       9.898576372839e-01      -4.714982844642e-07      -6.075591264197e-04      -9.981972431378e-08      -6.170783967744e-04      -1.544794356885e-06 
       1.088428943559e-03      -1.001934533774e+00      -2.129641751005e+00      -2.129771064646e+00      -9.901482891540e-01      -2.127625004232e+00       5.927308872221e-01       5.925666294770e-01       4.259542129291e+00       1.359236269659e-03       9.890054934219e-01      -4.860099949408e-07      -6.867150552796e-04      -1.138234881200e-07      -6.972308386714e-04      -1.745965731386e-06 
       1.139725019325e-03      -9.935950010600e-01      -2.333188398250e+00      -2.333340092207e+00      -9.809720312015e-01      -2.330792168466e+00       5.921422342221e-01       5.920199699234e-01       4.666680184414e+00       1.488945118412e-03       9.880916720271e-01      -4.983172086706e-07      -7.720673221911e-04      -1.291875571986e-07      -7.836237533616e-04      -1.962891742167e-06 
       1.193438604663e-03      -9.769474554913e-01      -2.556019401216e+00      -2.556197112730e+00      -9.635880389867e-01      -2.553195039695e+00       5.915153663972e-01       5.914322125958e-01       5.112394225460e+00       1.630918553155e-03       9.871130566544e-01      -5.080812915479e-07      -8.631635978191e-04      -1.459032822664e-07      -8.758044088294e-04      -2.194439476664e-06 
       1.249683633289e-03      -9.522667962223e-01      -2.799933128502e+00      -2.800141057024e+00      -9.383090571940e-01      -2.796629629166e+00       5.908488833688e-01       5.908012321645e-01       5.600282114048e+00       1.786299260665e-03       9.860665084387e-01      -5.150116340100e-07      -9.593523626730e-04      -1.639148255038e-07      -9.731254870907e-04      -2.438975194864e-06 
       1.308579408449e-03      -9.203308105147e-01      -3.066891247635e+00      -3.067134245966e+00      -9.059469137614e-01      -3.063055958102e+00       5.901413860150e-01       5.901249277784e-01       6.134268491931e+00       1.956334144971e-03       9.849488429256e-01      -5.188937440029e-07      -1.059810879585e-03      -1.831348714818e-07      -1.074777550012e-03      -2.694441340450e-06 
       1.370250855978e-03      -8.824956697312e-01      -3.359026458220e+00      -3.359310244449e+00      -8.678835142347e-01      -3.354606016179e+00       5.893903250730e-01       5.894001121595e-01       6.718620488899e+00       2.142379484714e-03       9.837549399678e-01      -5.196193118418e-07      -1.163611758447e-03      -2.034386181386e-07      -1.179860356561e-03      -2.958526910728e-06 
       1.434828789286e-03      -8.407459539135e-01      -3.678672485549e+00      -3.679003676065e+00      -8.261079478336e-01      -3.673613632312e+00       5.885947649170e-01       5.886253225217e-01       7.358007352130e+00       2.345920098162e-03       9.824823905211e-01      -5.172188029961e-07      -1.269844645348e-03      -2.246795092967e-07      -1.287503979970e-03      -3.228973656313e-06 
       1.502450186827e-03      -7.976852683019e-01      -4.028373615993e+00      -4.028759898258e+00      -7.832031516713e-01      -4.022624089069e+00       5.877536597132e-01       5.877991495987e-01       8.057519796515e+00       2.568575639045e-03       9.811286613363e-01      -5.118811920718e-07      -1.377791822892e-03      -2.466867049489e-07      -1.397047205098e-03      -3.504017654141e-06 
       1.573258482650e-03      -7.564548937399e-01      -4.410898576707e+00      -4.411348983362e+00      -7.422536253703e-01      -4.404407900504e+00       5.868652195467e-01       5.869196584547e-01       8.822697966724e+00       2.812109698716e-03       9.796900972086e-01      -5.040163190087e-07      -1.487162645650e-03      -2.693153473666e-07      -1.508275122834e-03      -3.782986682752e-06 
       1.647403870647e-03      -7.205556084197e-01      -4.829262793674e+00      -4.829788019121e+00      -7.066571089578e-01      -4.821982721994e+00       5.859274022760e-01       5.859849315611e-01       9.659576038242e+00       3.078443991691e-03       9.781627793246e-01      -4.941825995740e-07      -1.598388151008e-03      -2.924693639192e-07      -1.621706843809e-03      -4.067033483216e-06 
       1.725043623124e-03      -6.935542690170e-01      -5.286749381199e+00      -5.287362157155e+00      -6.798250457352e-01      -5.278633794600e+00       5.849378607199e-01       5.849930567679e-01       1.057472431431e+01       3.369671867636e-03       9.765425060696e-01      -4.831589765216e-07      -1.712942747251e-03      -3.161630929559e-07      -1.738907581271e-03      -4.359940043946e-06 
       1.806342424406e-03      -6.786701159531e-01      -5.786931492836e+00      -5.787647075508e+00      -6.647699285453e-01      -5.777935572375e+00       5.838938674259e-01       5.839420737711e-01       1.157529415102e+01       3.688072472979e-03       9.748247094940e-01      -4.718692037485e-07      -1.833652333103e-03      -3.405736759600e-07      -1.862777053416e-03      -4.668876203911e-06 
       1.891472720151e-03      -6.782591198720e-01      -6.333696423031e+00      -6.334533191663e+00      -6.636009511840e-01      -6.323774913421e+00       5.827922649648e-01       5.828299169780e-01       1.266906638333e+01       4.036125915370e-03       9.730044063647e-01      -4.613248839041e-07      -1.964913993630e-03      -3.661022397955e-07      -1.997740897187e-03      -5.004929748093e-06 
       1.980615083129e-03      -6.932434028750e-01      -6.931271343114e+00      -6.932251530115e+00      -6.769810449204e-01      -6.920375828660e+00       5.816294322448e-01       5.816543358549e-01       1.386450306023e+01       4.416529360532e-03       9.710761580033e-01      -4.525283339493e-07      -2.112728321091e-03      -3.934330619702e-07      -2.149748049473e-03      -5.383160883091e-06 
       2.073958596245e-03      -7.225789747832e-01      -7.584250961523e+00      -7.585401546608e+00      -7.036378730498e-01      -7.572326262396e+00       5.804013015175e-01       5.804128198585e-01       1.517080309322e+01       4.832214122713e-03       9.690340746791e-01      -4.463470264417e-07      -2.284431037638e-03      -4.235786087915e-07      -2.325964985809e-03      -5.821900057635e-06 
       2.171701253604e-03      -7.628878928746e-01      -8.297626779643e+00      -8.298980550394e+00      -7.400607726520e-01      -8.284606792573e+00       5.791033981322e-01       5.791024983411e-01       1.659796110079e+01       5.286363786824e-03       9.668718333588e-01      -4.433706038336e-07      -2.488018368698e-03      -4.578480303804e-07      -2.534071454349e-03      -6.341025889296e-06 
       2.274050380486e-03      -8.084281138257e-01      -9.076819003313e+00      -9.078415651373e+00      -7.805433616581e-01      -9.062622511493e+00       5.777309783119e-01       5.777200964366e-01       1.815683130275e+01       5.782433945126e-03       9.645828167114e-01      -4.437709696124e-07      -2.731006000512e-03      -4.977976762772e-07      -2.781120080827e-03      -6.959104907170e-06 
       2.381223073113e-03      -8.515656735280e-01      -9.927709015534e+00      -9.929596553845e+00      -8.177264996657e-01      -9.912236647850e+00       5.762791298031e-01       5.762618302045e-01       1.985919310769e+01       6.324171555039e-03       9.621600893693e-01      -4.471971788217e-07      -3.018884065350e-03      -5.450594036343e-07      -3.072035974319e-03      -7.689546870797e-06 
       2.493446659134e-03      -8.838806262778e-01      -1.085667599427e+01      -1.085891220477e+01      -8.437393624916e-01      -1.083980924357e+01       5.747430287486e-01       5.747234650685e-01       2.171782440953e+01       6.915640204725e-03       9.595968162448e-01      -4.527722606162e-07      -3.353388976154e-03      -6.011182045952e-07      -3.408013075829e-03      -8.536375690729e-06 
       2.610959179822e-03      -8.978878063341e-01      -1.187063368283e+01      -1.187328772058e+01      -8.518979192731e-01      -1.185223719862e+01       5.731180766180e-01       5.731003064554e-01       2.374657544116e+01       7.561240547919e-03       9.568861295157e-01      -4.590874285942e-07      -3.731070529547e-03      -6.670286784051e-07      -3.785276090946e-03      -9.490800670311e-06 
       2.734009894987e-03      -8.891768626753e-01      -1.297707064974e+01      -1.298022480898e+01      -8.387144060780e-01      -1.295699850717e+01       5.714000819123e-01       5.713873361685e-01       2.596044961796e+01       8.265738988259e-03       9.540214482155e-01      -4.645715920713e-07      -4.142823134857e-03      -7.430921036477e-07      -4.194870470830e-03      -1.053025725408e-05 
       2.862859811694e-03      -8.584615071890e-01      -1.418409350185e+01      -1.418784520487e+01      -8.057022135318e-01      -1.416219923531e+01       5.695853741944e-01       5.695794282471e-01       2.837569040975e+01       9.034297014435e-03       9.509966080787e-01      -4.675863617128e-07      -4.575161338170e-03      -8.286432823838e-07      -4.624179154300e-03      -1.162180814366e-05 
       2.997782237893e-03      -8.127827305464e-01      -1.550047108178e+01      -1.550493536959e+01      -7.602368917281e-01      -1.547662005369e+01       5.676707281360e-01       5.676715433820e-01       3.100987073918e+01       9.872498215729e-03       9.478056323699e-01      -4.671485336268e-07      -5.013811096460e-03      -9.221100269987e-07      -5.060598908030e-03      -1.273121766997e-05 
       3.139063362138e-03      -7.649882210921e-01      -1.693568123461e+01      -1.694099375218e+01      -7.146886668252e-01      -1.690976209077e+01       5.656531557164e-01       5.656589376490e-01       3.388198750437e+01       1.078638441858e-02       9.444427304245e-01      -4.630829525815e-07      -5.449506712008e-03      -1.021303558777e-06      -5.497099053903e-03      -1.383724751195e-05 
       3.287002860635e-03      -7.308350408962e-01      -1.849996250648e+01      -1.850628357965e+01      -6.833335639780e-01      -1.847189387071e+01       5.635296735723e-01       5.635374113592e-01       3.701256715929e+01       1.178248705038e-02       9.409020176519e-01      -4.562355443464e-07      -5.884721550155e-03      -1.124278442340e-06      -5.938231020828e-03      -1.494788472429e-05 
       3.441914532896e-03      -7.237807198932e-01      -2.020436591542e+01      -2.021188591445e+01      -6.773302785257e-01      -2.017409443901e+01       5.612969208980e-01       5.613033324653e-01       4.042377182890e+01       1.286786269650e-02       9.371772505964e-01      -4.484851763870e-07      -6.338600552870e-03      -1.230336732256e-06      -6.403879324668e-03      -1.611162929471e-05 
       3.604126967345e-03      -7.487598489891e-01      -2.206080613773e+01      -2.206975254490e+01      -6.992102414215e-01      -2.202829475541e+01       5.589507923824e-01       5.589534282410e-01       4.413950508980e+01       1.405012357916e-02       9.332614148310e-01      -4.421193022595e-07      -6.846361249675e-03      -1.341197412743e-06      -6.927378086485e-03      -1.741487668990e-05 
       3.773984238305e-03      -7.975878565150e-01      -2.408212306177e+01      -2.409276928466e+01      -7.394803049162e-01      -2.404733289232e+01       5.564865100849e-01       5.564846319262e-01       4.818553856931e+01       1.533747403810e-02       9.291469313017e-01      -4.389613748279e-07      -7.450036255272e-03      -1.461566130526e-06      -7.545648478270e-03      -1.895825513119e-05 
       3.951846635814e-03      -8.493349630705e-01      -2.628213470666e+01      -2.629481053599e+01      -7.782488807210e-01      -2.624500989205e+01       5.538986946759e-01       5.538935281186e-01       5.258962107197e+01       1.673874386777e-02       9.248256992250e-01      -4.394942607485e-07      -8.180745869137e-03      -1.598575306497e-06      -8.282573726521e-03      -2.081335015421e-05 
       4.138091429848e-03      -8.779387792271e-01      -2.867570015483e+01      -2.869080291319e+01      -7.933356768274e-01      -2.863616781769e+01       5.511819149493e-01       5.511760538037e-01       5.738160582637e+01       1.826342132172e-02       9.202895370318e-01      -4.424729945665e-07      -9.038779448338e-03      -1.759849280175e-06      -9.132528877166e-03      -2.297611616867e-05 
       4.333113670534e-03      -8.658809984040e-01      -3.127878104491e+01      -3.129678807540e+01      -7.727613118730e-01      -3.123677700327e+01       5.483312495860e-01       5.483273591429e-01       6.259357615080e+01       1.992169911536e-02       9.155308084855e-01      -4.451913120245e-07      -9.984153377220e-03      -1.950510484982e-06      -1.005593652662e-02      -2.534786920853e-05 
       4.537327026042e-03      -8.175281008246e-01      -3.410850304044e+01      -3.412998391074e+01      -7.249954343592e-01      -3.406401983534e+01       5.453425911278e-01       5.453419914600e-01       6.825996782149e+01       2.172451382009e-02       9.105425392965e-01      -4.449109936116e-07      -1.095145415287e-02      -2.170463640830e-06      -1.099759185738e-02      -2.777546349273e-05 
       4.751164659838e-03      -7.620968654774e-01      -3.718322051660e+01      -3.720885071176e+01      -6.781679567950e-01      -3.713635928440e+01       5.422125480029e-01       5.422144910774e-01       7.441770142352e+01       2.368359833907e-02       9.053183816342e-01      -4.405214350287e-07      -1.189224124709e-02      -2.414126276125e-06      -1.192645187224e-02      -3.015453670784e-05 
       4.975080148993e-03      -7.386545259234e-01      -4.052258455193e+01      -4.055316379562e+01      -6.636342532828e-01      -4.047358145898e+01       5.389379044352e-01       5.389401209229e-01       8.110632759123e+01       2.581153093606e-02       8.998521295533e-01      -4.335932297947e-07      -1.282520833993e-02      -2.674077995836e-06      -1.287444030370e-02      -3.254392318298e-05 
       5.209548445017e-03      -7.672139106568e-01      -4.414759222058e+01      -4.418406807554e+01      -6.909758535098e-01      -4.409679802594e+01       5.355146636539e-01       5.355149942368e-01       8.836813615108e+01       2.812176789861e-02       8.941367308328e-01      -4.275842135281e-07      -1.385160148462e-02      -2.947807239566e-06      -1.393646990796e-02      -3.518972287542e-05 
       5.455066878190e-03      -8.260545594109e-01      -4.808064740873e+01      -4.812414912806e+01      -7.341930957726e-01      -4.802847973403e+01       5.319378011673e-01       5.319358299010e-01       9.624829825612e+01       3.062867809907e-02       8.881641868073e-01      -4.253003866509e-07      -1.509843842873e-02      -3.243536261427e-06      -1.520850984474e-02      -3.837928343079e-05 
       5.712156205140e-03      -8.611944296340e-01      -5.234561310121e+01      -5.239749377290e+01      -7.484282742740e-01      -5.229253877962e+01       5.282017408316e-01       5.281990712553e-01       1.047949875458e+02       3.334757010109e-02       8.819260480545e-01      -4.263101964435e-07      -1.660659507327e-02      -3.579311942747e-06      -1.669583681616e-02      -4.218194147387e-05 
       5.981361696754e-03      -8.333506658691e-01      -5.696790943526e+01      -5.702979036607e+01      -7.126415285245e-01      -5.691451328237e+01       5.243018197584e-01       5.243005510956e-01       1.140595807321e+02       3.629475345524e-02       8.754150899164e-01      -4.268991562620e-07      -1.826137547897e-02      -3.973008701351e-06      -1.828382446033e-02      -4.631443690659e-05 
       6.263254258196e-03      -7.653392940057e-01      -6.197444135977e+01      -6.204825922761e+01      -6.589462647145e-01      -6.192157260490e+01       5.202337824943e-01       5.202344393925e-01       1.240965184552e+02       3.948750693594e-02       8.686239240604e-01      -4.234918130398e-07      -1.987956585679e-02      -4.429627344484e-06      -1.984520520810e-02      -5.037620516274e-05 
       6.558431562524e-03      -7.302224042329e-01      -6.739376648245e+01      -6.748181971071e+01      -6.449105735147e-01      -6.734265022296e+01       5.159945258705e-01       5.159955808968e-01       1.349636394214e+02       4.294420145151e-02       8.615465470479e-01      -4.167069186504e-07      -2.142978351939e-02      -4.939027912754e-06      -2.141358265833e-02      -5.435179880034e-05 
       6.867519160582e-03      -7.686419157644e-01      -7.325608249937e+01      -7.336108931696e+01      -6.825710653270e-01      -7.320829509422e+01       5.115803322006e-01       5.115800674453e-01       1.467221786339e+02       4.668429986483e-02       8.541763545540e-01      -4.111187453315e-07      -2.314376458172e-02      -5.491259548860e-06      -2.320194928674e-02      -5.879874978474e-05 
       7.191171496729e-03      -8.239229071007e-01      -7.959319528788e+01      -7.971837677749e+01      -7.116265601911e-01      -7.955056776795e+01       5.069860690270e-01       5.069847191375e-01       1.594367535550e+02       5.072832762063e-02       8.465053031872e-01      -4.096745845111e-07      -2.527930719177e-02      -6.097132980501e-06      -2.535150185317e-02      -6.424645218634e-05 
       7.530072704257e-03      -8.050362036040e-01      -8.643849366747e+01      -8.658768528443e+01      -6.783577157752e-01      -8.640316848616e+01       5.022063941983e-01       5.022057029599e-01       1.731753705689e+02       5.509785532036e-02       8.385252150513e-01      -4.092971308144e-07      -2.773175247639e-02      -6.788119373896e-06      -2.769295522734e-02      -7.037656170129e-05 
       7.884936964503e-03      -7.269103010988e-01      -9.382693524053e+01      -9.400470467278e+01      -6.264453118565e-01      -9.380165390966e+01       4.972374171477e-01       4.972380024893e-01       1.880094093456e+02       5.981551020811e-02       8.302294865812e-01      -4.049912083992e-07      -3.010891586792e-02      -7.588978311828e-06      -2.997024789177e-02      -7.634992899500e-05 
       8.256508074902e-03      -7.068298267263e-01      -1.017948773512e+02      -1.020066484037e+02      -6.361278570760e-01      -1.017832251217e+02       4.920758173938e-01       4.920762926842e-01       2.040132968074e+02       6.490489645540e-02       8.216117980588e-01      -3.979065735942e-07      -3.238158716573e-02      -8.498143217045e-06      -3.232101682195e-02      -8.225436467097e-05 
       8.645557666719e-03      -7.654485732474e-01      -1.103801405143e+02      -1.106323096365e+02      -6.765131643137e-01      -1.103864513453e+02       4.867180496830e-01       4.867175112393e-01       2.212646192731e+02       7.039063102714e-02       8.126661323246e-01      -3.937802094064e-07      -3.507678797247e-02      -9.509005257550e-06      -3.512989771412e-02      -8.926107689264e-05 
       9.052881226195e-03      -7.680541051091e-01      -1.196214051074e+02      -1.199215245794e+02      -6.520886796242e-01      -1.196506897955e+02       4.811588477042e-01       4.811584234797e-01       2.398430491588e+02       7.629795053327e-02       8.033844179529e-01      -3.923928102488e-07      -3.835460082030e-02      -1.064433430562e-05      -3.829031968800e-02      -9.751913994309e-05 
       9.479290692733e-03      -6.855786520466e-01      -1.295581102081e+02      -1.299151079369e+02      -6.018694796397e-01      -1.296164562764e+02       4.753949987658e-01       4.753954609870e-01       2.598302158739e+02       8.265269421952e-02       7.937614378134e-01      -3.877063625283e-07      -4.157185437047e-02      -1.194374086615e-05      -4.135880333210e-02      -1.056320063716e-04 
       9.925601939390e-03      -6.780410512282e-01      -1.402295755978e+02      -1.406539936601e+02      -6.245318934809e-01      -1.403246077664e+02       4.694241412934e-01       4.694243683510e-01       2.813079873202e+02       8.948071441843e-02       7.837924977862e-01      -3.806200087139e-07      -4.464580576790e-02      -1.342722073420e-05      -4.459917206643e-02      -1.137110655443e-04 
       1.039261492092e-02      -7.254325262398e-01      -1.516741706104e+02      -1.521783969373e+02      -6.389354005479e-01      -1.518149195706e+02       4.632439509936e-01       4.632436407991e-01       3.043567938745e+02       9.680753195778e-02       7.734737510179e-01      -3.768996776150e-07      -4.840985044136e-02      -1.510645639181e-05      -4.844339122548e-02      -1.234552182350e-04 
       1.088108379590e-02      -7.036056725009e-01      -1.639288290800e+02      -1.645273502342e+02      -6.030267237820e-01      -1.641258374382e+02       4.568522333682e-01       4.568521548785e-01       3.290547004683e+02       1.046577530651e-01       7.628032862647e-01      -3.735160276122e-07      -5.258290520253e-02      -1.700899071268e-05      -5.246794605729e-02      -1.340762789190e-04 
       1.139167407410e-02      -6.513468114222e-01      -1.770255113402e+02      -1.777352429040e+02      -5.943433570061e-01      -1.772914149346e+02       4.502491545210e-01       4.502492055843e-01       3.554704858079e+02       1.130533158350e-01       7.517815279381e-01      -3.667330795566e-07      -5.652782619228e-02      -1.917335668190e-05      -5.649840014421e-02      -1.443321678757e-04 
       1.192490411388e-02      -6.505899020894e-01      -1.909902829027e+02      -1.918308945663e+02      -5.862474944574e-01      -1.913400572911e+02       4.434418545364e-01       4.434418354795e-01       3.836617891326e+02       1.220113923814e-01       7.404148949367e-01      -3.617671327635e-07      -6.102843232126e-02      -2.164598693940e-05      -6.101345845743e-02      -1.560052607292e-04 
       1.248106954268e-02      -6.393890190993e-01      -2.058403920228e+02      -2.068345680636e+02      -5.763867906239e-01      -2.062914407432e+02       4.364332312630e-01       4.364332373506e-01       4.136691361272e+02       1.315452381131e-01       7.287129265046e-01      -3.563647591142e-07      -6.579268506172e-02      -2.445583427560e-05      -6.577062053607e-02      -1.683484093843e-04 
       1.306015192574e-02      -6.296811676292e-01      -2.215798545725e+02      -2.227535038415e+02      -5.674000219456e-01      -2.221523041424e+02       4.292342634863e-01       4.292342585936e-01       4.455070076830e+02       1.416593173556e-01       7.166935953914e-01      -3.508623866157e-07      -7.084652804723e-02      -2.761475580059e-05      -7.082945038180e-02      -1.814874464715e-04 
       1.366171767776e-02      -6.184159256967e-01      -2.381967945570e+02      -2.395792567741e+02      -5.572457413248e-01      -2.389136726594e+02       4.218618665653e-01       4.218618675601e-01       4.791585135482e+02       1.523470773998e-01       7.043835472890e-01      -3.452904916232e-07      -7.619594854134e-02      -3.119582739819e-05      -7.617378095689e-02      -1.954258091116e-04 
       1.428481967396e-02      -6.073929874985e-01      -2.556575142113e+02      -2.572815844064e+02      -5.474099935225e-01      -2.565448225941e+02       4.143367335733e-01       4.143367334704e-01       5.145631688128e+02       1.635895625299e-01       6.918187436492e-01      -3.395439048573e-07      -8.181536184959e-02      -3.522745521398e-05      -8.179466304946e-02      -2.101116399618e-04 
       1.492792100706e-02      -5.961953934111e-01      -2.739046941059e+02      -2.758064689739e+02      -5.372802099753e-01      -2.749913177452e+02       4.066866269740e-01       4.066866269380e-01       5.516129379477e+02       1.753525232317e-01       6.790461576890e-01      -3.337232021126e-07      -8.769684204853e-02      -3.974743927237e-05      -8.767630669620e-02      -2.255301206910e-04 
       1.558886502105e-02      -5.848357212634e-01      -2.928568805595e+02      -2.950753462456e+02      -5.270569259580e-01      -2.941742878793e+02       3.989469529845e-01       3.989469530147e-01       5.901506924913e+02       1.875852691514e-01       6.661241300987e-01      -3.278714167837e-07      -9.381273859532e-02      -4.478078339260e-05      -9.379261989675e-02      -2.416149212909e-04 
       1.626491417422e-02      -5.734171461920e-01      -3.124082847311e+02      -3.149847477204e+02      -5.167638358721e-01      -3.139900945255e+02       3.911575465960e-01       3.911575465826e-01       6.299694954408e+02       2.002217025733e-01       6.531191148874e-01      -3.219691824750e-07      -1.001305735052e-01      -5.034541135506e-05      -1.001108553721e-01      -2.582882990989e-04 
       1.695286934301e-02      -5.619839684301e-01      -3.324336930399e+02      -3.354110696171e+02      -5.064619227106e-01      -3.343151132069e+02       3.833617620109e-01       3.833617620152e-01       6.708221392341e+02       2.131829733224e-01       6.401034522878e-01      -3.160618883529e-07      -1.066108160772e-01      -5.645205331065e-05      -1.065914857529e-01      -2.754528162550e-04 
       1.764926168430e-02      -5.506071462465e-01      -3.527958093078e+02      -3.562175052825e+02      -4.962101240174e-01      -3.550127173006e+02       3.756037709433e-01       3.756037709432e-01       7.124350105649e+02       2.263819785322e-01       6.271509028821e-01      -3.101846200942e-07      -1.132099235643e-01      -6.308723322378e-05      -1.131909886564e-01      -2.929975328909e-04 
       1.835058760363e-02      -5.393476811603e-01      -3.733540212504e+02      -3.772632106384e+02      -4.860636484514e-01      -3.759423635644e+02       3.679258910347e-01       3.679258910340e-01       7.545264212767e+02       2.397290992234e-01       6.143321121237e-01      -3.043728198838e-07      -1.198830980707e-01      -7.024449722890e-05      -1.198645499179e-01      -3.108094020533e-04 
       1.905354355797e-02      -5.282603598939e-01      -3.939734476295e+02      -3.984121301799e+02      -4.760726367631e-01      -3.969684363098e+02       3.603656772135e-01       3.603656772138e-01       7.968242603599e+02       2.531378587226e-01       6.017097778648e-01      -2.986458497525e-07      -1.265870955268e-01      -7.789123009179e-05      -1.265689292672e-01      -3.287751435613e-04 
       1.975521843946e-02      -5.173911268105e-01      -4.145325490658e+02      -4.195409131028e+02      -4.662780499786e-01      -4.179681007274e+02       3.529542012817e-01       3.529542012816e-01       8.390818262055e+02       2.665299271922e-01       5.893357737584e-01      -2.930356095265e-07      -1.332827549948e-01      -8.599949031625e-05      -1.332649635788e-01      -3.467924451836e-04 
       2.045321634933e-02      -5.067749148650e-01      -4.349286262779e+02      -4.405443786722e+02      -4.567114226082e-01      -4.388367631557e+02       3.457153066114e-01       3.457153066113e-01       8.810887573445e+02       2.798386004746e-01       5.772499022906e-01      -2.875485926767e-07      -1.399367259928e-01      -9.452000867505e-05      -1.399193002600e-01      -3.647701705548e-04 
       2.114570368999e-02      -4.964367820680e-01      -4.550805044237e+02      -4.613387373174e+02      -4.473953852931e-01      -4.594912018584e+02       3.386660724341e-01       3.386660724341e-01       9.226774746347e+02       2.930108050987e-01       5.654806771731e-01      -2.821832887961e-07      -1.465224720698e-01      -1.034117198135e-04      -1.465054025419e-01      -3.826355110121e-04 
       2.183139227336e-02      -4.863904391063e-01      -4.749262451977e+02      -4.818593659506e+02      -4.383422681987e-01      -4.798673365889e+02       3.318157908196e-01       3.318157908196e-01       9.637187319012e+02       3.060056588425e-01       5.540436008562e-01      -2.769909833764e-07      -1.530195527660e-01      -1.126362847191e-04      -1.530028294180e-01      -4.003313328821e-04 
       2.250947928866e-02      -4.766433344391e-01      -4.944249339474e+02      -5.020623626664e+02      -4.295587812242e-01      -4.999218168731e+02       3.251695542424e-01       3.251695542424e-01       1.004124725333e+03       3.187955222329e-01       5.429471839802e-01      -2.719343535442e-07      -1.594141486362e-01      -1.221551548442e-04      -1.593977611186e-01      -4.178170274937e-04 
       2.317956563857e-02      -4.671946731909e-01      -5.135494873290e+02      -5.219182389185e+02      -4.210442153950e-01      -5.196255871434e+02       3.187268013656e-01       3.187268013656e-01       1.043836477837e+03       3.313618541420e-01       5.321904846196e-01      -2.670250766667e-07      -1.656969890595e-01      -1.319339547391e-04      -1.656809270713e-01      -4.350640166359e-04 
       2.384156963309e-02      -4.580406036479e-01      -5.322881430518e+02      -5.414123123145e+02      -4.127950952009e-01      -5.389644510358e+02       3.124849024884e-01       3.124849024884e-01       1.082824624629e+03       3.436955988905e-01       5.217691148311e-01      -2.622471110238e-07      -1.718635460629e-01      -1.419310133749e-04      -1.718477994447e-01      -4.520544380119e-04 
       2.449564690182e-02      -4.491728885414e-01      -5.506374521622e+02      -5.605389449799e+02      -4.048040055412e-01      -5.579331249224e+02       3.064381936114e-01       3.064381936114e-01       1.121077889960e+03       3.557933526618e-01       5.116736024936e-01      -2.576218432457e-07      -1.779121174595e-01      -1.521137488848e-04      -1.778966763310e-01      -4.687789240215e-04 
       2.514212195473e-02      -4.405816649762e-01      -5.686023391691e+02      -5.793007477444e+02      -3.970620519673e-01      -5.765345779768e+02       3.005799763783e-01       3.005799763783e-01       1.158601495489e+03       3.676570237105e-01       5.018927764754e-01      -2.531257765469e-07      -1.838436570389e-01      -1.624504723190e-04      -1.838285118554e-01      -4.852348850635e-04 
       2.578143298704e-02      -4.322559493364e-01      -5.861932863831e+02      -5.977060564354e+02      -3.895593254325e-01      -5.947774673822e+02       2.949028149057e-01       2.949028149057e-01       1.195412112871e+03       3.792921651723e-01       4.924142439090e-01      -2.488679742540e-07      -1.896609409952e-01      -1.729221893630e-04      -1.896460825862e-01      -5.014262863304e-04 
       2.641408926964e-02      -4.241846922205e-01      -6.034246472884e+02      -6.157671733944e+02      -3.822859171737e-01      -6.126743944157e+02       2.893989414327e-01       2.893989414327e-01       1.231534346789e+03       3.907066355434e-01       4.832249478780e-01      -2.445215276809e-07      -1.953678981733e-01      -1.834840318196e-04      -1.953533177716e-01      -5.173559130408e-04 
       2.704063940089e-02      -4.163562220018e-01      -6.203137588110e+02      -6.334994051391e+02      -3.752312405495e-01      -6.302409556371e+02       2.840607148755e-01       2.840607148755e-01       1.266998810278e+03       4.019106154653e-01       4.743122540525e-01      -2.403734374212e-07      -2.009696185242e-01      -1.941282849645e-04      -2.009553077326e-01      -5.330352829190e-04 
       2.766164838054e-02      -4.087593095955e-01      -6.368781506123e+02      -6.509186610084e+02      -3.683852523141e-01      -6.474932849111e+02       2.788801483863e-01       2.788801483863e-01       1.301837322017e+03       4.129141216852e-01       4.656627005747e-01      -2.363710726921e-07      -2.064711099986e-01      -2.048361320107e-04      -2.064570608426e-01      -5.484739693626e-04 
       2.827768155684e-02      -4.013840360780e-01      -6.531399328554e+02      -6.680445427053e+02      -3.617389320418e-01      -6.644513409825e+02       2.738507963581e-01       2.738507963581e-01       1.336089085411e+03       4.237301468105e-01       4.572656522294e-01      -2.324970172719e-07      -2.118788685993e-01      -2.155379189033e-04      -2.118650734053e-01      -5.636772870045e-04 
       2.888929376710e-02      -3.942197953314e-01      -6.691170331387e+02      -6.848939309906e+02      -3.552828076468e-01      -6.811321372743e+02       2.689650976023e-01       2.689650976023e-01       1.369787861981e+03       4.343692373897e-01       4.491083554004e-01      -2.286420927013e-07      -2.171981671925e-01      -2.262627684028e-04      -2.171846186949e-01      -5.786629941883e-04 
       2.949702230981e-02      -3.872576441285e-01      -6.848321495932e+02      -7.014869929433e+02      -3.490087375757e-01      -6.975562003945e+02       2.642172926569e-01       2.642172926569e-01       1.402973985887e+03       4.448447896323e-01       4.411813272087e-01      -2.250008620558e-07      -2.224357036150e-01      -2.369618531227e-04      -2.224223948161e-01      -5.934401777987e-04 
       3.010138268639e-02      -3.804888716496e-01      -7.003045355089e+02      -7.178416845947e+02      -3.429089511562e-01      -7.137416563403e+02       2.596010984174e-01       2.596010984174e-01       1.435683369189e+03       4.551680258758e-01       4.334739446788e-01      -2.212749136036e-07      -2.275970886976e-01      -2.476157771207e-04      -2.275840129379e-01      -6.080198280932e-04 
       3.070286630818e-02      -3.739041258563e-01      -7.155522682732e+02      -7.339748736045e+02      -3.369749680345e-01      -7.297055310350e+02       2.551103923403e-01       2.551103923403e-01       1.467949747209e+03       4.653500397982e-01       4.259760832955e-01      -2.177272251627e-07      -2.326878689813e-01      -2.582332619134e-04      -2.326750198991e-01      -6.224171846892e-04 
       3.130193957039e-02      -3.674988131375e-01      -7.306020926073e+02      -7.499100189079e+02      -3.312026538657e-01      -7.454717552709e+02       2.507419719582e-01       2.507419719582e-01       1.499820037816e+03       4.754060254076e-01       4.186823721482e-01      -2.142494878920e-07      -2.377156413118e-01      -2.687244461998e-04      -2.377030127038e-01      -6.366371440995e-04 
       3.189904385593e-02      -3.612657353088e-01      -7.454735825321e+02      -7.656650347884e+02      -3.255855177379e-01      -7.610584702918e+02       2.464909732358e-01       2.464909732358e-01       1.531330069577e+03       4.853475900489e-01       4.115847062602e-01      -2.109956189243e-07      -2.426862091140e-01      -2.790999764440e-04      -2.426737950245e-01      -6.506958925860e-04 
       3.249459615342e-02      -3.551968790341e-01      -7.601811733563e+02      -7.812537950553e+02      -3.201163920985e-01      -7.764796120139e+02       2.423517069657e-01       2.423517069657e-01       1.562507590111e+03       4.951833527766e-01       4.046734994361e-01      -2.075643929805e-07      -2.476038816136e-01      -2.893491061698e-04      -2.475916763883e-01      -6.646025202708e-04 
       3.308899006411e-02      -3.492880551979e-01      -7.747500447516e+02      -7.966982075519e+02      -3.147914229547e-01      -7.917575608592e+02       2.383216498838e-01       2.383216498838e-01       1.593396415104e+03       5.049279658631e-01       3.979446689344e-01      -2.044445139656e-07      -2.524759848403e-01      -2.994270802515e-04      -2.524639829316e-01      -6.783683252619e-04 
       3.368259703912e-02      -3.435342413533e-01      -7.891987679984e+02      -8.120155625345e+02      -3.096061601584e-01      -8.069097757572e+02       2.343970420909e-01       2.343970420909e-01       1.624031125069e+03       5.145921501859e-01       3.913918077520e-01      -2.011295948999e-07      -2.573078790241e-01      -3.093008866912e-04      -2.572960750930e-01      -6.920015333814e-04 
       3.427576773646e-02      -3.379298468969e-01      -8.035462722265e+02      -8.272226877206e+02      -3.045554989329e-01      -8.219533827709e+02       2.305743975555e-01       2.305743975555e-01       1.654445375441e+03       5.241872183123e-01       3.850092202389e-01      -1.981697589640e-07      -2.621052202863e-01      -3.189991629186e-04      -2.620936091562e-01      -7.055207830868e-04 
       3.486883342232e-02      -3.324723448078e-01      -8.178157647400e+02      -8.423404439413e+02      -2.996372303941e-01      -8.369095719932e+02       2.268516623973e-01       2.268516623973e-01       1.684680887883e+03       5.337262492127e-01       3.787933510645e-01      -1.949862570911e-07      -2.668745479940e-01      -3.284411984863e-04      -2.668631246063e-01      -7.189297646621e-04 
       3.546210736590e-02      -3.271556777458e-01      -8.320224049449e+02      -8.573823668992e+02      -2.948458373016e-01      -8.517921086439e+02       2.232249775012e-01       2.232249775012e-01       1.714764733798e+03       5.432183681246e-01       3.727378614891e-01      -1.920043507260e-07      -2.716204245844e-01      -3.376227760056e-04      -2.716091840623e-01      -7.322392249961e-04 
       3.605588619481e-02      -3.219775853666e-01      -8.461892650189e+02      -8.723691146484e+02      -2.901793068134e-01      -8.666219910401e+02       2.196926882559e-01       2.196926882559e-01       1.744738229297e+03       5.526768046879e-01       3.668399456623e-01      -1.890878224233e-07      -2.763494647886e-01      -3.464992796595e-04      -2.763384023440e-01      -7.454587065742e-04 
       3.665045119063e-02      -3.169334277958e-01      -8.603328570569e+02      -8.873153982908e+02      -2.856334342663e-01      -8.814141854357e+02       2.162517456413e-01       2.162517456413e-01       1.774630796582e+03       5.621112609724e-01       3.610945568545e-01      -1.862149315216e-07      -2.810665194920e-01      -3.550623711129e-04      -2.810556304862e-01      -7.585990316990e-04 
       3.724606951266e-02      -3.120218802445e-01      -8.744770085103e+02      -9.022426578529e+02      -2.812070896403e-01      -8.961904664643e+02       2.129009740490e-01       2.129009740490e-01       1.804485315706e+03       5.715351994712e-01       3.554996264818e-01      -1.834267956349e-07      -2.857783198651e-01      -3.632948090561e-04      -2.857675997356e-01      -7.716743302532e-04 
       3.784299534431e-02      -3.072381796917e-01      -8.886372440909e+02      -9.171644067482e+02      -2.768959214355e-01      -9.109646379558e+02       2.096373827837e-01       2.096373827837e-01       1.834328813496e+03       5.809578006366e-01       3.500502611504e-01      -1.806914624451e-07      -2.904894559984e-01      -3.711603970372e-04      -2.904789003183e-01      -7.846903996565e-04 
       3.844147096019e-02      -3.025796461489e-01      -9.028331084224e+02      -9.320979998903e+02      -2.726975256416e-01      -9.257543660513e+02       2.064590784246e-01       2.064590784246e-01       1.864195999781e+03       5.903902249372e-01       3.447432751328e-01      -1.779804373588e-07      -2.952055080290e-01      -3.785896041969e-04      -2.951951124686e-01      -7.976502861371e-04 
       3.904172771505e-02      -2.980445973308e-01      -9.170867408240e+02      -9.470637406202e+02      -2.686104026251e-01      -9.405802042479e+02       2.033648918415e-01       2.033648918415e-01       1.894127481240e+03       5.998455192628e-01       3.395767051634e-01      -1.753652711584e-07      -2.999329993341e-01      -3.856535951380e-04      -2.999227596314e-01      -8.105814703541e-04 
       3.964398695723e-02      -2.936299289394e-01      -9.314163707985e+02      -9.620773455387e+02      -2.646317453848e-01      -9.554582341886e+02       2.003527247057e-01       2.003527247057e-01       1.924154691077e+03       6.093339642085e-01       3.345470564304e-01      -1.727795827138e-07      -3.046770701099e-01      -3.922696640389e-04      -3.046669821043e-01      -8.234838284781e-04 
       4.024846087044e-02      -2.893327885111e-01      -9.458394312851e+02      -9.771548642096e+02      -2.607589859156e-01      -9.704046925132e+02       1.974206240181e-01       1.974206240181e-01       1.954309728419e+03       6.188658866954e-01       3.296510650189e-01      -1.702531805722e-07      -3.094428837169e-01      -3.984112912488e-04      -3.094329433477e-01      -8.363661137081e-04 
       4.085535324819e-02      -2.851515281232e-01      -9.603787357525e+02      -9.923157874416e+02      -2.569906395038e-01      -9.854395551310e+02       1.945674694411e-01       1.945674694411e-01       1.984631574883e+03       6.284540176539e-01       3.248868615051e-01      -1.677729100715e-07      -3.142368055638e-01      -4.040524582302e-04      -3.142270088270e-01      -8.492401609976e-04 
       4.146486020563e-02      -2.810833883953e-01      -9.750514167363e+02      -1.007576053315e+03      -2.533242188613e-01      -1.000578917743e+03       1.917913912273e-01       1.917913912273e-01       2.015152106629e+03       6.381086288198e-01       3.202513282839e-01      -1.653511029366e-07      -3.190639714229e-01      -4.091794353391e-04      -3.190543144099e-01      -8.621166599419e-04 
       4.207717083329e-02      -2.771253664851e-01      -9.898734844052e+02      -1.022950175050e+03      -2.497570259234e-01      -1.015837501362e+03       1.890903408140e-01       1.890903408140e-01       2.045900350100e+03       6.478390839918e-01       3.157410428044e-01      -1.629724546457e-07      -3.239290630849e-01      -4.138440957082e-04      -3.239195419959e-01      -8.750154591075e-04 
       4.269246779746e-02      -2.732753082938e-01      -1.004864975325e+03      -1.038455561604e+03      -2.462870902617e-01      -1.031233094821e+03       1.864629205405e-01       1.864629205405e-01       2.076911123207e+03       6.576568776541e-01       3.113537024211e-01      -1.606398909913e-07      -3.288378277341e-01      -4.178663336500e-04      -3.288284388270e-01      -8.879226694436e-04 
       4.331092789152e-02      -2.695324129564e-01      -1.020048478493e+03      -1.054113402978e+03      -2.429137495402e-01      -1.046787068007e+03       1.839083826451e-01       1.839083826451e-01       2.108226805956e+03       6.675751946380e-01       3.070879772369e-01      -1.583710524507e-07      -3.337968577277e-01      -4.213594094427e-04      -3.337875973190e-01      -9.008725502244e-04 
       4.393272254233e-02      -2.658918551487e-01      -1.035432596641e+03      -1.069931613017e+03      -2.396326084668e-01      -1.062507428062e+03       1.814236440538e-01       1.814236440538e-01       2.139863226034e+03       6.775995520985e-01       3.029387999793e-01      -1.561392668671e-07      -3.388089114992e-01      -4.242986951468e-04      -3.387997760492e-01      -9.138681358530e-04 
       4.455801827569e-02      -2.623532706907e-01      -1.051044399514e+03      -1.085933077010e+03      -2.364433491276e-01      -1.078417674319e+03       1.790083966671e-01       1.790083966671e-01       2.171866154021e+03       6.877448074904e-01       2.989056339751e-01      -1.539527676629e-07      -3.438814177592e-01      -4.266073133227e-04      -3.438724037452e-01      -9.269159398051e-04 
       4.518697714421e-02      -2.589133571402e-01      -1.066895533292e+03      -1.102129947198e+03      -2.333430014261e-01      -1.094529856749e+03       1.766603833105e-01       1.766603833105e-01       2.204259894396e+03       6.980186144287e-01       2.949847074401e-01      -1.518179071480e-07      -3.490182031976e-01      -4.283096395966e-04      -3.490093072144e-01      -9.400293578956e-04 
       4.581975712116e-02      -2.555689404865e-01      -1.082999064968e+03      -1.118534109528e+03      -2.303286994326e-01      -1.110856024421e+03       1.743774562177e-01       1.743774562177e-01       2.237068219056e+03       7.084286855559e-01       2.911724413669e-01      -1.497276843273e-07      -3.542231240292e-01      -4.293475387323e-04      -3.542143427780e-01      -9.532089122640e-04 
       4.645651246315e-02      -2.523182332773e-01      -1.099373982557e+03      -1.135163275386e+03      -2.273988298411e-01      -1.127414055916e+03       1.721584567963e-01       1.721584567963e-01       2.270326550772e+03       7.189865402897e-01       2.874669219266e-01      -1.477729383066e-07      -3.595019399005e-01      -4.298366266918e-04      -3.594932701449e-01      -9.664871472369e-04 
       4.709739404439e-02      -2.491584790179e-01      -1.116032840549e+03      -1.152029230505e+03      -2.245509436945e-01      -1.144215835547e+03       1.700013289654e-01       1.700013289654e-01       2.304058461009e+03       7.296993268062e-01       2.838646492360e-01      -1.456699501926e-07      -3.648582247887e-01      -4.296783991334e-04      -3.648496634031e-01      -9.798575458522e-04 
       4.774254966524e-02      -2.460870284519e-01      -1.132990625083e+03      -1.169146119303e+03      -2.217826140839e-01      -1.161275613336e+03       1.679044481845e-01       1.679044481845e-01       2.338292238605e+03       7.405765599384e-01       2.803629809725e-01      -1.437115595578e-07      -3.702967360374e-01      -4.288695120030e-04      -3.702882799692e-01      -9.933314792087e-04 
       4.839212433710e-02      -2.431001216636e-01      -1.150255076066e+03      -1.186521177402e+03      -2.190904567793e-01      -1.178600690496e+03       1.658652564117e-01       1.658652564117e-01       2.373042354804e+03       7.516229035917e-01       2.769576471388e-01      -1.418704236848e-07      -3.758198054669e-01      -4.274591298392e-04      -3.758114517959e-01      -1.006922493586e-03 
       4.904626054591e-02      -2.401962020786e-01      -1.167842154259e+03      -1.204170410647e+03      -2.164731063313e-01      -1.196207035751e+03       1.638825276400e-01       1.638825276400e-01       2.408340821294e+03       7.628480991840e-01       2.736465371115e-01      -1.399108930348e-07      -3.814323037149e-01      -4.254157946761e-04      -3.814240495920e-01      -1.020637835036e-03 
       4.970509849602e-02      -2.373713423657e-01      -1.185758198305e+03      -1.222100173162e+03      -2.139269869158e-01      -1.214100988861e+03       1.619537594267e-01       1.619537594267e-01       2.444200346324e+03       7.742566380746e-01       2.704255399874e-01      -1.380768164891e-07      -3.871364763419e-01      -4.227670198852e-04      -3.871283190373e-01      -1.034487434953e-03 
       5.036877633628e-02      -2.346230780658e-01      -1.204013908494e+03      -1.240321715607e+03      -2.114498919967e-01      -1.232293692957e+03       1.600772146098e-01       1.600772146098e-01       2.480643431214e+03       7.858554650868e-01       2.672917331010e-01      -1.362863525250e-07      -3.929357956682e-01      -4.195106620319e-04      -3.929277325434e-01      -1.048479641938e-03 
       5.103743036975e-02      -2.319472471438e-01      -1.222610735002e+03      -1.258837203379e+03      -2.090380731782e-01      -1.250787197064e+03       1.582500717515e-01       1.582500717515e-01       2.517674406759e+03       7.976459188801e-01       2.642404106975e-01      -1.345274727146e-07      -3.988309308775e-01      -4.157236586734e-04      -3.988229594401e-01      -1.062628199498e-03 
       5.171119524854e-02      -2.293409996814e-01      -1.241555444749e+03      -1.277654556244e+03      -2.066889603537e-01      -1.269589225077e+03       1.564703883686e-01       1.564703883686e-01       2.555309112487e+03       8.096329227029e-01       2.612683303610e-01      -1.328034533440e-07      -4.048243434971e-01      -4.113646606354e-04      -4.048164613515e-01      -1.076932778874e-03 
       5.239020415505e-02      -2.268008901515e-01      -1.260850660729e+03      -1.296777518203e+03      -2.043994507795e-01      -1.288703337954e+03       1.547358170839e-01       1.547358170839e-01       2.593555036405e+03       8.218187455945e-01       2.583715730432e-01      -1.311266534409e-07      -4.109171679261e-01      -4.064609140299e-04      -4.109093727972e-01      -1.091400489597e-03 
       5.307458897075e-02      -2.243237727957e-01      -1.280498497825e+03      -1.316210718121e+03      -2.021667135394e-01      -1.308133761155e+03       1.530442268988e-01       1.530442268988e-01       2.632421436241e+03       8.342061051320e-01       2.555465844924e-01      -1.294801921010e-07      -4.171107628418e-01      -4.011266712473e-04      -4.171030525660e-01      -1.106052659453e-03 
       5.376448043353e-02      -2.219056896198e-01      -1.300496038545e+03      -1.335952540367e+03      -1.999871793459e-01      -1.327878677669e+03       1.513929192436e-01       1.513929192436e-01       2.671905080735e+03       8.467938486574e-01       2.527888599122e-01      -1.278702087840e-07      -4.234045517802e-01      -3.953119147962e-04      -4.233969243287e-01      -1.120879996481e-03 
       5.446000828457e-02      -2.195429991012e-01      -1.320839291873e+03      -1.356002012139e+03      -1.978575697508e-01      -1.347936642628e+03       1.497794191167e-01       1.497794191167e-01       2.712004024278e+03       8.595810688700e-01       2.500942689273e-01      -1.262987519716e-07      -4.297980809630e-01      -3.891031700470e-04      -4.297905344350e-01      -1.135894943504e-03 
       5.516130140571e-02      -2.172315096209e-01      -1.341519725288e+03      -1.376353454433e+03      -1.957740992873e-01      -1.368301539652e+03       1.482009110198e-01       1.482009110198e-01       2.752706908865e+03       8.725640096777e-01       2.474581269245e-01      -1.247990202967e-07      -4.362894722032e-01      -3.825306609523e-04      -4.362820048388e-01      -1.151097543949e-03 
       5.586848794792e-02      -2.149681755813e-01      -1.362532421060e+03      -1.397005409118e+03      -1.937340511583e-01      -1.388971370161e+03       1.466552182745e-01       1.466552182745e-01       2.794010818236e+03       8.857410434652e-01       2.448767597605e-01      -1.232409999915e-07      -4.428779115742e-01      -3.756962232526e-04      -4.428705217326e-01      -1.166501746165e-03 
       5.658169545170e-02      -2.127486082611e-01      -1.383863395336e+03      -1.417948234038e+03      -1.917334452716e-01      -1.409935828404e+03       1.451394560578e-01       1.451394560578e-01       2.835896468075e+03       8.991059721464e-01       2.423453928281e-01      -1.217605956223e-07      -4.495602998937e-01      -3.685988033813e-04      -4.495529860732e-01      -1.182099631991e-03 
       5.730105096009e-02      -2.105688170973e-01      -1.405499101319e+03      -1.439171233224e+03      -1.897686951769e-01      -1.431183790871e+03       1.436508793858e-01       1.436508793858e-01       2.878342466448e+03       9.126516201963e-01       2.398594327851e-01      -1.203128700057e-07      -4.563330492562e-01      -3.613366337929e-04      -4.563258100982e-01      -1.197897641007e-03 
       5.802668112475e-02      -2.084251330817e-01      -1.427423277432e+03      -1.460664618911e+03      -1.878364956126e-01      -1.452704471725e+03       1.421869904785e-01       1.421869904785e-01       2.921329237822e+03       9.263711247008e-01       2.374147103998e-01      -1.188883373806e-07      -4.631927280773e-01      -3.539719639974e-04      -4.631855623504e-01      -1.213896961321e-03 
       5.875871230577e-02      -2.063133697289e-01      -1.449616433899e+03      -1.482412377112e+03      -1.859330758347e-01      -1.474481341296e+03       1.407449400602e-01       1.407449400602e-01       2.964824754225e+03       9.402539676889e-01       2.350064698188e-01      -1.174911486621e-07      -4.701340772258e-01      -3.465970743033e-04      -4.701269838445e-01      -1.230098919381e-03 
       5.949727066567e-02      -2.042294742180e-01      -1.472055047520e+03      -1.504397387002e+03      -1.840547829821e-01      -1.496496305659e+03       1.393219701848e-01       1.393219701848e-01       3.008794774005e+03       9.542886412154e-01       2.326301083774e-01      -1.161198954299e-07      -4.771513425894e-01      -3.392571404851e-04      -4.771443206077e-01      -1.246496214727e-03 
       6.024248225797e-02      -2.021697718745e-01      -1.494716589499e+03      -1.526602650482e+03      -1.821983074213e-01      -1.518731530246e+03       1.379155815819e-01       1.379155815819e-01       3.053205300964e+03       9.684638019508e-01       2.302814549534e-01      -1.147738725721e-07      -4.842388523755e-01      -3.320602295682e-04      -4.842319009754e-01      -1.263091620266e-03 
       6.099447311085e-02      -2.001297999059e-01      -1.517569325167e+03      -1.549002745616e+03      -1.803596296710e-01      -1.541160649675e+03       1.365227360470e-01       1.365227360470e-01       3.098005491233e+03       9.827626645933e-01       2.279554380185e-01      -1.134484688519e-07      -4.913882137776e-01      -3.251247690727e-04      -4.913813322967e-01      -1.279882728164e-03 
       6.175336930616e-02      -1.981063194613e-01      -1.540587349367e+03      -1.571578828562e+03      -1.785358294803e-01      -1.563763746778e+03       1.351412282347e-01       1.351412282347e-01       3.143157657123e+03       9.971725585717e-01       2.256483769551e-01      -1.121443669132e-07      -4.985930913993e-01      -3.184795998164e-04      -4.985862792859e-01      -1.296858221928e-03 
       6.251929705421e-02      -1.960947824926e-01      -1.563732378859e+03      -1.594298965384e+03      -1.767228114453e-01      -1.586507950654e+03       1.337679633202e-01       1.337679633202e-01       3.188597930768e+03       1.011672557387e+00       2.233551059728e-01      -1.108617299907e-07      -5.058430218322e-01      -3.122880628690e-04      -5.058362786937e-01      -1.314017563630e-03 
       6.329238276460e-02      -1.940921437529e-01      -1.586973555982e+03      -1.617140326712e+03      -1.749178316091e-01      -1.609369214266e+03       1.324008672258e-01       1.324008672258e-01       3.234280653424e+03       1.026247354638e+00       2.210721629147e-01      -1.095986422817e-07      -5.131303517701e-01      -3.066310432045e-04      -5.131236773189e-01      -1.331354305687e-03 
       6.407275311340e-02      -1.920942659128e-01      -1.610269631336e+03      -1.640067988633e+03      -1.731171606945e-01      -1.632311686084e+03       1.310371227996e-01       1.310371227996e-01       3.280135977267e+03       1.040874129654e+00       2.187948458048e-01      -1.083489442008e-07      -5.204436707358e-01      -3.015749695430e-04      -5.204370648268e-01      -1.348850335955e-03 
       6.486053510691e-02      -1.900976284084e-01      -1.633579794527e+03      -1.663049303079e+03      -1.713176240846e-01      -1.655301497757e+03       1.296743502354e-01       1.296743502354e-01       3.326098606157e+03       1.055531399269e+00       2.165191886922e-01      -1.071359914240e-07      -5.277722370258e-01      -2.972609114805e-04      -5.277656996345e-01      -1.366500926367e-03 
       6.565585614227e-02      -1.880996325717e-01      -1.656867282525e+03      -1.686055684880e+03      -1.695168909401e-01      -1.678308833767e+03       1.283107276315e-01       1.283107276315e-01       3.372111369760e+03       1.070199943092e+00       2.142421304911e-01      -1.058995232032e-07      -5.351064403493e-01      -2.937525564100e-04      -5.350999715458e-01      -1.384292037419e-03 
       6.645884406518e-02      -1.860965190767e-01      -1.680083703187e+03      -1.709046615163e+03      -1.677115635199e-01      -1.701292015113e+03       1.269437490025e-01       1.269437490025e-01       3.418093230326e+03       1.084853473759e+00       2.119595086725e-01      -1.046937749250e-07      -5.424331368996e-01      -2.912174627397e-04      -5.424267368796e-01      -1.402217089622e-03 
       6.726962722477e-02      -1.840855240530e-01      -1.703185362222e+03      -1.731985982667e+03      -1.658991550579e-01      -1.724213807704e+03       1.255715044069e-01       1.255715044069e-01       3.463971965334e+03       1.099468162566e+00       2.096681250518e-01      -1.035010860337e-07      -5.497404122271e-01      -2.896923080826e-04      -5.497340812828e-01      -1.420252042679e-03 
       6.808833452604e-02      -1.820640726865e-01      -1.726127189635e+03      -1.754836900278e+03      -1.640773460052e-01      -1.747036108873e+03       1.241922449381e-01       1.241922449381e-01       3.509673800556e+03       1.114019769030e+00       2.073650617086e-01      -1.023153774307e-07      -5.570161460019e-01      -2.893344702605e-04      -5.570098845150e-01      -1.438391280301e-03 
       6.891509547984e-02      -1.800296556244e-01      -1.748862363456e+03      -1.777559882099e+03      -1.622438720672e-01      -1.769718355000e+03       1.228042643263e-01       1.228042643263e-01       3.555119764198e+03       1.128482492022e+00       2.050474721835e-01      -1.011388010972e-07      -5.642474375741e-01      -2.901857430874e-04      -5.642412460112e-01      -1.456609097484e-03 
       6.975004025066e-02      -1.779801201351e-01      -1.771343607344e+03      -1.800115693067e+03      -1.603967979533e-01      -1.792220122110e+03       1.214060806123e-01       1.214060806123e-01       3.600231386135e+03       1.142830508203e+00       2.027128763856e-01      -9.997332116263e-08      -5.714213751976e-01      -2.923907188342e-04      -5.714152541016e-01      -1.474895893167e-03 
       7.059329970233e-02      -1.759137395025e-01      -1.793526755655e+03      -1.822466574463e+03      -1.585345625662e-01      -1.814502716405e+03       1.199965254862e-01       1.199965254862e-01       3.644933148925e+03       1.157039237119e+00       2.003593279750e-01      -9.881208274780e-08      -5.785256685893e-01      -2.959604610027e-04      -5.785196185597e-01      -1.493222666943e-03 
       7.144500544176e-02      -1.738290366798e-01      -1.815366757364e+03      -1.844574639575e+03      -1.566558359997e-01      -1.836527197422e+03       1.185745891268e-01       1.185745891268e-01       3.689149279149e+03       1.171083867653e+00       1.979851397904e-01      -9.765788268853e-08      -5.855479121385e-01      -3.010166099097e-04      -5.855419338264e-01      -1.511577481057e-03 
       7.230528986090e-02      -1.717248126480e-01      -1.836819607358e+03      -1.866402182369e+03      -1.547595390639e-01      -1.858254940884e+03       1.171394452845e-01       1.171394452845e-01       3.732804364738e+03       1.184939759032e+00       1.955889291343e-01      -9.650374247928e-08      -5.924757854180e-01      -3.076469758947e-04      -5.924698795160e-01      -1.529943303435e-03 
       7.317428617696e-02      -1.696003250248e-01      -1.857845090648e+03      -1.887914085446e+03      -1.528449994985e-01      -1.879650094934e+03       1.156905884667e-01       1.156905884667e-01       3.775828170891e+03       1.198584101111e+00       1.931698530910e-01      -9.535763265873e-08      -5.992978833311e-01      -3.158580149947e-04      -5.992920505554e-01      -1.548292624490e-03 
       7.405212847100e-02      -1.674550699093e-01      -1.878403225588e+03      -1.909075875784e+03      -1.509117641979e-01      -1.900677386351e+03       1.142276711455e-01       1.142276711455e-01       3.818151751569e+03       1.211994414356e+00       1.907273298848e-01      -9.421175889378e-08      -6.060029660935e-01      -3.257616999048e-04      -6.059972071779e-01      -1.566614905029e-03 
       7.493895172510e-02      -1.652891232130e-01      -1.898460976749e+03      -1.929857454442e+03      -1.489598995800e-01      -1.921306311629e+03       1.127507364633e-01       1.127507364633e-01       3.859714908884e+03       1.225151246132e+00       1.882614291996e-01      -9.306769369026e-08      -6.125813073918e-01      -3.373308821110e-04      -6.125756230658e-01      -1.584881561576e-03 
       7.583489185804e-02      -1.631028204277e-01      -1.917986285318e+03      -1.950230733785e+03      -1.469897063372e-01      -1.941508212342e+03       1.112600093843e-01       1.112600093843e-01       3.900461467570e+03       1.238036342940e+00       1.857725257947e-01      -9.192638028053e-08      -6.190237804899e-01      -3.505818209635e-04      -6.190181714701e-01      -1.603072321390e-03 
       7.674008575965e-02      -1.608970244405e-01      -1.936954956995e+03      -1.970172331640e+03      -1.450019634659e-01      -1.961259622693e+03       1.097560653161e-01       1.097560653161e-01       3.940344663281e+03       1.250634696866e+00       1.832615757385e-01      -9.078285631154e-08      -6.253228814596e-01      -3.655609544102e-04      -6.253173484331e-01      -1.621175705335e-03 
       7.765467132399e-02      -1.586728997553e-01      -1.955345941441e+03      -1.989662573898e+03      -1.429977147049e-01      -1.980540689415e+03       1.082397047067e-01       1.082397047067e-01       3.979325147796e+03       1.262933742156e+00       1.807299189959e-01      -8.963656130139e-08      -6.314723274679e-01      -3.822098280374e-04      -6.314668710780e-01      -1.639166826179e-03 
       7.857878748124e-02      -1.564321698351e-01      -1.973146417414e+03      -2.008687926116e+03      -1.409785156591e-01      -1.999338015453e+03       1.067120781254e-01       1.067120781254e-01       4.017375852232e+03       1.274924811940e+00       1.781794678066e-01      -8.849658967446e-08      -6.374677851389e-01      -4.005051949234e-04      -6.374624059700e-01      -1.657031203723e-03 
       7.951257422856e-02      -1.541767103101e-01      -1.990348449314e+03      -2.027237507552e+03      -1.389460532085e-01      -2.017641202900e+03       1.051744643494e-01       1.051744643494e-01       4.054475015105e+03       1.286601317085e+00       1.756123580074e-01      -8.735546863470e-08      -6.433059599728e-01      -4.203999620880e-04      -6.433006585425e-01      -1.674753206946e-03 
       8.045617265987e-02      -1.519089326736e-01      -2.006951993219e+03      -2.045308294698e+03      -1.369024978895e-01      -2.035447701743e+03       1.036284989481e-01       1.036284989481e-01       4.090616589397e+03       1.297961615813e+00       1.730313181058e-01      -8.621492758494e-08      -6.489860311658e-01      -4.417892435191e-04      -6.489808079063e-01      -1.692314325432e-03 
       8.140972499466e-02      -1.496319349069e-01      -2.022969652167e+03      -2.062907817037e+03      -1.348506411920e-01      -2.052765823930e+03       1.020762788349e-01       1.020762788349e-01       4.125815634073e+03       1.309010934319e+00       1.704398440579e-01      -8.507359346150e-08      -6.545106119237e-01      -4.645845491795e-04      -6.545054671593e-01      -1.709707210004e-03 
       8.237337460583e-02      -1.473487185798e-01      -2.038417093540e+03      -2.080044775035e+03      -1.327931845146e-01      -2.069605347468e+03       1.005198464920e-01       1.005198464920e-01       4.160089550070e+03       1.319755515197e+00       1.678413454808e-01      -8.393416429874e-08      -6.598828236490e-01      -4.886573699746e-04      -6.598777575983e-01      -1.726919501583e-03 
       8.334726604670e-02      -1.450629360256e-01      -2.053323238746e+03      -2.096739410936e+03      -1.307334185144e-01      -2.085987839313e+03       9.896167765106e-02       9.896167765106e-02       4.193478821872e+03       1.330209032844e+00       1.652399511751e-01      -8.279212950371e-08      -6.651095036679e-01      -5.138806453845e-04      -6.651045164221e-01      -1.743948361951e-03 
       8.433154507717e-02      -1.427784185055e-01      -2.067724686716e+03      -2.113018317627e+03      -1.286747912705e-01      -2.101941413483e+03       9.740437981547e-02       9.740437981547e-02       4.226036635254e+03       1.340389413703e+00       1.626400141298e-01      -8.164471451330e-08      -6.701996153362e-01      -5.400392849480e-04      -6.701947068514e-01      -1.760782455771e-03 
       8.532635868907e-02      -1.404991312748e-01      -2.081665474650e+03      -2.128913816952e+03      -1.266208775481e-01      -2.117500170576e+03       9.585064086611e-02       9.585064086611e-02       4.257827633904e+03       1.350318290942e+00       1.600460164165e-01      -8.051993771747e-08      -6.751639753752e-01      -5.670536311207e-04      -6.751591454710e-01      -1.777436336329e-03 
       8.633185513081e-02      -1.382298483678e-01      -2.095209212770e+03      -2.144475333275e+03      -1.245759721222e-01      -2.132715669493e+03       9.430371557694e-02       9.430371557694e-02       4.288950666551e+03       1.360028578615e+00       1.574633938913e-01      -7.941279567162e-08      -6.800190409812e-01      -5.945838503076e-04      -6.800142893076e-01      -1.793897837028e-03 
       8.734818393131e-02      -1.359750005262e-01      -2.108419156420e+03      -2.159751715525e+03      -1.225440782342e-01      -2.147638929427e+03       9.276656967401e-02       9.276656967401e-02       4.319503431049e+03       1.369552344414e+00       1.548970771972e-01      -7.824646907624e-08      -6.847808461481e-01      -6.225096912176e-04      -6.847761722069e-01      -1.810188191639e-03 
       8.837549592326e-02      -1.337393835020e-01      -2.121375624515e+03      -2.174805444958e+03      -1.205295004633e-01      -2.162335115026e+03       9.124251805597e-02       9.124251805597e-02       4.349610889916e+03       1.378931546735e+00       1.523526199882e-01      -7.711840397459e-08      -6.894703702495e-01      -6.504615677669e-04      -6.894657733676e-01      -1.826301863400e-03 
       8.941394326581e-02      -1.315275858888e-01      -2.134159975429e+03      -2.189700972419e+03      -1.185363773602e-01      -2.176871210804e+03       8.973466124247e-02       8.973466124247e-02       4.379401944838e+03       1.388208657668e+00       1.498351886671e-01      -7.598786199351e-08      -6.941088494865e-01      -6.782410371226e-04      -6.941043288338e-01      -1.842260824445e-03 
       9.046367946662e-02      -1.293449621899e-01      -2.146876795108e+03      -2.204522254690e+03      -1.165695354327e-01      -2.191334254937e+03       8.824662789312e-02       8.824662789312e-02       4.409044509380e+03       1.397438967477e+00       1.473508339272e-01      -7.487655401019e-08      -6.987239291768e-01      -7.055880095112e-04      -6.987194837385e-01      -1.858093408486e-03 
       9.152485940339e-02      -1.271960303338e-01      -2.159624805588e+03      -2.219348177052e+03      -1.146330399400e-01      -2.205806099192e+03       8.678150521871e-02       8.678150521871e-02       4.438696354104e+03       1.406674727344e+00       1.449047138767e-01      -7.376429609587e-08      -7.033417350701e-01      -7.321718826132e-04      -7.033373636718e-01      -1.873813068403e-03 
       9.259763934485e-02      -1.250858617841e-01      -2.172521251387e+03      -2.234274039033e+03      -1.127314638935e-01      -2.220385309787e+03       8.534272399082e-02       8.534272399082e-02       4.468548078066e+03       1.415978514403e+00       1.425025468069e-01      -7.267449820478e-08      -7.079935559081e-01      -7.577072484108e-04      -7.079892572014e-01      -1.889453275111e-03 
       9.368217697132e-02      -1.230185799204e-01      -2.185675120304e+03      -2.249388064341e+03      -1.108685187546e-01      -2.235163204995e+03       8.393310230708e-02       8.393310230708e-02       4.498776128683e+03       1.425408592835e+00       1.401490410489e-01      -7.159052144274e-08      -7.127085239258e-01      -7.819089694091e-04      -7.127042964174e-01      -1.905042134442e-03 
       9.477863139475e-02      -1.209992436941e-01      -2.199223816038e+03      -2.264803257839e+03      -1.090487597692e-01      -2.250256408418e+03       8.255609163847e-02       8.255609163847e-02       4.529606515679e+03       1.435039319210e+00       1.378499607342e-01      -7.051122056562e-08      -7.175238175850e-01      -8.044507703257e-04      -7.175196596049e-01      -1.920621428345e-03 
       9.588716317841e-02      -1.190314704514e-01      -2.213283579835e+03      -2.280615090437e+03      -1.072754499129e-01      -2.265763472903e+03       8.121413322660e-02       8.121413322660e-02       4.561230180875e+03       1.444933247455e+00       1.356093726034e-01      -6.951827623990e-08      -7.224707139728e-01      -8.250288757281e-04      -7.224666237276e-01      -1.936221715052e-03 
       9.700793435611e-02      -1.171191525862e-01      -2.227986112130e+03      -2.296932857581e+03      -1.055520957538e-01      -2.281797006547e+03       7.990987918426e-02       7.990987918426e-02       4.593865715161e+03       1.455162106427e+00       1.334317042410e-01      -6.847760911792e-08      -7.275850776523e-01      -8.433691700347e-04      -7.275810532134e-01      -1.951889670759e-03 
       9.814110845115e-02      -1.152656377866e-01      -2.243460458227e+03      -2.313864396099e+03      -1.038817115075e-01      -2.298467973702e+03       7.864561629264e-02       7.864561629264e-02       4.627728792198e+03       1.465796639317e+00       1.313207756567e-01      -6.737316203756e-08      -7.329022803366e-01      -8.591800585912e-04      -7.328983196583e-01      -1.967668000020e-03 
       9.928685049485e-02      -1.134736755488e-01      -2.259831120473e+03      -2.331513794870e+03      -1.022667755219e-01      -2.315883472973e+03       7.742321732033e-02       7.742321732033e-02       4.663027589740e+03       1.476905050695e+00       1.292797128018e-01      -6.635405785016e-08      -7.384564244048e-01      -8.722653091800e-04      -7.384525253477e-01      -1.983611193898e-03 
       1.004453270449e-01      -1.117449141654e-01      -2.277203386483e+03      -2.349970472341e+03      -1.007087743913e-01      -2.334135246583e+03       7.624379795235e-02       7.624379795235e-02       4.699940944682e+03       1.488545679858e+00       1.273103753989e-01      -6.545016126662e-08      -7.442766795611e-01      -8.823718762037e-04      -7.442728399289e-01      -1.999752498639e-03 
       1.016167062032e-01      -1.100818244263e-01      -2.295710650023e+03      -2.369347652223e+03      -9.920993108178e-02      -2.353339472618e+03       7.510906060009e-02       7.510906060009e-02       4.738695304446e+03       1.500792726835e+00       1.254156125305e-01      -6.439247863239e-08      -7.504001459075e-01      -8.892965908128e-04      -7.503963634173e-01      -2.016152813410e-03 
       1.028011576338e-01      -1.084845775929e-01      -2.315435269352e+03      -2.389716881071e+03      -9.777040419217e-02      -2.373569260870e+03       7.401911289999e-02       7.401911289999e-02       4.779433762141e+03       1.513692623372e+00       1.235955998210e-01      -6.343148668052e-08      -7.568500393203e-01      -8.929576414100e-04      -7.568463116860e-01      -2.032857358620e-03 
       1.039988525803e-01      -1.069536759276e-01      -2.336471022977e+03      -2.411160970060e+03      -9.639064850888e-02      -2.394908989064e+03       7.297429285408e-02       7.297429285408e-02       4.822321940120e+03       1.527299028532e+00       1.218508995791e-01      -6.258816816567e-08      -7.636531893464e-01      -8.932039033583e-04      -7.636495142658e-01      -2.049909520922e-03 
       1.052099638834e-01      -1.054883866747e-01      -2.358886481366e+03      -2.433740928479e+03      -9.506999830356e-02      -2.417420739154e+03       7.197413863543e-02       7.197413863543e-02       4.867481856958e+03       1.541651887307e+00       1.201807545844e-01      -6.160015312248e-08      -7.708295684595e-01      -8.900272692098e-04      -7.708259436537e-01      -2.067357972131e-03 
       1.064346659978e-01      -1.040875959593e-01      -2.382738271062e+03      -2.457509269101e+03      -9.380745918940e-02      -2.441157571245e+03       7.101786049429e-02       7.101786049429e-02       4.915018538203e+03       1.556784574302e+00       1.185838339353e-01      -6.071471611927e-08      -7.783958639171e-01      -8.833886817437e-04      -7.783922871508e-01      -2.085238323235e-03 
       1.076731350094e-01      -1.027491678591e-01      -2.408057240797e+03      -2.482498582082e+03      -9.260110351780e-02      -2.466151740910e+03       7.010404095725e-02       7.010404095725e-02       4.964997164163e+03       1.572718029114e+00       1.170577845983e-01      -5.984649435373e-08      -7.863625454459e-01      -8.735057659241e-04      -7.863590145572e-01      -2.103610895741e-03 
       1.089255486525e-01      -1.014700576409e-01      -2.434846755285e+03      -2.508717373796e+03      -9.144818852379e-02      -2.492410931270e+03       6.923060197560e-02       6.923060197560e-02       5.017434747591e+03       1.589457067884e+00       1.155991361691e-01      -5.900274696162e-08      -7.947320210094e-01      -8.602309890475e-04      -7.947285339420e-01      -2.122458562015e-03 
       1.101920863262e-01      -1.002467664179e-01      -2.463092291103e+03      -2.536161459334e+03      -9.034556464407e-02      -2.519929342032e+03       6.839518423720e-02       6.839518423720e-02       5.072322918667e+03       1.606998213024e+00       1.142039574152e-01      -5.817581278769e-08      -8.035025516901e-01      -8.440973359317e-04      -8.034991065121e-01      -2.141860598902e-03 
       1.114729291118e-01      -9.907510354492e-02      -2.492751881809e+03      -2.564803718660e+03      -8.928946064855e-02      -2.548677573046e+03       6.759491753963e-02       6.759491753963e-02       5.129607437320e+03       1.625322473125e+00       1.128674507410e-01      -5.737438531188e-08      -8.126646416358e-01      -8.251494242808e-04      -8.126612365625e-01      -2.161800282390e-03 
       1.127682597891e-01      -9.795011095393e-02      -2.523753347963e+03      -2.594592350261e+03      -8.827541237761e-02      -2.578600720511e+03       6.682643797233e-02       6.682643797233e-02       5.189184700521e+03       1.644394960107e+00       1.115840043664e-01      -5.660815158323e-08      -8.222008466326e-01      -8.038619347897e-04      -8.221974800537e-01      -2.182308460853e-03 
       1.140782628537e-01      -9.686614215535e-02      -2.555994192090e+03      -2.625449847868e+03      -8.729832808872e-02      -2.609617499782e+03       6.608593318182e-02       6.608593318182e-02       5.250899695735e+03       1.664164310284e+00       1.103472665218e-01      -5.584407733957e-08      -8.320854846428e-01      -7.805649627232e-04      -8.320821551420e-01      -2.203372694155e-03 
       1.154031245340e-01      -9.581688256109e-02      -2.589336574763e+03      -2.657269011059e+03      -8.635252322984e-02      -2.641616101052e+03       6.536910466489e-02       6.536910466489e-02       5.314538022117e+03       1.684559259864e+00       1.091500613400e-01      -5.510487685543e-08      -8.422829235491e-01      -7.558266843809e-04      -8.422796299322e-01      -2.224993022158e-03 
       1.167430328075e-01      -9.479658185178e-02      -2.623642591983e+03      -2.689945810910e+03      -8.543281880716e-02      -2.674487371961e+03       6.467204240861e-02       6.467204240861e-02       5.379891621821e+03       1.705510316415e+00       1.079858635451e-01      -5.438576058414e-08      -8.527584169342e-01      -7.300974012607e-04      -8.527551582076e-01      -2.247153218694e-03 
       1.180981774189e-01      -9.379787313752e-02      -2.658710334312e+03      -2.723317717576e+03      -8.453257913617e-02      -2.708062904769e+03       6.398973691845e-02       6.398973691845e-02       5.446635435152e+03       1.726910259271e+00       1.068463130706e-01      -5.368250927427e-08      -8.634583542086e-01      -7.039375139472e-04      -8.634551296355e-01      -2.269807143715e-03 
       1.194687498966e-01      -9.281371468627e-02      -2.694327275473e+03      -2.757214546063e+03      -8.364546107218e-02      -2.742166185945e+03       6.331740373927e-02       6.331740373927e-02       5.514429092126e+03       1.748646764454e+00       1.057234267937e-01      -5.299163691173e-08      -8.743265731383e-01      -6.779874598981e-04      -8.743233822269e-01      -2.292914837346e-03 
       1.208549435706e-01      -9.183760096042e-02      -2.730276349301e+03      -2.791464677554e+03      -8.276560544466e-02      -2.776618783147e+03       6.265062140598e-02       6.265062140598e-02       5.582929355108e+03       1.770606260750e+00       1.046098265782e-01      -5.231199882051e-08      -8.853062878891e-01      -6.529593365374e-04      -8.853031303749e-01      -2.316446021274e-03 
       1.222569535902e-01      -9.086206148605e-02      -2.766291249534e+03      -2.825849630682e+03      -8.188628083585e-02      -2.811195116142e+03       6.198431627551e-02       6.198431627551e-02       5.651699261364e+03       1.792645244786e+00       1.034970479936e-01      -5.163332626957e-08      -8.963257465159e-01      -6.295052267635e-04      -8.963226223931e-01      -2.340323574324e-03 
       1.236749769417e-01      -8.988056670242e-02      -2.802112361710e+03      -2.860158535837e+03      -8.100160781517e-02      -2.845677057727e+03       6.131403546360e-02       6.131403546360e-02       5.720317071674e+03       1.814624641842e+00       1.023776551304e-01      -5.097664445242e-08      -9.073154114302e-01      -6.082666200523e-04      -9.073123209211e-01      -2.364474254870e-03 
       1.251092124670e-01      -8.888688030309e-02      -2.837470798788e+03      -2.894170943637e+03      -8.010596667566e-02      -2.879836967140e+03       6.063554498067e-02       6.063554498067e-02       5.788341887273e+03       1.836399647114e+00       1.012445849373e-01      -5.032867963901e-08      -9.182028800139e-01      -5.899100815840e-04      -9.181998235570e-01      -2.388821583818e-03 
       1.265598608818e-01      -8.787516960894e-02      -2.872090697696e+03      -2.927658985946e+03      -7.919410382224e-02      -2.913439868298e+03       5.994487300424e-02       5.994487300424e-02       5.855317971891e+03       1.857820576370e+00       1.000912071690e-01      -4.968513366803e-08      -9.289133099488e-01      -5.750968943892e-04      -9.289102881852e-01      -2.413282160530e-03 
       1.280271247951e-01      -8.684018300062e-02      -2.905697727699e+03      -2.960393836342e+03      -7.826128944689e-02      -2.946250219685e+03       5.923843897165e-02       5.923843897165e-02       5.920787672684e+03       1.878737317561e+00       9.891154315342e-02      -4.908418503369e-08      -9.393716450264e-01      -5.644308666423e-04      -9.393686587804e-01      -2.437763021062e-03 
       1.295112087282e-01      -8.577757223115e-02      -2.938034020512e+03      -2.992159114174e+03      -7.730360089806e-02      -2.978045532838e+03       5.851329869654e-02       5.851329869654e-02       5.984318228348e+03       1.899008489514e+00       9.770068518162e-02      -4.842240216902e-08      -9.495071945134e-01      -5.583221471464e-04      -9.495042447568e-01      -2.462151745919e-03 
       1.310123191347e-01      -8.468465027227e-02      -2.968886635221e+03      -3.022777941479e+03      -7.631862030415e-02      -3.008643599582e+03       5.776761496835e-02       5.776761496835e-02       6.045555882958e+03       1.918517916492e+00       9.645556330099e-02      -4.776800665381e-08      -9.592618704462e-01      -5.573877966724e-04      -9.592589582458e-01      -2.486399882912e-03 
       1.325306644210e-01      -8.355823182625e-02      -2.998015688597e+03      -3.052040940977e+03      -7.530347867054e-02      -3.037830645905e+03       5.699920120483e-02       5.699920120483e-02       6.104081881954e+03       1.937129155770e+00       9.517252159664e-02      -4.714966254150e-08      -9.685674513526e-01      -5.618198352200e-04      -9.685645778851e-01      -2.510366953449e-03 
       1.340664549670e-01      -8.239739575908e-02      -3.025258046848e+03      -3.079807662659e+03      -7.425734318812e-02      -3.065462923853e+03       5.620743626492e-02       5.620743626492e-02       6.159615325319e+03       1.954750811493e+00       9.385052598931e-02      -4.650971109558e-08      -9.773782392743e-01      -5.718850177492e-04      -9.773754057466e-01      -2.533980542262e-03 
       1.356199031477e-01      -8.120269927956e-02      -3.050507531961e+03      -3.105984284584e+03      -7.318071138257e-02      -3.091444847563e+03       5.539270876932e-02       5.539270876932e-02       6.211968569168e+03       1.971322282530e+00       9.249022933944e-02      -4.584804934890e-08      -9.856639336678e-01      -5.876552747036e-04      -9.856611412649e-01      -2.557176135803e-03 
       1.371912233555e-01      -7.997471388911e-02      -3.073660327789e+03      -3.130470292824e+03      -7.207410219886e-02      -3.115675573280e+03       5.455537326221e-02       5.455537326221e-02       6.260940585648e+03       1.986778719628e+00       9.109221099968e-02      -4.520029729133e-08      -9.933921099260e-01      -6.090421464325e-04      -9.933893598140e-01      -2.579858784716e-03 
       1.387806320229e-01      -7.871624817805e-02      -3.094707322202e+03      -3.153250679261e+03      -7.094004620066e-02      -3.138141046775e+03       5.369733061495e-02       5.369733061495e-02       6.306501358523e+03       2.001111005056e+00       8.965964007212e-02      -4.458471501044e-08      -1.000558209281e+00      -6.359516472733e-04      -1.000555502528e+00      -2.602002333948e-03 
       1.403883476462e-01      -7.743040982933e-02      -3.113669765495e+03      -3.174327412617e+03      -6.978133155006e-02      -3.158846260445e+03       5.282072080177e-02       5.282072080177e-02       6.348654825234e+03       2.014322970825e+00       8.819609946515e-02      -4.392010605834e-08      -1.007164147852e+00      -6.677850950877e-04      -1.007161485412e+00      -2.623517644287e-03 
       1.420145908098e-01      -7.612234629699e-02      -3.130666419717e+03      -3.193788957986e+03      -6.860260052771e-02      -3.177884270229e+03       5.192901708150e-02       5.192901708150e-02       6.387577915972e+03       2.026473316806e+00       8.670737512630e-02      -4.323886829083e-08      -1.013239275753e+00      -7.042045117694e-04      -1.013236658403e+00      -2.644425074803e-03 
       1.436595842114e-01      -7.479756012677e-02      -3.145856075126e+03      -3.211752665215e+03      -6.740880905228e-02      -3.195378712230e+03       5.102594838914e-02       5.102594838914e-02       6.423505330430e+03       2.037640531826e+00       8.519968594617e-02      -4.257829902380e-08      -1.018822837588e+00      -7.444055241859e-04      -1.018820265913e+00      -2.664696555161e-03 
       1.453235526881e-01      -7.346274938606e-02      -3.159476096217e+03      -3.228403473079e+03      -6.620599160232e-02      -3.211522409406e+03       5.011605783119e-02       5.011605783119e-02       6.456806946159e+03       2.047947137196e+00       8.368060951813e-02      -4.193109763104e-08      -1.023976094247e+00      -7.876217745976e-04      -1.023973568598e+00      -2.684365052737e-03 
       1.470067232437e-01      -7.212491251500e-02      -3.171811330260e+03      -3.243962984800e+03      -6.500044576799e-02      -3.226546478918e+03       4.920412218495e-02       4.920412218495e-02       6.487925969599e+03       2.057540758297e+00       8.215812499935e-02      -4.126914734096e-08      -1.028772858668e+00      -8.328454307797e-04      -1.028770379149e+00      -2.703456992497e-03 
       1.487093250766e-01      -7.079166944714e-02      -3.183205098462e+03      -3.258703624376e+03      -6.379903775818e-02      -3.240733964938e+03       4.829530717572e-02       4.829530717572e-02       6.517407248753e+03       2.066601259692e+00       8.064084728821e-02      -4.062255453992e-08      -1.033303063395e+00      -8.790709991693e-04      -1.033300629846e+00      -2.722039523721e-03 
       1.504315896089e-01      -6.947150352994e-02      -3.194079347621e+03      -3.272967301350e+03      -6.260940876896e-02      -3.254438701826e+03       4.739537493560e-02       4.739537493560e-02       6.545934602700e+03       2.075353798396e+00       7.913839034990e-02      -3.995227576789e-08      -1.037679287233e+00      -9.250000630674e-04      -1.037676899198e+00      -2.740190471368e-03 
       1.521737505165e-01      -6.817207626727e-02      -3.204855104844e+03      -3.287092476868e+03      -6.143845998730e-02      -3.268011479061e+03       4.650953960758e-02       4.650953960758e-02       6.574184953735e+03       2.084021835980e+00       7.765945717360e-02      -3.931639782451e-08      -1.042013261234e+00      -9.696848090408e-04      -1.042010917990e+00      -2.758040489542e-03 
       1.539360437612e-01      -6.690105930067e-02      -3.215991473163e+03      -3.301451183149e+03      -6.029309848862e-02      -3.281837301461e+03       4.564301888636e-02       4.564301888636e-02       6.602902366298e+03       2.092850590917e+00       7.621275637999e-02      -3.862550850365e-08      -1.046427594903e+00      -1.011525557763e-03      -1.046425295459e+00      -2.775645219109e-03 
       1.557187076226e-01      -6.566641453606e-02      -3.227988906548e+03      -3.316459638657e+03      -5.918052133214e-02      -3.296344832016e+03       4.480113452768e-02       4.480113452768e-02       6.632919277313e+03       2.102110419727e+00       7.480713221553e-02      -3.810591621760e-08      -1.051057466765e+00      -1.049850892715e-03      -1.051055209864e+00      -2.793237386928e-03 
       1.575219827324e-01      -6.447439358869e-02      -3.241322549281e+03      -3.332509312635e+03      -5.810630663207e-02      -3.311937942955e+03       4.398836364846e-02       4.398836364846e-02       6.665018625270e+03       2.112064627183e+00       7.345014438562e-02      -3.742577790619e-08      -1.056034529449e+00      -1.083254387175e-03      -1.056032313591e+00      -2.810925524434e-03 
       1.593461121101e-01      -6.333087241927e-02      -3.256443941636e+03      -3.349976489602e+03      -5.707579172892e-02      -3.329004028342e+03       4.320851419525e-02       4.320851419525e-02       6.699952979205e+03       2.122954761775e+00       7.214807444835e-02      -3.677796167216e-08      -1.061479557383e+00      -1.110776192339e-03      -1.061477380887e+00      -2.828861063814e-03 
       1.611913411993e-01      -6.223990318452e-02      -3.273752497426e+03      -3.369193305713e+03      -5.609261315932e-02      -3.347885164141e+03       4.246440954549e-02       4.246440954549e-02       6.738386611427e+03       2.135000462382e+00       7.090566002450e-02      -3.620269693571e-08      -1.067502370156e+00      -1.131708056944e-03      -1.067500231191e+00      -2.847207498428e-03 
       1.630579179063e-01      -6.120460781998e-02      -3.293604654748e+03      -3.390462233563e+03      -5.515959024586e-02      -3.368891728296e+03       4.175814738584e-02       4.175814738584e-02       6.780924467126e+03       2.148398577119e+00       6.972639165696e-02      -3.564918899034e-08      -1.074201391927e+00      -1.145352559772e-03      -1.074199288560e+00      -2.866101561059e-03 
       1.649460926397e-01      -6.022667868716e-02      -3.316289801941e+03      -3.414035432812e+03      -5.427824234129e-02      -3.392281252424e+03       4.109090835917e-02       4.109090835917e-02       6.828070865623e+03       2.163313919481e+00       6.861225079351e-02      -3.505307630971e-08      -1.081659029506e+00      -1.151211211162e-03      -1.081656959741e+00      -2.885671096237e-03 
       1.668561183526e-01      -5.930642945589e-02      -3.342021490571e+03      -3.440105256635e+03      -5.344884846717e-02      -3.418249057013e+03       4.046293526545e-02       4.046293526545e-02       6.880210513270e+03       2.179871719453e+00       6.756365327887e-02      -3.443309823469e-08      -1.089937897897e+00      -1.149242929023e-03      -1.089935859726e+00      -2.906066234908e-03 
       1.687882505850e-01      -5.844192664834e-02      -3.370862363844e+03      -3.468738477469e+03      -5.266968462103e-02      -3.446861140862e+03       3.987285354872e-02       3.987285354872e-02       6.937476954937e+03       2.198112031195e+00       6.657828100205e-02      -3.389598431438e-08      -1.099058024104e+00      -1.139958107350e-03      -1.099056015598e+00      -2.927417204730e-03 
       1.707427475096e-01      -5.762977076734e-02      -3.402779041492e+03      -3.499920143415e+03      -5.193768546315e-02      -3.478099686728e+03       3.931836471105e-02       3.931836471105e-02       6.999840286829e+03       2.218023845015e+00       6.565230330259e-02      -3.341990589273e-08      -1.109013903164e+00      -1.123377268940e-03      -1.109011922507e+00      -2.949713463491e-03 
       1.727198699783e-01      -5.686555857179e-02      -3.437651788497e+03      -3.533573759359e+03      -5.124886919159e-02      -3.511881554013e+03       3.879655899015e-02       3.879655899015e-02       7.067147518718e+03       2.239556944846e+00       6.478089610675e-02      -3.289304617903e-08      -1.119780426897e+00      -1.100372932132e-03      -1.119778472423e+00      -2.973029004081e-03 
       1.747198815714e-01      -5.614254958064e-02      -3.475163119919e+03      -3.569447460925e+03      -5.059718564318e-02      -3.547945048092e+03       3.830277009414e-02       3.830277009414e-02       7.138894921850e+03       2.262541835448e+00       6.395623937201e-02      -3.243764839039e-08      -1.131272847436e+00      -1.072261064102e-03      -1.131270917724e+00      -2.997358529884e-03 
       1.767430486482e-01      -5.545405651481e-02      -3.514958652195e+03      -3.607271164992e+03      -4.997661364162e-02      -3.586007356839e+03       3.783244809926e-02       3.783244809926e-02       7.214542329984e+03       2.286798277539e+00       6.317073854543e-02      -3.207780916182e-08      -1.143401044907e+00      -1.040156278108e-03      -1.143399138770e+00      -3.022651396292e-03 
       1.787896404004e-01      -5.479165598884e-02      -3.556541461459e+03      -3.646648127277e+03      -4.937952270866e-02      -3.625656751578e+03       3.738005501159e-02       3.738005501159e-02       7.293296254555e+03       2.312070694260e+00       6.241522525920e-02      -3.151420151997e-08      -1.156037230608e+00      -1.005532744357e-03      -1.156035347130e+00      -3.048819540978e-03 
       1.808599289070e-01      -5.414729724659e-02      -3.599341791196e+03      -3.687127616646e+03      -4.879870837333e-02      -3.666424659114e+03       3.693992463478e-02       3.693992463478e-02       7.374255233292e+03       2.338054015027e+00       6.168016823882e-02      -3.107051886504e-08      -1.169028868942e+00      -9.703756313615e-04      -1.169027007514e+00      -3.075792838802e-03 
       1.829541891925e-01      -5.351508566879e-02      -3.642924919467e+03      -3.728387124821e+03      -4.822884270184e-02      -3.707971557989e+03       3.650813340978e-02       3.650813340978e-02       7.456774249643e+03       2.364535082114e+00       6.095905235001e-02      -3.058415354861e-08      -1.182269380850e+00      -9.360332067422e-04      -1.182267541057e+00      -3.103516307114e-03 
       1.850726992858e-01      -5.288432250809e-02      -3.686444367543e+03      -3.769716657701e+03      -4.766030517767e-02      -3.749567357386e+03       3.607733026955e-02       3.607733026955e-02       7.539433315402e+03       2.391046120782e+00       6.023958058842e-02      -3.020631009998e-08      -1.195524878583e+00      -9.045745466989e-04      -1.195523060391e+00      -3.131729836559e-03 
       1.872157402839e-01      -5.224500186785e-02      -3.729058628931e+03      -3.810404673994e+03      -4.708405797314e-02      -3.790481445820e+03       3.564081338356e-02       3.564081338356e-02       7.620809347987e+03       2.417125903794e+00       5.951060875045e-02      -2.975389839981e-08      -1.208564748184e+00      -8.777508867504e-04      -1.208562951897e+00      -3.160131310310e-03 
       1.893835964156e-01      -5.159045255196e-02      -3.770096397590e+03      -3.849899104178e+03      -4.649410670330e-02      -3.830144068772e+03       3.519397662992e-02       3.519397662992e-02       7.699798208356e+03       2.442408973107e+00       5.876442318900e-02      -2.932608612091e-08      -1.221206260395e+00      -8.570961859518e-04      -1.221204486553e+00      -3.188504574736e-03 
       1.915765551102e-01      -5.091394996915e-02      -3.808853095638e+03      -3.887600805529e+03      -4.588438994242e-02      -3.867940653793e+03       3.473225916492e-02       3.473225916492e-02       7.775201611059e+03       2.466504514691e+00       5.799341757346e-02      -2.890174322337e-08      -1.233254007968e+00      -8.440969985866e-04      -1.233252257345e+00      -3.216594162084e-03 
       1.937949070674e-01      -5.021071247439e-02      -3.844737349437e+03      -3.923003953470e+03      -4.525059906598e-02      -3.903352893720e+03       3.425240317875e-02       3.425240317875e-02       7.846007906941e+03       2.489082324094e+00       5.719215344072e-02      -2.848557579247e-08      -1.244542888513e+00      -8.396373358237e-04      -1.244541162047e+00      -3.244125901436e-03 
       1.960389463306e-01      -4.947852303433e-02      -3.877342380899e+03      -3.955761643821e+03      -4.459073561613e-02      -3.936025134747e+03       3.375290006324e-02       3.375290006324e-02       7.911523287641e+03       2.509915962778e+00       5.635811318909e-02      -2.806988290037e-08      -1.254959682683e+00      -8.444076431245e-04      -1.254957981389e+00      -3.270924981440e-03 
       1.983089703634e-01      -4.871671300230e-02      -3.906388706456e+03      -3.985622614954e+03      -4.390419605241e-02      -3.965702155735e+03       3.323328894670e-02       3.323328894670e-02       7.971245229907e+03       2.528842749222e+00       5.549052596054e-02      -2.764530809515e-08      -1.264423049696e+00      -8.585594693585e-04      -1.264421374611e+00      -3.296811769219e-03 
       2.006052801287e-01      -4.792640818478e-02      -3.931757710974e+03      -4.012465003694e+03      -4.319199437259e-02      -3.992262832192e+03       3.269432345866e-02       3.269432345866e-02       8.024930007388e+03       2.545785133125e+00       5.459064551481e-02      -2.721966000277e-08      -1.272894214443e+00      -8.817830718615e-04      -1.272892566563e+00      -3.321640686735e-03 
       2.029281801717e-01      -4.711234164628e-02      -3.953668476791e+03      -4.036469944536e+03      -4.245839138411e-02      -4.015893916791e+03       3.213922941183e-02       3.213922941183e-02       8.072939889072e+03       2.560862418319e+00       5.366385827548e-02      -2.679040461049e-08      -1.280432829004e+00      -9.133949482576e-04      -1.280431209160e+00      -3.345453667267e-03 
       2.052779787053e-01      -4.627930643605e-02      -3.972400136650e+03      -4.057843963083e+03      -4.170770427325e-02      -4.036812947450e+03       3.157125525431e-02       3.157125525431e-02       8.115687926166e+03       2.574212746226e+00       5.271558184221e-02      -2.635845213062e-08      -1.287107964259e+00      -9.521223329605e-04      -1.287106373113e+00      -3.368223735036e-03 
       2.076549876996e-01      -4.543442352384e-02      -3.988496470785e+03      -4.077027069567e+03      -4.094634677106e-02      -4.055475401342e+03       3.099523877222e-02       3.099523877222e-02       8.154054139135e+03       2.586126020822e+00       5.175388835444e-02      -2.592572228112e-08      -1.293064572444e+00      -9.962891991065e-04      -1.293063010411e+00      -3.390050403084e-03 
       2.100595229749e-01      -4.458486370547e-02      -4.002578896956e+03      -4.094509512315e+03      -4.018077947570e-02      -4.072391201383e+03       3.041604129808e-02       3.041604129808e-02       8.189019024630e+03       2.596926303049e+00       5.078688532764e-02      -2.549170972231e-08      -1.298464684280e+00      -1.043925231258e-03      -1.298463151525e+00      -3.411029720156e-03 
       2.124919042982e-01      -4.373958595331e-02      -4.015512907550e+03      -4.111002948563e+03      -3.941906884892e-02      -4.088294822567e+03       2.983976359457e-02       2.983976359457e-02       8.222005897125e+03       2.607081766743e+00       4.982475767166e-02      -2.506262756795e-08      -1.303542386998e+00      -1.092558017060e-03      -1.303540883372e+00      -3.431359149393e-03 
       2.149524554836e-01      -4.290647539546e-02      -4.028137523902e+03      -4.127185773284e+03      -3.866832228175e-02      -4.103888606323e+03       2.927175024706e-02       2.927175024706e-02       8.254371546568e+03       2.617038725182e+00       4.887641770937e-02      -2.466939967616e-08      -1.308520837510e+00      -1.140444473257e-03      -1.308519362591e+00      -3.451323305809e-03 
       2.174415044964e-01      -4.209201582299e-02      -4.041236726695e+03      -4.143669573962e+03      -3.793437440321e-02      -4.119810059461e+03       2.871641711687e-02       2.871641711687e-02       8.287339147923e+03       2.627203619871e+00       4.794923850626e-02      -2.425259550277e-08      -1.313603256797e+00      -1.184471696058e-03      -1.313601809935e+00      -3.470941879202e-03 
       2.199593835622e-01      -4.130448678808e-02      -4.055825471775e+03      -4.161311991721e+03      -3.722467846141e-02      -4.136939913195e+03       2.817942799221e-02       2.817942799221e-02       8.322623983441e+03       2.638139011216e+00       4.705268432657e-02      -2.379743416932e-08      -1.319070925352e+00      -1.223005640373e-03      -1.319069505608e+00      -3.490661878442e-03 
       2.225064292787e-01      -4.054910371237e-02      -4.072657863645e+03      -4.180726476078e+03      -3.654394580615e-02      -4.155912549729e+03       2.766427029279e-02       2.766427029279e-02       8.361452952156e+03       2.650245616943e+00       4.619255217227e-02      -2.340879765510e-08      -1.325124202214e+00      -1.254275282161e-03      -1.325122808471e+00      -3.510706626762e-03 
       2.250829827337e-01      -3.982953237169e-02      -4.092383882828e+03      -4.202434575626e+03      -3.589547060415e-02      -4.177268703664e+03       2.717346599062e-02       2.717346599062e-02       8.404869151252e+03       2.663869395738e+00       4.537306244580e-02      -2.300770845402e-08      -1.331936066857e+00      -1.276242952241e-03      -1.331934697869e+00      -3.531188856074e-03 
       2.276893896260e-01      -3.914902718494e-02      -4.115600533910e+03      -4.226965285582e+03      -3.528218474647e-02      -4.201547055449e+03       2.670924386731e-02       2.670924386731e-02       8.453930571164e+03       2.679354106226e+00       4.459793973756e-02      -2.260590132882e-08      -1.339678398706e+00      -1.288626676393e-03      -1.339677053113e+00      -3.552494177354e-03 
       2.303260003924e-01      -3.850929678598e-02      -4.142749359609e+03      -4.254719896838e+03      -3.470563220636e-02      -4.229154462701e+03       2.627275174653e-02       2.627275174653e-02       8.509439793676e+03       2.696957936826e+00       4.386909370162e-02      -2.222071420741e-08      -1.348480292027e+00      -1.290825274841e-03      -1.348478968413e+00      -3.574851146693e-03 
       2.329931703385e-01      -3.790823793019e-02      -4.173834551595e+03      -4.285705662308e+03      -3.416392487068e-02      -4.260097684076e+03       2.586253687029e-02       2.586253687029e-02       8.571411324615e+03       2.716683700299e+00       4.318409085046e-02      -2.189785448487e-08      -1.358343153124e+00      -1.283208307737e-03      -1.358341850149e+00      -3.598321302706e-03 
       2.356912597752e-01      -3.734416934017e-02      -4.208864987950e+03      -4.319996734887e+03      -3.365553269993e-02      -4.294440484622e+03       2.547754513628e-02       2.547754513628e-02       8.639993469773e+03       2.738577274722e+00       4.254120548939e-02      -2.151412488451e-08      -1.369289920983e+00      -1.267184272348e-03      -1.369288637361e+00      -3.623182856676e-03 
       2.384206341604e-01      -3.681171857401e-02      -4.247356752809e+03      -4.357208769530e+03      -3.317563032966e-02      -4.331783607183e+03       2.511406550206e-02       2.511406550206e-02       8.714417539059e+03       2.762380838372e+00       4.193422187480e-02      -2.116958006661e-08      -1.381191684549e+00      -1.244244109803e-03      -1.381190419186e+00      -3.649347523067e-03 
       2.411816642459e-01      -3.630434260860e-02      -4.288606629885e+03      -4.396785009489e+03      -3.271832745754e-02      -4.371548344587e+03       2.476764172438e-02       2.476764172438e-02       8.793570018979e+03       2.787725276447e+00       4.135570009603e-02      -2.087604715474e-08      -1.393863886191e+00      -1.216721539220e-03      -1.393862638224e+00      -3.676719945018e-03 
       2.439747262300e-01      -3.581475286568e-02      -4.331745932256e+03      -4.438027887089e+03      -3.227704836654e-02      -4.413011571207e+03       2.443336787301e-02       2.443336787301e-02       8.876055774177e+03       2.814153361575e+00       4.079747222206e-02      -2.055882117313e-08      -1.407077911973e+00      -1.187072461511e-03      -1.407076680787e+00      -3.705113648748e-03 
       2.468002019165e-01      -3.533456221870e-02      -4.375661523590e+03      -4.480019153614e+03      -3.184424111718e-02      -4.455226162734e+03       2.410552974668e-02       2.410552974668e-02       8.960038307228e+03       2.841061303372e+00       4.024999783546e-02      -2.023805867911e-08      -1.420531866412e+00      -1.158210037729e-03      -1.420530651686e+00      -3.734230796730e-03 
       2.496584788785e-01      -3.485604316974e-02      -4.419230352114e+03      -4.521833883245e+03      -3.141294579983e-02      -4.497237821841e+03       2.377886712221e-02       2.377886712221e-02       9.043667766490e+03       2.867841123335e+00       3.970449646750e-02      -1.991808897371e-08      -1.433921759985e+00      -1.132698734688e-03      -1.433920561667e+00      -3.763713542973e-03 
       2.525499506303e-01      -3.437284509117e-02      -4.461429250164e+03      -4.562632877794e+03      -3.097744685993e-02      -4.538180040610e+03       2.344904129165e-02       2.344904129165e-02       9.125265755589e+03       2.893939599010e+00       3.915371959115e-02      -1.963210489025e-08      -1.446970981242e+00      -1.113217419248e-03      -1.446969799505e+00      -3.793290554381e-03 
       2.554750168040e-01      -3.387881557938e-02      -4.501212071545e+03      -4.601530986732e+03      -3.053219319935e-02      -4.577144052123e+03       2.311190021306e-02       2.311190021306e-02       9.203061973464e+03       2.918780439069e+00       3.859075089721e-02      -1.931327481798e-08      -1.459391384311e+00      -1.101552793666e-03      -1.459390219534e+00      -3.822521461301e-03 
       2.584340833344e-01      -3.337047358331e-02      -4.537842534039e+03      -4.637913423095e+03      -3.007405493970e-02      -4.613497147490e+03       2.276505074646e-02       2.276505074646e-02       9.275826846191e+03       2.941958897699e+00       3.801158657544e-02      -1.901531791791e-08      -1.470980596160e+00      -1.099550340362e-03      -1.470979448849e+00      -3.851189830465e-03 
       2.614275626498e-01      -3.284655854926e-02      -4.570896738815e+03      -4.671422764130e+03      -2.960189620438e-02      -4.646872137473e+03       2.240762977843e-02       2.240762977843e-02       9.342845528260e+03       2.963240807988e+00       3.741478436828e-02      -1.873093462460e-08      -1.481621533291e+00      -1.107614990546e-03      -1.481620403994e+00      -3.879066375017e-03 
       2.644558738710e-01      -3.230628414831e-02      -4.600049083400e+03      -4.701742685671e+03      -2.911500023474e-02      -4.676951834814e+03       2.203912801072e-02       2.203912801072e-02       9.403485371342e+03       2.982426320846e+00       3.679950486899e-02      -1.841711979078e-08      -1.491214271135e+00      -1.125579060300e-03      -1.491213160423e+00      -3.905874851618e-03 
       2.675194430176e-01      -3.175137327576e-02      -4.625364055777e+03      -4.728886292137e+03      -2.861492433953e-02      -4.703757386977e+03       2.166068344209e-02       2.166068344209e-02       9.457772584275e+03       2.999526465981e+00       3.616763474792e-02      -1.811575160372e-08      -1.499764324604e+00      -1.152447883515e-03      -1.499763232990e+00      -3.931473020404e-03 
       2.706187032217e-01      -3.118611400174e-02      -4.647362544310e+03      -4.753260950338e+03      -2.810553411748e-02      -4.727713220043e+03       2.127519025934e-02       2.127519025934e-02       9.506521900677e+03       3.014809823225e+00       3.552399597905e-02      -1.784060220078e-08      -1.507405983764e+00      -1.186228217335e-03      -1.507404911613e+00      -3.955883976869e-03 
       2.737540949511e-01      -3.061524796685e-02      -4.666742813949e+03      -4.775406407593e+03      -2.759108562937e-02      -4.749382956910e+03       2.088593326348e-02       2.088593326348e-02       9.550812815186e+03       3.028640379944e+00       3.487409414914e-02      -1.751485772308e-08      -1.514321242468e+00      -1.224772692671e-03      -1.514320189972e+00      -3.979225806726e-03 
       2.769260662395e-01      -3.004479848734e-02      -4.684467157969e+03      -4.796088402914e+03      -2.707702074459e-02      -4.769561760091e+03       2.049692672764e-02       2.049692672764e-02       9.592176805829e+03       3.041517794070e+00       3.422459733716e-02      -1.723100565382e-08      -1.520759929887e+00      -1.264770296032e-03      -1.520758897035e+00      -4.001603898736e-03 
       2.801350729270e-01      -2.948247121431e-02      -4.701902897543e+03      -4.816460000292e+03      -2.657026630279e-02      -4.789434169649e+03       2.011347830380e-02       2.011347830380e-02       9.632920000584e+03       3.054202127577e+00       3.358438913702e-02      -1.690596057012e-08      -1.527102077280e+00      -1.303498957961e-03      -1.527101063788e+00      -4.023541347433e-03 
       2.833815789091e-01      -2.893431769355e-02      -4.720222661294e+03      -4.837482100924e+03      -2.607628837446e-02      -4.809992526322e+03       1.973963485201e-02       1.973963485201e-02       9.674964201849e+03       3.067319259896e+00       3.296019675121e-02      -1.664933600035e-08      -1.533660624570e+00      -1.338039133617e-03      -1.533659629948e+00      -4.045362922073e-03 
       2.866660563954e-01      -2.840608430580e-02      -4.740654195187e+03      -4.860197077322e+03      -2.560024679905e-02      -4.832306351449e+03       1.937937915313e-02       1.937937915313e-02       9.720394154643e+03       3.081557038201e+00       3.235869578151e-02      -1.632829028564e-08      -1.540779495547e+00      -1.365696720527e-03      -1.540778519100e+00      -4.067505653841e-03 
       2.899889861791e-01      -2.790140178603e-02      -4.764087284734e+03      -4.885346578480e+03      -2.514542797218e-02      -4.857139160751e+03       1.903511406848e-02       1.903511406848e-02       9.770693156960e+03       3.097395498557e+00       3.178387035167e-02      -1.606444480363e-08      -1.548698708365e+00      -1.384910438293e-03      -1.548697749278e+00      -4.090325085449e-03 
       2.933508579160e-01      -2.742229643815e-02      -4.791161005520e+03      -4.913492515118e+03      -2.471364814910e-02      -4.885063925883e+03       1.870826315865e-02       1.870826315865e-02       9.826985030237e+03       3.115203670412e+00       3.123811351909e-02      -1.579207974132e-08      -1.557602777822e+00      -1.394790341361e-03      -1.557601835206e+00      -4.114142855529e-03 
       2.967521704153e-01      -2.696848752042e-02      -4.822081842075e+03      -4.944818899808e+03      -2.430465494574e-02      -4.916267842343e+03       1.839863787308e-02       1.839863787308e-02       9.889637799616e+03       3.135100998367e+00       3.072111127866e-02      -1.550547554601e-08      -1.567551426209e+00      -1.395372403005e-03      -1.567550499184e+00      -4.139113947312e-03 
       3.001934319413e-01      -2.653728379881e-02      -4.856537256487e+03      -4.979069499101e+03      -2.391603323070e-02      -4.950486317305e+03       1.810437083568e-02       1.810437083568e-02       9.958138998203e+03       3.156915181365e+00       3.022973266117e-02      -1.527535396575e-08      -1.578458502897e+00      -1.387751534467e-03      -1.578457590682e+00      -4.165194896634e-03 
       3.036751605276e-01      -2.612551757738e-02      -4.894057719184e+03      -5.015896324936e+03      -2.354492023252e-02      -4.987352932805e+03       1.782335703628e-02       1.782335703628e-02       1.003179264987e+04       3.180417714764e+00       2.976048333920e-02      -1.501614591411e-08      -1.590209755461e+00      -1.373883284466e-03      -1.590208857382e+00      -4.192406620809e-03 
       3.071978843033e-01      -2.572871148475e-02      -4.933810599916e+03      -5.054641730991e+03      -2.318728784126e-02      -5.026183802871e+03       1.755253588554e-02       1.755253588554e-02       1.010928346198e+04       3.205171420813e+00       2.930824916165e-02      -1.477264568517e-08      -1.602586594866e+00      -1.356515684053e-03      -1.602585710406e+00      -4.220633738924e-03 
       3.107621418325e-01      -2.534169332714e-02      -4.974729568514e+03      -5.094446406317e+03      -2.283847794086e-02      -5.066088725592e+03       1.728838889889e-02       1.728838889889e-02       1.018889281263e+04       3.230609223321e+00       2.886715768846e-02      -1.453415910159e-08      -1.615305482837e+00      -1.338527480191e-03      -1.615304611661e+00      -4.249618915677e-03 
       3.143684824675e-01      -2.495939355232e-02      -5.015674791575e+03      -5.134388818337e+03      -2.249392176516e-02      -5.106113622892e+03       1.702748165787e-02       1.702748165787e-02       1.026877763667e+04       3.256124967484e+00       2.843148227435e-02      -1.429714356886e-08      -1.628063341794e+00      -1.323050752890e-03      -1.628062483742e+00      -4.279095600116e-03 
       3.180174667161e-01      -2.457681745280e-02      -5.055438222123e+03      -5.173461285334e+03      -2.214912175347e-02      -5.145221245277e+03       1.676640878106e-02       1.676640878106e-02       1.034692257067e+04       3.281057231034e+00       2.799553654677e-02      -1.406563888481e-08      -1.640529460432e+00      -1.312761289810e-03      -1.640528615517e+00      -4.308656631999e-03 
       3.217096666243e-01      -2.418976213308e-02      -5.092921804342e+03      -5.210725068504e+03      -2.180029080452e-02      -5.182449601683e+03       1.650231260386e-02       1.650231260386e-02       1.042145013701e+04       3.304793576430e+00       2.755455195191e-02      -1.383975821877e-08      -1.652397619832e+00      -1.309671493895e-03      -1.652396788215e+00      -4.337851973580e-03 
       3.254456661739e-01      -2.379593068928e-02      -5.127407136442e+03      -5.245561442214e+03      -2.144535967878e-02      -5.217165477722e+03       1.623362727098e-02       1.623362727098e-02       1.049112288443e+04       3.326930441840e+00       2.710591408914e-02      -1.361262158303e-08      -1.663466039000e+00      -1.314881694139e-03      -1.663465220920e+00      -4.366349665638e-03 
       3.292260616973e-01      -2.339483233126e-02      -5.158595158718e+03      -5.277695091220e+03      -2.108388362295e-02      -5.249090346792e+03       1.596002536747e-02       1.596002536747e-02       1.055539018244e+04       3.347291379571e+00       2.664907931693e-02      -1.337194998890e-08      -1.673646494073e+00      -1.328428838862e-03      -1.673645689785e+00      -4.393934834627e-03 
       3.330514623091e-01      -2.298778663198e-02      -5.186635388096e+03      -5.307223908001e+03      -2.071705702271e-02      -5.278330023089e+03       1.568237354638e-02       1.568237354638e-02       1.061444781600e+04       3.365940132944e+00       2.618548234499e-02      -1.316288243584e-08      -1.682970856756e+00      -1.349304948279e-03      -1.682970066472e+00      -4.420529142714e-03 
       3.369224903559e-01      -2.257785554674e-02      -5.212185958772e+03      -5.334683727816e+03      -2.034763027194e-02      -5.305438538180e+03       1.540278405156e-02       1.540278405156e-02       1.066936745563e+04       3.383233337795e+00       2.571866006253e-02      -1.293254812721e-08      -1.691617445078e+00      -1.375408535772e-03      -1.691616668897e+00      -4.446248636428e-03 
       3.408397818850e-01      -2.216869454044e-02      -5.236139327424e+03      -5.360790972781e+03      -1.997889758548e-02      -5.331158608455e+03       1.512373257084e-02       1.512373257084e-02       1.072158194556e+04       3.399642856876e+00       2.525274029152e-02      -1.269203092632e-08      -1.699822190539e+00      -1.404191621759e-03      -1.699821428438e+00      -4.471283566952e-03 
       3.448039871328e-01      -2.176403753067e-02      -5.259505808990e+03      -5.386350944850e+03      -1.961422512490e-02      -5.356326213207e+03       1.484774170121e-02       1.484774170121e-02       1.077270188970e+04       3.415698981583e+00       2.479192668555e-02      -1.246854876792e-08      -1.707850238969e+00      -1.432661097242e-03      -1.707849490791e+00      -4.495827411164e-03 
       3.488157710346e-01      -2.136765699777e-02      -5.283395997728e+03      -5.412268824351e+03      -1.925700985312e-02      -5.381877085604e+03       1.457738060551e-02       1.457738060551e-02       1.082453764870e+04       3.431998041772e+00       2.434050832952e-02      -1.225688279363e-08      -1.715999755426e+00      -1.458057645542e-03      -1.715999020886e+00      -4.520192920408e-03 
       3.528758137560e-01      -2.098284606702e-02      -5.308856800914e+03      -5.439417047561e+03      -1.891021968627e-02      -5.408709417913e+03       1.431488314818e-02       1.431488314818e-02       1.087883409512e+04       3.449111185536e+00       2.390221097333e-02      -1.206113828256e-08      -1.724556314071e+00      -1.478124454455e-03      -1.724555592768e+00      -4.544740123740e-03 
       3.569848112472e-01      -2.061184311675e-02      -5.336711559062e+03      -5.468498861068e+03      -1.857586259643e-02      -5.437543992598e+03       1.406181078302e-02       1.406181078302e-02       1.093699772214e+04       3.467502947640e+00       2.347965553153e-02      -1.182917661931e-08      -1.733752182369e+00      -1.491334805465e-03      -1.733751473820e+00      -4.569810122573e-03 
       3.611434758224e-01      -2.025598450646e-02      -5.367508744082e+03      -5.500017059748e+03      -1.825515306864e-02      -5.468889832569e+03       1.381903034715e-02       1.381903034715e-02       1.100003411950e+04       3.487491416760e+00       2.307427205709e-02      -1.162386714491e-08      -1.743746404697e+00      -1.497346368125e-03      -1.743745708380e+00      -4.595747179908e-03 
       3.653525367639e-01      -1.991490653147e-02      -5.401321413087e+03      -5.534076844499e+03      -1.794776418767e-02      -5.502846894447e+03       1.358629743702e-02       1.358629743702e-02       1.106815368900e+04       3.509140393940e+00       2.268565347176e-02      -1.144097049239e-08      -1.754570881566e+00      -1.497055692876e-03      -1.754570196970e+00      -4.622771741764e-03 
       3.696127409538e-01      -1.958611332438e-02      -5.437575184165e+03      -5.570211175774e+03      -1.765143805927e-02      -5.538932161588e+03       1.336195860714e-02       1.336195860714e-02       1.114042235155e+04       3.532148888511e+00       2.231105735814e-02      -1.122719847813e-08      -1.766075117558e+00      -1.492024659373e-03      -1.766074444256e+00      -4.650752308930e-03 
       3.739248535338e-01      -1.926642388661e-02      -5.475354631702e+03      -5.607671364463e+03      -1.736332062184e-02      -5.576372171022e+03       1.314380264061e-02       1.314380264061e-02       1.121534272893e+04       3.556016962996e+00       2.194677479791e-02      -1.105320284572e-08      -1.778009143818e+00      -1.484812229068e-03      -1.778008481498e+00      -4.679465557199e-03 
       3.782896585951e-01      -1.895229385451e-02      -5.513580457935e+03      -5.645561056649e+03      -1.708021098015e-02      -5.614243527418e+03       1.292945596879e-02       1.292945596879e-02       1.129112211330e+04       3.580162315269e+00       2.158885887761e-02      -1.086412088879e-08      -1.790081809164e+00      -1.478048910304e-03      -1.790081157635e+00      -4.708595912182e-03 
       3.827079599000e-01      -1.864062105608e-02      -5.551187660165e+03      -5.683004610697e+03      -1.679931825575e-02      -5.651642501302e+03       1.271679395466e-02       1.271679395466e-02       1.136600922139e+04       3.604007098079e+00       2.123375804288e-02      -1.068137652927e-08      -1.802004189861e+00      -1.474349027600e-03      -1.802003549040e+00      -4.737831130041e-03 
       3.871805816365e-01      -1.832930080080e-02      -5.587377768112e+03      -5.719350672067e+03      -1.651874587764e-02      -5.687895862217e+03       1.250438806086e-02       1.250438806086e-02       1.143870134413e+04       3.627123082324e+00       2.087908936176e-02      -1.049942252213e-08      -1.813562171285e+00      -1.475559157969e-03      -1.813561541162e+00      -4.766925473658e-03 
       3.917083692089e-01      -1.801711774121e-02      -5.621625848774e+03      -5.754160864935e+03      -1.623739706329e-02      -5.722552466894e+03       1.229141901755e-02       1.229141901755e-02       1.150832172987e+04       3.649224331782e+00       2.052348849026e-02      -1.030667832031e-08      -1.824612785284e+00      -1.482662992441e-03      -1.824612165891e+00      -4.795675712793e-03 
       3.962921900649e-01      -1.770344103131e-02      -5.653610321517e+03      -5.787122226544e+03      -1.595470718878e-02      -5.755298586869e+03       1.207743684165e-02       1.207743684165e-02       1.157424445309e+04       3.670107608914e+00       2.016619661822e-02      -1.012871350829e-08      -1.835054413064e+00      -1.495539491486e-03      -1.835053804457e+00      -4.823808829155e-03 
       4.009329345627e-01      -1.738891486872e-02      -5.683481959469e+03      -5.818318685741e+03      -1.567125588274e-02      -5.786228488557e+03       1.186287778009e-02       1.186287778009e-02       1.163663737148e+04       3.689832669686e+00       1.980794133234e-02      -9.964405686335e-09      -1.844916932632e+00      -1.512957250427e-03      -1.844916334843e+00      -4.851206315959e-03 
       4.056315168792e-01      -1.707539460714e-02      -5.711883686834e+03      -5.848264961547e+03      -1.538870820444e-02      -5.815876054233e+03       1.164902833068e-02       1.164902833068e-02       1.169652992309e+04       3.708744112190e+00       1.945087936345e-02      -9.776367011355e-09      -1.854372643102e+00      -1.532937261961e-03      -1.854372056095e+00      -4.877988387550e-03 
       4.103888759632e-01      -1.676539200860e-02      -5.739746256813e+03      -5.877728303627e+03      -1.510933266159e-02      -5.845032764983e+03       1.143756911929e-02       1.143756911929e-02       1.175545660725e+04       3.727341004425e+00       1.909780483636e-02      -9.602713409621e-09      -1.863671078557e+00      -1.553149538761e-03      -1.863670502213e+00      -4.904413638995e-03 
       4.152059765344e-01      -1.646149718328e-02      -5.768122811187e+03      -5.907596607128e+03      -1.483546268417e-02      -5.874610794627e+03       1.123026097411e-02       1.123026097411e-02       1.181519321426e+04       3.746204000460e+00       1.875165604994e-02      -9.448635214413e-09      -1.873102566122e+00      -1.571411538340e-03      -1.873102000230e+00      -4.930865680311e-03 
       4.200838101329e-01      -1.616546875536e-02      -5.797836863931e+03      -5.938558730067e+03      -1.456867738503e-02      -5.905318850438e+03       1.102832116441e-02       1.102832116441e-02       1.187711746013e+04       3.765788596444e+00       1.841447276453e-02      -9.275674700167e-09      -1.882894853935e+00      -1.585642634362e-03      -1.882894298222e+00      -4.957587444317e-03 
       4.250233962207e-01      -1.587792225610e-02      -5.829281457245e+03      -5.970931524799e+03      -1.430953493404e-02      -5.937485152517e+03       1.083215346068e-02       1.083215346068e-02       1.194186304960e+04       3.786300891392e+00       1.808692297862e-02      -9.113018428542e-09      -1.893150991524e+00      -1.595397983130e-03      -1.893150445696e+00      -4.984766948212e-03 
       4.300257833389e-01      -1.559869387269e-02      -5.862530122638e+03      -6.004783686120e+03      -1.405788666069e-02      -5.971179026150e+03       1.064165176231e-02       1.064165176231e-02       1.200956737224e+04       3.807786077428e+00       1.776883165869e-02      -8.951775776370e-09      -1.903893574944e+00      -1.600612486444e-03      -1.903893038714e+00      -5.012450455095e-03 
       4.350920503249e-01      -1.532736271480e-02      -5.897494969821e+03      -6.040093198013e+03      -1.381335435343e-02      -6.006368153837e+03       1.045653014179e-02       1.045653014179e-02       1.208018639603e+04       3.830223521648e+00       1.745972150256e-02      -8.796482451972e-09      -1.915112287730e+00      -1.602581345404e-03      -1.915111760824e+00      -5.040815409333e-03 
       4.402233075914e-01      -1.506260254196e-02      -5.933674082456e+03      -6.076476830819e+03      -1.357474313198e-02      -6.042651390384e+03       1.027588929193e-02       1.027588929193e-02       1.215295366164e+04       3.853358296983e+00       1.715809261598e-02      -8.641909299762e-09      -1.926679666299e+00      -1.602896583479e-03      -1.926679148492e+00      -5.069792836180e-03 
       4.454206984736e-01      -1.480247458083e-02      -5.970248013150e+03      -6.113258820872e+03      -1.334030688522e-02      -6.079331680872e+03       1.009840981171e-02       1.009840981171e-02       1.222651764174e+04       3.876746319296e+00       1.686174272469e-02      -8.489322782399e-09      -1.938373668517e+00      -1.603626028412e-03      -1.938373159648e+00      -5.099151921134e-03 
       4.506854006466e-01      -1.454508833091e-02      -6.006357632857e+03      -6.149713209915e+03      -1.310834235726e-02      -6.115663520612e+03       9.922807010843e-03       9.922807010843e-03       1.229942641983e+04       3.899913103002e+00       1.656852826210e-02      -8.337151891012e-09      -1.949957051524e+00      -1.606715097951e-03      -1.949956551501e+00      -5.128604599391e-03 
       4.560186276189e-01      -1.428898311006e-02      -6.041287456513e+03      -6.185217610670e+03      -1.287753392148e-02      -6.151011073305e+03       9.748084476969e-03       9.748084476969e-03       1.237043522134e+04       3.922453139532e+00       1.627678531020e-02      -8.189480711206e-09      -1.961227060985e+00      -1.613241520455e-03      -1.961226569766e+00      -5.157812955528e-03 
       4.614216303071e-01      -1.403387305970e-02      -6.074832835655e+03      -6.219599837608e+03      -1.264762376170e-02      -6.185197379632e+03       9.574048128083e-03       9.574048128083e-03       1.243919967522e+04       3.944253878145e+00       1.598619015902e-02      -8.043516012235e-09      -1.972127421522e+00      -1.623449561365e-03      -1.972126939073e+00      -5.186674568865e-03 
       4.668956986955e-01      -1.378040246392e-02      -6.107251795212e+03      -6.253081921090e+03      -1.241919218390e-02      -6.218449704692e+03       9.401135705728e-03       9.401135705728e-03       1.250616384218e+04       3.965460012235e+00       1.569747321516e-02      -7.899400727786e-09      -1.982730479851e+00      -1.636662820282e-03      -1.982730006117e+00      -5.215264231943e-03 
       4.724421635890e-01      -1.352935465175e-02      -6.138935029047e+03      -6.285966949055e+03      -1.219294458680e-02      -6.251084322436e+03       9.229878825587e-03       9.229878825587e-03       1.257193389811e+04       3.986272795395e+00       1.541152136031e-02      -7.757059764779e-09      -1.993136862799e+00      -1.651521799859e-03      -1.993136397697e+00      -5.243620274885e-03 
       4.780623984623e-01      -1.328146214031e-02      -6.170306881392e+03      -6.318561694541e+03      -1.196954067997e-02      -6.283425889789e+03       9.060773344315e-03       9.060773344315e-03       1.263712338908e+04       4.006898520806e+00       1.512916138040e-02      -7.618446260891e-09      -2.003449716981e+00      -1.666318613916e-03      -2.003449260403e+00      -5.271732677416e-03 
       4.837578214154e-01      -1.303783232719e-02      -6.202004166121e+03      -6.351390535676e+03      -1.174997764117e-02      -6.316015454062e+03       8.894573452893e-03       8.894573452893e-03       1.270278107135e+04       4.027682059288e+00       1.485165236295e-02      -7.479624111272e-09      -2.013841477845e+00      -1.679506593162e-03      -2.013841029644e+00      -5.299789955080e-03 
       4.895298972391e-01      -1.279983054890e-02      -6.234813674579e+03      -6.385162586664e+03      -1.153548617727e-02      -6.349572994547e+03       8.732206955713e-03       8.732206955713e-03       1.277032517333e+04       4.049081619337e+00       1.458054224002e-02      -7.348517061356e-09      -2.024541249687e+00      -1.690269960565e-03      -2.024540809669e+00      -5.328237091341e-03 
       4.953801396020e-01      -1.256757129090e-02      -6.268913454327e+03      -6.420031909346e+03      -1.132616870097e-02      -6.384256049894e+03       8.573754734354e-03       8.573754734354e-03       1.284006381869e+04       4.071198376454e+00       1.431596717162e-02      -7.214860097135e-09      -2.035599620262e+00      -1.698217927812e-03      -2.035599188227e+00      -5.357139231201e-03 
       5.013101133638e-01      -1.234038012994e-02      -6.304032404061e+03      -6.455761066017e+03      -1.112141770742e-02      -6.419822342559e+03       8.418757870752e-03       8.418757870752e-03       1.291152213203e+04       4.093878020626e+00       1.405716119784e-02      -7.078974464649e-09      -2.046939434538e+00      -1.703962960355e-03      -2.046939010313e+00      -5.386399526638e-03 
       5.073214370266e-01      -1.211762636438e-02      -6.339857123321e+03      -6.492114412705e+03      -1.092066588033e-02      -6.456024462425e+03       8.266785722860e-03       8.266785722860e-03       1.298422882541e+04       4.116962443360e+00       1.380340486365e-02      -6.950279964469e-09      -2.058481638249e+00      -1.708919700563e-03      -2.058481221680e+00      -5.416042293677e-03 
       5.134157853330e-01      -1.189800965257e-02      -6.375669180969e+03      -6.528468984025e+03      -1.072274142768e-02      -6.492225624377e+03       8.116954496229e-03       8.116954496229e-03       1.305693796805e+04       4.140046346072e+00       1.355322352819e-02      -6.823747263075e-09      -2.070023582057e+00      -1.714272013703e-03      -2.070023173036e+00      -5.445746481388e-03 
       5.195948920219e-01      -1.168151841810e-02      -6.411417074994e+03      -6.564856908548e+03      -1.052763402382e-02      -6.528444766003e+03       7.969258777416e-03       7.969258777416e-03       1.312971381710e+04       4.163142441067e+00       1.330660894598e-02      -6.696986108730e-09      -2.081571622112e+00      -1.721197524111e-03      -2.081571220533e+00      -5.475712747809e-03 
       5.258605527531e-01      -1.146715458359e-02      -6.446514807657e+03      -6.600737540433e+03      -1.033444464797e-02      -6.564135135524e+03       7.823016881365e-03       7.823016881365e-03       1.320147508087e+04       4.185901808470e+00       1.306242250212e-02      -6.574013995944e-09      -2.092951298445e+00      -1.730197699032e-03      -2.092950904235e+00      -5.505583517426e-03 
       5.322146282141e-01      -1.125472004261e-02      -6.480835253409e+03      -6.635979929587e+03      -1.014299452610e-02      -6.599166629097e+03       7.678093939935e-03       7.678093939935e-03       1.327195985917e+04       4.208241648706e+00       1.282043915385e-02      -6.452527014985e-09      -2.104121211259e+00      -1.741086491690e-03      -2.104120824353e+00      -5.535226048637e-03 
       5.386590474225e-01      -1.104474450168e-02      -6.514713837143e+03      -6.670871680826e+03      -9.953760795065e-03      -6.633833819906e+03       7.534850014395e-03       7.534850014395e-03       1.334174336165e+04       4.230349544217e+00       1.258125973949e-02      -6.332663131632e-09      -2.115175151796e+00      -1.753095547075e-03      -2.115174772109e+00      -5.564754334193e-03 
       5.451958112383e-01      -1.083793289248e-02      -6.548645101569e+03      -6.705834588326e+03      -9.767378567186e-03      -6.668569132622e+03       7.393763893630e-03       7.393763893630e-03       1.341166917665e+04       4.252500707247e+00       1.234568305874e-02      -6.216293621622e-09      -2.126250726200e+00      -1.765174979733e-03      -2.126250353623e+00      -5.594347779327e-03 
       5.518269961031e-01      -1.063456340367e-02      -6.582897325748e+03      -6.741066570839e+03      -9.584098053787e-03      -6.703581161687e+03       7.255025231172e-03       7.255025231172e-03       1.348213314168e+04       4.274828227625e+00       1.211402586582e-02      -6.099876907773e-09      -2.137414479398e+00      -1.776345969886e-03      -2.137414113812e+00      -5.624019185109e-03 
       5.585547580240e-01      -1.043481805579e-02      -6.617672792861e+03      -6.776726645547e+03      -9.404083323462e-03      -6.739035418954e+03       7.118757003507e-03       7.118757003507e-03       1.355345329109e+04       4.297437271839e+00       1.188649309659e-02      -5.985339123009e-09      -2.148718994638e+00      -1.786101544388e-03      -2.148718635919e+00      -5.653820519282e-03 
       5.653813368197e-01      -1.023896587419e-02      -6.653213402822e+03      -6.813054485837e+03      -9.227576853253e-03      -6.775171477578e+03       6.985142910864e-03       6.985142910864e-03       1.362610897167e+04       4.320480622878e+00       1.166339153222e-02      -5.872843977991e-09      -2.160240663425e+00      -1.794517854163e-03      -2.160240311439e+00      -5.683954772203e-03 
       5.723090606529e-01      -1.004679927291e-02      -6.689428196779e+03      -6.849994601091e+03      -9.054391714814e-03      -6.811928382284e+03       6.854042154836e-03       6.854042154836e-03       1.369998920218e+04       4.343919594802e+00       1.144448630801e-02      -5.762365295714e-09      -2.171960142782e+00      -1.802167112003e-03      -2.171959797401e+00      -5.714463356277e-03 
       5.793403508692e-01      -9.857559888377e-03      -6.725817579516e+03      -6.887103136053e+03      -8.883844667299e-03      -6.848854359209e+03       6.724938484077e-03       6.724938484077e-03       1.377420627211e+04       4.367466378772e+00       1.122891573148e-02      -5.653591460686e-09      -2.183733528261e+00      -1.809850523700e-03      -2.183733189386e+00      -5.745112109032e-03 
       5.864777271687e-01      -9.670833103181e-03      -6.762082216771e+03      -6.924133664148e+03      -8.715562211776e-03      -6.885695137331e+03       6.597549914501e-03       6.597549914501e-03       1.384826732830e+04       4.390959074685e+00       1.101620920919e-02      -5.546364284778e-09      -2.195479869799e+00      -1.818289381006e-03      -2.195479537343e+00      -5.775811766334e-03 
       5.937238131390e-01      -9.486612078631e-03      -6.798214315046e+03      -6.961107488312e+03      -8.549538238343e-03      -6.922467411227e+03       6.471872083348e-03       6.471872083348e-03       1.392221497662e+04       4.414408436051e+00       1.080635954311e-02      -5.440692061488e-09      -2.207204544149e+00      -1.827821469829e-03      -2.207204218025e+00      -5.806628776270e-03 
       6.010813421777e-01      -9.304846271664e-03      -6.834203023701e+03      -6.998009069911e+03      -8.385727155691e-03      -6.959156407479e+03       6.347870281111e-03       6.347870281111e-03       1.399601813982e+04       4.437805000698e+00       1.059930871205e-02      -5.336520619150e-09      -2.218902820224e+00      -1.838316351360e-03      -2.218902500349e+00      -5.837530840103e-03 
       6.085531638393e-01      -9.125479246202e-03      -6.870054672704e+03      -7.034812119993e+03      -8.224077994062e-03      -6.995741007911e+03       6.225505405459e-03       6.225505405459e-03       1.406962423999e+04       4.461135141489e+00       1.039499125380e-02      -5.233768779969e-09      -2.230567884453e+00      -1.849269290013e-03      -2.230567570744e+00      -5.868421720474e-03 
       6.161422506428e-01      -8.948449831815e-03      -6.905779099406e+03      -7.071482697082e+03      -8.064535486569e-03      -7.032194208380e+03       6.104734990865e-03       6.104734990865e-03       1.414296539416e+04       4.484381420774e+00       1.019333605402e-02      -5.132331666487e-09      -2.242191018009e+00      -1.859974932472e-03      -2.242190710387e+00      -5.899168936429e-03 
       6.238517053790e-01      -8.774761480645e-03      -6.942233515991e+03      -7.108845749361e+03      -7.908003873512e-03      -7.069344474526e+03       5.986243135935e-03       5.986243135935e-03       1.421769149872e+04       4.508071991591e+00       9.995485249866e-03      -5.032739207347e-09      -2.254036297447e+00      -1.870145503597e-03      -2.254035995796e+00      -5.930387741823e-03 
       6.316847689635e-01      -8.603813263061e-03      -6.979013377940e+03      -7.146486722142e+03      -7.753941588691e-03      -7.106779601371e+03       5.869619881880e-03       5.869619881880e-03       1.429297344428e+04       4.531943975877e+00       9.800754315301e-03      -4.934642704626e-09      -2.265972283714e+00      -1.879628293750e-03      -2.265971987939e+00      -5.961725469315e-03 
       6.396448288827e-01      -8.435551237740e-03      -7.016111874738e+03      -7.184415388173e+03      -7.602300077995e-03      -7.144506739615e+03       5.754828749858e-03       5.754828749858e-03       1.436883077635e+04       4.556002022896e+00       9.609082431179e-03      -4.838044879334e-09      -2.278001301438e+00      -1.888707476404e-03      -2.278001011448e+00      -5.993232521962e-03 
       6.477354282875e-01      -8.270000145905e-03      -7.053578095934e+03      -7.222712065162e+03      -7.453101718646e-03      -7.182601153149e+03       5.641887061886e-03       5.641887061886e-03       1.444542413032e+04       4.580294269918e+00       9.420498647230e-03      -4.743005791724e-09      -2.290147419258e+00      -1.897846008073e-03      -2.290147134959e+00      -6.025041733497e-03 
       6.559602757945e-01      -8.106868879080e-03      -7.091188142617e+03      -7.261181304014e+03      -7.306084235642e-03      -7.220863292843e+03       5.530596622485e-03       5.530596622485e-03       1.452236260803e+04       4.604693606476e+00       9.234672141250e-03      -4.649398250446e-09      -2.302347081930e+00      -1.907450889530e-03      -2.302346803238e+00      -6.057058025894e-03 
       6.643232560598e-01      -7.945751230096e-03      -7.128604944249e+03      -7.299497307697e+03      -7.160881565760e-03      -7.258966203084e+03       5.420680407472e-03       5.420680407472e-03       1.459899461539e+04       4.628991579726e+00       9.051140380684e-03      -4.556994617578e-09      -2.314496063016e+00      -1.917584017021e-03      -2.314495789863e+00      -6.089030459449e-03 
       6.728284411997e-01      -7.787103056591e-03      -7.166282489835e+03      -7.338105665676e+03      -7.017904493011e-03      -7.297355955858e+03       5.312449189076e-03       5.312449189076e-03       1.467621133135e+04       4.653472580499e+00       8.870422213988e-03      -4.466035776138e-09      -2.326736557949e+00      -1.928137993511e-03      -2.326736290250e+00      -6.121297788040e-03 
       6.814801031383e-01      -7.630640087216e-03      -7.204020042420e+03      -7.376783528967e+03      -6.876896776977e-03      -7.335813592187e+03       5.205708755088e-03       5.205708755088e-03       1.475356705793e+04       4.677996881421e+00       8.692193276852e-03      -4.376331298410e-09      -2.338998703031e+00      -1.938751648587e-03      -2.338998440710e+00      -6.153628623860e-03 
       6.902827269736e-01      -7.476431480745e-03      -7.241940855682e+03      -7.415633727538e+03      -6.737920700144e-03      -7.374444955741e+03       5.100506046653e-03       5.100506046653e-03       1.483126745508e+04       4.702631885323e+00       8.516531880951e-03      -4.287897157634e-09      -2.351316199680e+00      -1.949156241790e-03      -2.351315942661e+00      -6.186065080203e-03 
       6.992410254616e-01      -7.324768675139e-03      -7.280393471100e+03      -7.454997510246e+03      -6.601238892301e-03      -7.413591799923e+03       4.997039796924e-03       4.997039796924e-03       1.490999502049e+04       4.727595484922e+00       8.343769835141e-03      -4.200890937456e-09      -2.363797994266e+00      -1.959295889619e-03      -2.363797742461e+00      -6.218870843915e-03 
       7.083599547303e-01      -7.175315485254e-03      -7.319096228886e+03      -7.494601003151e+03      -6.466548410264e-03      -7.452979542356e+03       4.895080821826e-03       4.895080821826e-03       1.498920200630e+04       4.752712637996e+00       8.173524507076e-03      -4.115137147711e-09      -2.376356565665e+00      -1.969293268871e-03      -2.376356318998e+00      -6.251846289402e-03 
       7.176447313498e-01      -7.028038098140e-03      -7.358052331639e+03      -7.534463823853e+03      -6.333818816521e-03      -7.492625186533e+03       4.794606247018e-03       4.794606247018e-03       1.506892764771e+04       4.777994264279e+00       8.005757757450e-03      -4.030636397833e-09      -2.388997373744e+00      -1.979395276018e-03      -2.388997132139e+00      -6.285043811264e-03 
       7.271008508973e-01      -6.882949697725e-03      -7.397319953749e+03      -7.574657405944e+03      -6.203062011640e-03      -7.532597950178e+03       4.695625177254e-03       4.695625177254e-03       1.514931481189e+04       4.803484553088e+00       7.840484820634e-03      -3.947406838895e-09      -2.401742513161e+00      -1.989770997220e-03      -2.401742276544e+00      -6.318545195561e-03 
       7.367341081734e-01      -6.739658393487e-03      -7.436517313186e+03      -7.614801719656e+03      -6.073924825442e-03      -7.572518241638e+03       4.597870292976e-03       4.597870292976e-03       1.522960343931e+04       4.828941459530e+00       7.677259350059e-03      -3.865226786170e-09      -2.414470961456e+00      -2.000395309662e-03      -2.414470729765e+00      -6.352043844614e-03 
       7.465506192458e-01      -6.598637718043e-03      -7.476228342483e+03      -7.655473386653e+03      -5.946833986157e-03      -7.612962748247e+03       4.501664504475e-03       4.501664504475e-03       1.531094677331e+04       4.854732677442e+00       7.516620484252e-03      -3.784354651045e-09      -2.427366565564e+00      -2.011226776102e-03      -2.427366338721e+00      -6.385993025039e-03 
       7.565568455175e-01      -6.459587558638e-03      -7.516184935378e+03      -7.696392507923e+03      -5.821519005682e-03      -7.653653947860e+03       4.406802957718e-03       4.406802957718e-03       1.539278501585e+04       4.880681180904e+00       7.358226137174e-03      -3.704605308136e-09      -2.440340812515e+00      -2.022031423624e-03      -2.440340590452e+00      -6.420134669008e-03 
       7.667596200406e-01      -6.322261560642e-03      -7.556147584357e+03      -7.737313836122e+03      -5.697757860804e-03      -7.694347954613e+03       4.313117560525e-03       4.313117560525e-03       1.547462767224e+04       4.906631429778e+00       7.201795630274e-03      -3.625834451559e-09      -2.453315932231e+00      -2.032703203354e-03      -2.453315714889e+00      -6.454257647284e-03 
       7.771661763261e-01      -6.187296074501e-03      -7.596945960244e+03      -7.779072062968e+03      -5.576124042754e-03      -7.735877105361e+03       4.221042454067e-03       4.221042454067e-03       1.555814412594e+04       4.933114205432e+00       7.048053873081e-03      -3.548410361952e-09      -2.466557315418e+00      -2.043459195340e-03      -2.466557102716e+00      -6.489059716833e-03 
       7.877841799308e-01      -6.054174720760e-03      -7.638016013709e+03      -7.821110563669e+03      -5.456152204674e-03      -7.777684654266e+03       4.130225473181e-03       4.130225473181e-03       1.564222112734e+04       4.959774528401e+00       6.896412871992e-03      -3.472048561050e-09      -2.479887472327e+00      -2.054342960130e-03      -2.479887264201e+00      -6.524103842404e-03 
       7.986217631414e-01      -5.922548860159e-03      -7.678953434051e+03      -7.863029274603e+03      -5.337528147549e-03      -7.819370621717e+03       4.040428789058e-03       4.040428789058e-03       1.572605854921e+04       4.986357345099e+00       6.746475519144e-03      -3.396548492371e-09      -2.493178876150e+00      -2.065277841619e-03      -2.493178672550e+00      -6.559059074014e-03 
       8.096875631153e-01      -5.792912192510e-03      -7.720456101027e+03      -7.905527345639e+03      -5.220696803392e-03      -7.861632646006e+03       3.951989207685e-03       3.951989207685e-03       1.581105469128e+04       5.013307536176e+00       6.598804193507e-03      -3.322196043604e-09      -2.506653967233e+00      -2.076450416722e-03      -2.506653768088e+00      -6.594510971178e-03 
       8.209907638875e-01      -5.665002553033e-03      -7.762250138505e+03      -7.948325285209e+03      -5.105421894852e-03      -7.904192641781e+03       3.864727826442e-03       3.864727826442e-03       1.589665057042e+04       5.040447742470e+00       6.453100159181e-03      -3.248834377168e-09      -2.520224065982e+00      -2.087707696384e-03      -2.520223871235e+00      -6.630213756528e-03 
       8.325411427102e-01      -5.538884267649e-03      -7.804495926075e+03      -7.991579829887e+03      -4.991761384313e-03      -7.947207623438e+03       3.778688484850e-03       3.778688484850e-03       1.598315965977e+04       5.067878066461e+00       6.309436604617e-03      -3.176495399420e-09      -2.533939223642e+00      -2.099005819546e-03      -2.533939033231e+00      -6.666285717101e-03 
       8.443491212515e-01      -5.414452385701e-03      -7.847116879625e+03      -8.035215468287e+03      -4.879620695034e-03      -7.990602052884e+03       3.693799613245e-03       3.693799613245e-03       1.607043093657e+04       5.095550352025e+00       6.167694034669e-03      -3.105122598880e-09      -2.547775362147e+00      -2.110379264452e-03      -2.547775176013e+00      -6.702672047909e-03 
       8.564258222607e-01      -5.291712294621e-03      -7.890191919265e+03      -8.079314823906e+03      -4.769004681589e-03      -8.034457817086e+03       3.610064893405e-03       3.610064893405e-03       1.615862964781e+04       5.123516821977e+00       6.027878599255e-03      -3.034718988387e-09      -2.561758592903e+00      -2.121851176398e-03      -2.561758410989e+00      -6.739441680659e-03 
       8.687831323856e-01      -5.170557992131e-03      -7.933634352927e+03      -8.123794706876e+03      -4.659817823014e-03      -8.078691332432e+03       3.527412054139e-03       3.527412054139e-03       1.624758941375e+04       5.151724201693e+00       5.889869636232e-03      -2.965229572126e-09      -2.575862278596e+00      -2.133496478146e-03      -2.575862100847e+00      -6.776539756274e-03 
       8.814337719335e-01      -5.051045877034e-03      -7.977611222134e+03      -8.168821677279e+03      -4.552110938270e-03      -8.123468921996e+03       3.445879535981e-03       3.445879535981e-03       1.633764335456e+04       5.180278534847e+00       5.753731321933e-03      -2.896682031918e-09      -2.590139441065e+00      -2.145282880424e-03      -2.590139267423e+00      -6.814093806444e-03 
       8.943913724798e-01      -4.932984046253e-03      -8.021898000143e+03      -8.214168985592e+03      -4.445711083723e-03      -8.168564610811e+03       3.365336426877e-03       3.365336426877e-03       1.642833797118e+04       5.209035721753e+00       5.619245068157e-03      -2.828967526512e-09      -2.604518030459e+00      -2.157175683493e-03      -2.604517860877e+00      -6.851918202581e-03 
       9.076705633606e-01      -4.816533511816e-03      -8.066842874699e+03      -8.260184532290e+03      -4.340763358749e-03      -8.214325691520e+03       3.285892540608e-03       3.285892540608e-03       1.652036906458e+04       5.238217209784e+00       5.486594227625e-03      -2.762174611744e-09      -2.619108770471e+00      -2.169190467695e-03      -2.619108604892e+00      -6.890292289662e-03 
       9.212870682466e-01      -4.701506340239e-03      -8.112219873614e+03      -8.306643861604e+03      -4.237098401412e-03      -8.260527891519e+03       3.207419697000e-03       3.207419697000e-03       1.661328772321e+04       5.267680000257e+00       5.355564780474e-03      -2.696199347955e-09      -2.633840161753e+00      -2.181341452169e-03      -2.633840000128e+00      -6.929039491653e-03 
       9.352578131720e-01      -4.587910694526e-03      -8.158134677390e+03      -8.353654721134e+03      -4.134723072739e-03      -8.307278431634e+03       3.129925621188e-03       3.129925621188e-03       1.670730944227e+04       5.297494619378e+00       5.226170461717e-03      -2.627202192282e-09      -2.648747467409e+00      -2.193580823617e-03      -2.648747309689e+00      -6.968240395647e-03 
       9.496010476076e-01      -4.475773315231e-03      -8.204722581641e+03      -8.401353977113e+03      -4.033662472720e-03      -8.354713674636e+03       3.053424183906e-03       3.053424183906e-03       1.680270795423e+04       5.327743729605e+00       5.098432737827e-03      -2.562987558969e-09      -2.663872018667e+00      -2.206078909291e-03      -2.663871864802e+00      -7.008025283679e-03 
       9.643364804132e-01      -4.364913129640e-03      -8.251755068384e+03      -8.449511637598e+03      -3.933752907290e-03      -8.402604291647e+03       2.977794061402e-03       2.977794061402e-03       1.689902327520e+04       5.358283225909e+00       4.972149884817e-03      -2.499511222672e-09      -2.679141763009e+00      -2.218695535732e-03      -2.679141612955e+00      -7.048191873878e-03 
       9.794854327925e-01      -4.255644426219e-03      -8.299948210313e+03      -8.498846159964e+03      -3.835277655361e-03      -8.451667017247e+03       2.903249469958e-03       2.903249469958e-03       1.699769231993e+04       5.389569925558e+00       4.847679515526e-03      -2.436733189631e-09      -2.694785109077e+00      -2.231603684556e-03      -2.694784962779e+00      -7.089338597228e-03 
       9.950710107137e-01      -4.147190230113e-03      -8.347875186358e+03      -8.547927461283e+03      -3.737536406408e-03      -8.500474964580e+03       2.829260814523e-03       2.829260814523e-03       1.709585492257e+04       5.420694482347e+00       4.724137517484e-03      -2.374652699442e-09      -2.710347383743e+00      -2.244468251554e-03      -2.710347241174e+00      -7.130275626190e-03 
       1.011118299649e+00      -4.040301972426e-03      -8.397150664499e+03      -8.598376370751e+03      -3.641206394811e-03      -8.550644953552e+03       2.756340542240e-03       2.756340542240e-03       1.719675274150e+04       5.452687706328e+00       4.602379476379e-03      -2.313288026020e-09      -2.726343992059e+00      -2.257672901347e-03      -2.726343853164e+00      -7.172352189682e-03 
       1.027654584949e+00      -3.934525951213e-03      -8.446971856659e+03      -8.649388378618e+03      -3.545878789867e-03      -8.601374254621e+03       2.684178890736e-03       2.684178890736e-03       1.729877675724e+04       5.485037399191e+00       4.481888075144e-03      -2.252771031983e-09      -2.742518834854e+00      -2.271044521254e-03      -2.742518699595e+00      -7.214900737577e-03 
       1.044709601705e+00      -3.829886166477e-03      -8.497504678834e+03      -8.701130437740e+03      -3.451575182568e-03      -8.652829344508e+03       2.612792413112e-03       2.612792413112e-03       1.740226087548e+04       5.517849944224e+00       4.362691022237e-03      -2.192776673352e-09      -2.758925103773e+00      -2.284617339290e-03      -2.758924972112e+00      -7.258059610198e-03 
       1.062315818564e+00      -3.726531357668e-03      -8.549226692983e+03      -8.754082624327e+03      -3.358429625325e-03      -8.705489003665e+03       2.542282539486e-03       2.542282539486e-03       1.750816524865e+04       5.551430608361e+00       4.244957664787e-03      -2.133644168796e-09      -2.775715432289e+00      -2.298489859602e-03      -2.775715304181e+00      -7.302225974939e-03 
       1.080508760706e+00      -3.624121624137e-03      -8.601500089483e+03      -8.807606125820e+03      -3.266135797020e-03      -8.758715775920e+03       2.472417385778e-03       2.472417385778e-03       1.761521225164e+04       5.585372883616e+00       4.128300814918e-03      -2.075245789001e-09      -2.792686566396e+00      -2.312525611099e-03      -2.792686441808e+00      -7.346870114719e-03 
       1.099327377988e+00      -3.522789115697e-03      -8.654773986403e+03      -8.862152936161e+03      -3.174812778395e-03      -8.812960355376e+03       2.403287175278e-03       2.403287175278e-03       1.772430587232e+04       5.619964267844e+00       4.012871149024e-03      -2.017246266980e-09      -2.809982255026e+00      -2.326843839638e-03      -2.809982133922e+00      -7.392370227338e-03 
       1.118814465254e+00      -3.422465333157e-03      -8.709041286055e+03      -8.917716882069e+03      -3.084398844759e-03      -8.868216435204e+03       2.334845126906e-03       2.334845126906e-03       1.783543376414e+04       5.655200675777e+00       3.898590536120e-03      -1.959805184255e-09      -2.827600455544e+00      -2.341421921510e-03      -2.827600337888e+00      -7.438717657851e-03 
       1.139017142838e+00      -3.323106093260e-03      -8.764356015416e+03      -8.974353768496e+03      -2.994854168957e-03      -8.924539436462e+03       2.267061137684e-03       2.267061137684e-03       1.794870753699e+04       5.691117503971e+00       3.785408727036e-03      -1.902762041369e-09      -2.845558866225e+00      -2.356281479840e-03      -2.845558751986e+00      -7.485960062065e-03 
       1.159987406523e+00      -3.224752606302e-03      -8.821014213801e+03      -9.032362339078e+03      -2.906215909899e-03      -8.982227117509e+03       2.199963238205e-03       2.199963238205e-03       1.806472467816e+04       5.727904511184e+00       3.673372493235e-03      -1.846492038233e-09      -2.863952366451e+00      -2.371502153204e-03      -2.863952255592e+00      -7.534347211191e-03 
       1.181782757508e+00      -3.127247282760e-03      -8.878779660911e+03      -9.091507222638e+03      -2.818342034345e-03      -9.041044415589e+03       2.133443984696e-03       2.133443984696e-03       1.818301444528e+04       5.765411891081e+00       3.562302455480e-03      -1.790626054924e-09      -2.882706053047e+00      -2.387061088667e-03      -2.882705945541e+00      -7.583688196695e-03 
       1.204466924296e+00      -3.030539079960e-03      -8.937693205841e+03      -9.151831032150e+03      -2.731186549520e-03      -9.101033586760e+03       2.067468496219e-03       2.067468496219e-03       1.830366206430e+04       5.803666500510e+00       3.452140350089e-03      -1.735380231133e-09      -2.901833354437e+00      -2.402928201584e-03      -2.901833250255e+00      -7.634011885032e-03 
       1.228110689814e+00      -2.934690234636e-03      -8.998150335503e+03      -9.213732630931e+03      -2.644805529983e-03      -9.162592215632e+03       2.002079300702e-03       2.002079300702e-03       1.842746526186e+04       5.842921983488e+00       3.342957214282e-03      -1.680469554267e-09      -2.921461092631e+00      -2.419220036301e-03      -2.921460991744e+00      -7.685653722418e-03 
       1.252792838276e+00      -2.839666161154e-03      -9.060289273479e+03      -9.277352701527e+03      -2.559167812262e-03      -9.225860334652e+03       1.937252774418e-03       1.937252774418e-03       1.855470540305e+04       5.883267590149e+00       3.234713591467e-03      -1.626031264242e-09      -2.941633892695e+00      -2.435966205102e-03      -2.941633795075e+00      -7.738729955345e-03 
       1.278601237189e+00      -2.745279854512e-03      -9.123746148402e+03      -9.342327879602e+03      -2.474104862597e-03      -9.290475181809e+03       1.872861347588e-03       1.872861347588e-03       1.868465575920e+04       5.924472014528e+00       3.127196475532e-03      -1.572004363008e-09      -2.962236101640e+00      -2.453075275225e-03      -2.962236007264e+00      -7.792936999126e-03 
       1.305634070045e+00      -2.651616081910e-03      -9.189038780615e+03      -9.409180587042e+03      -2.389693075476e-03      -9.356957476048e+03       1.808962845699e-03       1.808962845699e-03       1.881836117408e+04       5.966867301541e+00       3.020502418829e-03      -1.518364852687e-09      -2.983433741926e+00      -2.470685580107e-03      -2.983433650771e+00      -7.848711760390e-03 
       1.334001234132e+00      -2.558595886033e-03      -9.256158705989e+03      -9.477904849740e+03      -2.305861293714e-03      -9.425300863522e+03       1.745503400343e-03       1.745503400343e-03       1.895580969948e+04       6.010449394291e+00       2.914541473839e-03      -1.465074875243e-09      -3.005224785104e+00      -2.488798240710e-03      -3.005224697146e+00      -7.906049341884e-03 
       1.363825914699e+00      -2.466243678382e-03      -9.325467485476e+03      -9.548866929014e+03      -2.222631654538e-03      -9.495870180134e+03       1.682499066887e-03       1.682499066887e-03       1.909773385803e+04       6.055449685641e+00       2.809340216986e-03      -1.412621951131e-09      -3.027724927604e+00      -2.507552192302e-03      -3.027724842820e+00      -7.965260937486e-03 
       1.395246340115e+00      -2.374401621799e-03      -9.396643533501e+03      -9.621747104757e+03      -2.139861632472e-03      -9.568346012971e+03       1.619843390728e-03       1.619843390728e-03       1.924349420951e+04       6.101667011737e+00       2.704721370436e-03      -1.360013919134e-09      -3.050833587494e+00      -2.526793415289e-03      -3.050833505868e+00      -8.026070725031e-03 
       1.428417711027e+00      -2.283208132047e-03      -9.470502467612e+03      -9.697368068694e+03      -2.057676112569e-03      -9.643548399016e+03       1.557630174851e-03       1.557630174851e-03       1.939473613739e+04       6.149623042967e+00       2.600841318899e-03      -1.307777782729e-09      -3.074811599974e+00      -2.546764522620e-03      -3.074811521483e+00      -8.089169134751e-03 
       1.463514277278e+00      -2.192522908789e-03      -9.546744207346e+03      -9.775432136914e+03      -1.975948653422e-03      -9.721179836769e+03       1.495763704185e-03       1.495763704185e-03       1.955086427383e+04       6.199128063261e+00       2.497540242580e-03      -1.255833075407e-09      -3.099564107004e+00      -2.567389891408e-03      -3.099564031631e+00      -8.154307077592e-03 
       1.500731506377e+00      -2.102313018901e-03      -9.625441948916e+03      -9.856016671390e+03      -1.894649472171e-03      -9.801316888969e+03       1.434221967240e-03       1.434221967240e-03       1.971203334278e+04       6.250232062992e+00       2.394781564217e-03      -1.203919202548e-09      -3.125116103768e+00      -2.588669380082e-03      -3.125116031496e+00      -8.221546974819e-03 
       1.540288242703e+00      -2.012648075921e-03      -9.707091114012e+03      -9.939622888853e+03      -1.813841513628e-03      -9.884458921766e+03       1.373051541218e-03       1.373051541218e-03       1.987924577771e+04       6.303251203916e+00       2.292642702012e-03      -1.152522139878e-09      -3.151625671148e+00      -2.610803816393e-03      -3.151625601958e+00      -8.291315801066e-03 
       1.582428693406e+00      -1.923689237219e-03      -9.792662656314e+03      -1.002723118090e+04      -1.733670029824e-03      -9.971583004949e+03       1.312362313750e-03       1.312362313750e-03       2.005446236181e+04       6.358808210302e+00       2.191307118218e-03      -1.101934451453e-09      -3.179404171283e+00      -2.634070056374e-03      -3.179404105151e+00      -8.364435662955e-03 
       1.627423992086e+00      -1.835228170295e-03      -9.881189636930e+03      -1.011787448254e+04      -1.653947028515e-03      -1.006172390831e+04       1.252013200577e-03       1.252013200577e-03       2.023574896508e+04       6.416290449461e+00       2.090539642377e-03      -1.051258872397e-09      -3.208145287821e+00      -2.658124770511e-03      -3.208145224730e+00      -8.440086506343e-03 
       1.675572985692e+00      -1.747456790868e-03      -9.973584051871e+03      -1.021247429340e+04      -1.574845537395e-03      -1.015579990989e+04       1.192134828503e-03       1.192134828503e-03       2.042494858681e+04       6.476282806768e+00       1.990558271178e-03      -1.000988511877e-09      -3.238141463457e+00      -2.683244168756e-03      -3.238141403384e+00      -8.519043047553e-03 
       1.727201772779e+00      -1.660355904445e-03      -1.006944262209e+04      -1.031063012515e+04      -1.496348357502e-03      -1.025341083478e+04       1.132713689465e-03       1.132713689465e-03       2.062126025030e+04       6.538528838248e+00       1.891340288230e-03      -9.511295636952e-10      -3.269264476203e+00      -2.709432083311e-03      -3.269264419124e+00      -8.600985234029e-03 
       1.782661416417e+00      -1.574186154425e-03      -1.016979330618e+04      -1.041337841264e+04      -1.418690346195e-03      -1.035558984186e+04       1.073927717737e-03       1.073927717737e-03       2.082675682527e+04       6.603687681881e+00       1.793182847748e-03      -9.017858810540e-10      -3.301843895057e+00      -2.736805993692e-03      -3.301843840941e+00      -8.686755802322e-03 
       1.842323209855e+00      -1.489005274159e-03      -1.027415728974e+04      -1.052024174181e+04      -1.341923525556e-03      -1.046186019320e+04       1.015816365792e-03       1.015816365792e-03       2.104048348362e+04       6.671455552314e+00       1.696151849151e-03      -8.530072015428e-10      -3.335727827345e+00      -2.765320429946e-03      -3.335727776157e+00      -8.775967686428e-03 
       1.906570961143e+00      -1.405124641920e-03      -1.038339494027e+04      -1.063208884599e+04      -1.266328517781e-03      -1.057308767819e+04       9.585920564802e-04       9.585920564802e-04       2.126417769197e+04       6.742384542777e+00       1.600601982596e-03      -8.049768757059e-10      -3.371192319693e+00      -2.795233314893e-03      -3.371192271388e+00      -8.869351703215e-03 
       1.975790075473e+00      -1.322755221042e-03      -1.049735760481e+04      -1.074877163761e+04      -1.192095443648e-03      -1.068912439842e+04       9.023987236197e-04       9.023987236197e-04       2.149754327522e+04       6.816380398251e+00       1.506773585522e-03      -7.577996854410e-10      -3.408190244599e+00      -2.826490882559e-03      -3.408190199126e+00      -8.966781552962e-03 
       2.050353823144e+00      -1.242105550363e-03      -1.061536750928e+04      -1.086960848722e+04      -1.119412243830e-03      -1.080929060904e+04       8.473786323176e-04       8.473786323176e-04       2.173921697444e+04       6.893009645490e+00       1.414904202975e-03      -7.115945264637e-10      -3.446504865446e+00      -2.858940378061e-03      -3.446504822745e+00      -9.067691250989e-03 
       2.130608069751e+00      -1.163610628813e-03      -1.073826102156e+04      -1.099543932674e+04      -1.048670944795e-03      -1.093442410601e+04       7.938285598858e-04       7.938285598858e-04       2.199087865347e+04       6.972806635714e+00       1.325489382963e-03      -6.665814785655e-10      -3.486403357859e+00      -2.892814672685e-03      -3.486403317857e+00      -9.172785495171e-03 
       2.216856723667e+00      -1.087472467316e-03      -1.086456863304e+04      -1.112478324413e+04      -9.800535460254e-04      -1.106304854709e+04       7.418865671422e-04       7.418865671422e-04       2.224956648825e+04       7.054831293662e+00       1.238759747252e-03      -6.230199431568e-10      -3.527415684216e+00      -2.927740292512e-03      -3.527415646831e+00      -9.280830236666e-03 
       2.309350833013e+00      -1.014242747489e-03      -1.099615621839e+04      -1.125951132876e+04      -9.140574436323e-04      -1.119703069127e+04       6.919281160855e-04       6.919281160855e-04       2.251902265752e+04       7.140269073485e+00       1.155341870811e-03      -5.810889684281e-10      -3.570134571610e+00      -2.964256753999e-03      -3.570134536742e+00      -9.393392331631e-03 
       2.408284166381e+00      -9.440375650817e-04      -1.113073545238e+04      -1.139731505883e+04      -8.507870489176e-04      -1.133406952035e+04       6.440333420346e-04       6.440333420346e-04       2.279463011765e+04       7.227657729660e+00       1.075369921453e-03      -5.409293552298e-10      -3.613828897284e+00      -3.001740105687e-03      -3.613828864830e+00      -9.508545572554e-03 
       2.513796969118e+00      -8.772014492219e-04      -1.126883407402e+04      -1.153871787787e+04      -7.905529256323e-04      -1.147468816992e+04       5.984369982592e-04       5.984369982592e-04       2.307743575574e+04       7.317329305966e+00       9.992357647801e-04      -5.026743561036e-10      -3.658664683139e+00      -3.040356032435e-03      -3.658664652983e+00      -9.626731114834e-03 
       2.625987629569e+00      -8.138886136386e-04      -1.140957837803e+04      -1.168283183820e+04      -7.334940636315e-04      -1.161800259499e+04       5.552442336202e-04       5.552442336202e-04       2.336566367640e+04       7.408719598196e+00       9.271149510519e-04      -4.665517670422e-10      -3.704359827078e+00      -3.079797394738e-03      -3.704359799098e+00      -9.747195399807e-03 
       2.744929960642e+00      -7.542147329056e-04      -1.155252186378e+04      -1.182920074112e+04      -6.797146943887e-04      -1.176355897566e+04       5.145340720826e-04       5.145340720826e-04       2.365840148223e+04       7.501540116165e+00       8.591394703298e-04      -4.323546889648e-10      -3.750770084011e+00      -3.120158688751e-03      -3.750770058082e+00      -9.869592281939e-03 
       2.870692567079e+00      -6.981564992480e-04      -1.169620167854e+04      -1.197634384237e+04      -6.291938047835e-04      -1.190988215586e+04       4.762906265323e-04       4.762906265323e-04       2.395268768474e+04       7.594850417973e+00       7.952828016672e-04      -4.000622420033e-10      -3.797425232988e+00      -3.160954699024e-03      -3.797425208986e+00      -9.992669783916e-03 
       3.003356777944e+00      -6.458590390334e-04      -1.184324407102e+04      -1.212689686308e+04      -5.820622254573e-04      -1.205960142281e+04       4.406127306846e-04       4.406127306846e-04       2.425379372616e+04       7.690325614657e+00       7.357099048345e-04      -3.701161890903e-10      -3.845162829532e+00      -3.202943633824e-03      -3.845162807329e+00      -1.011864150713e-02 
       3.143030673842e+00      -5.970312059733e-04      -1.198982855738e+04      -1.227701053857e+04      -5.380575237522e-04      -1.220887925487e+04       4.073019596325e-04       4.073019596325e-04       2.455402107715e+04       7.785520558006e+00       6.800895381831e-04      -3.419943942201e-10      -3.892760299528e+00      -3.245083406212e-03      -3.892760279003e+00      -1.024428640440e-02 
       3.289858202671e+00      -5.517428078642e-04      -1.213977211799e+04      -1.243052125378e+04      -4.972426603289e-04      -1.236154179024e+04       3.764057265098e-04       3.764057265098e-04       2.486104250756e+04       7.882872883100e+00       6.285007878162e-04      -3.160498582692e-10      -3.941436460518e+00      -3.288501080903e-03      -3.941436441550e+00      -1.037282947837e-02 
       3.444023643325e+00      -5.095712971901e-04      -1.228728227100e+04      -1.258159638880e+04      -4.592368040742e-04      -1.251177365762e+04       3.476358611800e-04       3.476358611800e-04       2.516319277760e+04       7.978675143605e+00       5.804625212393e-04      -2.919042993130e-10      -3.989337589321e+00      -3.331665902805e-03      -3.989337571803e+00      -1.049939466790e-02 
       3.605752430110e+00      -4.705561682308e-04      -1.243718538777e+04      -1.273509066939e+04      -4.240755248977e-04      -1.266441601960e+04       3.210194145589e-04       3.210194145589e-04       2.547018133878e+04       8.076016147728e+00       5.360199478072e-04      -2.694970555970e-10      -4.038008090041e+00      -3.375854300560e-03      -4.038008073864e+00      -1.062804426771e-02 
       3.775309589662e+00      -4.344181664094e-04      -1.258727503762e+04      -1.288878183104e+04      -3.915072157127e-04      -1.281725326840e+04       2.963655803012e-04       2.963655803012e-04       2.577756366208e+04       8.173478469330e+00       4.948543566017e-04      -2.488771063134e-10      -4.086739249600e+00      -3.420606296740e-03      -4.086739234665e+00      -1.075693451673e-02 
       3.952996932004e+00      -4.009250428528e-04      -1.273602181241e+04      -1.304112862248e+04      -3.613225064813e-04      -1.296874890486e+04       2.735162082584e-04       2.735162082584e-04       2.608225724496e+04       8.270086812224e+00       4.567017898353e-04      -2.297031976995e-10      -4.135043419895e+00      -3.465486049510e-03      -4.135043406112e+00      -1.088477672823e-02 
       4.139149865523e+00      -3.700362319860e-04      -1.288797406972e+04      -1.319671009177e+04      -3.334848547404e-04      -1.312346856445e+04       2.524435467380e-04       2.524435467380e-04       2.639342018354e+04       8.368751534506e+00       4.215158797395e-04      -2.120213479633e-10      -4.184375779974e+00      -3.511766158139e-03      -4.184375767253e+00      -1.101540998635e-02 
       4.334134407024e+00      -3.414528714432e-04      -1.303927883857e+04      -1.335164676940e+04      -3.077249251195e-04      -1.327754421910e+04       2.329436875884e-04       2.329436875884e-04       2.670329353879e+04       8.467005689729e+00       3.889561438536e-04      -1.957550198042e-10      -4.233502856603e+00      -3.558596516781e-03      -4.233502844864e+00      -1.114561618854e-02 
       4.538344703503e+00      -3.149645636840e-04      -1.318781432083e+04      -1.350380142527e+04      -2.838531459032e-04      -1.342884507280e+04       2.148729002724e-04       2.148729002724e-04       2.700760285055e+04       8.563486025113e+00       3.587825140326e-04      -1.805567502246e-10      -4.281743023385e+00      -3.605297916622e-03      -4.281743012556e+00      -1.127358412194e-02 
       4.752201195312e+00      -2.905208683928e-04      -1.333775526662e+04      -1.365737774527e+04      -2.618239076997e-04      -1.358156237888e+04       1.981974368954e-04       1.981974368954e-04       2.731475549054e+04       8.660880671053e+00       3.309388968353e-04      -1.668233411357e-10      -4.330440345514e+00      -3.653116440589e-03      -4.330440335527e+00      -1.140287071185e-02 
       4.976149428769e+00      -2.678487673246e-04      -1.348306672569e+04      -1.380629805066e+04      -2.413913691373e-04      -1.372963657368e+04       1.827301270571e-04       1.827301270571e-04       2.761259610132e+04       8.755303595665e+00       3.051124118041e-04      -1.536900431161e-10      -4.377651807041e+00      -3.700339993209e-03      -4.377651797832e+00      -1.152834801309e-02 
       5.210659457381e+00      -2.471071255057e-04      -1.363905962280e+04      -1.396598389856e+04      -2.226985509531e-04      -1.388844290137e+04       1.685800260897e-04       1.685800260897e-04       2.793196779712e+04       8.856576469499e+00       2.814854144194e-04      -1.417104297344e-10      -4.428288243245e+00      -3.751575066062e-03      -4.428288234749e+00      -1.166302003837e-02 
       5.456225739813e+00      -2.278773318194e-04      -1.379110525192e+04      -1.412170161923e+04      -2.053682557499e-04      -1.404329182418e+04       1.554612666563e-04       1.554612666563e-04       2.824340323846e+04       8.955324362503e+00       2.595804693569e-04      -1.307849561982e-10      -4.477662189086e+00      -3.802792694128e-03      -4.477662181251e+00      -1.179453202499e-02 
       5.713367436630e+00      -2.101077142175e-04      -1.394243002990e+04      -1.427670130729e+04      -1.893539141079e-04      -1.419742361954e+04       1.433386040611e-04       1.433386040611e-04       2.855340261458e+04       9.053613232417e+00       2.393387295799e-04      -1.204744071208e-10      -4.526806623432e+00      -3.855006491041e-03      -4.526806616208e+00      -1.192562639154e-02 
       5.982629016144e+00      -1.937053517878e-04      -1.409408542136e+04      -1.443204260846e+04      -1.745717616543e-04      -1.435189465977e+04       1.321487417658e-04       1.321487417658e-04       2.886408521691e+04       9.152120110066e+00       2.206545431051e-04      -1.110833073649e-10      -4.576060061693e+00      -3.908518249024e-03      -4.576060055033e+00      -1.205719699484e-02 
       6.264581095054e+00      -1.785796360265e-04      -1.424710041152e+04      -1.458876293499e+04      -1.609401505072e-04      -1.450773908710e+04       1.218298208351e-04       1.218298208351e-04       2.917752586998e+04       9.251502921655e+00       2.034246040326e-04      -1.024294310515e-10      -4.625751466967e+00      -3.963784705703e-03      -4.625751460828e+00      -1.219013821512e-02 
       6.559821456700e+00      -1.645826519157e-04      -1.439714803277e+04      -1.474250284510e+04      -1.483257789217e-04      -1.466061074030e+04       1.122809201230e-04       1.122809201230e-04       2.948500569020e+04       9.348989551091e+00       1.874803955064e-04      -9.442588582515e-11      -4.674494781204e+00      -4.019749934087e-03      -4.674494775545e+00      -1.232081811657e-02 
       6.868976205922e+00      -1.516919676445e-04      -1.454969167366e+04      -1.489876836118e+04      -1.367084234541e-04      -1.481599861393e+04       1.034867729837e-04       1.034867729837e-04       2.979753672236e+04       9.448082202119e+00       1.727964400961e-04      -8.704670889856e-11      -4.724041106275e+00      -4.078199261477e-03      -4.724041101060e+00      -1.245389589878e-02 
       7.192701032936e+00      -1.397663508939e-04      -1.469911452440e+04      -1.505189980764e+04      -1.259608078655e-04      -1.496826038499e+04       9.535099989442e-05       9.535099989442e-05       3.010379961528e+04       9.545181376641e+00       1.592117978160e-04      -8.024180905180e-11      -4.772590693126e+00      -4.137500413133e-03      -4.772590688321e+00      -1.258461470042e-02 
       7.531682569088e+00      -1.287721202849e-04      -1.484936276442e+04      -1.520587517923e+04      -1.160525799277e-04      -1.512136158707e+04       8.785061837351e-05       8.785061837351e-05       3.041175035847e+04       9.642815496894e+00       1.466880917597e-04      -7.394408928890e-11      -4.821407752874e+00      -4.199208125077e-03      -4.821407748447e+00      -1.271638003046e-02 
       7.886639824861e+00      -1.186744816515e-04      -1.500523366518e+04      -1.536553049113e+04      -1.069523766440e-04      -1.528012307603e+04       8.096191602068e-05       8.096191602068e-05       3.073106098226e+04       9.744060367396e+00       1.351857378758e-04      -6.815345626703e-11      -4.872030187778e+00      -4.264788951553e-03      -4.872030183698e+00      -1.285326802405e-02 
       8.258325705669e+00      -1.093346198989e-04      -1.515797003014e+04      -1.552204117479e+04      -9.853509956809e-05      -1.543574742317e+04       7.459016862901e-05       7.459016862901e-05       3.104408234958e+04       9.843304513897e+00       1.245465623622e-04      -6.280114883559e-11      -4.921652260708e+00      -4.331924439621e-03      -4.921652256948e+00      -1.298789822207e-02 
       8.647528604335e+00      -1.007289476804e-04      -1.531213695495e+04      -1.568001006467e+04      -9.077949132632e-05      -1.559282289907e+04       6.871929125359e-05       6.871929125359e-05       3.136002012934e+04       9.943474171182e+00       1.147437096724e-04      -5.787311854764e-11      -4.971737089054e+00      -4.402787966805e-03      -4.971737085591e+00      -1.312427065865e-02 
       9.055074071264e+00      -9.276568517801e-05      -1.546198366221e+04      -1.583364030865e+04      -8.360283343318e-05      -1.574557076517e+04       6.328668299898e-05       6.328668299898e-05       3.166728061729e+04       1.004088558628e+01       1.056726576370e-04      -5.330015265350e-11      -5.020442796329e+00      -4.475274898226e-03      -5.020442793139e+00      -1.325744866028e-02 
       9.481826564591e+00      -8.545071036141e-05      -1.561676694643e+04      -1.599226585296e+04      -7.701043280072e-05      -1.590329533647e+04       5.829630782121e-05       5.829630782121e-05       3.198453170591e+04       1.014146748501e+01       9.734000743998e-05      -4.916073298673e-11      -5.070733745441e+00      -4.551942011533e-03      -5.070733742503e+00      -1.339524747967e-02 
       9.928691283402e+00      -7.869366562604e-05      -1.576928052796e+04      -1.614862360647e+04      -7.092084448048e-05      -1.605875607294e+04       5.368659086411e-05       5.368659086411e-05       3.229724721293e+04       1.024060934068e+01       8.964297060620e-05      -4.528797804075e-11      -5.120304673047e+00      -4.632283285076e-03      -5.120304670341e+00      -1.353182184258e-02 
       1.039661608762e+01      -7.241797068100e-05      -1.591150018620e+04      -1.629462358896e+04      -6.526505872195e-05      -1.620388850237e+04       4.940525800588e-05       4.940525800588e-05       3.258924717791e+04       1.033316572987e+01       8.249425132967e-05      -4.168326221169e-11      -5.166582867427e+00      -4.714409179010e-03      -5.166582864937e+00      -1.366044175532e-02 
       1.088659350847e+01      -6.669179322569e-05      -1.606697548521e+04      -1.645401420017e+04      -6.010451069897e-05      -1.636236523491e+04       4.549880685742e-05       4.549880685742e-05       3.290802840034e+04       1.043423178016e+01       7.597148603875e-05      -3.840611772917e-11      -5.217115892374e+00      -4.804547191375e-03      -5.217115890081e+00      -1.380095940573e-02 
       1.139966285374e+01      -6.142184765866e-05      -1.622489616250e+04      -1.661589827887e+04      -5.535512909527e-05      -1.652332320484e+04       4.190359881023e-05       4.190359881023e-05       3.323179655774e+04       1.053688024727e+01       6.996841534550e-05      -3.539140240266e-11      -5.268440125749e+00      -4.900450119620e-03      -5.268440123637e+00      -1.394436050731e-02 
       1.193691241231e+01      -5.654724326108e-05      -1.637818759094e+04      -1.677314316875e+04      -5.096203472360e-05      -1.667965225336e+04       3.857810736873e-05       3.857810736873e-05       3.354628633750e+04       1.063657946479e+01       6.441570605561e-05      -3.260857205530e-11      -5.318289734340e+00      -5.000390113845e-03      -5.318289732395e+00      -1.408470685609e-02 
       1.249948176251e+01      -5.205369932510e-05      -1.653105829057e+04      -1.692999661787e+04      -4.691236159345e-05      -1.683558599732e+04       3.551257492054e-05       3.551257492054e-05       3.385999323573e+04       1.073602672932e+01       5.929705944193e-05      -3.002591214251e-11      -5.368013366449e+00      -5.106997614619e-03      -5.368013364659e+00      -1.422578458192e-02 
       1.308856418936e+01      -4.791363844188e-05      -1.668408214545e+04      -1.708704007972e+04      -4.318125601709e-05      -1.699170361048e+04       3.268818818077e-05       3.268818818077e-05       3.417408015943e+04       1.083559144716e+01       5.458106235659e-05      -2.765827742820e-11      -5.417795725226e+00      -5.220781740097e-03      -5.417795723578e+00      -1.436813525759e-02 
       1.370540921568e+01      -4.409072732166e-05      -1.683382858655e+04      -1.724081623570e+04      -3.973597191050e-05      -1.714455846279e+04       3.008016611854e-05       3.008016611854e-05       3.448163247140e+04       1.093307689759e+01       5.022633925889e-05      -2.547145091381e-11      -5.466538450312e+00      -5.341177360402e-03      -5.466538448796e+00      -1.450892340898e-02 
       1.435132525246e+01      -4.056218216375e-05      -1.698039084171e+04      -1.739142162719e+04      -3.655597687424e-05      -1.729424639420e+04       2.767295695822e-05       2.767295695822e-05       3.478284325438e+04       1.102854262909e+01       4.620691969741e-05      -2.345348674925e-11      -5.514271315942e+00      -5.467468098708e-03      -5.514271314547e+00      -1.464811107921e-02 
       1.502768237421e+01      -3.732553590124e-05      -1.713264556222e+04      -1.754781944459e+04      -3.363904688685e-05      -1.744970018573e+04       2.546489530133e-05       2.546489530133e-05       3.509563888918e+04       1.112768865327e+01       4.252002888056e-05      -2.160231837222e-11      -5.563844327917e+00      -5.607322341291e-03      -5.563844326633e+00      -1.479402888628e-02 
       1.573591522508e+01      -3.437415581773e-05      -1.730001490402e+04      -1.771951851622e+04      -3.097920414846e-05      -1.762039721135e+04       2.345144565630e-05       2.345144565630e-05       3.543903703245e+04       1.123655697168e+01       3.915809027515e-05      -1.991528835901e-11      -5.618278487023e+00      -5.760759639581e-03      -5.618278485841e+00      -1.495423485985e-02 
       1.647752606189e+01      -3.161338045984e-05      -1.744509611697e+04      -1.786878684601e+04      -2.849114003812e-05      -1.776872798433e+04       2.156801934516e-05       2.156801934516e-05       3.573757369203e+04       1.133116156830e+01       3.601325368051e-05      -1.833866752242e-11      -5.665580785238e+00      -5.918920829559e-03      -5.665580784150e+00      -1.509734655423e-02 
       1.725408794066e+01      -2.908581514511e-05      -1.759841110094e+04      -1.802642654133e+04      -2.621324843237e-05      -1.792539280807e+04       1.984369790376e-05       1.984369790376e-05       3.605285308265e+04       1.143108432386e+01       3.313408369919e-05      -1.689367880888e-11      -5.715542162929e+00      -6.092077383623e-03      -5.715542161928e+00      -1.524946105399e-02 
       1.806724805324e+01      -2.672682261513e-05      -1.773053463739e+04      -1.816274771329e+04      -2.408727806135e-05      -1.806079907081e+04       1.823437518742e-05       1.823437518742e-05       3.632549542658e+04       1.151745160286e+01       3.044693085931e-05      -1.554265307997e-11      -5.758725802348e+00      -6.271654621903e-03      -5.758725801429e+00      -1.538563316890e-02 
       1.891873122127e+01      -2.463141877645e-05      -1.791632083787e+04      -1.835331154673e+04      -2.219897205216e-05      -1.825025512762e+04       1.680439486377e-05       1.680439486377e-05       3.670662309346e+04       1.163809547277e+01       2.805904671432e-05      -1.434539362881e-11      -5.819047737230e+00      -6.486789267466e-03      -5.819047736383e+00      -1.557024356546e-02 
       1.981034355469e+01      -2.264121198109e-05      -1.805691951880e+04      -1.849834696651e+04      -2.040533455242e-05      -1.839432174234e+04       1.544677122845e-05       1.544677122845e-05       3.699669393302e+04       1.173001895867e+01       2.579220881866e-05      -1.320812371158e-11      -5.865009480114e+00      -6.701569166378e-03      -5.865009479336e+00      -1.571888691037e-02 
       2.074397628281e+01      -2.083461221890e-05      -1.821913344996e+04      -1.866530019586e+04      -1.877710672901e-05      -1.856021752790e+04       1.421467672510e-05       1.421467672510e-05       3.733060039173e+04       1.183600222994e+01       2.373507676783e-05      -1.217664080009e-11      -5.918001115689e+00      -6.942979608128e-03      -5.918001114972e+00      -1.588928986428e-02 
       2.172160976582e+01      -1.914583803371e-05      -1.835674888569e+04      -1.880751848401e+04      -1.725515150970e-05      -1.870144621682e+04       1.306258465307e-05       1.306258465307e-05       3.761503696802e+04       1.192609238230e+01       2.181138142862e-05      -1.121162283822e-11      -5.963046191808e+00      -7.195822050824e-03      -5.963046191149e+00      -1.604161307689e-02 
       2.274531769542e+01      -1.762106554439e-05      -1.852420725267e+04      -1.897998783832e+04      -1.588099938385e-05      -1.887280511648e+04       1.202237805631e-05       1.202237805631e-05       3.795997567664e+04       1.203539981269e+01       2.007450626657e-05      -1.034061699217e-11      -6.017699906953e+00      -7.484528882180e-03      -6.017699906347e+00      -1.622359326179e-02 
       2.381727149336e+01      -1.618343722657e-05      -1.865312863982e+04      -1.911366206617e+04      -1.458538166055e-05      -1.900548223113e+04       1.104162056383e-05       1.104162056383e-05       3.822732413234e+04       1.212004347666e+01       1.843689571246e-05      -9.519895142068e-12      -6.060021738885e+00      -7.781245191978e-03      -6.060021738328e+00      -1.637599036453e-02 
       2.493974491737e+01      -1.486476017027e-05      -1.878500262235e+04      -1.925045270405e+04      -1.339696572848e-05      -1.914124418673e+04       1.014201127330e-05       1.014201127330e-05       3.850090540811e+04       1.220665697357e+01       1.693478111443e-05      -8.766574332032e-12      -6.103328487297e+00      -8.105919274359e-03      -6.103328486786e+00      -1.653523742781e-02 
       2.611511888409e+01      -1.370235964149e-05      -1.898621392141e+04      -1.945744176671e+04      -1.234939145361e-05      -1.934693761837e+04       9.349021458869e-06       9.349021458869e-06       3.891488353341e+04       1.233787215998e+01       1.561069505428e-05      -8.104150404512e-12      -6.168936080460e+00      -8.493007190600e-03      -6.168936079989e+00      -1.676004827654e-02 
       2.734588651927e+01      -1.258179587095e-05      -1.911404916230e+04      -1.959047412904e+04      -1.133951934469e-05      -1.947890431645e+04       8.584568087567e-06       8.584568087567e-06       3.918094825808e+04       1.242207475859e+01       1.433425633892e-05      -7.464197595144e-12      -6.211037379727e+00      -8.881490009033e-03      -6.211037379294e+00      -1.692629294653e-02 
       2.863465844609e+01      -1.154930965665e-05      -1.923664316241e+04      -1.971838881627e+04      -1.040902474372e-05      -1.960574354342e+04       7.880200048029e-06       7.880200048029e-06       3.943677763254e+04       1.250301083034e+01       1.315814391009e-05      -6.874652347943e-12      -6.251505415569e+00      -9.303452446839e-03      -6.251505415171e+00      -1.709370640108e-02 
       2.998416832259e+01      -1.063322728328e-05      -1.941846785712e+04      -1.990636709340e+04      -9.583436825271e-06      -1.979240286218e+04       7.255251093776e-06       7.255251093776e-06       3.981273418680e+04       1.262210431520e+01       1.211464298120e-05      -6.352846918453e-12      -6.311052157966e+00      -9.796505671753e-03      -6.311052157600e+00      -1.731998715700e-02 
       3.139727864015e+01      -9.778654625970e-06      -1.957928575155e+04      -2.007334518460e+04      -8.813282035144e-06      -1.995810036945e+04       6.672262554636e-06       6.672262554636e-06       4.014669036920e+04       1.272783578660e+01       1.114120460046e-05      -5.865857817665e-12      -6.363917893635e+00      -1.032345364299e-02      -6.363917893298e+00      -1.753487832653e-02 
       3.287698679520e+01      -8.973536534578e-06      -1.969858249829e+04      -2.019859807932e+04      -8.087696351262e-06      -2.008218302700e+04       6.123008269749e-06       6.123008269749e-06       4.039719615863e+04       1.280703288967e+01       1.022409245166e-05      -5.406499600181e-12      -6.403516445144e+00      -1.088076580541e-02      -6.403516444835e+00      -1.772135506897e-02 
       3.442643144715e+01      -8.259355329346e-06      -1.987848130673e+04      -2.038540619251e+04      -7.444066370518e-06      -2.026755572341e+04       5.635796471504e-06       5.635796471504e-06       4.077081238502e+04       1.292532500693e+01       9.410576350362e-06      -5.000100500054e-12      -6.462662503751e+00      -1.152654285614e-02      -6.462662503466e+00      -1.797059767157e-02 
       3.604889917583e+01      -7.579777824125e-06      -2.000049257095e+04      -2.051397217711e+04      -6.831619919174e-06      -2.039485127212e+04       5.172189968684e-06       5.172189968684e-06       4.102794435421e+04       1.300659006965e+01       8.636474957560e-06      -4.613238463527e-12      -6.503295035087e+00      -1.220005279463e-02      -6.503295034825e+00      -1.817789280645e-02 
       3.774783145282e+01      -6.964921786433e-06      -2.014883089304e+04      -2.066949615169e+04      -6.277502879109e-06      -2.054895515485e+04       4.752735760422e-06       4.752735760422e-06       4.133899230337e+04       1.310495703175e+01       7.936095801054e-06      -4.263088066830e-12      -6.552478516113e+00      -1.295303395758e-02      -6.552478515873e+00      -1.841904215643e-02 
       3.952683194126e+01      -6.408467455856e-06      -2.032542172107e+04      -2.085399220271e+04      -5.776019265051e-06      -2.073186376107e+04       4.373128825468e-06       4.373128825468e-06       4.170798440542e+04       1.322170915027e+01       7.302252834663e-06      -3.946883531963e-12      -6.610854575357e+00      -1.380434473951e-02      -6.610854575136e+00      -1.869860942642e-02 
       4.138967413970e+01      -5.899467508380e-06      -2.051385641626e+04      -2.105090254708e+04      -5.317303156126e-06      -2.092707380006e+04       4.025894878776e-06       4.025894878776e-06       4.210180509417e+04       1.334631567530e+01       6.722463968511e-06      -3.658086315481e-12      -6.673157837851e+00      -1.474791823426e-02      -6.673157837648e+00      -1.900247484054e-02 
       4.334030938621e+01      -5.410760822450e-06      -2.062613506806e+04      -2.117116442271e+04      -4.876873538642e-06      -2.104585653820e+04       3.692500225165e-06       3.692500225165e-06       4.234232884542e+04       1.342219208334e+01       6.165782065663e-06      -3.379939892824e-12      -6.711096041856e+00      -1.572602174912e-02      -6.711096041669e+00      -1.925082570328e-02 
       4.538287523966e+01      -4.962192171640e-06      -2.073728366337e+04      -2.129075706566e+04      -4.472617018916e-06      -2.116389894659e+04       3.386488490618e-06       3.386488490618e-06       4.258151413133e+04       1.349761040759e+01       5.654822726501e-06      -3.124525529303e-12      -6.748805203966e+00      -1.679958441692e-02      -6.748805203795e+00      -1.951358225823e-02 
       4.752170425608e+01      -4.562631035617e-06      -2.090346741380e+04      -2.146664232351e+04      -4.112529068533e-06      -2.133793088900e+04       3.113911237621e-06       3.113911237621e-06       4.293328464702e+04       1.360874653705e+01       5.199690208103e-06      -2.897826656661e-12      -6.804373268681e+00      -1.802533051792e-02      -6.804373268524e+00      -1.984487983365e-02 
       4.976133317857e+01      -4.194865606595e-06      -2.106873035472e+04      -2.164222266009e+04      -3.781095437839e-06      -2.151156178296e+04       2.863029788959e-06       2.863029788959e-06       4.328444532019e+04       1.371965451561e+01       4.780785718454e-06      -2.689649025842e-12      -6.859827257948e+00      -1.937994547780e-02      -6.859827257803e+00      -2.019611294858e-02 
       5.210651256035e+01      -3.850690956046e-06      -2.120119537061e+04      -2.178521215484e+04      -3.470921640812e-06      -2.165263048751e+04       2.628237387561e-06       2.628237387561e-06       4.357042430968e+04       1.380980644660e+01       4.388744364916e-06      -2.494369156092e-12      -6.904903223432e+00      -2.083246558470e-02      -6.904903223299e+00      -2.053675475224e-02 
       5.456221684132e+01      -3.548285686688e-06      -2.141662878494e+04      -2.201312227229e+04      -3.198393620843e-06      -2.187815392145e+04       2.421946791831e-06       2.421946791831e-06       4.402624454457e+04       1.395384718099e+01       4.044295178448e-06      -2.324400732811e-12      -6.976923590619e+00      -2.252321736675e-02      -6.976923590496e+00      -2.098216062416e-02 
       5.713365489949e+01      -3.245853853818e-06      -2.147472991298e+04      -2.208217915849e+04      -2.925837104213e-06      -2.194536105911e+04       2.215627029861e-06       2.215627029861e-06       4.416435831699e+04       1.399693135221e+01       3.699794783666e-06      -2.151839964390e-12      -6.998465676216e+00      -2.420043744455e-02      -6.998465676103e+00      -2.129920604433e-02 
       5.982628109974e+01      -2.977349935510e-06      -2.159222629515e+04      -2.221237479350e+04      -2.683858880496e-06      -2.207331845808e+04       2.032457875321e-06       2.032457875321e-06       4.442474958700e+04       1.407878910542e+01       3.393951030515e-06      -1.999889816477e-12      -7.039394552815e+00      -2.612092337275e-02      -7.039394552712e+00      -2.170290522107e-02 
       6.264580686326e+01      -2.719347984402e-06      -2.161569790219e+04      -2.224795928953e+04      -2.451342688456e-06      -2.210693434725e+04       1.856446531767e-06       1.856446531767e-06       4.449591857905e+04       1.410049461562e+01       3.100057391419e-06      -1.852160684920e-12      -7.050247307906e+00      -2.810744590356e-02      -7.050247307812e+00      -2.204175114821e-02 
       6.559821278220e+01      -2.506748716875e-06      -2.184149851745e+04      -2.249025426573e+04      -2.259750201534e-06      -2.234618483758e+04       1.711422788690e-06       1.711422788690e-06       4.498050853146e+04       1.425339460153e+01       2.857908026994e-06      -1.733603468794e-12      -7.126697300853e+00      -3.058232353969e-02      -7.126697300766e+00      -2.262127187111e-02 
       6.868976130536e+01      -2.299458541757e-06      -2.195975496363e+04      -2.262439490291e+04      -2.072939145324e-06      -2.247757977355e+04       1.570013805818e-06       1.570013805818e-06       4.524878980582e+04       1.433753017041e+01       2.621792825304e-06      -1.616547789682e-12      -7.168765085287e+00      -3.314172072434e-02      -7.168765085207e+00      -2.312807076594e-02 
       7.192701002165e+01      -2.121678834711e-06      -2.220866435782e+04      -2.289290046692e+04      -1.912727391405e-06      -2.274250465066e+04       1.448745886039e-06       1.448745886039e-06       4.578580093384e+04       1.450688061676e+01       2.419309924225e-06      -1.518166906108e-12      -7.253440308456e+00      -3.618375580227e-02      -7.253440308382e+00      -2.381715396222e-02 
       7.531682556961e+01      -1.936990739534e-06      -2.222015321834e+04      -2.292099010651e+04      -1.746282599079e-06      -2.276793511437e+04       1.322749385336e-06       1.322749385336e-06       4.584198021303e+04       1.452349589176e+01       2.208928120901e-06      -1.412435474209e-12      -7.261747945946e+00      -3.910296444113e-02      -7.261747945879e+00      -2.429598272169e-02 
       7.886639820251e+01      -1.782262471005e-06      -2.240699500057e+04      -2.312937652325e+04      -1.606843497887e-06      -2.297254775042e+04       1.217203201673e-06       1.217203201673e-06       4.625875304649e+04       1.465445666113e+01       2.032695528873e-06      -1.326419418833e-12      -7.327228330625e+00      -4.265887510862e-02      -7.327228330563e+00      -2.501769523966e-02 
       8.258325703979e+01      -1.647267705248e-06      -2.269689490954e+04      -2.344488964705e+04      -1.485191626651e-06      -2.328344723892e+04       1.125126110203e-06       1.125126110203e-06       4.688977929411e+04       1.485327506558e+01       1.878954313743e-06      -1.253180022723e-12      -7.426637532850e+00      -4.680399042235e-02      -7.426637532792e+00      -2.591670974766e-02 
       8.647528603739e+01      -1.511163055483e-06      -2.281590067533e+04      -2.358792183633e+04      -1.362540863412e-06      -2.342243864266e+04       1.032252710706e-06       1.032252710706e-06       4.717584367266e+04       1.494224358332e+01       1.723870205559e-06      -1.176781320113e-12      -7.471121791714e+00      -5.098891830713e-02      -7.471121791661e+00      -2.668461377972e-02 
       9.055074071062e+01      -1.384140509875e-06      -2.289935962946e+04      -2.369666942987e+04      -1.248061276981e-06      -2.352701161737e+04       9.456287971211e-07       9.456287971211e-07       4.739333885973e+04       1.500977730212e+01       1.579242274996e-06      -1.105172657950e-12      -7.504888651106e+00      -5.550691064738e-02      -7.504888651058e+00      -2.747797653810e-02 
       9.481826564525e+01      -1.268792055857e-06      -2.299931757369e+04      -2.382456223613e+04      -1.144109483660e-06      -2.365027839480e+04       8.669422714288e-07       8.669422714288e-07       4.764912447225e+04       1.508906600866e+01       1.447857171942e-06      -1.040408074871e-12      -7.544533004372e+00      -6.051968964522e-02      -7.544533004328e+00      -2.836367484763e-02 
       9.928691283381e+01      -1.177908284230e-06      -2.339569373648e+04      -2.425926142275e+04      -1.062214459682e-06      -2.407814471534e+04       8.049648969714e-07       8.049648969714e-07       4.851852284550e+04       1.536278200114e+01       1.344376179022e-06      -9.939182991059e-13      -7.681391000613e+00      -6.692526498252e-02      -7.681391000572e+00      -2.971103078125e-02 
       1.039661608761e+02      -1.072311444169e-06      -2.333128413519e+04      -2.422386351441e+04      -9.670461747068e-07      -2.403825816939e+04       7.329205797341e-07       7.329205797341e-07       4.844772702882e+04       1.533811468595e+01       1.224079615791e-06      -9.324011490269e-13      -7.669057343012e+00      -7.253421194806e-02      -7.669057342975e+00      -3.056028602593e-02 
       1.088659350846e+02      -9.761896121385e-07      -2.326544457617e+04      -2.418947737149e+04      -8.804169231574e-07      -2.399899811957e+04       6.673398088097e-07       6.673398088097e-07       4.837895474298e+04       1.531391341822e+01       1.114575386830e-06      -8.762437351249e-13      -7.656956709143e+00      -7.865332265564e-02      -7.656956709109e+00      -3.149017375206e-02 
       1.139966285374e+02      -9.030123753958e-07      -2.357479508622e+04      -2.454499737954e+04      -8.144768068842e-07      -2.434660190391e+04       6.174364653619e-07       6.174364653619e-07       4.908999475908e+04       1.553668810111e+01       1.031253729002e-06      -8.386395611812e-13      -7.768344050586e+00      -8.679708487589e-02      -7.768344050555e+00      -3.304657092198e-02 
       1.193691241231e+02      -8.202559419925e-07      -2.345180718453e+04      -2.445798984086e+04      -7.398911595655e-07      -2.425410845011e+04       5.609694818271e-07       5.609694818271e-07       4.891597968172e+04       1.547867804078e+01       9.369661737625e-07      -7.892786845851e-13      -7.739339020421e+00      -9.398951244202e-02      -7.739339020392e+00      -3.410259781832e-02 
       1.249948176251e+02      -7.498652925257e-07      -2.347793065761e+04      -2.452859106994e+04      -6.764540156306e-07      -2.431759380556e+04       5.129493919666e-07       5.129493919666e-07       4.905718213987e+04       1.552033344637e+01       8.567852800253e-07      -7.492057203349e-13      -7.760166723212e+00      -1.025245390210e-01      -7.760166723185e+00      -3.549391469705e-02 
       1.308856418936e+02      -6.896926943328e-07      -2.364556164239e+04      -2.475023091686e+04      -6.222297788512e-07      -2.453033784976e+04       4.719081182123e-07       4.719081182123e-07       4.950046183371e+04       1.565736251241e+01       7.882587917116e-07      -7.169339360837e-13      -7.828681256228e+00      -1.125755272633e-01      -7.828681256204e+00      -3.724235733867e-02 
       1.370540921568e+02      -6.268086441809e-07      -2.352649035826e+04      -2.467850640942e+04      -5.655536230202e-07      -2.445131412465e+04       4.289988453481e-07       4.289988453481e-07       4.935701281884e+04       1.560825995251e+01       7.166092849410e-07      -6.790146814090e-13      -7.804129976278e+00      -1.221066879835e-01      -7.804129976256e+00      -3.867649275743e-02 
       1.435132525246e+02      -5.850426017011e-07      -2.404085332697e+04      -2.527247216397e+04      -5.279274516773e-07      -2.503166684434e+04       4.005379655206e-07       4.005379655206e-07       5.054494432793e+04       1.598029784886e+01       6.690940681218e-07      -6.622453573340e-13      -7.990148924451e+00      -1.362338596449e-01      -7.990148924430e+00      -4.135838665845e-02 
       1.502768237421e+02      -5.368188215429e-07      -2.414431359165e+04      -2.544448895507e+04      -4.844700045413e-07      -2.519259686303e+04       3.676434677044e-07       3.676434677044e-07       5.088897791014e+04       1.608468332530e+01       6.141694342734e-07      -6.358475717016e-13      -8.042341662667e+00      -1.493296032073e-01      -8.042341662648e+00      -4.354376373777e-02 
       1.573591522508e+02      -4.882690162778e-07      -2.403153173960e+04      -2.539575399233e+04      -4.407122294623e-07      -2.513389748237e+04       3.345135816313e-07       3.345135816313e-07       5.079150798466e+04       1.604899699230e+01       5.588491058970e-07      -6.062294868721e-13      -8.024498496166e+00      -1.622003619392e-01      -8.024498496149e+00      -4.551869114827e-02 
       1.647752606189e+02      -4.411552242902e-07      -2.375537553831e+04      -2.518022358613e+04      -3.982438391373e-07      -2.490925283800e+04       3.023532324207e-07       3.023532324207e-07       5.036044717227e+04       1.590747493739e+01       5.051455050570e-07      -5.750369409205e-13      -7.953737468711e+00      -1.749705842961e-01      -7.953737468695e+00      -4.734550514729e-02 
       1.725408794066e+02      -4.025960437793e-07      -2.371514099709e+04      -2.521933444868e+04      -3.634919312268e-07      -2.493583242307e+04       2.760436649479e-07       2.760436649479e-07       5.043866889736e+04       1.592656329337e+01       4.612143470890e-07      -5.522040787187e-13      -7.963281646701e+00      -1.907591770530e-01      -7.963281646686e+00      -4.984676056931e-02 
       1.806724805324e+02      -3.758733757024e-07      -2.421717976781e+04      -2.584265383368e+04      -3.394228147356e-07      -2.553893992411e+04       2.578438513867e-07       2.578438513867e-07       5.168530766735e+04       1.631421549404e+01       4.308319990895e-07      -5.437440707755e-13      -8.157107747036e+00      -2.129978839743e-01      -8.157107747022e+00      -5.382095925520e-02 
       1.891873122127e+02      -3.487169451450e-07      -2.456745152777e+04      -2.631705936301e+04      -3.149584091200e-07      -2.599296508100e+04       2.393369405789e-07       2.393369405789e-07       5.263411872601e+04       1.660688543116e+01       3.999342788777e-07      -5.328000262615e-13      -8.303442715592e+00      -2.361795501947e-01      -8.303442715579e+00      -5.782435082512e-02 
       1.981034355469e+02      -2.962902952914e-07      -2.281563884732e+04      -2.454608906525e+04      -2.676595678962e-07      -2.422832642514e+04       2.034591973176e-07       2.034591973176e-07       4.909217813051e+04       1.548187079320e+01       3.400035026612e-07      -4.777495135424e-13      -7.740935396610e+00      -2.389433213034e-01      -7.740935396599e+00      -5.685128339382e-02 
       2.074397628281e+02      -2.886255247398e-07      -2.429167408616e+04      -2.625191880347e+04      -2.607937746702e-07      -2.589487507070e+04       1.983205551968e-07       1.983205551968e-07       5.250383760695e+04       1.655007796318e+01       3.314426667260e-07      -4.939102448278e-13      -8.275038981601e+00      -2.787828190524e-01      -8.275038981590e+00      -6.443819454990e-02 
       2.172160976582e+02      -2.579538435671e-07      -2.371921798330e+04      -2.576094009868e+04      -2.331346537042e-07      -2.539202521498e+04       1.773581901527e-07       1.773581901527e-07       5.152188019736e+04       1.623187583980e+01       2.964327168792e-07      -4.678142242635e-13      -8.115937919907e+00      -2.972157431721e-01      -8.115937919898e+00      -6.693262006754e-02 
       2.274531769542e+02      -2.391147411635e-07      -2.401400874670e+04      -2.622271998043e+04      -2.161641483731e-07      -2.582671978117e+04       1.645216879433e-07       1.645216879433e-07       5.244543996086e+04       1.651338373317e+01       2.750023387933e-07      -4.607779472293e-13      -8.256691866594e+00      -3.290442455051e-01      -8.256691866585e+00      -7.227882890134e-02 
       2.381727149336e+02      -2.178684773794e-07      -2.388948321548e+04      -2.624012704208e+04      -1.970121963838e-07      -2.582180960045e+04       1.500170353801e-07       1.500170353801e-07       5.248025408416e+04       1.651411063107e+01       2.507810216642e-07      -4.463783484573e-13      -8.257055315546e+00      -3.577360516136e-01      -8.257055315537e+00      -7.678176743430e-02 
       2.493974491737e+02      -1.884101765829e-07      -2.255130581657e+04      -2.492348714261e+04      -1.704248106364e-07      -2.450425919525e+04       1.298361054163e-07       1.298361054163e-07       4.984697428523e+04       1.567527752612e+01       2.170660081735e-07      -4.104256379862e-13      -7.837638763068e+00      -3.684296864608e-01      -7.837638763061e+00      -7.741081879393e-02 
       2.611511888409e+02      -1.819028351405e-07      -2.374993458900e+04      -2.643540448936e+04      -1.645934280585e-07      -2.596415013254e+04       1.254665660655e-07       1.254665660655e-07       5.287080897873e+04       1.661388594164e+01       2.097847751163e-07      -4.228593446174e-13      -8.306942970826e+00      -4.248707129769e-01      -8.306942970819e+00      -8.744062315463e-02 
       2.734588651927e+02      -1.648880812932e-07      -2.347793557210e+04      -2.632759593781e+04      -1.492505962742e-07      -2.583076467480e+04       1.138390232741e-07       1.138390232741e-07       5.265519187562e+04       1.653335492467e+01       1.903653974797e-07      -4.087386281543e-13      -8.266677462342e+00      -4.588870658264e-01      -8.266677462335e+00      -9.267743023889e-02 
       2.863465844609e+02      -1.506729200284e-07      -2.338523201101e+04      -2.643641181623e+04      -1.364359457897e-07      -2.590773613551e+04       1.041317963826e-07       1.041317963826e-07       5.287282363247e+04       1.658782281618e+01       1.741546063177e-07      -3.986872496379e-13      -8.293911408098e+00      -4.995189166527e-01      -8.293911408092e+00      -9.912107848733e-02 
       2.998416832259e+02      -1.318512827666e-07      -2.230121790614e+04      -2.542378499674e+04      -1.194418789911e-07      -2.488580141910e+04       9.122324646362e-08       9.122324646362e-08       5.084756999348e+04       1.593877198573e+01       1.525860231795e-07      -3.724282222221e-13      -7.969385992872e+00      -5.200255671873e-01      -7.969385992867e+00      -1.015271954637e-01 
       3.139727864015e+02      -1.275179104603e-07      -2.347829170318e+04      -2.703025409925e+04      -1.155679158086e-07      -2.642183695597e+04       8.833176290185e-08       8.833176290185e-08       5.406050819851e+04       1.692883522317e+01       1.477715468515e-07      -3.851010143064e-13      -8.464417611592e+00      -5.986768477869e-01      -8.464417611587e+00      -1.151063491532e-01 
       3.287698679520e+02      -1.179470867033e-07      -2.363228913507e+04      -2.748753284643e+04      -1.069451895325e-07      -2.683063985039e+04       8.180595454729e-08       8.180595454729e-08       5.497506569286e+04       1.719737768571e+01       1.368756117114e-07      -3.807747899634e-13      -8.598688842860e+00      -6.582670349573e-01      -8.598688842855e+00      -1.247924303255e-01 
