# Transfer functions T_i(k) for adiabatic (AD) mode (normalized to initial curvature=1) at redshift z=2.2
# for k=1.03944e-05 to 328.77 h/Mpc,
# number of wavenumbers equal to 605
# d_i   stands for (delta rho_i/rho_i)(k,z) with above normalization 
# d_tot stands for (delta rho_tot/rho_tot)(k,z) with rho_Lambda NOT included in rho_tot
# (note that this differs from the transfer function output from CAMB/CMBFAST, which gives the same
#  quantities divided by -k^2 with k in Mpc^-1; use format=camb to match CAMB)
# t_i   stands for theta_i(k,z) with above normalization 
# t_tot stands for (sum_i [rho_i+p_i] theta_i)/(sum_i [rho_i+p_i]))(k,z)
#
#    1:k (h/Mpc)              2:d_g                    3:d_b                    4:d_cdm                  5:d_ur                   6:d_tot                  7:phi                    8:psi                    9:h                     10:h_prime               11:eta                   12:eta_prime             13:t_g                   14:t_b                   15:t_ur                  16:t_tot              
       1.039441571510e-05      -5.181077503916e-04      -3.886532765368e-04      -3.886532847455e-04      -5.181054621600e-04      -3.887748761299e-04       5.932777200303e-01       5.926988713178e-01       7.773065694911e-04       1.749055824480e-07       9.999986445918e-01      -6.440733102596e-11      -3.299913205620e-11      -2.995595757656e-15      -3.392145917405e-11      -4.225699683429e-14 
       1.088428943559e-05      -5.680835786301e-04      -4.261498038026e-04      -4.261498136717e-04      -5.680808276103e-04      -4.262831261315e-04       5.932776407161e-01       5.926988072856e-01       8.522996273434e-04       1.917801278612e-07       9.999985138279e-01      -7.062073393801e-11      -3.967315995970e-11      -3.601520483427e-15      -4.078202690960e-11      -5.080342598537e-14 
       1.139725019325e-05      -6.228789016267e-04      -4.672639163236e-04      -4.672639281888e-04      -6.228755942164e-04      -4.674100905604e-04       5.932775481086e-01       5.926987314386e-01       9.345278563775e-04       2.102826957268e-07       9.999983704516e-01      -7.743318981236e-11      -4.769693439763e-11      -4.329971687707e-15      -4.903007135713e-11      -6.107827367768e-14 
       1.193438604663e-05      -6.829582684017e-04      -5.123446252548e-04      -5.123446395197e-04      -6.829542920782e-04      -5.125048891436e-04       5.932774371309e-01       5.926986386767e-01       1.024689279039e-03       2.305703567661e-07       9.999982132397e-01      -8.490178301605e-11      -5.734344451047e-11      -5.205661867661e-15      -5.894617801008e-11      -7.343108763519e-14 
       1.249683633289e-05      -7.488309825140e-04      -5.617746290859e-04      -5.617746462361e-04      -7.488262019978e-04      -5.619503393483e-04       5.932773194790e-01       5.926985412018e-01       1.123549292472e-03       2.528153253482e-07       9.999980408663e-01      -9.309155597566e-11      -6.894077531395e-11      -6.258624902833e-15      -7.086766178834e-11      -8.828206690803e-14 
       1.308579408449e-05      -8.210553658010e-04      -6.159735354972e-04      -6.159735561160e-04      -8.210496184842e-04      -6.161661792175e-04       5.932771915969e-01       5.926984351804e-01       1.231947112232e-03       2.772064387454e-07       9.999978518597e-01      -1.020706544622e-10      -8.288351704014e-11      -7.524262339701e-15      -8.520004784478e-11      -1.061363896396e-13 
       1.370250855978e-05      -9.002434821468e-04      -6.754014341557e-04      -6.754014589446e-04      -9.002365725241e-04      -6.756126412510e-04       5.932770512002e-01       5.926983189082e-01       1.350802917889e-03       3.039507523716e-07       9.999976446201e-01      -1.119161501238e-10      -9.964584905610e-11      -9.046094191043e-15      -1.024308476710e-10      -1.276013803840e-13 
       1.434828789286e-05      -9.870663047756e-04      -7.405628071890e-04      -7.405628369916e-04      -9.870579977737e-04      -7.407943640616e-04       5.932768979668e-01       5.926981921218e-01       1.481125673983e-03       3.332752954965e-07       9.999974173890e-01      -1.227109222949e-10      -1.197979469912e-10      -1.087565081074e-14      -1.231461449506e-10      -1.534071266091e-13 
       1.502450186827e-05      -1.082259362498e-03      -8.120108067121e-04      -8.120108425422e-04      -1.082249375539e-03      -8.122646711920e-04       5.932767320191e-01       5.926980551666e-01       1.624021685084e-03       3.654290001720e-07       9.999971682369e-01      -1.345465117777e-10      -1.440252356461e-10      -1.307521508680e-14      -1.480505129869e-10      -1.844313531076e-13 
       1.573258482650e-05      -1.186628924276e-03      -8.903519443676e-04      -8.903519874442e-04      -1.186616917683e-03      -8.906302620626e-04       5.932765479239e-01       5.926979028376e-01       1.780703974888e-03       4.006848190932e-07       9.999968950480e-01      -1.475230641373e-10      -1.731517162588e-10      -1.571948348297e-14      -1.779909640329e-10      -2.217292068144e-13 
       1.647403870647e-05      -1.301058799595e-03      -9.762512530698e-04      -9.762513048585e-04      -1.301044364923e-03      -9.765563752610e-04       5.932763463360e-01       5.926977361086e-01       1.952502609717e-03       4.393420330774e-07       9.999965955082e-01      -1.617511727976e-10      -2.081679330033e-10      -1.889861834653e-14      -2.139857457210e-10      -2.665691750826e-13 
       1.725043623124e-05      -1.426517754614e-03      -1.070437923259e-03      -1.070437985521e-03      -1.426500400905e-03      -1.070772426473e-03       5.932761252749e-01       5.926975532619e-01       2.140875971043e-03       4.817287981831e-07       9.999962670732e-01      -1.773507889540e-10      -2.502647140512e-10      -2.272066313228e-14      -2.572589357878e-10      -3.204761449073e-13 
       1.806342424406e-05      -1.564067633371e-03      -1.173711482610e-03      -1.173711557465e-03      -1.564046770427e-03      -1.174078190023e-03       5.932758767191e-01       5.926973465457e-01       2.347423114930e-03       5.282049372276e-07       9.999959069562e-01      -1.944541789904e-10      -3.008736276988e-10      -2.731540456170e-14      -3.092820399811e-10      -3.852832446729e-13 
       1.891472720151e-05      -1.714872335640e-03      -1.286948636479e-03      -1.286948726472e-03      -1.714847254093e-03      -1.287350641336e-03       5.932756136955e-01       5.926971294368e-01       2.573897452944e-03       5.791649591384e-07       9.999955121016e-01      -2.132064049270e-10      -3.617154675066e-10      -3.283948351864e-14      -3.718240009539e-10      -4.631941284774e-13 
       1.980615083129e-05      -1.880207429985e-03      -1.411110605508e-03      -1.411110713702e-03      -1.880177276476e-03      -1.411551296694e-03       5.932753180736e-01       5.926968842601e-01       2.822221427404e-03       6.350414753413e-07       9.999950791591e-01      -2.337661029400e-10      -4.348587974979e-10      -3.948117016122e-14      -4.470112637002e-10      -5.568578033522e-13 
       2.073958596245e-05      -2.061471005542e-03      -1.547251420485e-03      -1.547251550559e-03      -2.061434755024e-03      -1.547734510503e-03       5.932750039467e-01       5.926966253087e-01       3.094503101118e-03       6.963087841440e-07       9.999946044557e-01      -2.563075810773e-10      -5.227905980097e-10      -4.746495084366e-14      -5.374000345430e-10      -6.694586235936e-13 
       2.171701253604e-05      -2.260195142783e-03      -1.696526709088e-03      -1.696526865468e-03      -2.260151562401e-03      -1.697056264585e-03       5.932746505317e-01       5.926963324756e-01       3.393053730937e-03       7.634869994626e-07       9.999940839641e-01      -2.810209384955e-10      -6.284999115751e-10      -5.706406552087e-14      -6.460630534339e-10      -8.048245789399e-13 
       2.274050380486e-05      -2.478058908335e-03      -1.860203666378e-03      -1.860203854385e-03      -2.478006515841e-03      -1.860784141519e-03       5.932742649471e-01       5.926960133296e-01       3.720407708770e-03       8.371463625330e-07       9.999935132689e-01      -3.081161300760e-10      -7.555799959044e-10      -6.860410264056e-14      -7.766939497189e-10      -9.675568873169e-13 
       2.381223073113e-05      -2.716902167550e-03      -2.039671683486e-03      -2.039671909510e-03      -2.716839182633e-03      -2.040307956341e-03       5.932738362601e-01       5.926956572772e-01       4.079343819021e-03       9.179121631103e-07       9.999928875282e-01      -3.378201681783e-10      -9.083507184706e-10      -8.247493384722e-14      -9.337326076476e-10      -1.163186622601e-12 
       2.493446659134e-05      -2.978741094175e-03      -2.236454298802e-03      -2.236454570535e-03      -2.978665374967e-03      -2.237151711119e-03       5.932733837889e-01       5.926952846639e-01       4.472909141070e-03       1.006469944045e-06       9.999922014339e-01      -3.703873976787e-10      -1.092002899104e-09      -9.915372299712e-14      -1.122515882164e-09      -1.398362300114e-12 
       2.610959179822e-05      -3.265784496782e-03      -2.452221833566e-03      -2.452222160253e-03      -3.265693468682e-03      -2.452986234024e-03       5.932728723807e-01       5.926948608031e-01       4.904444320507e-03       1.103571514021e-06       9.999914491703e-01      -4.060918648330e-10      -1.312777623565e-09      -1.192045711657e-13      -1.349458580796e-09      -1.681075184418e-12 
       2.734009894987e-05      -3.580452604330e-03      -2.688805946846e-03      -2.688806339593e-03      -3.580343174041e-03      -2.689643738320e-03       5.932723175995e-01       5.926944019024e-01       5.377612679186e-03       1.210041081653e-06       9.999906243551e-01      -4.452360105961e-10      -1.578176292499e-09      -1.433074374157e-13      -1.622271168575e-09      -2.020930720898e-12 
       2.862859811694e-05      -3.925396692550e-03      -2.948214912560e-03      -2.948215384721e-03      -3.925265141407e-03      -2.949133103535e-03       5.932717119164e-01       5.926939013233e-01       5.896430769441e-03       1.326782425992e-06       9.999897199949e-01      -4.881462077772e-10      -1.897214462771e-09      -1.722822317970e-13      -1.950221130513e-09      -2.429473975418e-12 
       2.997782237893e-05      -4.303520987016e-03      -3.232650720223e-03      -3.232651287858e-03      -4.303362844093e-03      -3.233656980767e-03       5.932710432043e-01       5.926933478825e-01       6.465302575716e-03       1.454786531334e-06       9.999887284195e-01      -5.351887667814e-10      -2.280728170058e-09      -2.071157701413e-13      -2.344447130429e-09      -2.920581387619e-12 
       3.139063362138e-05      -4.718006611034e-03      -3.544527845842e-03      -3.544528528253e-03      -4.717816502958e-03      -3.545630568499e-03       5.932703100158e-01       5.926927410667e-01       7.089057056506e-03       1.595139944625e-06       9.999876412227e-01      -5.867592007954e-10      -2.741741385138e-09      -2.489907559710e-13      -2.818336469428e-09      -3.510930499353e-12 
       3.287002860635e-05      -5.172337478657e-03      -3.886493640574e-03      -3.886494460975e-03      -5.172108945580e-03      -3.887702006528e-03       5.932695017681e-01       5.926920714227e-01       7.772988921949e-03       1.749034063730e-06       9.999864491904e-01      -6.432908071761e-10      -3.295906192385e-09      -2.993334172019e-13      -3.387978487186e-09      -4.220565293406e-12 
       3.441914532896e-05      -5.670328877956e-03      -4.261450939764e-03      -4.261451926039e-03      -5.670054158546e-03      -4.262774990677e-03       5.932686212446e-01       5.926913427500e-01       8.522903852077e-03       1.917775157218e-06       9.999851422158e-01      -7.052631652704e-10      -3.962035122977e-09      -3.598469276574e-13      -4.072709311594e-09      -5.073574285331e-12 
       3.604126967346e-05      -6.216158199835e-03      -4.672582505686e-03      -4.672583691366e-03      -6.215827963763e-03      -4.674033221603e-03       5.932676549028e-01       5.926905429023e-01       9.345167382733e-03       2.102795574639e-06       9.999837092247e-01      -7.731951732781e-10      -4.762733841419e-09      -4.325918341164e-13      -4.895766108567e-09      -6.098906281178e-12 
       3.773984238309e-05      -6.814398901975e-03      -5.123378190733e-03      -5.123379616126e-03      -6.814001936056e-03      -5.124967574484e-03       5.932665961258e-01       5.926896666384e-01       1.024675923225e-02       2.305665803257e-06       9.999821380758e-01      -8.476579699851e-10      -5.725169178478e-09      -5.200372593253e-13      -5.885073029312e-09      -7.331349176450e-12 
       3.951846635827e-05      -7.470057162292e-03      -5.617664452534e-03      -5.617666166069e-03      -7.469579993780e-03      -5.619405621004e-03       5.932654317187e-01       5.926887022189e-01       1.123533233214e-02       2.528107860551e-06       9.999804154578e-01      -9.292774142163e-10      -6.881987553338e-09      -6.251450639510e-13      -7.074184975469e-09      -8.812706000312e-12 
       4.138091429893e-05      -8.188612173000e-03      -6.159636993717e-03      -6.159639053673e-03      -8.188038598988e-03      -6.161544276587e-03       5.932641604247e-01       5.926876503146e-01       1.231927810735e-02       2.772009796437e-06       9.999785267778e-01      -1.018742092076e-09      -8.272409806714e-09      -7.515088456808e-13      -8.503421179331e-09      -1.059320725902e-11 
       4.333113670686e-05      -8.976059327367e-03      -6.753896104503e-03      -6.753898580846e-03      -8.975369893667e-03      -6.755985150429e-03       5.932627645685e-01       5.926864948223e-01       1.350779716169e-02       3.039441885063e-06       9.999764560434e-01      -1.116797050267e-09      -9.943573017493e-09      -9.033916935617e-13      -1.022122593900e-08      -1.273320652755e-11 
       4.537327026525e-05      -9.838957953060e-03      -7.405485924310e-03      -7.405488901243e-03      -9.838129259228e-03      -7.407773815601e-03       5.932612339719e-01       5.926852277925e-01       1.481097780249e-02       3.332674043080e-06       9.999741857233e-01      -1.224265986917e-09      -1.195209664378e-08      -1.085966125686e-12      -1.228580268823e-08      -1.530521367068e-11 
       4.751164661317e-05      -1.078448256641e-02      -8.119937153550e-03      -8.119940732193e-03      -1.078348651298e-02      -8.122442528950e-03       5.932595565366e-01       5.926838392122e-01       1.623988146439e-02       3.654195146291e-06       9.999716965982e-01      -1.342048824088e-09      -1.436601402276e-08      -1.305418392739e-12      -1.476707532449e-08      -1.839634468310e-11 
       4.975080153356e-05      -1.182047870207e-02      -8.903313948315e-03      -8.903318250212e-03      -1.181928152685e-02      -8.906057134794e-03       5.932577158890e-01       5.926823150888e-01       1.780663650042e-02       4.006734166630e-06       9.999689676163e-01      -1.471125948041e-09      -1.726705150610e-08      -1.569180976063e-12      -1.774904227737e-08      -2.211125003010e-11 
       5.209548457420e-05      -1.295552352510e-02      -9.762265473256e-03      -9.762270644448e-03      -1.295408466937e-02      -9.765268626722e-03       5.932556987300e-01       5.926806447740e-01       1.952454128890e-02       4.393283256324e-06       9.999659756787e-01      -1.612577543758e-09      -2.075337674844e-08      -1.886189559896e-12      -2.133260156970e-08      -2.657563509963e-11 
       5.455066912219e-05      -1.419899118744e-02      -1.070408218498e-02      -1.070408840115e-02      -1.419726189083e-02      -1.070736944032e-02       5.932534858406e-01       5.926788121230e-01       2.140817680231e-02       4.817123213942e-06       9.999626954906e-01      -1.767573995531e-09      -2.494288640545e-08      -2.267225120157e-12      -2.563894041174e-08      -3.194048224763e-11 
       5.712156295313e-05      -1.556112378222e-02      -1.173675785781e-02      -1.173676533009e-02      -1.555904546690e-02      -1.174035548776e-02       5.932510627343e-01       5.926768057853e-01       2.347353066018e-02       5.281851197844e-06       9.999590993317e-01      -1.937410860955e-09      -2.997718429087e-08      -2.725214632792e-12      -3.081360136681e-08      -3.838712366692e-11 
       5.981361927751e-05      -1.705310738584e-02      -1.286905714205e-02      -1.286906612403e-02      -1.705060972876e-02      -1.287299372497e-02       5.932484052008e-01       5.926746048752e-01       2.573813224805e-02       5.791411400350e-06       9.999551567977e-01      -2.123492067755e-09      -3.602633327505e-08      -3.275606629420e-12      -3.703135805353e-08      -4.613331301223e-11 
       6.263254830773e-05      -1.868715476904e-02      -1.411059014112e-02      -1.411060093761e-02      -1.868415327053e-02      -1.411489673769e-02       5.932454918924e-01       5.926721919388e-01       2.822120187521e-02       6.350128348494e-06       9.999508346125e-01      -2.327357020189e-09      -4.329450549709e-08      -3.937070992887e-12      -4.450206349971e-08      -5.544051074752e-11 
       6.558432937020e-05      -2.047659359551e-02      -1.547189378503e-02      -1.547190676228e-02      -2.047298678609e-02      -1.547660412239e-02       5.932422972077e-01       5.926695454911e-01       3.094381352456e-02       6.962743664702e-06       9.999460962780e-01      -2.550689835316e-09      -5.202684384047e-08      -4.731970490949e-12      -5.347765785874e-08      -6.662262353509e-11 
       6.867522358831e-05      -2.243596153858e-02      -1.696452130757e-02      -1.696453690563e-02      -2.243162757426e-02      -1.696967197038e-02       5.932387957350e-01       5.926666446468e-01       3.392907381125e-02       7.634456200259e-06       9.999409018154e-01      -2.795326210815e-09      -6.251761852231e-08      -5.687174102630e-12      -6.426056890348e-08      -8.005646866935e-11 
       7.191178716309e-05      -2.458110782116e-02      -1.860114017350e-02      -1.860115892122e-02      -2.457590037130e-02      -1.860677080034e-02       5.932349594268e-01       5.926634663433e-01       3.720231784244e-02       8.370966144360e-06       9.999352074281e-01      -3.063267868002e-09      -7.512001639438e-08      -6.834941896873e-12      -7.721377414867e-08      -9.619430873189e-11 
       7.530088527984e-05      -2.692930149411e-02      -2.039563939187e-02      -2.039566192511e-02      -2.692304477540e-02      -2.040179287488e-02       5.932307545315e-01       5.926599824296e-01       4.079132385023e-02       9.178523411510e-06       9.999289651295e-01      -3.356710682748e-09      -9.025783145980e-08      -8.214257474153e-12      -9.277285079340e-08      -1.155788815168e-10 
       7.884970667002e-05      -2.949934635918e-02      -2.236324723754e-02      -2.236327431973e-02      -2.949182945719e-02      -2.236996992116e-02       5.932261413963e-01       5.926561590158e-01       4.472654863946e-02       1.006398064359e-05       9.999221223572e-01      -3.678046631630e-09      -1.084396270909e-07      -9.871578563196e-12      -1.114604009336e-07      -1.388613829128e-10 
       8.256577885962e-05      -3.231170376134e-02      -2.452066072935e-02      -2.452069327748e-02      -3.230267354734e-02      -2.452800260684e-02       5.932210845469e-01       5.926519669849e-01       4.904138655497e-02       1.103485103714e-05       9.999146215216e-01      -4.029876808902e-09      -1.302754781958e-07      -1.186255411438e-11      -1.339033163738e-07      -1.668229652394e-10 
       8.645698413597e-05      -3.538862112116e-02      -2.688618701329e-02      -2.688622612914e-02      -3.537777375388e-02      -2.689420191500e-02       5.932155462676e-01       5.926473758075e-01       5.377245225828e-02       1.209937210561e-05       9.999063995790e-01      -4.415037182013e-09      -1.564969766621e-07      -1.425443561299e-11      -1.608534240295e-07      -2.004004902169e-10 
       9.053157626715e-05      -3.875426608388e-02      -2.947989795632e-02      -2.947994496350e-02      -3.874123695932e-02      -2.948864372310e-02       5.932094739903e-01       5.926423406307e-01       5.895988992699e-02       1.326657583859e-05       9.998973874704e-01      -4.836629640744e-09      -1.879813602566e-07      -1.712780237268e-11      -1.932121637500e-07      -2.407172896284e-10 
       9.479819800938e-05      -4.243486830952e-02      -3.232380109477e-02      -3.232385758268e-02      -4.241922008462e-02      -3.233333972903e-02       5.932028200838e-01       5.926368221302e-01       6.464771516536e-02       1.454636464624e-05       9.998875095713e-01      -5.298018766889e-09      -2.257802782240e-07      -2.057901917767e-11      -2.320600817608e-07      -2.891199381714e-10 
       9.926589943941e-05      -4.645886443322e-02      -3.544202543986e-02      -3.544209331761e-02      -4.644007246467e-02      -3.545242322568e-02       5.931955268145e-01       5.926307718608e-01       7.088418663523e-02       1.594959565002e-05       9.998766831063e-01      -5.802870682771e-09      -2.711538513641e-07      -2.472435949843e-11      -2.786920349184e-07      -3.472221292722e-10 
       1.039441571510e-04      -5.085704777894e-02      -3.886102628201e-02      -3.886110784250e-02      -5.083448282917e-02      -3.887235386100e-02       5.931875342626e-01       5.926241398547e-01       7.772221568500e-02       1.748817234242e-05       9.998648174732e-01      -6.355160331191e-09      -3.256118053360e-07      -2.970288534149e-11      -3.346592071706e-07      -4.169570771983e-10 
       1.088428943559e-04      -5.566271918286e-02      -4.260980905745e-02      -4.260990705314e-02      -5.563562706494e-02      -4.262214144470e-02       5.931787760230e-01       5.926168705036e-01       8.521981410628e-02       1.917514546959e-05       9.998518134230e-01      -6.959220534114e-09      -3.909622369743e-07      -3.568123960034e-11      -4.018191939610e-07      -5.006400007227e-10 
       1.139725019325e-04      -6.091183881144e-02      -4.672017500550e-02      -4.672029274085e-02      -6.087931557196e-02      -4.673359152969e-02       5.931691796244e-01       5.926089031029e-01       9.344058548171e-02       2.102482344337e-05       9.998375624542e-01      -7.619749113449e-09      -4.693696811800e-07      -4.285908816149e-11      -4.823956791876e-07      -6.010424994584e-10 
       1.193438604663e-04      -6.664317432874e-02      -5.122699025587e-02      -5.122713169731e-02      -6.660413689934e-02      -5.124157439877e-02       5.931586645304e-01       5.926001700258e-01       1.024542633946e-01       2.305289346481e-05       9.998219458039e-01      -8.341812344006e-09      -5.634241395003e-07      -5.147663575241e-11      -5.790494479415e-07      -7.214811708744e-10 
       1.249683633289e-04      -7.289844406164e-02      -5.616848120386e-02      -5.616865111415e-02      -7.285159471229e-02      -5.618432031510e-02       5.931471451907e-01       5.925905996506e-01       1.123373022283e-01       2.527655399863e-05       9.998048335480e-01      -9.130918685968e-09      -6.762235356067e-07      -6.182125997753e-11      -6.949628326575e-07      -8.659229068878e-10 
       1.308579408449e-04      -7.972244656479e-02      -6.158655750276e-02      -6.158676159416e-02      -7.966623212704e-02      -6.160374234670e-02       5.931345253247e-01       5.925801107181e-01       1.231735231883e-01       2.771466046087e-05       9.997860836277e-01      -9.993027309969e-09      -8.114716310660e-07      -7.423644115132e-11      -8.339399855105e-07      -1.039110093913e-09 
       1.370250855978e-04      -8.716317864428e-02      -6.752716690565e-02      -6.752741203350e-02      -8.709573971971e-02      -6.754579101600e-02       5.931207014758e-01       5.925686161877e-01       1.350548240670e-01       3.038788431679e-05       9.997655407132e-01      -1.093454186602e-08      -9.735934018628e-07      -8.913461455655e-11      -1.000525828173e-06      -1.246708901252e-09 
       1.434828789286e-04      -9.527192632512e-02      -7.404068353900e-02      -7.404097792624e-02      -9.519103847037e-02      -7.406084231711e-02       5.931055599748e-01       5.925560201162e-01       1.480819558525e-01       3.331888785003e-05       9.997430350470e-01      -1.196237436076e-08      -1.167872698267e-06      -1.070097797777e-10      -1.200146933482e-06      -1.495485265438e-09 
       1.502450186827e-04      -1.041033268303e-01      -8.118233379796e-02      -8.118268730532e-02      -1.040063305037e-01      -8.120412330351e-02       5.930889773364e-01       5.925422180604e-01       1.623653746106e-01       3.653251540705e-05       9.997183809858e-01      -1.308398389901e-08      -1.400615078866e-06      -1.284507300213e-10      -1.439278124887e-06      -1.793512765342e-09 
       1.573258482650e-04      -1.137153901832e-01      -8.901266274177e-02      -8.901308719400e-02      -1.135991062634e-01      -8.903617810723e-02       5.930708180217e-01       5.925270952029e-01       1.780261743880e-01       4.005600320921e-05       9.996913759502e-01      -1.430732611744e-08      -1.679338538135e-06      -1.541651697058e-10      -1.725639186655e-06      -2.150418244237e-09 
       1.647403870647e-04      -1.241694657124e-01      -9.759804552360e-02      -9.759855509502e-02      -1.240300970396e-01      -9.762337890145e-02       5.930509347139e-01       5.925105264135e-01       1.951971101900e-01       4.391920896342e-05       9.996617986423e-01      -1.564094258234e-08      -2.013000747653e-06      -1.849963269572e-10      -2.068426607075e-06      -2.577671240367e-09 
       1.725043623124e-04      -1.355301425902e-01      -1.070112475411e-01      -1.070118592149e-01      -1.353631571293e-01      -1.070384854866e-01       5.930291667335e-01       5.924923748739e-01       2.140237184298e-01       4.815486360519e-05       9.996294074257e-01      -1.709396226802e-08      -2.412264495101e-06      -2.219523164439e-10      -2.478586065716e-06      -3.088924528623e-09 
       1.806342424406e-04      -1.478650677281e-01      -1.173320382136e-01      -1.173327723385e-01      -1.476650586979e-01      -1.173612583930e-01       5.930053386724e-01       5.924724908360e-01       2.346655446771e-01       5.279884708806e-05       9.995939387626e-01      -1.867607207464e-08      -2.889809063252e-06      -2.662389865053e-10      -2.969132036716e-06      -3.700413323173e-09 
       1.891472720151e-04      -1.612446540819e-01      -1.286478636339e-01      -1.286487445694e-01      -1.610051791052e-01      -1.286791306933e-01       5.929792599464e-01       5.924507110274e-01       2.572974891388e-01       5.789049034501e-05       9.995551051666e-01      -2.039756890385e-08      -3.460697105435e-06      -3.192891946076e-10      -3.555521623575e-06      -4.431422768759e-09 
       1.980615083129e-04      -1.757416749610e-01      -1.410545832395e-01      -1.410556401705e-01      -1.754550563253e-01      -1.410879437290e-01       5.929507231029e-01       5.924268573941e-01       2.821112803410e-01       6.347290620514e-05       9.995125933828e-01      -2.226932759920e-08      -4.142796277000e-06      -3.828236658498e-10      -4.256090512963e-06      -5.304832694892e-09 
       2.073958596245e-04      -1.914306766157e-01      -1.546572768290e-01      -1.546585446523e-01      -1.910877852395e-01      -1.546927528703e-01       5.929195021369e-01       5.924007348662e-01       3.093170893047e-01       6.959335183443e-05       9.994660620434e-01      -2.430275150358e-08      -4.957281220398e-06      -4.588771516446e-10      -5.092559572507e-06      -6.347752572719e-09 
       2.171701253604e-04      -2.083872398420e-01      -1.695711287421e-01      -1.695726492067e-01      -2.079772232901e-01      -1.696087103651e-01       5.928853518344e-01       5.923721312107e-01       3.391452984134e-01       7.630362547026e-05       9.994151395298e-01      -2.650977574780e-08      -5.929200725571e-06      -5.498806881539e-10      -6.090621307702e-06      -7.592254375289e-09 
       2.274050380486e-04      -2.266869945640e-01      -1.859223960358e-01      -1.859242190466e-01      -2.261969692021e-01      -1.859620318037e-01       5.928480059300e-01       5.923408149201e-01       3.718484380931e-01       8.366050108817e-05       9.993594216398e-01      -2.890283240773e-08      -7.088142170284e-06      -6.587236276980e-10      -7.280615668793e-06      -9.076220019169e-09 
       2.381223073113e-04      -2.464043863488e-01      -2.038494687946e-01      -2.038516539825e-01      -2.458190751590e-01      -2.038910544781e-01       5.928071754333e-01       5.923065335150e-01       4.077033079651e-01       9.172620417230e-05       9.992984686547e-01      -3.149470257035e-08      -8.468989150159e-06      -7.888382503869e-10      -8.698304821589e-06      -1.084431195009e-08 
       2.493446659134e-04      -2.676111278460e-01      -2.235040314428e-01      -2.235066499845e-01      -2.669124471919e-01      -2.235473963390e-01       5.927625475600e-01       5.922690122837e-01       4.470132999690e-01       1.005689327309e-04       9.992318035121e-01      -3.429846067527e-08      -1.011278958963e-05      -9.442882654857e-10      -1.038575633911e-05      -1.294908162725e-08 
       2.610959179822e-04      -2.903743330174e-01      -2.450523337135e-01      -2.450554706204e-01      -2.895408877432e-01      -2.450972243791e-01       5.927137833376e-01       5.922279519600e-01       4.901109412409e-01       1.102634273637e-04       9.991589075931e-01      -3.732730137771e-08      -1.206772629749e-05      -1.129921062259e-09      -1.239234259529e-05      -1.545222331410e-08 
       2.734009894987e-04      -3.147541717124e-01      -2.686765828130e-01      -2.686803393810e-01      -3.137607263714e-01      -2.687226434126e-01       5.926605165905e-01       5.921830269626e-01       5.373606787620e-01       1.208915955660e-04       9.990792190486e-01      -4.059442383117e-08      -1.439023904101e-05      -1.351420952383e-09      -1.477586333823e-05      -1.842598751343e-08 
       2.862859811694e-04      -3.408011671957e-01      -2.945764669026e-01      -2.945809638317e-01      -3.396179892100e-01      -2.946232161027e-01       5.926023524764e-01       5.921338840692e-01       5.891619276635e-01       1.325431945852e-04       9.989921295187e-01      -4.411275169604e-08      -1.714623301533e-05      -1.615536696582e-09      -1.760379397194e-05      -2.195475005758e-08 
       2.997782237893e-04      -3.685529208407e-01      -3.229708220187e-01      -3.229762030068e-01      -3.671450537561e-01      -3.230176256116e-01       5.925388647043e-01       5.920801389446e-01       6.459524060135e-01       1.453165790246e-04       9.988969806600e-01      -4.789467884908e-08      -2.041244011003e-05      -1.930218371541e-09      -2.095465800095e-05      -2.613674360004e-08 
       3.139063362138e-04      -3.980302832199e-01      -3.540994570415e-01      -3.541058929025e-01      -3.963567441966e-01      -3.541454956715e-01       5.924695946295e-01       5.920213746647e-01       7.082117858050e-01       1.593195179710e-04       9.987930602040e-01      -5.195169187008e-08      -2.427789189661e-05      -2.304800892079e-09      -2.491951488511e-05      -3.108593819478e-08 
       3.287002860635e-04      -4.292330290652e-01      -3.882251503280e-01      -3.882328442427e-01      -4.272458214515e-01      -3.882693821618e-01       5.923940506812e-01       5.919571406290e-01       7.764656884853e-01       1.746700900140e-04       9.986796017523e-01      -5.629407389685e-08      -2.884546521789e-05      -2.750322837766e-09      -2.960354584606e-05      -3.693404702409e-08 
       3.441914532896e-04      -4.621346749608e-01      -4.256358326798e-01      -4.256450254869e-01      -4.597778567053e-01      -4.256769492151e-01       5.923117043112e-01       5.918869472308e-01       8.512900509738e-01       1.914976606495e-04       9.985557769430e-01      -6.093030161221e-08      -3.423356957005e-05      -3.279595521702e-09      -3.512770399457e-05      -4.383263071256e-08 
       3.604126967346e-04      -4.966769713751e-01      -4.666469765827e-01      -4.666579537922e-01      -4.938854713113e-01      -4.666833523912e-01       5.922219910241e-01       5.918102662065e-01       9.333159075844e-01       2.099439522572e-04       9.984206959970e-01      -6.586656155581e-08      -4.057776830400e-05      -3.907659583244e-09      -4.163038364171e-05      -5.195522339501e-08 
       3.773984238309e-04      -5.327635468000e-01      -5.116042083007e-01      -5.116173076139e-01      -5.294619869744e-01      -5.116338427777e-01       5.921243086190e-01       5.917265273962e-01       1.023234615228e+00       2.301642134942e-04       9.982734040293e-01      -7.110608316130e-08      -4.803243254704e-05      -4.651979030142e-09      -4.926903604097e-05      -6.149941429851e-08 
       3.951846635827e-04      -5.702532817297e-01      -5.608861616251e-01      -5.609017825848e-01      -5.663545634047e-01      -5.609066135369e-01       5.920180151896e-01       5.916351154126e-01       1.121803565170e+00       2.523284968830e-04       9.981128760576e-01      -7.664838017401e-08      -5.677218727154e-05      -5.532974027100e-09      -5.822163458850e-05      -7.268875169612e-08 
       4.138091429893e-04      -6.089528422420e-01      -6.149076013774e-01      -6.149262148254e-01      -6.043569596507e-01      -6.149159133879e-01       5.919024297418e-01       5.915353682195e-01       1.229852429651e+00       2.766230561342e-04       9.979380164363e-01      -8.248844172902e-08      -6.699322726490e-05      -6.574042340849e-09      -6.868786047089e-05      -8.577432709187e-08 
       4.333113670686e-04      -6.486096411122e-01      -6.741228326147e-01      -6.741449933726e-01      -6.432021486136e-01      -6.741154485781e-01       5.917768316978e-01       5.914265749175e-01       1.348289986745e+00       3.032518723571e-04       9.977476561222e-01      -8.861577977772e-08      -7.891403601084e-05      -7.802322279297e-09      -8.088983756117e-05      -1.010358033117e-07 
       4.537327026525e-04      -6.889042794778e-01      -7.390294281265e-01      -7.390557876121e-01      -6.825551165964e-01      -7.390020998635e-01       5.916404605425e-01       5.913079729060e-01       1.478111575224e+00       3.324383213034e-04       9.975405498141e-01      -9.501346324644e-08      -9.277565688284e-05      -9.248721096267e-09      -9.507220341622e-05      -1.187816559673e-07 
       4.751164661317e-04      -7.294442513404e-01      -8.101722969672e-01      -8.102036196929e-01      -7.220063031150e-01      -8.101199844732e-01       5.914925166767e-01       5.911787463661e-01       1.620407239386e+00       3.644269948484e-04       9.973153749193e-01      -1.016570247947e-07      -1.088408976350e-04      -1.094877706202e-08      -1.115012552841e-04      -1.393482830609e-07 
       4.975080153356e-04      -7.697579673681e-01      -8.881481314897e-01      -8.881853108308e-01      -7.610663016490e-01      -8.880648929977e-01       5.913321624285e-01       5.910380243184e-01       1.776370621662e+00       3.994856899031e-04       9.970707302613e-01      -1.085133980822e-07      -1.273925938560e-04      -1.294237604925e-08      -1.304628610072e-04      -1.630976058293e-07 
       5.209548457420e-04      -8.092916528178e-01      -9.736102589547e-01      -9.736543373498e-01      -7.991626178589e-01      -9.734891372060e-01       5.911585247308e-01       5.908848805037e-01       1.947308674700e+00       4.379075807935e-04       9.968051371740e-01      -1.155398397806e-07      -1.487300716269e-04      -1.527476468085e-08      -1.522587832540e-04      -1.904127284808e-07 
       5.455066912219e-04      -8.474082446170e-01      -1.067273936631e+00      -1.067326125575e+00      -8.356394959998e-01      -1.067106839318e+00       5.909706953032e-01       5.907183303744e-01       2.134652251149e+00       4.800135891537e-04       9.965170365077e-01      -1.226829402419e-07      -1.731639817612e-04      -1.799616021153e-08      -1.772010347715e-04      -2.216911643394e-07 
       5.712156295313e-04      -8.833913933223e-01      -1.169922130336e+00      -1.169983835522e+00      -8.697620106457e-01      -1.169699713247e+00       5.907677354025e-01       5.905373328257e-01       2.339967671044e+00       5.261549729777e-04       9.962047924213e-01      -1.298778165957e-07      -2.010085922634e-04      -2.116268468344e-08      -2.056038853180e-04      -2.573351869402e-07 
       5.981361927751e-04      -9.164538156852e-01      -1.282411821048e+00      -1.282484665822e+00      -9.007258526478e-01      -1.282123372261e+00       5.905486786400e-01       5.903407900211e-01       2.564969331643e+00       5.767161520439e-04       9.958666939754e-01      -1.370475498500e-07      -2.325717586337e-04      -2.483555668815e-08      -2.377731786082e-04      -2.977388118271e-07 
       6.263254830773e-04      -9.457531521929e-01      -1.405680876985e+00      -1.405766727716e+00      -9.276743922668e-01      -1.405314211583e+00       5.903125336449e-01       5.901275475356e-01       2.811533455433e+00       6.321177884742e-04       9.955009548418e-01      -1.441030445201e-07      -2.681419087738e-04      -2.908080970034e-08      -2.739927320087e-04      -3.432711584308e-07 
       6.558432937020e-04      -9.704174993640e-01      -1.540755546610e+00      -1.540856543724e+00      -9.497246654242e-01      -1.540296923272e+00       5.900582892094e-01       5.898963975249e-01       3.081713087449e+00       6.928201519457e-04       9.951057187449e-01      -1.509434845532e-07      -3.079719436263e-04      -3.396994175440e-08      -3.145078021577e-04      -3.942561737894e-07 
       6.867522358831e-04      -9.895787875337e-01      -1.688758633843e+00      -1.688877215148e+00      -9.660038985608e-01      -1.688192689837e+00       5.897849171653e-01       5.896460806830e-01       3.377754430296e+00       7.593267874958e-04       9.946790608102e-01      -1.574574650548e-07      -3.522610943324e-04      -3.957686815450e-08      -3.595059363183e-04      -4.509489249745e-07 
       7.191178716309e-04      -1.002420668696e+00      -1.850918394190e+00      -1.851057324791e+00      -9.756978750052e-01      -1.850228122714e+00       5.894913762885e-01       5.893752905219e-01       3.702114649582e+00       8.321885183120e-04       9.942189915829e-01      -1.635251626864e-07      -4.011342574939e-04      -4.597863379018e-08      -4.090960410312e-04      -5.135097033337e-07 
       7.530088527984e-04      -1.008237020167e+00      -2.028578230561e+00      -2.028740630346e+00      -9.781118514298e-01      -2.027745002810e+00       5.891766138698e-01       5.890826771866e-01       4.057481260692e+00       9.120078095462e-04       9.937234586172e-01      -1.690216078801e-07      -4.546214765717e-04      -5.325269595661e-08      -4.632872089401e-04      -5.819775743285e-07 
       7.884970667002e-04      -1.006503330653e+00      -2.223207255169e+00      -2.223396624196e+00      -9.727436814383e-01      -2.222210898431e+00       5.888395672976e-01       5.887668536393e-01       4.446793248393e+00       9.994435274065e-04       9.931903493134e-01      -1.738213159096e-07      -5.126391497319e-04      -6.147525623740e-08      -5.219697716865e-04      -6.562465093666e-07 
       8.256577885962e-04      -9.969571735042e-01      -2.436411792136e+00      -2.436632022648e+00      -9.593672042506e-01      -2.435230722531e+00       5.884791616208e-01       5.884264007608e-01       4.873264045296e+00       1.095216123932e-03       9.926174895318e-01      -1.778043474334e-07      -5.749770620063e-04      -7.071611081180e-08      -5.849021804753e-04      -7.360482640842e-07 
       8.645698413597e-04      -9.796882499915e-01      -2.669947878050e+00      -2.670203274734e+00      -9.381217212258e-01      -2.668559312820e+00       5.880943054030e-01       5.880598739016e-01       5.340406549467e+00       1.200113287537e-03       9.920026418162e-01      -1.808639799954e-07      -6.412949556899e-04      -8.103836622916e-08      -6.517085874963e-04      -8.209485573913e-07 
       9.053157626715e-04      -9.552256227605e-01      -2.925734878436e+00      -2.926030165328e+00      -9.096004309004e-01      -2.924115106606e+00       5.876838816795e-01       5.876658084055e-01       5.852060330656e+00       1.314996093879e-03       9.913434989379e-01      -1.829157163152e-07      -7.111358324883e-04      -9.249321512877e-08      -7.218932580587e-04      -9.103634719795e-07 
       9.479819800938e-04      -9.246152761514e-01      -3.205870295519e+00      -3.206210611428e+00      -8.749271562223e-01      -3.203994997500e+00       5.872467350632e-01       5.872427250722e-01       6.412421222855e+00       1.440805700343e-03       9.906376747342e-01      -1.839073911143e-07      -7.839621600527e-04      -1.051160442583e-07      -7.948789123188e-04      -1.003605263421e-06 
       9.926589943941e-04      -8.894742072505e-01      -3.512645837944e+00      -3.513036731592e+00      -8.358067918500e-01      -3.510490439217e+00       5.867816508989e-01       5.867891312129e-01       7.026073463183e+00       1.578570615425e-03       9.898826850898e-01      -1.838298135086e-07      -8.592224953366e-04      -1.189244548555e-07      -8.700763173473e-04      -1.099966975635e-06 
       1.039441571510e-03      -8.519996825055e-01      -3.848564938861e+00      -3.849012344171e+00      -7.945311526616e-01      -3.846104937876e+00       5.862873359998e-01       5.863035263132e-01       7.698024688341e+00       1.729414614974e-03       9.890759368585e-01      -1.827268258474e-07      -9.364549961753e-04      -1.339135048076e-07      -9.469914034370e-04      -1.198853126265e-06 
       1.088428943559e-03      -8.149187986002e-01      -4.216361687526e+00      -4.216871907921e+00      -7.539193130434e-01      -4.213572922491e+00       5.857623836028e-01       5.857843931835e-01       8.433743815842e+00       1.894565296174e-03       9.882146922323e-01      -1.807036679004e-07      -1.015431106278e-03      -1.500580146844e-07      -1.025372856745e-03      -1.299961950243e-06 
       1.139725019325e-03      -7.813496006946e-01      -4.619021454350e+00      -4.619601132250e+00      -7.171713056036e-01      -4.615880204896e+00       5.852052436683e-01       5.852301939096e-01       9.239202264500e+00       2.075363372973e-03       9.872960460736e-01      -1.779315837181e-07      -1.096336854680e-03      -1.673114050220e-07      -1.105397077065e-03      -1.403514060646e-06 
       1.193438604663e-03      -7.545638845446e-01      -5.059803122543e+00      -5.060459237618e+00      -6.876181522555e-01      -5.056285987037e+00       5.846141789422e-01       5.846393474755e-01       1.012091847524e+01       2.273272681960e-03       9.863168782897e-01      -1.746469556407e-07      -1.179979904810e-03      -1.856159357873e-07      -1.187877371102e-03      -1.510514362463e-06 
       1.249683633289e-03      -7.376340653716e-01      -5.542263367022e+00      -5.543003219526e+00      -6.683615113771e-01      -5.538346770074e+00       5.839872411709e-01       5.840102198796e-01       1.108600643905e+01       2.489891065559e-03       9.852738407305e-01      -1.711423516494e-07      -1.267996612144e-03      -2.049039035364e-07      -1.274470646994e-03      -1.623011274832e-06 
       1.308579408449e-03      -7.329853022001e-01      -6.070282694658e+00      -6.071113956606e+00      -6.618149429443e-01      -6.065942002472e+00       5.833222325645e-01       5.833410867274e-01       1.214222791321e+01       2.726962022958e-03       9.841633107740e-01      -1.677482692188e-07      -1.363017249101e-03      -2.251212147009e-07      -1.367837890327e-03      -1.744304857256e-06 
       1.370250855978e-03      -7.418763920206e-01      -6.648080927469e+00      -6.649011837034e+00      -6.691829907193e-01      -6.643289180978e+00       5.826155754513e-01       5.826289870807e-01       1.329802367407e+01       2.986381606807e-03       9.829794959503e-01      -1.648036012812e-07      -1.468726801744e-03      -2.462431296655e-07      -1.471694688097e-03      -1.879020152229e-06 
       1.434828789286e-03      -7.638959238647e-01      -7.280276356995e+00      -7.281315806678e+00      -6.899698177008e-01      -7.275002391583e+00       5.818650776930e-01       5.818724514395e-01       1.456263161336e+01       3.270224770277e-03       9.817190941725e-01      -1.626173015897e-07      -1.589761647255e-03      -2.683031126278e-07      -1.590692833521e-03      -2.032974682481e-06 
       1.502450186827e-03      -7.965665005727e-01      -7.971904616002e+00      -7.973062423139e+00      -7.216041004922e-01      -7.966110953214e+00       5.810682923209e-01       5.810698015549e-01       1.594612484628e+01       3.580753716533e-03       9.803785080525e-01      -1.614216317788e-07      -1.731350013086e-03      -2.914094047603e-07      -1.730044622500e-03      -2.212722719196e-06 
       1.573258482650e-03      -8.352205300944e-01      -8.728445927220e+00      -8.729733347556e+00      -7.593451332040e-01      -8.722086740463e+00       5.802219907424e-01       5.802185420795e-01       1.745946669511e+01       3.920429936574e-03       9.789529080040e-01      -1.613239081330e-07      -1.898661956439e-03      -3.157832334094e-07      -1.894854827047e-03      -2.424738373433e-06 
       1.647403870647e-03      -8.732932953513e-01      -9.555868840084e+00      -9.557299202879e+00      -7.966253483381e-01      -9.548888275753e+00       5.793227828485e-01       5.793158846698e-01       1.911459840576e+01       4.291933785519e-03       9.774372297598e-01      -1.622690691412e-07      -2.095879960211e-03      -3.417691726391e-07      -2.089185847518e-03      -2.674250993594e-06 
       1.725043623124e-03      -9.031685576805e-01      -1.046067123234e+01      -1.046226076753e+01      -8.259413359031e-01      -1.045300266565e+01       5.783672160144e-01       5.783587495858e-01       2.092452153507e+01       4.698182720618e-03       9.758262544005e-01      -1.640192593896e-07      -2.325103752703e-03      -3.698507997382e-07      -2.314977801879e-03      -2.963884445341e-06 
       1.806342424406e-03      -9.176039751679e-01      -1.144992409648e+01      -1.145169295127e+01      -8.403109957714e-01      -1.144149085647e+01       5.773518622217e-01       5.773437733684e-01       2.290338590255e+01       5.142351071707e-03       9.741146807837e-01      -1.661687116982e-07      -2.585344185136e-03      -4.006382548712e-07      -2.571091403430e-03      -3.292420663116e-06 
       1.891472720151e-03      -9.115981671508e-01      -1.253131872796e+01      -1.253329213829e+01      -8.351322156021e-01      -1.252203665873e+01       5.762734037434e-01       5.762673564873e-01       2.506658427658e+01       5.627891451744e-03       9.722971988120e-01      -1.682001632376e-07      -2.872008989130e-03      -4.348389805489e-07      -2.852880000828e-03      -3.654195273011e-06 
       1.980615083129e-03      -8.843186166196e-01      -1.371321733981e+01      -1.371542691490e+01      -8.100385718201e-01      -1.370299919237e+01       5.751286828974e-01       5.751257391769e-01       2.743085382980e+01       6.158557910290e-03       9.703685312576e-01      -1.695852456314e-07      -3.177368146168e-03      -4.732118763014e-07      -3.152767535372e-03      -4.039730206123e-06 
       2.073958596245e-03      -8.404545114774e-01      -1.500470765167e+01      -1.500719272112e+01      -7.701085007301e-01      -1.499346869271e+01       5.739147088901e-01       5.739151128192e-01       3.001438544225e+01       6.738430998510e-03       9.683234466622e-01      -1.699160341319e-07      -3.492412559469e-03      -5.165126797288e-07      -3.462210436572e-03      -4.438104130050e-06 
       2.171701253604e-03      -7.902161960627e-01      -1.641566119802e+01      -1.641847005177e+01      -7.256647419890e-01      -1.640332459682e+01       5.726285827117e-01       5.726317238137e-01       3.283694010354e+01       7.371944519770e-03       9.661566913989e-01      -1.690375071481e-07      -3.810173431027e-03      -5.654223933933e-07      -3.775049607439e-03      -4.841112554414e-06 
       2.274050380486e-03      -7.473163757282e-01      -1.795679716042e+01      -1.795998802698e+01      -6.900617624295e-01      -1.794329712590e+01       5.712674040990e-01       5.712720036856e-01       3.591997605397e+01       8.063914591410e-03       9.638629445688e-01      -1.671354579872e-07      -4.129907705862e-03      -6.205135335970e-07      -4.091575723765e-03      -5.248440136822e-06 
       2.381223073113e-03      -7.248053463171e-01      -1.963974706234e+01      -1.964338897038e+01      -6.754414791155e-01      -1.962502788014e+01       5.698280293544e-01       5.698325347463e-01       3.928677794077e+01       8.819568458174e-03       9.614365362739e-01      -1.647286487853e-07      -4.460652765563e-03      -6.822269614473e-07      -4.421766500339e-03      -5.671944979824e-06 
       2.493446659134e-03      -7.296321182099e-01      -2.147713058007e+01      -2.148130388226e+01      -6.874478668849e-01      -2.146114024571e+01       5.683070562143e-01       5.683101492553e-01       4.296260776452e+01       9.644578502343e-03       9.588715788439e-01      -1.625345042701e-07      -4.821938339578e-03      -7.508956871255e-07      -4.785514151773e-03      -6.136307776126e-06 
       2.610959179822e-03      -7.580206241432e-01      -2.348262644147e+01      -2.348742324357e+01      -7.210509929190e-01      -2.346530597619e+01       5.667006021567e-01       5.667016562103e-01       4.697484648714e+01       1.054509227698e-02       9.561616261844e-01      -1.612073026527e-07      -5.239497989774e-03      -8.267938544494e-07      -5.207893499591e-03      -6.673448165211e-06 
       2.734009894987e-03      -7.945474443857e-01      -2.567105537947e+01      -2.567658004023e+01      -7.602737119633e-01      -2.565232750837e+01       5.650044525893e-01       5.650037463312e-01       5.135316008046e+01       1.152776907125e-02       9.532999155434e-01      -1.610500634830e-07      -5.735498712506e-03      -9.101517277720e-07      -5.709331708871e-03      -7.310270433805e-06 
       2.862859811694e-03      -8.172873169671e-01      -2.805846581087e+01      -2.806483595864e+01      -7.838619241293e-01      -2.803822902501e+01       5.632142741509e-01       5.632128275144e-01       5.612967191728e+01       1.259981771809e-02       9.502795839297e-01      -1.618159843022e-07      -6.316213977675e-03      -1.001155049929e-06      -6.293968487731e-03      -8.053585957339e-06 
       2.997782237893e-03      -8.087784349833e-01      -3.066221779950e+01      -3.066956658226e+01      -7.761698001731e-01      -3.064035164003e+01       5.613257775992e-01       5.613248273301e-01       6.133913316453e+01       1.376903367219e-02       9.470937040963e-01      -1.627405969436e-07      -6.964150883666e-03      -1.099927615497e-06      -6.943244759352e-03      -8.880996892775e-06 
       3.139063362138e-03      -7.682200368550e-01      -3.350107837496e+01      -3.350955807629e+01      -7.383278860990e-01      -3.347746083689e+01       5.593349788167e-01       5.593353132549e-01       6.701911615257e+01       1.504384520986e-02       9.437356085247e-01      -1.629162135320e-07      -7.643332744955e-03      -1.206488652646e-06      -7.622712692336e-03      -9.748266010122e-06 
       3.287002860635e-03      -7.165575934851e-01      -3.659531944884e+01      -3.660510748411e+01      -6.916066094496e-01      -3.656985041959e+01       5.572382170622e-01       5.572397328933e-01       7.321021496823e+01       1.643335947997e-02       9.401988640974e-01      -1.618300461204e-07      -8.321684147165e-03      -1.320933673847e-06      -8.304550380134e-03      -1.061740908512e-05 
       3.441914532896e-03      -6.869236038110e-01      -3.996682056677e+01      -3.997812763393e+01      -6.666127199244e-01      -3.993943754475e+01       5.550319208087e-01       5.550337164678e-01       7.995625526787e+01       1.794741153866e-02       9.364770534324e-01      -1.597741021937e-07      -9.001769051974e-03      -1.443760612926e-06      -8.995629212855e-03      -1.149384825648e-05 
       3.604126967345e-03      -7.014398602191e-01      -4.363917058578e+01      -4.365225113394e+01      -6.809725634643e-01      -4.360984482459e+01       5.527121742366e-01       5.527131965075e-01       8.730450226787e+01       1.959661131799e-02       9.325633333350e-01      -1.577539332592e-07      -9.736391032303e-03      -1.576422111634e-06      -9.748156915659e-03      -1.244352617955e-05 
       3.773984238305e-03      -7.491529677793e-01      -4.763778949412e+01      -4.765295352870e+01      -7.208793727245e-01      -4.760650381714e+01       5.502746249465e-01       5.502744633031e-01       9.530590705740e+01       2.139239535970e-02       9.284504579815e-01      -1.567869870532e-07      -1.060405768298e-02      -1.721680668101e-06      -1.063181431174e-02      -1.356063252854e-05 
       3.951846635814e-03      -7.876093053491e-01      -5.199004048431e+01      -5.200766535195e+01      -7.467883068980e-01      -5.195676999310e+01       5.477145297255e-01       5.477137280810e-01       1.040153307039e+02       2.334707457630e-02       9.241308106643e-01      -1.570195382826e-07      -1.164619796004e-02      -1.883289259505e-06      -1.167500061748e-02      -1.489110116355e-05 
       4.138091429848e-03      -7.776198696450e-01      -5.672535205763e+01      -5.674589233573e+01      -7.280568715288e-01      -5.669007566890e+01       5.450272057838e-01       5.450267469666e-01       1.134917846715e+02       2.547388512824e-02       9.195968099121e-01      -1.574708398072e-07      -1.281583604947e-02      -2.064851093387e-06      -1.282603504422e-02      -1.637451696716e-05 
       4.333113670534e-03      -7.265512809027e-01      -6.187535109349e+01      -6.189934687381e+01      -6.790040320892e-01      -6.183809947848e+01       5.422084970496e-01       5.422088510131e-01       1.237986937476e+02       2.778705215629e-02       9.148414150674e-01      -1.568921429216e-07      -1.400874354429e-02      -2.268312403700e-06      -1.399468244922e-02      -1.788792574130e-05 
       4.537327026042e-03      -6.900311981060e-01      -6.747398266682e+01      -6.750206582838e+01      -6.515726382253e-01      -6.743488263775e+01       5.392545854273e-01       5.392552660083e-01       1.350041316568e+02       3.030184708793e-02       9.098578298630e-01      -1.551196663915e-07      -1.518412131810e-02      -2.493316535651e-06      -1.516403463178e-02      -1.939200841686e-05 
       4.751164659838e-03      -7.108997374259e-01      -7.355764186524e+01      -7.359054535990e+01      -6.757499088580e-01      -7.351690657656e+01       5.361614838872e-01       5.361616826382e-01       1.471810907198e+02       3.303465057469e-02       9.046390673697e-01      -1.533882736415e-07      -1.645251930731e-02      -2.738412639678e-06      -1.644783567573e-02      -2.102607608769e-05 
       4.975080148993e-03      -7.560292707186e-01      -8.016530376943e+01      -8.020388086304e+01      -7.129727391020e-01      -8.012317811177e+01       5.329246941656e-01       5.329243091000e-01       1.604077617261e+02       3.600300889437e-02       8.991776927320e-01      -1.528618488535e-07      -1.797487281441e-02      -3.003429215909e-06      -1.797662386831e-02      -2.297617721566e-05 
       5.209548445017e-03      -7.489990355331e-01      -8.733861562741e+01      -8.738387139195e+01      -7.005830519823e-01      -8.729536671651e+01       5.295393682783e-01       5.295391296185e-01       1.747677427839e+02       3.922567306300e-02       8.934658845621e-01      -1.529463061395e-07      -1.973354996847e-02      -3.290894054745e-06      -1.970238991239e-02      -2.520636681846e-05 
       5.455066878190e-03      -6.851730753517e-01      -9.512201829858e+01      -9.517515538046e+01      -6.528296758560e-01      -9.507804021026e+01       5.260011244370e-01       5.260014744716e-01       1.903503107609e+02       4.272266167025e-02       8.874962872033e-01      -1.520025583552e-07      -2.151500264068e-02      -3.605404319514e-06      -2.144202522679e-02      -2.746618524628e-05 
       5.712156205140e-03      -6.563335594960e-01      -1.035628619822e+02      -1.036253313457e+02      -6.485853758509e-01      -1.035187944028e+02       5.223060596206e-01       5.223064816301e-01       2.072506626915e+02       4.651532487003e-02       8.812619841206e-01      -1.499592302047e-07      -2.325491176583e-02      -3.952481368433e-06      -2.320499815236e-02      -2.971133198219e-05 
       5.981361696754e-03      -7.004199767128e-01      -1.127116159965e+02      -1.127851597914e+02      -6.919025457160e-01      -1.126683197321e+02       5.184503594819e-01       5.184503146859e-01       2.255703195827e+02       5.062643724423e-02       8.747564171024e-01      -1.485727656177e-07      -2.523238071863e-02      -4.338428168955e-06      -2.524766020385e-02      -3.227891175616e-05 
       6.263254258196e-03      -7.175825190659e-01      -1.226217485979e+02      -1.227084358020e+02      -6.915041961992e-01      -1.225802195289e+02       5.144289048113e-01       5.144287644133e-01       2.454168716040e+02       5.508012279397e-02       8.679712358551e-01      -1.482546318804e-07      -2.760930638122e-02      -4.769017093648e-06      -2.761641720405e-02      -3.531750472425e-05 
       6.558431562524e-03      -6.607384818181e-01      -1.333500172744e+02      -1.334522774090e+02      -6.427341667869e-01      -1.333114721518e+02       5.102372956583e-01       5.102375192137e-01       2.669045548179e+02       5.990201162315e-02       8.608992389207e-01      -1.472120672826e-07      -3.006949753162e-02      -5.245674737479e-06      -3.002244400806e-02      -3.844809347394e-05 
       6.867519160582e-03      -6.504024875870e-01      -1.449565778526e+02      -1.450772576013e+02      -6.466003099839e-01      -1.449226331224e+02       5.058719974886e-01       5.058721748550e-01       2.901545152026e+02       6.511919494632e-02       8.535338793168e-01      -1.451593418168e-07      -3.248513969796e-02      -5.766015573480e-06      -3.248323472111e-02      -4.157806027587e-05 
       7.191171496729e-03      -6.978292621446e-01      -1.575045217326e+02      -1.576469845556e+02      -6.795479217198e-01      -1.574771699644e+02       5.013284211908e-01       5.013283167805e-01       3.152939691111e+02       7.076035938249e-02       8.458679461043e-01      -1.441845576334e-07      -3.535486915721e-02      -6.333413153701e-06      -3.538287892585e-02      -4.526557352395e-05 
       7.530072704257e-03      -6.800287689294e-01      -1.710606665707e+02      -1.712289285146e+02      -6.448347383006e-01      -1.710422799267e+02       4.966016180387e-01       4.966015397842e-01       3.424578570292e+02       7.685567862160e-02       8.378937981348e-01      -1.429177722669e-07      -3.849869005759e-02      -6.961395485227e-06      -3.849731105859e-02      -4.929863445053e-05 
       7.884936964503e-03      -6.292715393045e-01      -1.856959137711e+02      -1.858947680202e+02      -6.092007659988e-01      -1.856894928436e+02       4.916923314988e-01       4.916924657765e-01       3.717895360404e+02       8.343556907883e-02       8.296046580237e-01      -1.417309207269e-07      -4.179659668841e-02      -7.663227884720e-06      -4.173050426955e-02      -5.349900746642e-05 
       8.256508074902e-03      -6.383260446444e-01      -2.014809265586e+02      -2.017160477769e+02      -6.108170908031e-01      -2.014902194699e+02       4.865895748640e-01       4.865895450969e-01       4.034320955538e+02       9.053456060748e-02       8.209933181380e-01      -1.400997197530e-07      -4.526007379669e-02      -8.445144590326e-06      -4.526306796617e-02      -5.799150559563e-05 
       8.645557666719e-03      -6.275156526246e-01      -2.184901795135e+02      -2.187682175278e+02      -6.014288628171e-01      -2.185196175675e+02       4.812891190185e-01       4.812891280059e-01       4.375364350556e+02       9.818721927374e-02       8.120536153460e-01      -1.386599457115e-07      -4.910591733000e-02      -9.309239088267e-06      -4.909553986067e-02      -6.293781126243e-05 
       9.052881226195e-03      -6.214067800852e-01      -2.368033663451e+02      -2.371321429371e+02      -5.953725585506e-01      -2.368583149183e+02       4.757912790565e-01       4.757912767469e-01       4.742642858743e+02       1.064276080234e-01       8.027786007450e-01      -1.370956439262e-07      -5.321868459983e-02      -1.025975719363e-05      -5.321304499674e-02      -6.823676015143e-05 
       9.479290692733e-03      -6.138085217392e-01      -2.564988515493e+02      -2.568876252041e+02      -5.880172385560e-01      -2.565858053187e+02       4.700914213500e-01       4.700914217646e-01       5.137752504082e+02       1.152922089687e-01       7.931630602614e-01      -1.355281634397e-07      -5.765365384043e-02      -1.131502161849e-05      -5.764637682242e-02      -7.395527476683e-05 
       9.925601939390e-03      -6.060847982057e-01      -2.776560215324e+02      -2.781157372422e+02      -5.806840496954e-01      -2.777828222500e+02       4.641869859836e-01       4.641869859105e-01       5.562314744845e+02       1.248167800645e-01       7.832012409156e-01      -1.338976291024e-07      -6.241508057761e-02      -1.249784423330e-05      -6.240829852872e-02      -8.010210947010e-05 
       1.039261492092e-02      -5.981119154581e-01      -3.003521640424e+02      -3.008956462699e+02      -5.730260281274e-01      -3.005281628939e+02       4.580751135832e-01       4.580751136016e-01       6.017912925398e+02       1.350371622948e-01       7.728895930921e-01      -1.322013456155e-07      -6.752537462873e-02      -1.381544339146e-05      -6.751861029588e-02      -8.670724327144e-05 
       1.088108379590e-02      -5.898554957470e-01      -3.246613270387e+02      -3.253035129762e+02      -5.651216624907e-01      -3.248975843984e+02       4.517553259502e-01       4.517553259528e-01       6.506070259523e+02       1.459872517626e-01       7.622269501053e-01      -1.304306865666e-07      -7.300026329542e-02      -1.527256226679e-05      -7.299361703130e-02      -9.379059508575e-05 
       1.139167407410e-02      -5.813360623169e-01      -3.506493103540e+02      -3.514076458802e+02      -5.569569446900e-01      -3.509589368752e+02       4.452277632809e-01       4.452277632763e-01       7.028152917603e+02       1.576973939456e-01       7.512133058046e-01      -1.286457554729e-07      -7.885525581162e-02      -1.689401501692e-05      -7.884869953465e-02      -1.013757148557e-04 
       1.192490411388e-02      -5.725449068468e-01      -3.783702560590e+02      -3.792650541770e+02      -5.485352833561e-01      -3.787687253802e+02       4.384956471300e-01       4.384956471317e-01       7.585301083539e+02       1.701932993351e-01       7.398547700265e-01      -1.268014127517e-07      -8.510310730935e-02      -1.870958830030e-05      -8.509664896384e-02      -1.094831603926e-04 
       1.248106954268e-02      -5.634946367979e-01      -4.078599414034e+02      -4.089145663114e+02      -5.398645961079e-01      -4.083652623879e+02       4.315648733052e-01       4.315648733046e-01       8.178291326228e+02       1.834921543224e-01       7.281611796970e-01      -1.248640681792e-07      -9.175243287946e-02      -2.073003393583e-05      -9.174607734238e-02      -1.181254367875e-04 
       1.306015192574e-02      -5.541991001038e-01      -4.391296435886e+02      -4.403707085944e+02      -5.309590008905e-01      -4.397625499621e+02       4.244461801425e-01       4.244461801429e-01       8.807414171888e+02       1.976001224727e-01       7.161504251158e-01      -1.229091115189e-07      -9.880631230515e-02      -2.296331670451e-05      -9.880006125522e-02      -1.273076434171e-04 
       1.366171767776e-02      -5.446798706681e-01      -4.721575910534e+02      -4.736152716516e+02      -5.218391264131e-01      -4.729418360319e+02       4.171554435971e-01       4.171554435970e-01       9.472305433032e+02       2.125086619291e-01       7.038491501687e-01      -1.208891120493e-07      -1.062604740436e-01      -2.544545453137e-05      -1.062543309426e-01      -1.370300907317e-04 
       1.428481967396e-02      -5.349635257781e-01      -5.068805701788e+02      -5.085885457616e+02      -5.125303981144e-01      -5.078429163305e+02       4.097138281211e-01       4.097138281211e-01       1.017177091523e+03       2.281908616099e-01       6.912932963091e-01      -1.188565554667e-07      -1.141014643373e-01      -2.818737471284e-05      -1.140954308157e-01      -1.472776542458e-04 
       1.492792100706e-02      -5.250850997019e-01      -5.431882544758e+02      -5.451835703820e+02      -5.030663306637e-01      -5.443584018337e+02       4.021489871728e-01       4.021489871728e-01       1.090367140764e+03       2.445987229585e-01       6.785298083466e-01      -1.167779721978e-07      -1.223052834930e-01      -3.120627380457e-05      -1.222993614752e-01      -1.580229864956e-04 
       1.558886502105e-02      -5.150909175502e-01      -5.809215267425e+02      -5.832441598135e+02      -4.934913520659e-01      -5.823317928851e+02       3.944956107863e-01       3.944956107863e-01       1.166488319627e+03       2.616617432742e-01       6.656169577022e-01      -1.146767576953e-07      -1.308366808702e-01      -3.451419231059e-05      -1.308308716384e-01      -1.692238464605e-04 
       1.626491417422e-02      -5.050315631070e-01      -6.198729041613e+02      -6.225651717932e+02      -4.838538854978e-01      -6.215577721226e+02       3.867929793339e-01       3.867929793339e-01       1.245130343586e+03       2.792878681192e-01       6.526212016619e-01      -1.125560417686e-07      -1.396496297854e-01      -3.811094317252e-05      -1.396439340592e-01      -1.808225800223e-04 
       1.695286934301e-02      -4.949651214456e-01      -6.597963960272e+02      -6.629022399270e+02      -4.742096923122e-01      -6.617919474632e+02       3.790841719096e-01       3.790841719096e-01       1.325804479854e+03       2.973668132418e-01       6.396147595775e-01      -1.104327297796e-07      -1.486889887376e-01      -4.200379355703e-05      -1.486834066210e-01      -1.927512925487e-04 
       1.764926168430e-02      -4.849477002550e-01      -7.004208150676e+02      -7.039846264150e+02      -4.646124734250e-01      -7.027637648208e+02       3.714127864244e-01       3.714127864244e-01       1.407969252830e+03       3.157772023241e-01       6.266714035664e-01      -1.083402550116e-07      -1.578940702197e-01      -4.617314471663e-05      -1.578886011621e-01      -2.049309260260e-04 
       1.835058760363e-02      -4.750319061868e-01      -7.414673723786e+02      -7.455332919307e+02      -4.551125244862e-01      -7.441944863677e+02       3.638203998534e-01       3.638203998534e-01       1.491066583861e+03       3.343943529527e-01       6.138617151422e-01      -1.062581932939e-07      -1.672025336546e-01      -5.061392599496e-05      -1.671971764763e-01      -2.172826343797e-04 
       1.905354355797e-02      -4.652703405955e-01      -7.826694152031e+02      -7.872803352888e+02      -4.457604543759e-01      -7.858166587947e+02       3.563446519208e-01       3.563446519208e-01       1.574560670578e+03       3.530969450519e-01       6.012483229282e-01      -1.042084668641e-07      -1.765537195235e-01      -5.530481304732e-05      -1.765484725260e-01      -2.297271214509e-04 
       1.975521843946e-02      -4.556996535727e-01      -8.237842746388e+02      -8.289812194578e+02      -4.365911931024e-01      -8.273862683823e+02       3.490158460793e-01       3.490158460793e-01       1.657962438916e+03       3.717763321838e-01       5.888831026507e-01      -1.021991265830e-07      -1.858933050854e-01      -6.022364523960e-05      -1.858881660919e-01      -2.421928960889e-04 
       2.045321634933e-02      -4.463491638631e-01      -8.646063589604e+02      -8.704277760615e+02      -4.276327512343e-01      -8.686957472538e+02       3.418573775244e-01       3.418573775244e-01       1.740855552123e+03       3.903398449704e-01       5.768058432853e-01      -1.002354491224e-07      -1.951749560101e-01      -6.534189311649e-05      -1.951699224852e-01      -2.546174711798e-04 
       2.114570368999e-02      -4.372489300661e-01      -9.049755189744e+02      -9.114571515582e+02      -4.189143467340e-01      -9.095828198332e+02       3.348871161672e-01       3.348871161672e-01       1.822914303116e+03       4.087117408037e-01       5.650449812797e-01      -9.831580815062e-08      -2.043608011843e-01      -7.063631141634e-05      -2.043558704018e-01      -2.669497661849e-04 
       2.183139227336e-02      -4.284027115073e-01      -9.447644712268e+02      -9.519393158657e+02      -4.104391513333e-01      -9.499180098531e+02       3.281132106794e-01       3.281132106794e-01       1.903878631731e+03       4.268367435235e-01       5.536160220394e-01      -9.644342482168e-08      -2.134232027223e-01      -7.609405476616e-05      -2.134183717618e-01      -2.791531752304e-04 
       2.250947928866e-02      -4.198206685917e-01      -9.838911705898e+02      -9.917891505103e+02      -4.022170823923e-01      -9.896167617849e+02       3.215411742589e-01       3.215411742589e-01       1.983578301021e+03       4.446755605173e-01       5.425275135093e-01      -9.464772789178e-08      -2.223425143681e-01      -8.167716775979e-05      -2.223377802586e-01      -2.911971344944e-04 
       2.317956563857e-02      -4.115005592786e-01      -1.022299509787e+03      -1.030948088065e+03      -3.942459148060e-01      -1.028620949836e+03       3.151702483151e-01       3.151702483151e-01       2.061896176129e+03       4.622027018916e-01       5.317784955519e-01      -9.290901792637e-08      -2.311059911766e-01      -8.737931765216e-05      -2.311013509458e-01      -3.030646927599e-04 
       2.384156963309e-02      -4.034390754154e-01      -1.059963888813e+03      -1.069387521822e+03      -3.865224822484e-01      -1.066902466675e+03       3.089978511563e-01       3.089978511563e-01       2.138775043643e+03       4.794055742708e-01       5.213645970354e-01      -9.116347184178e-08      -2.397073364218e-01      -9.316911660051e-05      -2.397027871354e-01      -3.147430307222e-04 
       2.449564690182e-02      -3.956113691249e-01      -1.096866991919e+03      -1.107087930940e+03      -3.790220811315e-01      -1.104442156307e+03       3.030160125314e-01       3.030160125314e-01       2.214175861880e+03       4.962844144914e-01       5.112760539213e-01      -8.950011721984e-08      -2.481466685569e-01      -9.904316594972e-05      -2.481422072457e-01      -3.262317581282e-04 
       2.514212195473e-02      -3.880663440507e-01      -1.133044892102e+03      -1.144082916913e+03      -3.717945206729e-01      -1.141273977210e+03       2.972257699779e-01       2.972257699779e-01       2.288165833827e+03       5.128254367205e-01       5.015024894866e-01      -8.809205529850e-08      -2.564170941788e-01      -1.049813131856e-04      -2.564127183603e-01      -3.375191177577e-04 
       2.578143298704e-02      -3.807325616888e-01      -1.168486349367e+03      -1.180359155087e+03      -3.647681785786e-01      -1.177384944628e+03       2.916115951008e-01       2.916115951008e-01       2.360718310174e+03       5.290541857841e-01       4.920307529198e-01      -8.637361184098e-08      -2.645313860105e-01      -1.109647799542e-04      -2.645270928921e-01      -3.486180803815e-04 
       2.641408926964e-02      -3.736290862475e-01      -1.203232668812e+03      -1.215955772095e+03      -3.579628165572e-01      -1.212814491010e+03       2.861695935151e-01       2.861695935151e-01       2.431911544191e+03       5.449730237716e-01       4.828481153887e-01      -8.486395692504e-08      -2.724907247884e-01      -1.169793234599e-04      -2.724865118858e-01      -3.595279666609e-04 
       2.704063940089e-02      -3.667356661383e-01      -1.237311036612e+03      -1.250897941699e+03      -3.513584968396e-01      -1.247588082577e+03       2.808909132889e-01       2.808909132889e-01       2.501795883398e+03       5.605993805878e-01       4.739418577729e-01      -8.339650905475e-08      -2.803038254221e-01      -1.230282077954e-04      -2.802996902939e-01      -3.702601402667e-04 
       2.766164838054e-02      -3.600461639824e-01      -1.270756873515e+03      -1.285219403254e+03      -3.449495572620e-01      -1.281739691275e+03       2.757681464406e-01       2.757681464406e-01       2.570438806508e+03       5.759460733570e-01       4.652985799153e-01      -8.197880529348e-08      -2.879770963289e-01      -1.290885706501e-04      -2.879730366785e-01      -3.808190535866e-04 
       2.827768155684e-02      -3.535454947973e-01      -1.303607789807e+03      -1.318955177241e+03      -3.387211928462e-01      -1.315304711680e+03       2.707940702925e-01       2.707940702925e-01       2.637910354483e+03       5.910335531656e-01       4.569075379285e-01      -8.056492319235e-08      -2.955207630061e-01      -1.351365996724e-04      -2.955167765828e-01      -3.912137677593e-04 
       2.888929376710e-02      -3.472425650978e-01      -1.335910271757e+03      -1.352150674922e+03      -3.326829017568e-01      -1.348328681347e+03       2.659636536767e-01       2.659636536767e-01       2.704301349845e+03       6.058697662289e-01       4.487562951300e-01      -7.920097713636e-08      -3.029387983216e-01      -1.411873254902e-04      -3.029348831144e-01      -4.014516164481e-04 
       2.949702230981e-02      -3.411074136596e-01      -1.367692414048e+03      -1.384831473053e+03      -3.268048177507e-01      -1.380837548690e+03       2.612682264781e-01       2.612682264781e-01       2.769662946106e+03       6.204817153613e-01       4.408349780141e-01      -7.788635341982e-08      -3.102447037538e-01      -1.472113816671e-04      -3.102408576806e-01      -4.115448899649e-04 
       3.010138268639e-02      -3.351523999358e-01      -1.399005234298e+03      -1.417047170579e+03      -3.210998389444e-01      -1.412881089036e+03       2.567042609401e-01       2.567042609401e-01       2.834094341158e+03       6.348771106688e-01       4.331333066854e-01      -7.661536540784e-08      -3.174423341231e-01      -1.532146082868e-04      -3.174385553344e-01      -4.214993356918e-04 
       3.070286630818e-02      -3.293522893052e-01      -1.429871522528e+03      -1.448819406491e+03      -3.155428912596e-01      -1.444481101885e+03       2.522634778712e-01       2.522634778712e-01       2.897638812983e+03       6.490786134533e-01       4.256409914042e-01      -7.534506780549e-08      -3.245430201112e-01      -1.591731228629e-04      -3.245393067267e-01      -4.313253713026e-04 
       3.130193957039e-02      -3.237121314659e-01      -1.460347914665e+03      -1.480201373176e+03      -3.101392889972e-01      -1.475691270900e+03       2.479438610244e-01       2.479438610244e-01       2.960402746352e+03       6.631033374713e-01       4.183526712116e-01      -7.417615971433e-08      -3.315553184866e-01      -1.650648865327e-04      -3.315516687356e-01      -4.410302758014e-04 
       3.189904385593e-02      -3.182233486010e-01      -1.490470105975e+03      -1.511227136568e+03      -3.048806961777e-01      -1.506545886016e+03       2.437403210675e-01       2.437403210675e-01       3.022454273137e+03       6.769685276764e-01       4.112602515319e-01      -7.294881146430e-08      -3.384878516699e-01      -1.708976187437e-04      -3.384842638382e-01      -4.506260303233e-04 
       3.249459615342e-02      -3.128790374878e-01      -1.520266417843e+03      -1.541924413530e+03      -2.997605234108e-01      -1.537072733071e+03       2.396472648089e-01       2.396472648089e-01       3.083848827060e+03       6.906862524590e-01       4.043541934149e-01      -7.178019611054e-08      -3.453466537702e-01      -1.766608342757e-04      -3.453431262295e-01      -4.601185517825e-04 
       3.308899006411e-02      -3.076755801806e-01      -1.549784084527e+03      -1.572337089599e+03      -2.947752804453e-01      -1.567316182685e+03       2.356622016309e-01       2.356622016309e-01       3.144674179197e+03       7.042768060194e-01       3.976303882619e-01      -7.065386287315e-08      -3.521418718558e-01      -1.823257111521e-04      -3.521384030097e-01      -4.695160311413e-04 
       3.368259703912e-02      -3.026091990391e-01      -1.579059327023e+03      -1.602500056923e+03      -2.899214101279e-01      -1.597311303013e+03       2.317814951624e-01       2.317814951624e-01       3.205000113847e+03       7.177548893314e-01       3.910824526843e-01      -6.950887662267e-08      -3.588808563484e-01      -1.878893659928e-04      -3.588774446657e-01      -4.788271930820e-04 
       3.427576773646e-02      -2.976729001191e-01      -1.608126023952e+03      -1.632445136987e+03      -2.851920779425e-01      -1.627090208976e+03       2.280014326889e-01       2.280014326889e-01       3.264890273974e+03       7.311373555730e-01       3.847046699390e-01      -6.845452527095e-08      -3.655720338055e-01      -1.933555850209e-04      -3.655686777865e-01      -4.880632024207e-04 
       3.486883342232e-02      -2.928653047791e-01      -1.637028942161e+03      -1.662214597465e+03      -2.805860330986e-01      -1.656695521249e+03       2.243201013169e-01       2.243201013169e-01       3.324429194930e+03       7.444421866648e-01       3.784935269892e-01      -6.737253911010e-08      -3.722243951468e-01      -1.986902619473e-04      -3.722210933324e-01      -4.972299312924e-04 
       3.546210736590e-02      -2.881828741879e-01      -1.665798366214e+03      -1.691837117989e+03      -2.760999572026e-01      -1.686156144796e+03       2.207339007200e-01       2.207339007200e-01       3.383674235978e+03       7.576808816651e-01       3.724426528270e-01      -6.641870607235e-08      -3.788436898367e-01      -2.038940249489e-04      -3.788404408326e-01      -5.063346979363e-04 
       3.605588619481e-02      -2.836220287397e-01      -1.694476576067e+03      -1.721352471275e+03      -2.717303463654e-01      -1.715512209021e+03       2.172409953921e-01       2.172409953921e-01       3.442704942549e+03       7.708728937431e-01       3.665492524536e-01      -6.531073317856e-08      -3.854396444456e-01      -2.089431153352e-04      -3.854364468715e-01      -5.153859594871e-04 
       3.665045119063e-02      -2.791804732689e-01      -1.723096389409e+03      -1.750791676035e+03      -2.674750880786e-01      -1.744794986164e+03       2.138385834420e-01       2.138385834420e-01       3.501583352069e+03       7.840304917598e-01       3.608082502512e-01      -6.439356291081e-08      -3.920183933474e-01      -2.138364006374e-04      -3.920152458799e-01      -5.243911913605e-04 
       3.724606951266e-02      -2.748551111725e-01      -1.751701349809e+03      -1.780195826873e+03      -2.633311346109e-01      -1.774045917087e+03       2.105252907310e-01       2.105252907310e-01       3.560391653745e+03       7.971739820129e-01       3.552176599078e-01      -6.331638175656e-08      -3.985900896843e-01      -2.185610617363e-04      -3.985869910065e-01      -5.333610898449e-04 
       3.784299534431e-02      -2.706416529704e-01      -1.780320235444e+03      -1.809591644565e+03      -2.592943520745e-01      -1.803292020853e+03       2.072981215377e-01       2.072981215377e-01       3.619183289130e+03       8.103160352917e-01       3.497725234832e-01      -6.236218924897e-08      -4.051610688115e-01      -2.231022398391e-04      -4.051580176458e-01      -5.423012745960e-04 
       3.844147096019e-02      -2.665383338163e-01      -1.808990688821e+03      -1.839014456153e+03      -2.553630847258e-01      -1.832568955187e+03       2.041552903158e-01       2.041552903158e-01       3.678028912307e+03       8.234719162290e-01       3.444696838496e-01      -6.142099411356e-08      -4.117389630132e-01      -2.274263667391e-04      -4.117359581145e-01      -5.512160193216e-04 
       3.904172771505e-02      -2.625432310749e-01      -1.837754213278e+03      -1.868504062436e+03      -2.515354723646e-01      -1.861916751021e+03       2.010955752624e-01       2.010955752624e-01       3.737008124872e+03       8.366601469559e-01       3.393071624735e-01      -6.054209335709e-08      -4.183330333390e-01      -2.315714321707e-04      -4.183300734780e-01      -5.601228676750e-04 
       3.964398695723e-02      -2.586540413873e-01      -1.866645566149e+03      -1.898092533438e+03      -2.478093263001e-01      -1.891367870669e+03       1.981169626448e-01       1.981169626448e-01       3.796185066875e+03       8.498947751532e-01       3.342814790867e-01      -5.977986873087e-08      -4.249503035978e-01      -2.354867531466e-04      -4.249473875766e-01      -5.690226889504e-04 
       4.024846087044e-02      -2.548695370102e-01      -1.895699606583e+03      -1.927813353028e+03      -2.441835393024e-01      -1.920955982584e+03       1.952176877959e-01       1.952176877959e-01       3.855626706056e+03       8.631892333753e-01       3.293893811831e-01      -5.874990557315e-08      -4.315974900279e-01      -2.391779994653e-04      -4.315946166876e-01      -5.779247416032e-04 
       4.085535324819e-02      -2.511858664282e-01      -1.924955666766e+03      -1.957702439524e+03      -2.406542973924e-01      -1.950717507937e+03       1.923963111335e-01       1.923963111335e-01       3.915404879049e+03       8.765629951773e-01       3.246289431113e-01      -5.798703949109e-08      -4.382843294075e-01      -2.426280493493e-04      -4.382814975886e-01      -5.868385623226e-04 
       4.146486020563e-02      -2.476020571310e-01      -1.954448951048e+03      -1.987793786450e+03      -2.372207398809e-01      -1.980686598522e+03       1.896512265009e-01       1.896512265009e-01       3.975587572901e+03       8.900296477348e-01       3.199971677489e-01      -5.709637537339e-08      -4.450176152880e-01      -2.458056913171e-04      -4.450148238674e-01      -5.957677106999e-04 
       4.207717083329e-02      -2.441151969178e-01      -1.984208942282e+03      -2.018115477214e+03      -2.338800682280e-01      -2.010891531400e+03       1.869803113280e-01       1.869803113280e-01       4.036230954429e+03       9.036020295864e-01       3.154905096047e-01      -5.638545064393e-08      -4.518037669091e-01      -2.487699359275e-04      -4.518010147932e-01      -6.047295448689e-04 
       4.269246779746e-02      -2.407231007008e-01      -2.014273157553e+03      -2.048702086323e+03      -2.306301649374e-01      -2.041367310966e+03       1.843821736582e-01       1.843821736582e-01       4.097404172646e+03       9.172965923010e-01       3.111067141573e-01      -5.557191563229e-08      -4.586510100390e-01      -2.514099696332e-04      -4.586482961505e-01      -6.137169196913e-04 
       4.331092789152e-02      -2.374247708036e-01      -2.044684692840e+03      -2.079595508427e+03      -2.274700762221e-01      -2.072155981297e+03       1.818560557884e-01       1.818560557884e-01       4.159191016853e+03       9.311322993703e-01       3.068445044578e-01      -5.476421976969e-08      -4.655688264111e-01      -2.537989656190e-04      -4.655661496852e-01      -6.227531865212e-04 
       4.393272254233e-02      -2.342180869979e-01      -2.075462748978e+03      -2.110814199317e+03      -2.243978663479e-01      -2.103276098003e+03       1.793991378778e-01       1.793991378778e-01       4.221628398634e+03       9.451144224511e-01       3.026987247724e-01      -5.412711314932e-08      -4.725598517969e-01      -2.559086448326e-04      -4.725572112255e-01      -6.318372456689e-04 
       4.455801827569e-02      -2.311007034713e-01      -2.106654899736e+03      -2.142401439737e+03      -2.214111856614e-01      -2.134771575882e+03       1.770108812377e-01       1.770108812377e-01       4.284802879474e+03       9.592657602516e-01       2.986688851484e-01      -5.337662990873e-08      -4.796354855599e-01      -2.577196980950e-04      -4.796328801258e-01      -6.409803426027e-04 
       4.518697714421e-02      -2.280699873938e-01      -2.138285040168e+03      -2.174381672886e+03      -2.185075268641e-01      -2.166666748887e+03       1.746891090212e-01       1.746891090212e-01       4.348763345772e+03       9.735969743088e-01       2.947512587273e-01      -5.243523028926e-08      -4.868010584328e-01      -2.592398413140e-04      -4.867984871544e-01      -6.501902995830e-04 
       4.581975712116e-02      -2.251226220418e-01      -2.170376801848e+03      -2.206777226202e+03      -2.156836861793e-01      -2.198984128522e+03       1.724315851054e-01       1.724315851054e-01       4.413554452404e+03       9.881189820294e-01       2.909421742180e-01      -5.177504377147e-08      -4.940620290913e-01      -2.604343897747e-04      -4.940594910147e-01      -6.594685432253e-04 
       4.645651246315e-02      -2.222584782534e-01      -2.202968907110e+03      -2.239625755228e+03      -2.129396105197e-01      -2.231761502633e+03       1.702373538219e-01       1.702373538219e-01       4.479251510456e+03       1.002846388562e+00       2.872397335642e-01      -5.120661070600e-08      -5.014257000835e-01      -2.613573768739e-04      -5.014231942811e-01      -6.688327209546e-04 
       4.709739404439e-02      -2.194745117099e-01      -2.236085058701e+03      -2.272950036413e+03      -2.102723634832e-01      -2.265021771804e+03       1.681043329462e-01       1.681043329462e-01       4.545900072827e+03       1.017790147029e+00       2.836405064262e-01      -5.046326049559e-08      -5.088975479423e-01      -2.619851923207e-04      -5.088950735143e-01      -6.782859528028e-04 
       4.774254966524e-02      -2.167678786179e-01      -2.269753065062e+03      -2.306777008589e+03      -2.076791807483e-01      -2.298791986216e+03       1.660308305345e-01       1.660308305345e-01       4.613554017179e+03       1.032963834210e+00       2.801418000056e-01      -4.984396726875e-08      -5.164843610405e-01      -2.622859046417e-04      -5.164819171051e-01      -6.878317193673e-04 
       4.839212433710e-02      -2.141349683933e-01      -2.303987470077e+03      -2.341120803892e+03      -2.051565860462e-01      -2.333086329423e+03       1.640143036141e-01       1.640143036141e-01       4.682241607784e+03       1.048374594189e+00       2.767393974317e-01      -4.930763624866e-08      -5.241897113840e-01      -2.622769448572e-04      -5.241872970944e-01      -6.974772168662e-04 
       4.904626054591e-02      -2.115758633266e-01      -2.338822252680e+03      -2.376015397607e+03      -2.027047481868e-01      -2.367938745472e+03       1.620536979198e-01       1.620536979198e-01       4.752030795213e+03       1.064034164978e+00       2.734311479782e-01      -4.856008937274e-08      -5.320194679495e-01      -2.619804798311e-04      -5.320170824889e-01      -7.072333389310e-04 
       4.970509849602e-02      -2.090855020692e-01      -2.374265037687e+03      -2.411468533518e+03      -2.003187312849e-01      -2.403356952105e+03       1.601462147215e-01       1.601462147215e-01       4.822937067035e+03       1.079949432703e+00       2.702126881634e-01      -4.809694191487e-08      -5.399770737726e-01      -2.613813946190e-04      -5.399747163513e-01      -7.171019890558e-04 
       5.036877633628e-02      -2.066647133143e-01      -2.410348877342e+03      -2.447513680457e+03      -1.979994608330e-01      -2.439374321216e+03       1.582908915400e-01       1.582908915400e-01       4.895027360915e+03       1.096130197235e+00       2.670818616615e-01      -4.729255676251e-08      -5.480674287519e-01      -2.605156141718e-04      -5.480650986176e-01      -7.270949001225e-04 
       5.103743036975e-02      -2.043071497265e-01      -2.447066174880e+03      -2.484144216281e+03      -1.957407455970e-01      -2.475984083751e+03       1.564842107774e-01       1.564842107774e-01       4.968288432563e+03       1.112577685806e+00       2.640331810914e-01      -4.675835947467e-08      -5.562911464702e-01      -2.593971127614e-04      -5.562888429030e-01      -7.372150955079e-04 
       5.171119524854e-02      -2.020099144058e-01      -2.484432856994e+03      -2.521377098764e+03      -1.935397772267e-01      -2.513203019485e+03       1.547243612175e-01       1.547243612175e-01       5.042754197527e+03       1.129300970543e+00       2.610637261143e-01      -4.618737618522e-08      -5.646527629699e-01      -2.579790632606e-04      -5.646504852713e-01      -7.474608614895e-04 
       5.239020415505e-02      -1.997714981893e-01      -2.522457441386e+03      -2.559222039972e+03      -1.913951929064e-01      -2.551040643707e+03       1.530091739823e-01       1.530091739823e-01       5.118444079945e+03       1.146300778890e+00       2.581694996828e-01      -4.563960090868e-08      -5.731526419277e-01      -2.563312008734e-04      -5.731503894452e-01      -7.578436343007e-04 
       5.307458897075e-02      -1.975880822687e-01      -2.561144300617e+03      -2.597686089114e+03      -1.893032762020e-01      -2.589503578303e+03       1.513364390464e-01       1.513364390464e-01       5.195372178229e+03       1.163582668032e+00       2.553470108595e-01      -4.508280062443e-08      -5.817935619119e-01      -2.544502055254e-04      -5.817913340161e-01      -7.683663566191e-04 
       5.376448043353e-02      -1.954547886768e-01      -2.600485181753e+03      -2.636762258900e+03      -1.872592842770e-01      -2.628584643524e+03       1.497032943529e-01       1.497032943529e-01       5.273524517800e+03       1.181146937623e+00       2.525917212445e-01      -4.456900845017e-08      -5.905756727188e-01      -2.523561765531e-04      -5.905734688114e-01      -7.790323077968e-04 
       5.446000828457e-02      -1.933684438600e-01      -2.640471862811e+03      -2.676445508071e+03      -1.852601878426e-01      -2.668278303202e+03       1.481071492125e-01       1.481071492125e-01       5.352891016142e+03       1.198990642342e+00       2.498992067857e-01      -4.425803700771e-08      -5.994975016492e-01      -2.500819522360e-04      -5.994953211708e-01      -7.898449312642e-04 
       5.516130140571e-02      -1.913372281701e-01      -2.681126106646e+03      -2.716760375854e+03      -1.833143986980e-01      -2.708608637322e+03       1.465471998966e-01       1.465471998966e-01       5.433520751708e+03       1.217096402284e+00       2.472657570806e-01      -4.338996545730e-08      -6.085503586415e-01      -2.476364719368e-04      -6.085482011421e-01      -8.007947754874e-04 
       5.586848794792e-02      -1.893393840041e-01      -2.722384039904e+03      -2.757646809678e+03      -1.814001462390e-01      -2.749515048830e+03       1.450182107033e-01       1.450182107033e-01       5.515293619356e+03       1.235482598558e+00       2.446863433797e-01      -4.324204049945e-08      -6.177434343277e-01      -2.450702745585e-04      -6.177412992790e-01      -8.119011185875e-04 
       5.658169545170e-02      -1.873829250742e-01      -2.764257332442e+03      -2.799120724163e+03      -1.795256804615e-01      -2.791012770530e+03       1.435192599563e-01       1.435192599563e-01       5.598241448326e+03       1.254127715448e+00       2.421570598354e-01      -4.289924618573e-08      -6.270659707402e-01      -2.423909791538e-04      -6.270638577238e-01      -8.231517824541e-04 
       5.730105096009e-02      -1.854650520901e-01      -2.806728563256e+03      -2.841167691321e+03      -1.776883394643e-01      -2.833086917635e+03       1.420479575349e-01       1.420479575349e-01       5.682335382641e+03       1.273023438963e+00       2.396737916852e-01      -4.186771228211e-08      -6.365138108455e-01      -2.396305615134e-04      -6.365117194817e-01      -8.345466105823e-04 
       5.802668112475e-02      -1.835757248511e-01      -2.849742573768e+03      -2.883739232696e+03      -1.758781973066e-01      -2.875688007324e+03       1.406004051417e-01       1.406004051417e-01       5.767478465392e+03       1.292163850882e+00       2.372312238224e-01      -4.139234942588e-08      -6.460839955260e-01      -2.368362225817e-04      -6.460819254409e-01      -8.460892568703e-04 
       5.875871230577e-02      -1.817145261260e-01      -2.893276108900e+03      -2.926815702131e+03      -1.740950050575e-01      -2.918795844765e+03       1.391744288089e-01       1.391744288089e-01       5.853631404262e+03       1.311531996070e+00       2.348250705475e-01      -4.098483334670e-08      -6.557680471578e-01      -2.340557738832e-04      -6.557659980351e-01      -8.577766459394e-04 
       5.949727066567e-02      -1.798779351368e-01      -2.937288485332e+03      -2.970362879272e+03      -1.723353896240e-01      -2.962375226046e+03       1.377673316554e-01       1.377673316554e-01       5.940725758545e+03       1.331112068166e+00       2.324507813744e-01      -4.054993745471e-08      -6.655580625201e-01      -2.312938052514e-04      -6.655560340831e-01      -8.695995989803e-04 
       6.024248225797e-02      -1.780627748447e-01      -2.981739851208e+03      -3.014346639876e+03      -1.705963096958e-01      -3.006391158849e+03       1.363766555231e-01       1.363766555231e-01       6.028693279753e+03       1.350888227482e+00       2.301042003173e-01      -4.004393080413e-08      -6.754461217320e-01      -2.286057296032e-04      -6.754441137410e-01      -8.815569078761e-04 
       6.099447311085e-02      -1.762650121516e-01      -3.026571093639e+03      -3.058714419625e+03      -1.688739000905e-01      -3.050790099087e+03       1.349993339076e-01       1.349993339076e-01       6.117428839249e+03       1.370836511374e+00       2.277801606654e-01      -3.966226365099e-08      -6.854202434264e-01      -2.260701318116e-04      -6.854182556868e-01      -8.936459261704e-04 
       6.175336930616e-02      -1.744817354157e-01      -3.071735554979e+03      -3.103426657824e+03      -1.671653709020e-01      -3.095531407911e+03       1.336331360207e-01       1.336331360207e-01       6.206853315648e+03       1.390938652193e+00       2.254748983214e-01      -3.964730238898e-08      -6.954712937466e-01      -2.236781420512e-04      -6.954693260964e-01      -9.058538339979e-04 
       6.251929705421e-02      -1.727085286714e-01      -3.117166564479e+03      -3.148423318944e+03      -1.654664520261e-01      -3.140554063368e+03       1.322751804139e-01       1.322751804139e-01       6.296846637889e+03       1.411169872195e+00       2.231837179164e-01      -3.873073459861e-08      -7.055868837840e-01      -2.215188629016e-04      -7.055849360975e-01      -9.181790720221e-04 
       6.329238276460e-02      -1.709448897184e-01      -3.162811113372e+03      -3.193659565057e+03      -1.637767929676e-01      -3.185811985555e+03       1.309234721357e-01       1.309234721357e-01       6.387319130115e+03       1.431501108923e+00       2.209027171737e-01      -3.838618963967e-08      -7.157524822585e-01      -2.196410196221e-04      -7.157505544616e-01      -9.306111400462e-04 
       6.407275311340e-02      -1.691844573087e-01      -3.208586580206e+03      -3.239059227481e+03      -1.620901504610e-01      -3.231228063292e+03       1.295749661747e-01       1.295749661747e-01       6.478118454963e+03       1.451907178509e+00       2.186273668889e-01      -3.785086980113e-08      -7.259554972168e-01      -2.180552953699e-04      -7.259535892545e-01      -9.431359581396e-04 
       6.486053510691e-02      -1.674251303708e-01      -3.254419817499e+03      -3.284557597150e+03      -1.604045685923e-01      -3.276736322103e+03       1.282273608546e-01       1.282273608546e-01       6.569115194301e+03       1.472354901866e+00       2.163535526897e-01      -3.761848069552e-08      -7.361793390717e-01      -2.168439296913e-04      -7.361774509332e-01      -9.557456609360e-04 
       6.565585614227e-02      -1.656649403629e-01      -3.300247589154e+03      -3.330099690373e+03      -1.587181763222e-01      -3.322280533052e+03       1.268789645813e-01       1.268789645813e-01       6.660199380747e+03       1.492817969328e+00       2.140783591496e-01      -3.708684848454e-08      -7.464108529621e-01      -2.160462225205e-04      -7.464089846639e-01      -9.684299582247e-04 
       6.645884406518e-02      -1.639002932985e-01      -3.345979493222e+03      -3.375603294299e+03      -1.570275113169e-01      -3.367777273523e+03       1.255272624193e-01       1.255272624193e-01       6.751206588598e+03       1.513260236647e+00       2.117976219827e-01      -3.664896863184e-08      -7.566319667310e-01      -2.157209543520e-04      -7.566301183235e-01      -9.811754549649e-04 
       6.726962722477e-02      -1.621288196796e-01      -3.391534614658e+03      -3.420995147964e+03      -1.553303114615e-01      -3.413152148502e+03       1.241703389310e-01       1.241703389310e-01       6.841990295928e+03       1.533647697361e+00       2.095080758440e-01      -3.618988879026e-08      -7.668256771172e-01      -2.159026532053e-04      -7.668238486804e-01      -9.939663003986e-04 
       6.808833452604e-02      -1.603482118208e-01      -3.436830429867e+03      -3.466201182910e+03      -1.536243628021e-01      -3.458329830306e+03       1.228064699701e-01       1.228064699701e-01       6.932402365820e+03       1.553946785137e+00       2.072068259310e-01      -3.578473680722e-08      -7.769752009299e-01      -2.166679118817e-04      -7.769733925687e-01      -1.006793501912e-03 
       6.891509547984e-02      -1.585562295278e-01      -3.481780563001e+03      -3.511142440759e+03      -1.519075157385e-01      -3.503230269027e+03       1.214339772719e-01       1.214339772719e-01       7.022284881517e+03       1.574121782324e+00       2.048910531156e-01      -3.536559476909e-08      -7.870626793186e-01      -2.180281746708e-04      -7.870608911621e-01      -1.019636500326e-03 
       6.975004025066e-02      -1.567510545998e-01      -3.526297861476e+03      -3.555740057820e+03      -1.501780346719e-01      -3.547773372405e+03       1.200513929394e-01       1.200513929394e-01       7.111480115640e+03       1.594136247786e+00       2.025582555050e-01      -3.497470799561e-08      -7.970698916932e-01      -2.200594492092e-04      -7.970681238931e-01      -1.032484428747e-03 
       7.059329970233e-02      -1.549311676975e-01      -3.570299149651e+03      -3.599917297838e+03      -1.484344657495e-01      -3.591881464275e+03       1.186575260859e-01       1.186575260859e-01       7.199834595677e+03       1.613955101788e+00       2.002064147902e-01      -3.478544494773e-08      -8.069792981683e-01      -2.227599610664e-04      -8.069775508941e-01      -1.045315051399e-03 
       7.144500544176e-02      -1.530951831388e-01      -3.613704726580e+03      -3.643601823040e+03      -1.466754667047e-01      -3.635481117639e+03       1.172514990324e-01       1.172514990324e-01       7.287203646081e+03       1.633546587831e+00       1.978341111808e-01      -3.413957254484e-08      -8.167750204839e-01      -2.261954032502e-04      -8.167732939156e-01      -1.058118801656e-03 
       7.230528986090e-02      -1.512421577810e-01      -3.656428750116e+03      -3.686714259069e+03      -1.449001518618e-01      -3.678492016249e+03       1.158323672140e-01       1.158323672140e-01       7.373428518137e+03       1.652873151515e+00       1.954396769673e-01      -3.375662539809e-08      -8.264382814228e-01      -2.304095472767e-04      -8.264365757573e-01      -1.070879056677e-03 
       7.317428617696e-02      -1.493713335761e-01      -3.698397293306e+03      -3.729185787101e+03      -1.431077842069e-01      -3.720844603145e+03       1.143996775150e-01       1.143996775150e-01       7.458371574202e+03       1.671904422802e+00       1.930223901724e-01      -3.335748918082e-08      -8.359538959619e-01      -2.353948616776e-04      -8.359522114008e-01      -1.083575614153e-03 
       7.405212847100e-02      -1.474823044540e-01      -3.739535564586e+03      -3.770947316670e+03      -1.412979776286e-01      -3.762468956800e+03       1.129530831159e-01       1.129530831159e-01       7.541894633340e+03       1.690608754353e+00       1.905816536859e-01      -3.294172056616e-08      -8.453060404260e-01      -2.412126143202e-04      -8.453043771764e-01      -1.096198294672e-03 
       7.493895172510e-02      -1.455751426271e-01      -3.779780694839e+03      -3.811938866055e+03      -1.394708018318e-01      -3.803304698058e+03       1.114926269761e-01       1.114926269761e-01       7.623877732110e+03       1.708958950357e+00       1.881175360012e-01      -3.254207213267e-08      -8.544811169100e-01      -2.478460642526e-04      -8.544794751785e-01      -1.108727439128e-03 
       7.583489185804e-02      -1.436536016002e-01      -3.819071436215e+03      -3.852103200691e+03      -1.376300703647e-01      -3.843294015438e+03       1.100184996558e-01       1.100184996558e-01       7.704206401381e+03       1.726908580564e+00       1.856294648529e-01      -3.419982715468e-08      -8.634559102550e-01      -2.553030227370e-04      -8.634542902821e-01      -1.121135268059e-03 
       7.674008575965e-02      -1.417080254461e-01      -3.857363944250e+03      -3.891397333882e+03      -1.357658777017e-01      -3.882393827723e+03       1.085313693310e-01       1.085313693310e-01       7.782794667764e+03       1.744499781049e+00       1.831212529743e-01      -3.171115547974e-08      -8.722514886195e-01      -2.636061900175e-04      -8.722498905245e-01      -1.133451563279e-03 
       7.765467132399e-02      -1.397498316977e-01      -3.894614110917e+03      -3.929778451943e+03      -1.338898161325e-01      -3.920561158119e+03       1.070319199982e-01       1.070319199982e-01       7.859556903886e+03       1.761651818622e+00       1.805913702872e-01      -3.134438465498e-08      -8.808274853081e-01      -2.727159991096e-04      -8.808259093112e-01      -1.145619718893e-03 
       7.857878748124e-02      -1.377773222211e-01      -3.930796648773e+03      -3.967220531506e+03      -1.320000587338e-01      -3.957770123339e+03       1.055213098710e-01       1.055213098710e-01       7.934441063013e+03       1.778371678743e+00       1.780425899500e-01      -3.111575527968e-08      -8.891873931015e-01      -2.826518096100e-04      -8.891858393717e-01      -1.157647132532e-03 
       7.951257422856e-02      -1.357922999565e-01      -3.965896205533e+03      -4.003705148527e+03      -1.300983362060e-01      -3.994002799375e+03       1.040008743975e-01       1.040008743975e-01       8.007410297053e+03       1.794650850968e+00       1.754771501844e-01      -3.103213071991e-08      -8.973269567968e-01      -2.933532222380e-04      -8.973254254839e-01      -1.169518943060e-03 
       8.045617265987e-02      -1.337949281064e-01      -3.999908216100e+03      -4.039224580759e+03      -1.281846876178e-01      -4.029251967405e+03       1.024721720765e-01       1.024721720765e-01       8.078449161518e+03       1.810498212780e+00       1.728981582215e-01      -3.007042991768e-08      -9.052506151797e-01      -3.047733485410e-04      -9.052491063901e-01      -1.181233356247e-03 
       8.140972499466e-02      -1.317903822459e-01      -4.032852595460e+03      -4.073793517713e+03      -1.262642264728e-01      -4.063533124355e+03       1.009372533041e-01       1.009372533041e-01       8.147587035427e+03       1.825904670842e+00       1.703084364778e-01      -2.971905617318e-08      -9.129538215848e-01      -3.168787123679e-04      -9.129523354211e-01      -1.192779441728e-03 
       8.237337460583e-02      -1.297809460983e-01      -4.064755824526e+03      -4.107431247741e+03      -1.243391162000e-01      -4.096866670821e+03       9.939816511519e-02       9.939816511519e-02       8.214862495482e+03       1.840881646052e+00       1.677115381666e-01      -2.957727160061e-08      -9.204422864958e-01      -3.296171512562e-04      -9.204408230262e-01      -1.204156123086e-03 
       8.334726604670e-02      -1.277680624812e-01      -4.095670368343e+03      -4.140181301155e+03      -1.224106247774e-01      -4.129297500376e+03       9.785740796548e-02       9.785740796548e-02       8.280362602309e+03       1.855461860599e+00       1.651121472048e-01      -2.884014356245e-08      -9.277323710638e-01      -3.428925610534e-04      -9.277309302997e-01      -1.215368797593e-03 
       8.433154507717e-02      -1.257576161453e-01      -4.125656954219e+03      -4.172094053837e+03      -1.204845537133e-01      -4.160877568363e+03       9.631747177057e-02       9.631747177057e-02       8.344188107675e+03       1.869650329646e+00       1.625137930473e-01      -2.875880699968e-08      -9.348265828792e-01      -3.566492015663e-04      -9.348251648232e-01      -1.226411848042e-03 
       8.532635868907e-02      -1.237459687882e-01      -4.154769799101e+03      -4.203211857486e+03      -1.185570164531e-01      -4.191651051589e+03       9.478048482703e-02       9.478048482703e-02       8.406423714971e+03       1.883513406196e+00       1.599217039259e-01      -2.798191126710e-08      -9.417580985437e-01      -3.707810990471e-04      -9.417567030980e-01      -1.237310239383e-03 
       8.633185513081e-02      -1.217525254743e-01      -4.183200197111e+03      -4.233711111399e+03      -1.166474099360e-01      -4.221796523891e+03       9.325140915940e-02       9.325140915940e-02       8.467422222797e+03       1.897036811083e+00       1.573409546555e-01      -2.758290491756e-08      -9.485197784094e-01      -3.851688525764e-04      -9.485184055414e-01      -1.248036041131e-03 
       8.734818393131e-02      -1.197624364906e-01      -4.210952863247e+03      -4.263582127731e+03      -1.147405403017e-01      -4.251306570378e+03       9.173074909590e-02       9.173074909590e-02       8.527164255462e+03       1.910332645828e+00       1.547763523577e-01      -2.721624313364e-08      -9.551676734103e-01      -3.997445799437e-04      -9.551663229142e-01      -1.258648906396e-03 
       8.837549592326e-02      -1.177947661773e-01      -4.238263019320e+03      -4.293041384262e+03      -1.128554300595e-01      -4.280400411420e+03       9.022376628256e-02       9.022376628256e-02       8.586082768524e+03       1.923406961955e+00       1.522336646977e-01      -2.687226746310e-08      -9.617048092565e-01      -4.143212109764e-04      -9.617034809775e-01      -1.269123311544e-03 
       8.941394326581e-02      -1.158524546697e-01      -4.265269912849e+03      -4.322210893716e+03      -1.109948468934e-01      -4.309202653910e+03       8.873330768886e-02       8.873330768886e-02       8.644421787431e+03       1.936319384505e+00       1.497178936938e-01      -2.649355978055e-08      -9.681609985198e-01      -4.288388941099e-04      -9.681596922525e-01      -1.279487266102e-03 
       9.046367946662e-02      -1.139320426001e-01      -4.292110464393e+03      -4.351206641986e+03      -1.091550582379e-01      -4.337832464135e+03       8.726187162994e-02       8.726187162994e-02       8.702413283973e+03       1.949177429538e+00       1.472349691177e-01      -2.652025530047e-08      -9.745899993376e-01      -4.431157577543e-04      -9.745887147689e-01      -1.289779345552e-03 
       9.152485940339e-02      -1.120364488306e-01      -4.318980134603e+03      -4.380203602803e+03      -1.073387664421e-01      -4.366467871324e+03       8.581286006572e-02       8.581286006572e-02       8.760407205605e+03       1.962075746907e+00       1.447910193023e-01      -2.555754588473e-08      -9.810391367025e-01      -4.569601120185e-04      -9.810378734534e-01      -1.300028437128e-03 
       9.259763934485e-02      -1.101832752865e-01      -4.346130584487e+03      -4.409430890283e+03      -1.055635927595e-01      -4.395341317927e+03       8.439039501360e-02       8.439039501360e-02       8.818861780566e+03       1.975014893419e+00       1.423898829695e-01      -2.670831875936e-08      -9.875086889508e-01      -4.703715575846e-04      -9.875074467094e-01      -1.310235401148e-03 
       9.368217697132e-02      -1.083585691202e-01      -4.373709852927e+03      -4.439015406659e+03      -1.038151569865e-01      -4.424582908543e+03       8.299628206777e-02       8.299628206777e-02       8.878030813318e+03       1.988194161006e+00       1.400387663585e-01      -2.477687462689e-08      -9.940983022466e-01      -4.830193986124e-04      -9.940970805029e-01      -1.320472301446e-03 
       9.477863139475e-02      -1.065819053974e-01      -4.402015704239e+03      -4.469229754554e+03      -1.021130812623e-01      -4.454468944158e+03       8.163479805456e-02       8.163479805456e-02       8.938459509107e+03       2.001615293977e+00       1.377413175877e-01      -2.439695805687e-08      -1.000808848661e+00      -4.949374165078e-04      -1.000807646989e+00      -1.330746137927e-03 
       9.588716317841e-02      -1.048490797529e-01      -4.431232243402e+03      -4.500236917044e+03      -1.004529240329e-01      -4.485165574233e+03       8.030781179380e-02       8.030781179380e-02       9.000473834089e+03       2.015411499065e+00       1.355023846855e-01      -2.402482718673e-08      -1.007706931657e+00      -5.058721920430e-04      -1.007705749533e+00      -1.341100308516e-03 
       9.700793435611e-02      -1.031650601802e-01      -4.461610488655e+03      -4.532264916093e+03      -9.883952787885e-02      -4.516904220496e+03       7.901810680496e-02       7.901810680496e-02       9.064529832186e+03       2.029674869898e+00       1.333263240460e-01      -2.365176605354e-08      -1.014838598077e+00      -5.157043689599e-04      -1.014837434949e+00      -1.351573693474e-03 
       9.814110845115e-02      -1.015335974873e-01      -4.493386447073e+03      -4.565528030443e+03      -9.727653894265e-02      -4.549902375201e+03       7.776790672416e-02       7.776790672416e-02       9.131056060887e+03       2.044494772832e+00       1.312166714062e-01      -2.346466621689e-08      -1.022248531122e+00      -5.243033888548e-04      -1.022247386416e+00      -1.362201714082e-03 
       9.928685049485e-02      -9.995604994209e-02      -4.526798898051e+03      -4.600244326115e+03      -9.576517970403e-02      -4.584381154821e+03       7.655921727313e-02       7.655921727313e-02       9.200488652231e+03       2.059982420494e+00       1.291771325897e-01      -2.324166087783e-08      -1.029992337150e+00      -5.315889494180e-04      -1.029991210247e+00      -1.373041441688e-03 
       1.004453270449e-01      -9.843254716294e-02      -4.562028465276e+03      -4.636578071042e+03      -9.430551298458e-02      -4.620507243042e+03       7.539289659223e-02       7.539289659223e-02       9.273156142084e+03       2.076223282904e+00       1.272094081724e-01      -2.268408627913e-08      -1.038112751191e+00      -5.373769785899e-04      -1.038111641452e+00      -1.384117322650e-03 
       1.016167062032e-01      -9.696823944621e-02      -4.599334179024e+03      -4.674767742608e+03      -9.290264167115e-02      -4.658522123703e+03       7.427081300068e-02       7.427081300068e-02       9.349535485217e+03       2.093298143219e+00       1.253159590713e-01      -2.257479211265e-08      -1.046650164826e+00      -5.416349112908e-04      -1.046649071609e+00      -1.395474919559e-03 
       1.028011576338e-01      -9.555975830296e-02      -4.638872322717e+03      -4.714958719490e+03      -9.155311751582e-02      -4.698572752416e+03       7.319310814091e-02       7.319310814091e-02       9.429917438979e+03       2.111310162462e+00       1.234979306335e-01      -2.191122229924e-08      -1.055656158603e+00      -5.443134442914e-04      -1.055655081231e+00      -1.407171053002e-03 
       1.039988525803e-01      -9.421140525755e-02      -4.680802256048e+03      -4.757299114772e+03      -9.026132472254e-02      -4.740808870672e+03       7.215984622184e-02       7.215984622184e-02       9.514598229544e+03       2.130282022010e+00       1.217543552263e-01      -2.154547574351e-08      -1.065142073169e+00      -5.453001703849e-04      -1.065141011005e+00      -1.419202179584e-03 
       1.052099638834e-01      -9.292064948605e-02      -4.725271495172e+03      -4.801928832071e+03      -8.902469539252e-02      -4.785371447090e+03       7.117085081722e-02       7.117085081722e-02       9.603857664143e+03       2.150301175620e+00       1.200855219723e-01      -2.132789203105e-08      -1.075151635422e+00      -5.446389044576e-04      -1.075150587810e+00      -1.431630031554e-03 
       1.064346659978e-01      -9.168468220018e-02      -4.772379547427e+03      -4.848943293734e+03      -8.784043853066e-02      -4.832356456319e+03       7.022520327617e-02       7.022520327617e-02       9.697886587467e+03       2.171429394612e+00       1.184902913189e-01      -2.099077469584e-08      -1.085715731028e+00      -5.422560257271e-04      -1.085714697306e+00      -1.444481700050e-03 
       1.076731350094e-01      -9.050711094252e-02      -4.822203590967e+03      -4.898421671113e+03      -8.671233332561e-02      -4.881842682154e+03       6.932171608402e-02       6.932171608402e-02       9.796843342227e+03       2.193642970866e+00       1.169653434399e-01      -2.070595650930e-08      -1.096822505851e+00      -5.384070890182e-04      -1.096821485433e+00      -1.457782406267e-03 
       1.089255486525e-01      -8.937880145181e-02      -4.874733714324e+03      -4.950359037385e+03      -8.563125022816e-02      -4.933824418882e+03       6.845803421448e-02       6.845803421448e-02       9.900718074769e+03       2.217009446354e+00       1.155082506705e-01      -2.042268300370e-08      -1.108505730909e+00      -5.328493097327e-04      -1.108504723177e+00      -1.471536394982e-03 
       1.101920863262e-01      -8.830107827263e-02      -4.929958023236e+03      -5.004754774538e+03      -8.459872161877e-02      -4.988299277114e+03       6.763195397125e-02       6.763195397125e-02       1.000950954908e+04       2.241478254332e+00       1.141142225234e-01      -2.026806827825e-08      -1.120740122752e+00      -5.258924349777e-04      -1.120739127166e+00      -1.485760618429e-03 
       1.114729291118e-01      -8.726596285085e-02      -4.987780451952e+03      -5.061527844492e+03      -8.360686512484e-02      -5.045183933084e+03       6.684030553134e-02       6.684030553134e-02       1.012305568898e+04       2.267059093784e+00       1.127788899462e-01      -1.987578418061e-08      -1.133530530866e+00      -5.175968398683e-04      -1.133529546892e+00      -1.500470586161e-03 
       1.127682597891e-01      -8.627661294466e-02      -5.048140682876e+03      -5.120638881514e+03      -8.265910265186e-02      -5.104435765405e+03       6.608063919191e-02       6.608063919191e-02       1.024127776303e+04       2.293652905693e+00       1.114964980573e-01      -1.956638251453e-08      -1.146827425637e+00      -5.082115713351e-04      -1.146826452847e+00      -1.515643477193e-03 
       1.140782628537e-01      -8.532094296081e-02      -5.110804176435e+03      -5.181879184592e+03      -8.174346627592e-02      -5.165842208447e+03       6.534849386211e-02       6.534849386211e-02       1.036375836918e+04       2.321243122556e+00       1.102611166563e-01      -1.959414560674e-08      -1.160622523314e+00      -4.978417863999e-04      -1.160621561278e+00      -1.531285410495e-03 
       1.154031245340e-01      -8.439434914740e-02      -5.175506798128e+03      -5.245016249022e+03      -8.085561982396e-02      -5.229166005011e+03       6.463943257391e-02       6.463943257391e-02       1.049003249804e+04       2.349709036534e+00       1.090649558508e-01      -1.912859349073e-08      -1.174855469902e+00      -4.867797571900e-04      -1.174854518267e+00      -1.547366920287e-03 
       1.167430328075e-01      -8.349479446448e-02      -5.242047322673e+03      -5.309883478143e+03      -7.999375586209e-02      -5.294235272810e+03       6.395014525090e-02       6.395014525090e-02       1.061976695629e+04       2.378943028771e+00       1.079018473470e-01      -1.889238682199e-08      -1.189472455896e+00      -4.752800532368e-04      -1.189471514385e+00      -1.563860362652e-03 
       1.180981774189e-01      -8.261572239479e-02      -5.310056119486e+03      -5.376151569204e+03      -7.915159080881e-02      -5.360714680646e+03       6.327563993306e-02       6.327563993306e-02       1.075230313841e+04       2.408793732827e+00       1.067633781205e-01      -1.866532603241e-08      -1.204397798003e+00      -4.635952942477e-04      -1.204396866413e+00      -1.580710776509e-03 
       1.194687498966e-01      -8.174871846712e-02      -5.379103920086e+03      -5.443434869568e+03      -7.832096601686e-02      -5.428212083547e+03       6.261068077420e-02       6.261068077420e-02       1.088686973914e+04       2.439106638243e+00       1.056411161412e-01      -1.981543566347e-08      -1.219554240935e+00      -4.520569276487e-04      -1.219553319121e+00      -1.597873464569e-03 
       1.208549435706e-01      -8.088767859499e-02      -5.448848382111e+03      -5.511437667553e+03      -7.749596108135e-02      -5.496424719740e+03       6.195148034327e-02       6.195148034327e-02       1.102287533511e+04       2.469762878830e+00       1.045289666486e-01      -1.821100872270e-08      -1.234882351551e+00      -4.409400663583e-04      -1.234881439415e+00      -1.615317437601e-03 
       1.222569535902e-01      -8.002772521415e-02      -5.518767098253e+03      -5.579686580079e+03      -7.667204064823e-02      -5.564871945877e+03       6.129263329652e-02       6.129263329652e-02       1.115937316016e+04       2.500515387128e+00       1.034172527939e-01      -1.798972408652e-08      -1.250258596020e+00      -4.306472222996e-04      -1.250257693564e+00      -1.632951061665e-03 
       1.236749769417e-01      -7.916266669164e-02      -5.588393949450e+03      -5.647765394634e+03      -7.584323785777e-02      -5.633130097448e+03       6.062982993389e-02       6.062982993389e-02       1.129553078927e+04       2.531181755243e+00       1.022988468925e-01      -1.777098368021e-08      -1.265591770335e+00      -4.214536821657e-04      -1.265590877622e+00      -1.650703471097e-03 
       1.251092124670e-01      -7.828692572813e-02      -5.657241173272e+03      -5.715235952715e+03      -7.500419851893e-02      -5.700753631969e+03       5.995893853031e-02       5.995893853031e-02       1.143047190543e+04       2.561564586073e+00       1.011668240421e-01      -1.755165235660e-08      -1.280783175887e+00      -4.136714284278e-04      -1.280782293037e+00      -1.668500117431e-03 
       1.265598608818e-01      -7.739546561281e-02      -5.724794374982e+03      -5.781633062559e+03      -7.415010985763e-02      -5.767270061992e+03       5.927595516209e-02       5.927595516209e-02       1.156326612512e+04       2.591448655358e+00       1.000143795893e-01      -1.733938412459e-08      -1.295725200484e+00      -4.076678506424e-04      -1.295724327679e+00      -1.686263950612e-03 
       1.280271247951e-01      -7.648358204019e-02      -5.790554509916e+03      -5.846504229805e+03      -7.327645409151e-02      -5.832220002764e+03       5.857740893053e-02       5.857740893053e-02       1.169300845961e+04       2.620630144008e+00       9.883570118241e-02      -1.711965793174e-08      -1.310315934533e+00      -4.036739315881e-04      -1.310315072004e+00      -1.703903763556e-03 
       1.295112087282e-01      -7.554743955180e-02      -5.854042013018e+03      -5.909412132380e+03      -7.237955742343e-02      -5.895159904026e+03       5.786035856900e-02       5.786035856900e-02       1.181882426476e+04       2.648909923299e+00       9.762582473772e-02      -1.690074890195e-08      -1.324455813626e+00      -4.019391594630e-04      -1.324454961649e+00      -1.721334018193e-03 
       1.310123191347e-01      -7.458480646300e-02      -5.914866054153e+03      -5.970003069060e+03      -7.145728954353e-02      -5.955730561853e+03       5.712300113943e-02       5.712300113943e-02       1.194000613812e+04       2.676124498127e+00       9.638167695672e-02      -1.667349386935e-08      -1.338063090186e+00      -4.027327956900e-04      -1.338062249064e+00      -1.738494701692e-03 
       1.325306644210e-01      -7.359265878678e-02      -5.972574906846e+03      -6.027856201563e+03      -7.050674228877e-02      -6.013506678950e+03       5.636315448962e-02       5.636315448962e-02       1.205571240313e+04       2.702085869633e+00       9.509962057596e-02      -1.645938022027e-08      -1.351043764751e+00      -4.061585121869e-04      -1.351042934817e+00      -1.755284399819e-03 
       1.340664549670e-01      -7.257037166751e-02      -6.026865599764e+03      -6.082691663199e+03      -6.952732678185e-02      -6.068205020516e+03       5.558021692128e-02       5.558021692128e-02       1.216538332640e+04       2.726663990814e+00       9.377859941834e-02      -1.623111358235e-08      -1.363332813811e+00      -4.123203445241e-04      -1.363331995407e+00      -1.771638065048e-03 
       1.356199031477e-01      -7.151892764398e-02      -6.077534904858e+03      -6.134318762568e+03      -6.852001654576e-02      -6.119633104056e+03       5.477454355553e-02       5.477454355553e-02       1.226863752514e+04       2.749762703605e+00       9.241908034541e-02      -1.591156998542e-08      -1.374882158331e+00      -4.213307356914e-04      -1.374881351803e+00      -1.787513146680e-03 
       1.371912233555e-01      -7.043706117852e-02      -6.124394371312e+03      -6.182552104795e+03      -6.748348066480e-02      -6.167605228510e+03       5.394660937634e-02       5.394660937634e-02       1.236510420959e+04       2.771333832042e+00       9.102234605413e-02      -1.577199416413e-08      -1.385667710358e+00      -4.329849494313e-04      -1.385666916021e+00      -1.802847383228e-03 
       1.387806320229e-01      -6.932931800489e-02      -6.167403775716e+03      -6.227345467913e+03      -6.642221713966e-02      -6.212076158120e+03       5.309813802485e-02       5.309813802485e-02       1.245469093583e+04       2.791314060451e+00       8.959071932666e-02      -1.560797130782e-08      -1.395657812055e+00      -4.473747851527e-04      -1.395657030225e+00      -1.817615492301e-03 
       1.403883476462e-01      -6.819715764937e-02      -6.206596165015e+03      -6.268711509003e+03      -6.533753747197e-02      -6.253061742416e+03       5.223129990712e-02       5.223129990712e-02       1.253742301801e+04       2.809736711775e+00       8.812821309976e-02      -1.529381701802e-08      -1.404869124943e+00      -4.641352108369e-04      -1.404868355888e+00      -1.831781019329e-03 
       1.420145908098e-01      -6.704576848163e-02      -6.242170371953e+03      -6.306818186812e+03      -6.423446381206e-02      -6.290734634553e+03       5.134943444181e-02       5.134943444181e-02       1.261363637362e+04       2.826663042011e+00       8.664025067314e-02      -1.508457652360e-08      -1.413332277058e+00      -4.832018571441e-04      -1.413331521005e+00      -1.845372103857e-03 
       1.436595842114e-01      -6.587919140957e-02      -6.274446203368e+03      -6.341942311975e+03      -6.311679133503e-02      -6.325378141865e+03       5.045654696193e-02       5.045654696193e-02       1.268388462395e+04       2.842244727872e+00       8.513389391906e-02      -1.482563916375e-08      -1.421123106831e+00      -5.039629950928e-04      -1.421122363936e+00      -1.858387833317e-03 
       1.453235526881e-01      -6.470416965886e-02      -6.303813829404e+03      -6.374420360778e+03      -6.199106014819e-02      -6.357336863300e+03       4.955682267272e-02       4.955682267272e-02       1.274884072156e+04       2.856610372295e+00       8.361587822117e-02      -1.458891560155e-08      -1.428305915779e+00      -5.262065170478e-04      -1.428305186148e+00      -1.870875148881e-03 
       1.470067232437e-01      -6.352662917714e-02      -6.330789525289e+03      -6.404703585042e+03      -6.086292855881e-02      -6.387071845475e+03       4.865501930816e-02       4.865501930816e-02       1.280940717008e+04       2.869972748758e+00       8.209430447055e-02      -1.430043721430e-08      -1.434987090714e+00      -5.494856708088e-04      -1.434986374379e+00      -1.882897146912e-03 
       1.487093250766e-01      -6.235157767371e-02      -6.355995106645e+03      -6.433340989734e+03      -5.973708944115e-02      -6.415143020368e+03       4.775624554420e-02       4.775624554420e-02       1.286668197947e+04       2.882620418421e+00       8.057821680050e-02      -1.410400321164e-08      -1.441310912309e+00      -5.731258082467e-04      -1.441310209211e+00      -1.894528451605e-03 
       1.504315896089e-01      -6.119059377153e-02      -6.380241293438e+03      -6.461060950932e+03      -5.862486852600e-02      -6.442291020559e+03       4.686649687480e-02       4.686649687480e-02       1.292212190186e+04       2.894802611931e+00       7.907677476626e-02      -1.386990443878e-08      -1.447401995937e+00      -5.966877042041e-04      -1.447401305965e+00      -1.905856050943e-03 
       1.521737505165e-01      -6.004423588010e-02      -6.404200127586e+03      -6.488451431306e+03      -5.752647098640e-02      -6.469116469734e+03       4.599024818885e-02       4.599024818885e-02       1.297690286261e+04       2.906909791159e+00       7.759887685225e-02      -1.364793291608e-08      -1.453455572656e+00      -6.195532077454e-04      -1.453454895580e+00      -1.917027135897e-03 
       1.539360437612e-01      -5.892742381173e-02      -6.428857448065e+03      -6.516407884597e+03      -5.645661365512e-02      -6.496528186322e+03       4.513369883212e-02       4.513369883212e-02       1.303281576919e+04       2.919190520944e+00       7.615324254188e-02      -1.339915760433e-08      -1.459595924905e+00      -6.410368745917e-04      -1.459595260472e+00      -1.928090121293e-03 
       1.557187076226e-01      -5.783902051808e-02      -6.454977405822e+03      -6.545609674864e+03      -5.541379828764e-02      -6.525218219748e+03       4.430101722139e-02       4.430101722139e-02       1.309121934973e+04       2.932111993568e+00       7.474858322972e-02      -1.317172267293e-08      -1.466056648957e+00      -6.607985623328e-04      -1.466055996784e+00      -1.939283497285e-03 
       1.575219827324e-01      -5.679081575487e-02      -6.483558212231e+03      -6.576968223060e+03      -5.440962331942e-02      -6.556110774880e+03       4.349748872643e-02       4.349748872643e-02       1.315393644612e+04       2.945971024200e+00       7.339257004651e-02      -1.294397826013e-08      -1.472986152423e+00      -6.781725461200e-04      -1.472985512100e+00      -1.950688637685e-03 
       1.593461121101e-01      -5.578373862901e-02      -6.515352008755e+03      -6.611159020283e+03      -5.344477419860e-02      -6.589892754378e+03       4.272633561177e-02       4.272633561177e-02       1.322231804057e+04       2.961156911157e+00       7.209147615926e-02      -1.272638045669e-08      -1.480579084543e+00      -6.926190849845e-04      -1.480578455579e+00      -1.962464437533e-03 
       1.611913411993e-01      -5.482307926483e-02      -6.551123108641e+03      -6.648877864277e+03      -5.252440569255e-02      -6.627270070189e+03       4.199054298808e-02       4.199054298808e-02       1.329775572855e+04       2.977952117936e+00       7.084998309751e-02      -1.251390127362e-08      -1.488976677095e+00      -7.038855457735e-04      -1.488976058968e+00      -1.974748089563e-03 
       1.630579179063e-01      -5.391120367846e-02      -6.591526973322e+03      -6.690724925257e+03      -5.165076625737e-02      -6.668851017968e+03       4.129214736020e-02       4.129214736020e-02       1.338144985051e+04       2.996637550951e+00       6.967160175697e-02      -1.231329538873e-08      -1.498319383319e+00      -7.116026727695e-04      -1.498318775475e+00      -1.987657358450e-03 
       1.649460926397e-01      -5.304982957590e-02      -6.637114191978e+03      -6.737212634736e+03      -5.082550939350e-02      -6.715153544634e+03       4.063236692331e-02       4.063236692331e-02       1.347442526947e+04       3.017442517940e+00       6.855835515297e-02      -1.211377271248e-08      -1.508721857102e+00      -7.154783904328e-04      -1.508721258970e+00      -2.001289910689e-03 
       1.668561183526e-01      -5.223821507331e-02      -6.688266930886e+03      -6.788702010206e+03      -5.004787006927e-02      -6.766541652247e+03       4.001130591818e-02       4.001130591818e-02       1.357740402041e+04       3.040555172660e+00       6.751064302502e-02      -1.192055430057e-08      -1.520278175331e+00      -7.155262261364e-04      -1.520277586330e+00      -2.015765660227e-03 
       1.687882505850e-01      -5.147673233583e-02      -6.745143205152e+03      -6.845356093368e+03      -4.931832405630e-02      -6.823177439395e+03       3.942779440065e-02       3.942779440065e-02       1.369071218674e+04       3.065995084151e+00       6.652600654202e-02      -1.173917027994e-08      -1.532998122491e+00      -7.121188046838e-04      -1.532997542076e+00      -2.031155396139e-03 
       1.707427475096e-01      -5.076063272415e-02      -6.807676971760e+03      -6.907127162678e+03      -4.863221849041e-02      -6.885010350138e+03       3.887946718060e-02       3.887946718060e-02       1.381425432536e+04       3.093786314913e+00       6.560087853988e-02      -1.156728640836e-08      -1.546893729812e+00      -7.050579877306e-04      -1.546893157457e+00      -2.047443088882e-03 
       1.727198699783e-01      -5.008615453614e-02      -6.875650105342e+03      -6.973842171361e+03      -4.798595718835e-02      -6.951860415752e+03       3.836336347411e-02       3.836336347411e-02       1.394768434272e+04       3.123846045654e+00       6.473023649675e-02      -1.143383340954e-08      -1.561923587604e+00      -6.949595622214e-04      -1.561923022827e+00      -2.064673593317e-03 
       1.747198815714e-01      -4.944920848243e-02      -6.948530806172e+03      -7.045037078778e+03      -4.737572429448e-02      -7.023253382556e+03       3.787511290520e-02       3.787511290520e-02       1.409007415756e+04       3.155912246284e+00       6.390629362468e-02      -1.122799931350e-08      -1.577956680739e+00      -6.824207415550e-04      -1.577956123142e+00      -2.082776621035e-03 
       1.767430486482e-01      -4.884379061548e-02      -7.025691009455e+03      -7.120170108403e+03      -4.679575903512e-02      -7.098634422837e+03       3.741022905703e-02       3.741022905703e-02       1.424034021681e+04       3.189737258070e+00       6.312151728358e-02      -1.107863785599e-08      -1.594869179787e+00      -6.679901552206e-04      -1.594868629035e+00      -2.101683616140e-03 
       1.787896404004e-01      -4.826024749611e-02      -7.106171959392e+03      -7.198385436666e+03      -4.623668253170e-02      -7.177132339905e+03       3.696293878915e-02       3.696293878915e-02       1.439677087333e+04       3.224996259820e+00       6.236670591238e-02      -1.092916000530e-08      -1.612498674088e+00      -6.522971547405e-04      -1.612498129910e+00      -2.121289853563e-03 
       1.808599289070e-01      -4.769226459299e-02      -7.188956807372e+03      -7.278788875438e+03      -4.569250197575e-02      -7.257834508923e+03       3.652772209841e-02       3.652772209841e-02       1.455757775088e+04       3.261251801297e+00       6.163231770698e-02      -1.078141943538e-08      -1.630626438431e+00      -6.364098436059e-04      -1.630625900648e+00      -2.141489389397e-03 
       1.829541891925e-01      -4.713381567009e-02      -7.273256792099e+03      -7.360706200401e+03      -4.515739232856e-02      -7.340049338657e+03       3.610060719708e-02       3.610060719708e-02       1.472141240080e+04       3.298222088685e+00       6.091186535175e-02      -1.064142956395e-08      -1.649111575860e+00      -6.209326205562e-04      -1.649111044342e+00      -2.162200751800e-03 
       1.850726992858e-01      -4.657904222503e-02      -7.357594963180e+03      -7.442800646849e+03      -4.462593316105e-02      -7.422419289189e+03       3.567475551799e-02       3.567475551799e-02       1.488560129370e+04       3.335192877223e+00       6.019302681977e-02      -1.049665365743e-08      -1.667596963859e+00      -6.069520242835e-04      -1.667596438611e+00      -2.183147603493e-03 
       1.872157402839e-01      -4.601543746223e-02      -7.440320969015e+03      -7.523554892957e+03      -4.408593916120e-02      -7.503407557261e+03       3.524309667017e-02       3.524309667017e-02       1.504710978591e+04       3.371585176594e+00       5.946470765729e-02      -1.035058398258e-08      -1.685793107201e+00      -5.952017675886e-04      -1.685792588297e+00      -2.204082678965e-03 
       1.893835964156e-01      -4.543887619328e-02      -7.520243629232e+03      -7.601899858550e+03      -4.353355633885e-02      -7.581926878365e+03       3.480127156552e-02       3.480127156552e-02       1.520379971710e+04       3.406856340497e+00       5.871915318575e-02      -1.021507305184e-08      -1.703428682653e+00      -5.865400122248e-04      -1.703428170249e+00      -2.224801213176e-03 
       1.915765551102e-01      -4.484286601611e-02      -7.596040958110e+03      -7.676621562027e+03      -4.296253253052e-02      -7.656747437520e+03       3.434470911694e-02       3.434470911694e-02       1.535324312405e+04       3.440472550516e+00       5.794878427192e-02      -1.007346390154e-08      -1.720236780945e+00      -5.815948338494e-04      -1.720236275258e+00      -2.245067637804e-03 
       1.937949070674e-01      -4.422338014913e-02      -7.666616751310e+03      -7.746710932722e+03      -4.236901960354e-02      -7.726847418365e+03       3.387020747212e-02       3.387020747212e-02       1.549342186544e+04       3.471969268004e+00       5.714815924444e-02      -9.930197340847e-09      -1.735985132705e+00      -5.808327011781e-04      -1.735984634002e+00      -2.264664467661e-03 
       1.960389463306e-01      -4.357831949563e-02      -7.731210542349e+03      -7.811468614685e+03      -4.175099857056e-02      -7.791518517966e+03       3.337625679813e-02       3.337625679813e-02       1.562293722937e+04       3.501033322340e+00       5.631476318432e-02      -9.785788065887e-09      -1.750517152602e+00      -5.845737732690e-04      -1.750516661170e+00      -2.283445958272e-03 
       1.983089703634e-01      -4.290757377275e-02      -7.789307460703e+03      -7.870408145592e+03      -4.110838854369e-02      -7.850270266440e+03       3.286246444325e-02       3.286246444325e-02       1.574081629118e+04       3.527428762447e+00       5.544783101017e-02      -9.636476967101e-09      -1.763714865088e+00      -5.928733703735e-04      -1.763714381224e+00      -2.301273107730e-03 
       2.006052801287e-01      -4.221154949739e-02      -7.840652952034e+03      -7.923271206322e+03      -4.044154935905e-02      -7.902845178936e+03       3.232950042314e-02       3.232950042314e-02       1.584654241264e+04       3.551058392018e+00       5.454861279428e-02      -9.484168452966e-09      -1.775529672023e+00      -6.055859810015e-04      -1.775529196009e+00      -2.318062204027e-03 
       2.029281801717e-01      -4.149473554383e-02      -7.885660242861e+03      -7.970431873714e+03      -3.975479764843e-02      -7.949623133521e+03       3.178059756329e-02       3.178059756329e-02       1.594086374743e+04       3.572082444913e+00       5.362249502965e-02      -9.332247362713e-09      -1.786041690383e+00      -6.223726082672e-04      -1.786041222456e+00      -2.333860290628e-03 
       2.052779787053e-01      -4.076137261580e-02      -7.924824838397e+03      -8.012310694402e+03      -3.905219787435e-02      -7.991036061999e+03       3.121897246977e-02       3.121897246977e-02       1.602462138880e+04       3.590693226689e+00       5.267489481280e-02      -9.178773395224e-09      -1.795347072993e+00      -6.425812524374e-04      -1.795346613344e+00      -2.348685321077e-03 
       2.076549876996e-01      -4.001753572166e-02      -7.959132963619e+03      -8.049787178183e+03      -3.833956064818e-02      -8.027979418959e+03       3.064938439609e-02       3.064938439609e-02       1.609957435637e+04       3.607299030859e+00       5.171387799787e-02      -9.023371430815e-09      -1.803649966684e+00      -6.654613465601e-04      -1.803649515430e+00      -2.362674961712e-03 
       2.100595229749e-01      -3.926955298234e-02      -7.989710178720e+03      -8.083852117660e+03      -3.762295017895e-02      -8.061464245857e+03       3.007664722313e-02       3.007664722313e-02       1.616770423532e+04       3.622352535288e+00       5.074755629431e-02      -8.867383373764e-09      -1.811176710458e+00      -6.899486211457e-04      -1.811176267644e+00      -2.375945377906e-03 
       2.124919042982e-01      -3.852531988613e-02      -8.018144855942e+03      -8.115935718479e+03      -3.690993092997e-02      -8.092944261778e+03       2.950679306486e-02       2.950679306486e-02       1.623187143696e+04       3.636506209668e+00       4.978610281422e-02      -8.713219079083e-09      -1.818253539249e+00      -7.149691104193e-04      -1.818253104834e+00      -2.388736288629e-03 
       2.149524554836e-01      -3.779185901578e-02      -8.045969146574e+03      -8.147406335611e+03      -3.620723691204e-02      -8.123812277910e+03       2.894511619416e-02       2.894511619416e-02       1.629481267122e+04       3.650380878589e+00       4.883842260062e-02      -8.558813808588e-09      -1.825190865432e+00      -7.395499791614e-04      -1.825190439295e+00      -2.401283469559e-03 
       2.174415044964e-01      -3.707474037394e-02      -8.074594310951e+03      -8.179497222162e+03      -3.552019565904e-02      -8.155328363871e+03       2.839597610983e-02       2.839597610983e-02       1.635899444432e+04       3.664548327019e+00       4.791190276764e-02      -8.407338648605e-09      -1.832274581554e+00      -7.622283681325e-04      -1.832274163509e+00      -2.413715041363e-03 
       2.199593835622e-01      -3.638125684025e-02      -8.105902652260e+03      -8.213930417928e+03      -3.485579177429e-02      -8.189238128258e+03       2.786498098476e-02       2.786498098476e-02       1.642786083586e+04       3.679794525858e+00       4.701601351017e-02      -8.256724423043e-09      -1.839897673151e+00      -7.822054485445e-04      -1.839897262929e+00      -2.426397502048e-03 
       2.225064292787e-01      -3.571607294651e-02      -8.141269242223e+03      -8.251937281880e+03      -3.421850449846e-02      -8.226794358721e+03       2.735556903031e-02       2.735556903031e-02       1.650387456376e+04       3.696673854472e+00       4.615651144077e-02      -8.113235597824e-09      -1.848337329954e+00      -7.985856867820e-04      -1.848336927236e+00      -2.439537186030e-03 
       2.250829827337e-01      -3.508242366396e-02      -8.181880983648e+03      -8.294572657054e+03      -3.361143015192e-02      -8.269071661501e+03       2.687024779358e-02       2.687024779358e-02       1.658914531411e+04       3.715670772512e+00       4.533763757357e-02      -7.975190881249e-09      -1.857835781826e+00      -8.104840111242e-04      -1.857835386256e+00      -2.453298337064e-03 
       2.276893896260e-01      -3.448293246321e-02      -8.228854852620e+03      -8.342884892901e+03      -3.303706857123e-02      -8.317128186374e+03       2.641119476939e-02       2.641119476939e-02       1.668576978580e+04       3.737272050463e+00       4.456312193906e-02      -7.837704048168e-09      -1.868636414044e+00      -8.176521686232e-04      -1.868636025232e+00      -2.467946643608e-03 
       2.303260003924e-01      -3.391877458854e-02      -8.283012775010e+03      -8.397654903444e+03      -3.249653136309e-02      -8.371750559056e+03       2.597948808611e-02       2.597948808611e-02       1.679530980689e+04       3.761844206295e+00       4.383484289231e-02      -7.707901728577e-09      -1.880922485611e+00      -8.198830535624e-04      -1.880922103147e+00      -2.483678975277e-03 
       2.329931703385e-01      -3.339000876829e-02      -8.344446891052e+03      -8.458978156310e+03      -3.198997514839e-02      -8.433033634755e+03       2.557394281856e-02       2.557394281856e-02       1.691795631262e+04       3.789342819209e+00       4.315039142781e-02      -7.585722939946e-09      -1.894671786094e+00      -8.174180676325e-04      -1.894671409604e+00      -2.500505534248e-03 
       2.356912597752e-01      -3.289276977801e-02      -8.413130822397e+03      -8.526896268662e+03      -3.151356552099e-02      -8.501008305353e+03       2.519322309847e-02       2.519322309847e-02       1.705379253732e+04       3.819896642832e+00       4.250805441057e-02      -7.473364017482e-09      -1.909948692308e+00      -8.107836461625e-04      -1.909948321416e+00      -2.518589482691e-03 
       2.384206341604e-01      -3.242381428207e-02      -8.488243146789e+03      -8.600690201024e+03      -3.106427856111e-02      -8.574940117241e+03       2.483382733149e-02       2.483382733149e-02       1.720138040205e+04       3.853102149467e+00       4.190158463190e-02      -7.353151155900e-09      -1.926551440337e+00      -8.008994089065e-04      -1.926551074733e+00      -2.537822925241e-03 
       2.411816642459e-01      -3.197673704684e-02      -8.568482284738e+03      -8.679208946384e+03      -3.063594481857e-02      -8.653655480738e+03       2.449126763442e-02       2.449126763442e-02       1.735841789277e+04       3.888462685395e+00       4.132354868800e-02      -7.242317165413e-09      -1.944231703263e+00      -7.888000616135e-04      -1.944231342697e+00      -2.558057312421e-03 
       2.439747262300e-01      -3.154528888691e-02      -8.652278544772e+03      -8.761058246387e+03      -3.022258078439e-02      -8.735733876902e+03       2.416072464704e-02       2.416072464704e-02       1.752211649277e+04       3.925337594599e+00       4.076580373578e-02      -7.135265666735e-09      -1.962669153005e+00      -7.756951512546e-04      -1.962668797300e+00      -2.579081693301e-03 
       2.468002019165e-01      -3.112214040503e-02      -8.737586606434e+03      -8.844392919924e+03      -2.981716851192e-02      -8.819300404777e+03       2.383654756476e-02       2.383654756476e-02       1.768878583985e+04       3.962881551870e+00       4.021880265276e-02      -7.031066173204e-09      -1.981441126874e+00      -7.630115336282e-04      -1.981440775935e+00      -2.600591085748e-03 
       2.496584788785e-01      -3.069973733819e-02      -8.822307589618e+03      -8.927316860176e+03      -2.941243186597e-02      -8.902428871448e+03       2.351343695192e-02       2.351343695192e-02       1.785463372035e+04       4.000269188332e+00       3.967376560148e-02      -6.925551187786e-09      -2.000134940360e+00      -7.519778260367e-04      -2.000134594166e+00      -2.622261804097e-03 
       2.525499506303e-01      -3.027474464837e-02      -8.904673096547e+03      -9.008250300601e+03      -2.900529455489e-02      -8.983511349958e+03       2.318738556628e-02       2.318738556628e-02       1.801650060120e+04       4.036658055381e+00       3.912344717047e-02      -6.826101755790e-09      -2.018329369082e+00      -7.439612294742e-04      -2.018329027691e+00      -2.643781368807e-03 
       2.554750168040e-01      -2.983951343087e-02      -8.982638687903e+03      -9.085313018918e+03      -2.858830899138e-02      -9.060643576232e+03       2.285400998020e-02       2.285400998020e-02       1.817062603784e+04       4.071314332214e+00       3.856094240128e-02      -6.723721508743e-09      -2.035657502593e+00      -7.397126930657e-04      -2.035657166107e+00      -2.664808309582e-03 
       2.584340833344e-01      -2.939169126356e-02      -9.054876588094e+03      -9.157302129533e+03      -2.815926105751e-02      -9.132604167431e+03       2.251102621728e-02       2.251102621728e-02       1.831460425907e+04       4.103649545103e+00       3.798223687066e-02      -6.619446802583e-09      -2.051825103989e+00      -7.402357885614e-04      -2.051824772552e+00      -2.685131948118e-03 
       2.614275626498e-01      -2.893022582456e-02      -9.120606143177e+03      -9.223504101334e+03      -2.771714559097e-02      -9.198669713911e+03       2.215758966727e-02       2.215758966727e-02       1.844700820267e+04       4.133335348180e+00       3.738589264869e-02      -6.517040395801e-09      -2.066668000324e+00      -7.456796524579e-04      -2.066667674090e+00      -2.704570176224e-03 
       2.644558738710e-01      -2.845444897845e-02      -9.179194820763e+03      -9.283295275763e+03      -2.726132089112e-02      -9.258215748317e+03       2.179320476497e-02       2.179320476497e-02       1.856659055153e+04       4.160092631310e+00       3.677107903016e-02      -6.412313171084e-09      -2.080046636522e+00      -7.559101502263e-04      -2.080046315655e+00      -2.722927192516e-03 
       2.675194430176e-01      -2.796577927753e-02      -9.230723240849e+03      -9.336703160225e+03      -2.679314355263e-02      -9.311278099152e+03       2.141898234347e-02       2.141898234347e-02       1.867340632045e+04       4.183939906639e+00       3.613967853258e-02      -6.303789312652e-09      -2.091970268675e+00      -7.704345460795e-04      -2.091969953320e+00      -2.740137171520e-03 
       2.706187032217e-01      -2.746805206094e-02      -9.276132757219e+03      -9.384552057884e+03      -2.631629315755e-02      -9.358698690513e+03       2.103778858189e-02       2.103778858189e-02       1.876910411577e+04       4.205248854529e+00       3.549650361866e-02      -6.197933201815e-09      -2.102624737003e+00      -7.883497594102e-04      -2.102624427264e+00      -2.756290907688e-03 
       2.737540949511e-01      -2.696538056191e-02      -9.316679718446e+03      -9.427935788235e+03      -2.583470123350e-02      -9.401595856824e+03       2.065287756376e-02       2.065287756376e-02       1.885587157647e+04       4.224532125696e+00       3.484707957359e-02      -6.089549285056e-09      -2.112266366916e+00      -8.085148442758e-04      -2.112266062848e+00      -2.771530047567e-03 
       2.769260662395e-01      -2.646309326877e-02      -9.354106192939e+03      -9.468394090677e+03      -2.535348162159e-02      -9.441539688510e+03       2.026820967341e-02       2.026820967341e-02       1.893678818135e+04       4.242483445642e+00       3.419804870569e-02      -5.982683084088e-09      -2.121242021221e+00      -8.293650109220e-04      -2.121241722821e+00      -2.786043071470e-03 
       2.801350729270e-01      -2.596791505295e-02      -9.390943117477e+03      -9.508238752415e+03      -2.487906859114e-02      -9.480874241820e+03       1.988903229227e-02       1.988903229227e-02       1.901647750483e+04       4.260165961057e+00       3.355829721050e-02      -5.875553905457e-09      -2.130083273343e+00      -8.496040765169e-04      -2.130082980528e+00      -2.800291793425e-03 
       2.833815789091e-01      -2.548523488152e-02      -9.429347580797e+03      -9.549409805180e+03      -2.441663316052e-02      -9.521571838076e+03       1.951936362861e-02       1.951936362861e-02       1.909881961036e+04       4.278454658227e+00       3.293456874993e-02      -5.772027846808e-09      -2.139227616482e+00      -8.677022648655e-04      -2.139227329113e+00      -2.814583649350e-03 
       2.866660563954e-01      -2.501910197101e-02      -9.471533283340e+03      -9.593930943638e+03      -2.396999687903e-02      -9.565684131167e+03       1.916301099180e-02       1.916301099180e-02       1.918786188728e+04       4.298348097990e+00       3.233352255538e-02      -5.672598490306e-09      -2.149174331124e+00      -8.824127994753e-04      -2.149174048995e+00      -2.829347657235e-03 
       2.899889861791e-01      -2.457557599216e-02      -9.519319701681e+03      -9.643470476489e+03      -2.354511992417e-02      -9.614901620866e+03       1.882270674317e-02       1.882270674317e-02       1.928694095298e+04       4.320397636836e+00       3.175913330512e-02      -5.571374833025e-09      -2.160199095527e+00      -8.930966584197e-04      -2.160198818418e+00      -2.844829064990e-03 
       2.933508579160e-01      -2.415358205963e-02      -9.573728735745e+03      -9.698971854459e+03      -2.314082029251e-02      -9.670179199308e+03       1.849950191401e-02       1.849950191401e-02       1.939794370892e+04       4.345236817434e+00       3.121379856263e-02      -5.476294769502e-09      -2.172618681068e+00      -8.992064913461e-04      -2.172618408717e+00      -2.861337984842e-03 
       2.967521704153e-01      -2.375294184951e-02      -9.635151236469e+03      -9.760803509549e+03      -2.275693053249e-02      -9.731888475671e+03       1.819322011879e-02       1.819322011879e-02       1.952160701910e+04       4.373032735797e+00       3.069720741972e-02      -5.384752940327e-09      -2.186516635748e+00      -9.007533189630e-04      -2.186516367898e+00      -2.878980737652e-03 
       3.001934319413e-01      -2.337397506593e-02      -9.703193595997e+03      -9.828629851368e+03      -2.239390007340e-02      -9.799685058284e+03       1.790234755910e-02       1.790234755910e-02       1.965725970274e+04       4.403424693731e+00       3.020621992231e-02      -5.295406162815e-09      -2.201712610427e+00      -8.984221527582e-04      -2.201712346865e+00      -2.897639682402e-03 
       3.036751605276e-01      -2.301121250396e-02      -9.776845519882e+03      -9.901565860711e+03      -2.204634551072e-02      -9.872665070194e+03       1.762447146877e-02       1.762447146877e-02       1.980313172142e+04       4.436214277254e+00       2.973735638916e-02      -5.209774813791e-09      -2.218107398100e+00      -8.930195977030e-04      -2.218107138627e+00      -2.917316791863e-03 
       3.071978843033e-01      -2.266161618223e-02      -9.854659094775e+03      -9.978343484676e+03      -2.171140492609e-02      -9.949533383909e+03       1.735667418067e-02       1.735667418067e-02       1.995668696935e+04       4.470750276772e+00       2.928549696567e-02      -5.126570468583e-09      -2.235375393919e+00      -8.859469250163e-04      -2.235375138386e+00      -2.937824748916e-03 
       3.107621418325e-01      -2.232063523121e-02      -9.934689533118e+03      -1.005723017058e+04      -2.138471876701e-02      -1.002852572019e+04       1.709547290869e-02       1.709547290869e-02       2.011446034116e+04       4.506240155238e+00       2.884476596776e-02      -5.045603245804e-09      -2.253120329309e+00      -8.786270881482e-04      -2.253120077619e+00      -2.958890992052e-03 
       3.143684824675e-01      -2.198383083814e-02      -1.001486190932e+04      -1.013637479654e+04      -2.106203416710e-02      -1.010775752388e+04       1.683747856261e-02       1.683747856261e-02       2.027274959308e+04       4.541838380484e+00       2.840944843162e-02      -4.966006909868e-09      -2.270919438136e+00      -8.725542933784e-04      -2.270919190242e+00      -2.980220983930e-03 
       3.180174667161e-01      -2.164680016113e-02      -1.009294550168e+04      -1.021375183349e+04      -2.073913343228e-02      -1.018517292123e+04       1.657931936394e-02       1.657931936394e-02       2.042750366699e+04       4.576621236133e+00       2.797385522380e-02      -4.887210319924e-09      -2.288310862161e+00      -8.690407565825e-04      -2.288310618066e+00      -3.001442636157e-03 
       3.217096666243e-01      -2.130585129806e-02      -1.016689761771e+04      -1.028748147162e+04      -2.041247958443e-02      -1.025886827017e+04       1.631817063267e-02       1.631817063267e-02       2.057496294324e+04       4.609733759349e+00       2.753322122885e-02      -4.808689039125e-09      -2.304867119926e+00      -8.690496473202e-04      -2.304866879675e+00      -3.022172076340e-03 
       3.254456661739e-01      -2.095896215731e-02      -1.023537765515e+04      -1.035632473684e+04      -2.008013546527e-02      -1.032758978891e+04       1.605248350473e-02       1.605248350473e-02       2.071264947368e+04       4.640612632113e+00       2.708493300821e-02      -4.729964193402e-09      -2.320306552396e+00      -8.731062286594e-04      -2.320306316056e+00      -3.042139196231e-03 
       3.292260616973e-01      -2.060504103675e-02      -1.029775880979e+04      -1.041967868867e+04      -1.974102014779e-02      -1.039073135300e+04       1.578185104565e-02       1.578185104565e-02       2.083935737735e+04       4.669047121702e+00       2.662844692469e-02      -4.652555878975e-09      -2.334523793212e+00      -8.812003486698e-04      -2.334523560851e+00      -3.061210494035e-03 
       3.330514623091e-01      -2.024721863256e-02      -1.035446026703e+04      -1.047790884655e+04      -1.939823775408e-02      -1.044866657241e+04       1.550737963286e-02       1.550737963286e-02       2.095581769310e+04       4.695020121636e+00       2.616519970267e-02      -4.571583872345e-09      -2.347510289131e+00      -8.928843042510e-04      -2.347510060818e+00      -3.079304896314e-03 
       3.369224903559e-01      -1.988617765525e-02      -1.040652074486e+04      -1.053192799573e+04      -1.905233491003e-02      -1.050232716614e+04       1.523090735872e-02       1.523090735872e-02       2.106385599147e+04       4.719139114188e+00       2.569873087036e-02      -4.492608347662e-09      -2.359569781335e+00      -9.070434309026e-04      -2.359569557094e+00      -3.096627589270e-03 
       3.408397818850e-01      -1.952534332014e-02      -1.045557593333e+04      -1.058319139097e+04      -1.870660510185e-02      -1.055319537824e+04       1.495490528721e-02       1.495490528721e-02       2.116638278193e+04       4.742051732625e+00       2.523315918417e-02      -4.409993148013e-09      -2.371026086493e+00      -9.224906117410e-04      -2.371025866313e+00      -3.113397386295e-03 
       3.448039871328e-01      -1.916954829420e-02      -1.050359559592e+04      -1.063345821386e+04      -1.836576025571e-02      -1.060306183265e+04       1.468205930265e-02       1.468205930265e-02       2.126691642771e+04       4.764405930251e+00       2.477267843120e-02      -4.335276279263e-09      -2.382203181282e+00      -9.378744059629e-04      -2.382202965125e+00      -3.129807810277e-03 
       3.488157710346e-01      -1.882041734899e-02      -1.055247313137e+04      -1.068441141222e+04      -1.803126698428e-02      -1.065364096949e+04       1.441471528368e-02       1.441471528368e-02       2.136882282445e+04       4.787142098315e+00       2.432161371555e-02      -4.256493406766e-09      -2.393571261378e+00      -9.515876173402e-04      -2.393571049157e+00      -3.146194825265e-03 
       3.528758137560e-01      -1.848153780988e-02      -1.060418326237e+04      -1.073784757153e+04      -1.770660050829e-02      -1.070675568206e+04       1.415514575083e-02       1.415514575083e-02       2.147569514305e+04       4.811005493972e+00       2.388364127308e-02      -4.183322245369e-09      -2.405502955383e+00      -9.627833697520e-04      -2.405502746986e+00      -3.162891936475e-03 
       3.569848112472e-01      -1.815479818732e-02      -1.066026584767e+04      -1.079518336735e+04      -1.739356111681e-02      -1.076384067435e+04       1.390490486209e-02       1.390490486209e-02       2.159036673470e+04       4.836658041122e+00       2.346141934753e-02      -4.109475641961e-09      -2.418329225274e+00      -9.705709248401e-04      -2.418329020561e+00      -3.180173602241e-03 
       3.611434758224e-01      -1.784135481580e-02      -1.072175583946e+04      -1.085740775502e+04      -1.709326033492e-02      -1.082589120137e+04       1.366483364070e-02       1.366483364070e-02       2.171481551004e+04       4.864539651135e+00       2.305635210410e-02      -4.038266089045e-09      -2.432270026746e+00      -9.748936663470e-04      -2.432269825567e+00      -3.198306287032e-03 
       3.653525367639e-01      -1.754089181083e-02      -1.078882274297e+04      -1.092472399814e+04      -1.680539568499e-02      -1.089310503052e+04       1.343469077461e-02       1.343469077461e-02       2.184944799628e+04       4.894739112086e+00       2.266803253811e-02      -3.969327908854e-09      -2.447369753834e+00      -9.761878961473e-04      -2.447369556043e+00      -3.217414119584e-03 
       3.696127409538e-01      -1.725127551620e-02      -1.086043286640e+04      -1.099620834937e+04      -1.652792175240e-02      -1.096454200371e+04       1.321286101422e-02       1.321286101422e-02       2.199241669874e+04       4.926837186806e+00       2.229374150403e-02      -3.902469254143e-09      -2.463418787929e+00      -9.751793142185e-04      -2.463418593403e+00      -3.237348676523e-03 
       3.739248535338e-01      -1.696964201639e-02      -1.093489039878e+04      -1.107033656101e+04      -1.625809647196e-02      -1.103865234279e+04       1.299713498695e-02       1.299713498695e-02       2.214067312202e+04       4.960134574418e+00       2.192974577298e-02      -3.837121383349e-09      -2.480067478560e+00      -9.731637937994e-04      -2.480067287209e+00      -3.257875788670e-03 
       3.782896585951e-01      -1.669292525860e-02      -1.101022071004e+04      -1.114532144996e+04      -1.599298140571e-02      -1.111362108500e+04       1.278518113238e-02       1.278518113238e-02       2.229064289993e+04       4.993818686884e+00       2.157211683366e-02      -3.772973099369e-09      -2.496909531674e+00      -9.713691765609e-04      -2.496909343442e+00      -3.278679699705e-03 
       3.827079599000e-01      -1.641837853793e-02      -1.108446400656e+04      -1.121939735254e+04      -1.572994572999e-02      -1.118765371646e+04       1.257489197250e-02       1.257489197250e-02       2.243879470507e+04       5.027082488417e+00       2.121729743598e-02      -3.709753301937e-09      -2.513541429345e+00      -9.710940836497e-04      -2.513541244209e+00      -3.299459223560e-03 
       3.871805816365e-01      -1.614415541571e-02      -1.115616098730e+04      -1.129125534871e+04      -1.546722040947e-02      -1.125941891336e+04       1.236485647022e-02       1.236485647022e-02       2.258251069742e+04       5.059328367872e+00       2.086290776455e-02      -3.647043951368e-09      -2.529664365981e+00      -9.732242865556e-04      -2.529664183936e+00      -3.319979427310e-03 
       3.917083692089e-01      -1.586919088079e-02      -1.122434583184e+04      -1.136001783664e+04      -1.520378451104e-02      -1.132802603413e+04       1.215426706468e-02       1.215426706468e-02       2.272003567328e+04       5.090157832443e+00       2.050758793101e-02      -3.584836334069e-09      -2.545079095166e+00      -9.781857065570e-04      -2.545078916222e+00      -3.340057773056e-03 
       3.962921900649e-01      -1.559253307302e-02      -1.128833601805e+04      -1.142501099205e+04      -1.493870754169e-02      -1.139280052037e+04       1.194262261609e-02       1.194262261609e-02       2.285002198410e+04       5.119315387677e+00       2.015056827898e-02      -3.521461907126e-09      -2.559657869670e+00      -9.860110857947e-04      -2.559657693839e+00      -3.359539421067e-03 
       4.009329345627e-01      -1.531590172603e-02      -1.134852030680e+04      -1.148655412476e+04      -1.467369665799e-02      -1.145407229696e+04       1.173050454522e-02       1.173050454522e-02       2.297310824952e+04       5.146796172190e+00       1.979258486088e-02      -3.460916583942e-09      -2.573398258800e+00      -9.960725488915e-04      -2.573398086095e+00      -3.378322836532e-03 
       4.056315168792e-01      -1.503937752408e-02      -1.140587985313e+04      -1.154549685154e+04      -1.440874623493e-02      -1.151271085407e+04       1.151899152808e-02       1.151899152808e-02       2.309099370307e+04       5.173205293482e+00       1.943579643500e-02      -3.397256328263e-09      -2.586602816335e+00      -1.007264666062e-03      -2.586602646741e+00      -3.396612910648e-03 
       4.103888759632e-01      -1.476629801517e-02      -1.146225995106e+04      -1.160351674418e+04      -1.414711495395e-02      -1.157041854679e+04       1.130988406603e-02       1.130988406603e-02       2.320703348836e+04       5.199147002396e+00       1.908298933367e-02      -3.340347474740e-09      -2.599573667713e+00      -1.018616024913e-03      -2.599573501198e+00      -3.414635481951e-03 
       4.152059765344e-01      -1.449910894988e-02      -1.151963628076e+04      -1.166242026899e+04      -1.389115468344e-02      -1.162902673752e+04       1.110494506153e-02       1.110494506153e-02       2.332484053797e+04       5.225415550440e+00       1.873710139474e-02      -3.279047489467e-09      -2.612707938713e+00      -1.029058778466e-03      -2.612707775220e+00      -3.432719975401e-03 
       4.200838101329e-01      -1.423835259007e-02      -1.157940420489e+04      -1.172346443105e+04      -1.364133047305e-02      -1.168981299405e+04       1.090525716591e-02       1.090525716591e-02       2.344692886209e+04       5.252735508760e+00       1.840018165842e-02      -3.220313634561e-09      -2.626367914933e+00      -1.037440697829e-03      -2.626367754380e+00      -3.451138807082e-03 
       4.250233962207e-01      -1.398511399154e-02      -1.164234169614e+04      -1.178735044442e+04      -1.339871200924e-02      -1.175348993493e+04       1.071128076624e-02       1.071128076624e-02       2.357470088884e+04       5.281343729184e+00       1.807288347727e-02      -3.163357078577e-09      -2.640672022289e+00      -1.043708537332e-03      -2.640671864592e+00      -3.470031914279e-03 
       4.300257833389e-01      -1.373916579466e-02      -1.170858394860e+04      -1.185420833505e+04      -1.316307633924e-02      -1.182018827628e+04       1.052290479007e-02       1.052290479007e-02       2.370841667010e+04       5.311313524730e+00       1.775504044456e-02      -3.107459209620e-09      -2.655656917288e+00      -1.047745209038e-03      -2.655656762365e+00      -3.489426835554e-03 
       4.350920503249e-01      -1.350016810121e-02      -1.177801093733e+04      -1.192398638617e+04      -1.293409970230e-02      -1.188984561487e+04       1.033984804964e-02       1.033984804964e-02       2.384797277234e+04       5.342611906695e+00       1.744617112498e-02      -3.052871303838e-09      -2.671306105576e+00      -1.050231965816e-03      -2.671305953348e+00      -3.509409938709e-03 
       4.402233075914e-01      -1.326695553057e-02      -1.184972749481e+04      -1.199591092343e+04      -1.271066537134e-02      -1.196166990969e+04       1.016122308372e-02       1.016122308372e-02       2.399182184686e+04       5.374884192950e+00       1.714477977783e-02      -2.999513874901e-09      -2.687442246074e+00      -1.051928526577e-03      -2.687442096475e+00      -3.529878545448e-03 
       4.454206984736e-01      -1.303782273065e-02      -1.192222742850e+04      -1.206862315208e+04      -1.249113969051e-02      -1.203428047788e+04       9.985724451176e-03       9.985724451176e-03       2.413724630416e+04       5.407510132432e+00       1.684866393484e-02      -2.947161975271e-09      -2.703755213232e+00      -1.053845282615e-03      -2.703755066216e+00      -3.550603125893e-03 
       4.506854006466e-01      -1.281111207254e-02      -1.199391883386e+04      -1.214066780015e+04      -1.227393478714e-02      -1.210620194182e+04       9.812082061495e-03       9.812082061495e-03       2.428133560030e+04       5.439826605346e+00       1.655568038313e-02      -2.895442489237e-09      -2.719913447133e+00      -1.056925114341e-03      -2.719913302673e+00      -3.571316717776e-03 
       4.560186276189e-01      -1.258553403447e-02      -1.206346004483e+04      -1.221079824551e+04      -1.205781523886e-02      -1.217617391359e+04       9.639309247800e-03       9.639309247800e-03       2.442159649103e+04       5.471267550405e+00       1.626416464456e-02      -2.844292240300e-09      -2.735633917119e+00      -1.061691818860e-03      -2.735633775202e+00      -3.591747254107e-03 
       4.614216303071e-01      -1.236083853110e-02      -1.213047373060e+04      -1.227867002578e+04      -1.184254140953e-02      -1.224384708890e+04       9.467214911077e-03       9.467214911077e-03       2.455734005156e+04       5.501676161269e+00       1.597379443013e-02      -2.793593099664e-09      -2.750838220017e+00      -1.068252507995e-03      -2.750838080634e+00      -3.611813408085e-03 
       4.668956986955e-01      -1.213759155304e-02      -1.219544153708e+04      -1.234472758366e+04      -1.162865551316e-02      -1.230967133970e+04       9.296231905355e-03       9.296231905355e-03       2.468945516733e+04       5.531254465012e+00       1.568529989439e-02      -2.743411351166e-09      -2.765627369371e+00      -1.076278587501e-03      -2.765627232506e+00      -3.631590022011e-03 
       4.724421635890e-01      -1.191648075256e-02      -1.225906606707e+04      -1.240958347384e+04      -1.141681629192e-02      -1.237427279688e+04       9.126885957865e-03       9.126885957865e-03       2.481916694769e+04       5.560283597820e+00       1.539956780628e-02      -2.693805620987e-09      -2.780141933282e+00      -1.085103228860e-03      -2.780141798910e+00      -3.651148320678e-03 
       4.780623984623e-01      -1.169814751316e-02      -1.232209140522e+04      -1.247386115829e+04      -1.120763818878e-02      -1.243829329333e+04       8.959666798888e-03       8.959666798888e-03       2.494772231659e+04       5.589051572324e+00       1.511742401561e-02      -2.644852001833e-09      -2.794525918072e+00      -1.093892692100e-03      -2.794525786162e+00      -3.670537606331e-03 
       4.837578214154e-01      -1.148356736352e-02      -1.238568846835e+04      -1.253861631186e+04      -1.100205568636e-02      -1.250280562328e+04       8.795321471780e-03       8.795321471780e-03       2.507723262372e+04       5.618040412596e+00       1.484012898844e-02      -2.596595124135e-09      -2.809020335788e+00      -1.101882580833e-03      -2.809020206298e+00      -3.689939537216e-03 
       4.895298972391e-01      -1.127393534993e-02      -1.245134714906e+04      -1.260525979005e+04      -1.080121366284e-02      -1.256923173815e+04       8.634765145811e-03       8.634765145811e-03       2.521051958010e+04       5.647889040555e+00       1.456922684377e-02      -2.549601366940e-09      -2.823944647403e+00      -1.108718454072e-03      -2.823944520278e+00      -3.709698379360e-03 
       4.953801396020e-01      -1.106936289774e-02      -1.251940527843e+04      -1.267410466203e+04      -1.060521901005e-02      -1.263788830454e+04       8.478081130252e-03       8.478081130252e-03       2.534820932406e+04       5.678739072171e+00       1.430485747717e-02      -2.503248099197e-09      -2.839369660905e+00      -1.114179014752e-03      -2.839369536086e+00      -3.729868021363e-03 
       5.013101133638e-01      -1.086925555080e-02      -1.258935320336e+04      -1.274467603207e+04      -1.041350217640e-02      -1.270829541046e+04       8.324815309540e-03       8.324815309540e-03       2.548935206413e+04       5.710375181177e+00       1.404625504543e-02      -2.457544613167e-09      -2.855187713151e+00      -1.118562102748e-03      -2.855187590588e+00      -3.750360461372e-03 
       5.073214370266e-01      -1.067305113085e-02      -1.266062863925e+04      -1.281649199434e+04      -1.022552454084e-02      -1.277995897074e+04       8.174538985873e-03       8.174538985873e-03       2.563298398869e+04       5.742575924855e+00       1.379269680821e-02      -2.412951442733e-09      -2.871288082778e+00      -1.122594520336e-03      -2.871287962428e+00      -3.771151261753e-03 
       5.134157853330e-01      -1.047961033963e-02      -1.273188973528e+04      -1.288830822585e+04      -1.004019467975e-02      -1.285162050411e+04       8.026379610297e-03       8.026379610297e-03       2.577661645171e+04       5.774775803240e+00       1.354271052350e-02      -2.369022186755e-09      -2.887388019789e+00      -1.126827531991e-03      -2.887387901620e+00      -3.791973035805e-03 
       5.195948920219e-01      -1.028892582169e-02      -1.280310306860e+04      -1.296017703964e+04      -9.857505542825e-03      -1.292331880059e+04       7.880332624776e-03       7.880332624776e-03       2.592035407928e+04       5.806992608346e+00       1.329628883782e-02      -2.325749359811e-09      -2.903496420192e+00      -1.131840279519e-03      -2.903496304173e+00      -3.812927910225e-03 
       5.258605527531e-01      -1.010011651884e-02      -1.287314407798e+04      -1.303102014804e+04      -9.676613109632e-03      -1.299396931317e+04       7.735722586023e-03       7.735722586023e-03       2.606204029608e+04       5.838738806122e+00       1.305229186969e-02      -2.283056147996e-09      -2.919369516951e+00      -1.137878393518e-03      -2.919369403061e+00      -3.833749278133e-03 
       5.322146282141e-01      -9.913008794826e-03      -1.294175955845e+04      -1.310058014813e+04      -9.497350977658e-03      -1.306331554044e+04       7.592416776254e-03       7.592416776254e-03       2.620116029625e+04       5.869899256306e+00       1.281049578419e-02      -2.240843482236e-09      -2.934949739933e+00      -1.144835254784e-03      -2.934949628153e+00      -3.854348316127e-03 
       5.386590474225e-01      -9.728068122969e-03      -1.300957462667e+04      -1.316943296627e+04      -9.320165070204e-03      -1.313194059834e+04       7.450771237524e-03       7.450771237524e-03       2.633886593254e+04       5.900735842633e+00       1.257150118460e-02      -2.199171661066e-09      -2.950368031011e+00      -1.152339123739e-03      -2.950367921316e+00      -3.874830557644e-03 
       5.451958112383e-01      -9.545913154169e-03      -1.307750802734e+04      -1.323842275172e+04      -9.145648085231e-03      -1.320069956631e+04       7.311258913623e-03       7.311258913623e-03       2.647684550344e+04       5.931632487665e+00       1.233610578400e-02      -2.158160239530e-09      -2.965816351473e+00      -1.159890571187e-03      -2.965816243833e+00      -3.895357865726e-03 
       5.518269961031e-01      -9.366789839328e-03      -1.314603582385e+04      -1.330795340077e+04      -8.974035569032e-03      -1.327000730277e+04       7.174068410885e-03       7.174068410885e-03       2.661590680153e+04       5.962775694035e+00       1.210462790850e-02      -2.117748672127e-09      -2.981387952638e+00      -1.166993834391e-03      -2.981387847017e+00      -3.915969109872e-03 
       5.585547580240e-01      -9.190856952083e-03      -1.321552213205e+04      -1.337834488256e+04      -8.805479655437e-03      -1.334019041421e+04       7.039320757622e-03       7.039320757622e-03       2.675668976512e+04       5.994311996881e+00       1.187727158126e-02      -2.077991868292e-09      -2.997156102077e+00      -1.173410633605e-03      -2.997155998440e+00      -3.936718579982e-03 
       5.653813368197e-01      -9.018351594748e-03      -1.328644339413e+04      -1.345007156977e+04      -8.640207508488e-03      -1.341172315297e+04       6.907197609506e-03       6.907197609506e-03       2.690014313954e+04       6.026454501075e+00       1.165434332262e-02      -2.038948367399e-09      -3.013227352229e+00      -1.179189083752e-03      -3.013227250538e+00      -3.957747236318e-03 
       5.723090606529e-01      -8.849091609266e-03      -1.335864808129e+04      -1.352301843475e+04      -8.478044628103e-03      -1.348448486309e+04       6.777559743943e-03       6.777559743943e-03       2.704603686949e+04       6.059149085447e+00       1.143560831240e-02      -2.000604695906e-09      -3.029574642507e+00      -1.184612719113e-03      -3.029574542724e+00      -3.979065744721e-03 
       5.793403508692e-01      -8.682409962574e-03      -1.343119289235e+04      -1.359629933359e+04      -8.318351978081e-03      -1.355758125042e+04       6.649896675853e-03       6.649896675853e-03       2.719259866718e+04       6.091994051851e+00       1.122020533951e-02      -1.962849222919e-09      -3.045997123829e+00      -1.190063188381e-03      -3.045997025925e+00      -4.000482606449e-03 
       5.864777271687e-01      -8.517942195887e-03      -1.350352836316e+04      -1.366941899756e+04      -8.160780402928e-03      -1.363050899429e+04       6.523929577223e-03       6.523929577223e-03       2.733883799513e+04       6.124763363893e+00       1.100766403680e-02      -1.925625772683e-09      -3.062381777996e+00      -1.195890352627e-03      -3.062381681947e+00      -4.021911290715e-03 
       5.937238131390e-01      -8.355682543816e-03      -1.357566255219e+04      -1.374241519521e+04      -8.005324385924e-03      -1.370330115866e+04       6.399654141644e-03       6.399654141644e-03       2.748483039042e+04       6.157471934490e+00       1.079797717062e-02      -1.888943655466e-09      -3.078736061465e+00      -1.202263704978e-03      -3.078735967245e+00      -4.043387760976e-03 
       6.010813421777e-01      -8.195586297360e-03      -1.364757033589e+04      -1.381525787742e+04      -7.851941087361e-03      -1.377592849674e+04       6.277036044929e-03       6.277036044929e-03       2.763051575485e+04       6.190106601042e+00       1.059108680252e-02      -1.852785151101e-09      -3.095053392935e+00      -1.209117532000e-03      -3.095053300521e+00      -4.064893453582e-03 
       6.085531638393e-01      -8.037603239434e-03      -1.371923811268e+04      -1.388789990717e+04      -7.700582381461e-03      -1.384834918606e+04       6.156036611889e-03       6.156036611889e-03       2.777579981434e+04       6.222648489524e+00       1.038692761359e-02      -1.817119575529e-09      -3.111324335395e+00      -1.216198899511e-03      -3.111324244762e+00      -4.086376816209e-03 
       6.161422506428e-01      -7.881678880313e-03      -1.379065033426e+04      -1.396028067659e+04      -7.551196045210e-03      -1.392050975703e+04       6.036613844405e-03       6.036613844405e-03       2.792056135318e+04       6.255073461294e+00       1.018542866333e-02      -1.781908926856e-09      -3.127536819522e+00      -1.223154363522e-03      -3.127536730647e+00      -4.107767210217e-03 
       6.238517053790e-01      -7.728696661917e-03      -1.386347608941e+04      -1.403403655429e+04      -7.404628465491e-03      -1.399405018343e+04       5.919444204553e-03       5.919444204553e-03       2.806807310857e+04       6.288118345145e+00       9.987731279168e-03      -1.747339386360e-09      -3.144059259722e+00      -1.229874897507e-03      -3.144059172572e+00      -4.129508752999e-03 
       6.316847689635e-01      -7.578127290473e-03      -1.393690732773e+04      -1.410834917042e+04      -7.260372542455e-03      -1.406815448585e+04       5.804122307438e-03       5.804122307438e-03       2.821669834084e+04       6.321416479872e+00       9.793151466289e-03      -1.713290368836e-09      -3.160708325388e+00      -1.236267091017e-03      -3.160708239936e+00      -4.151357243512e-03 
       6.396448288827e-01      -7.429923524416e-03      -1.401094381413e+04      -1.418323538917e+04      -7.118383023212e-03      -1.414283682537e+04       5.690612084179e-03       5.690612084179e-03       2.836647077835e+04       6.354974273779e+00       9.601628400150e-03      -1.679762962363e-09      -3.177487220670e+00      -1.242473390262e-03      -3.177487136889e+00      -4.173339072514e-03 
       6.477354282875e-01      -7.284107528577e-03      -1.408570765930e+04      -1.425884939495e+04      -6.978681153791e-03      -1.421824620103e+04       5.578930668204e-03       5.578930668204e-03       2.851769878990e+04       6.388858750218e+00       9.413191036100e-03      -1.646774516178e-09      -3.194429457245e+00      -1.248728431230e-03      -3.194429375109e+00      -4.195533058631e-03 
       6.559602757945e-01      -7.140423230273e-03      -1.416077889899e+04      -1.433480039564e+04      -6.841021608866e-03      -1.429398760321e+04       5.468882078018e-03       5.468882078018e-03       2.866960079129e+04       6.422892488322e+00       9.227508742483e-03      -1.614281909534e-09      -3.211446324677e+00      -1.255227382531e-03      -3.211446244161e+00      -4.217858800617e-03 
       6.643232560598e-01      -6.998512926276e-03      -1.423550013373e+04      -1.441044235182e+04      -6.705061686355e-03      -1.436941381399e+04       5.360192381977e-03       5.360192381977e-03       2.882088470365e+04       6.456784689382e+00       9.044119331533e-03      -1.582207407993e-09      -3.228392423607e+00      -1.261987613161e-03      -3.228392344691e+00      -4.240136990639e-03 
       6.728284411997e-01      -6.858777950596e-03      -1.431076242216e+04      -1.448665776338e+04      -6.571185886412e-03      -1.444540784941e+04       5.253168883647e-03       5.253168883647e-03       2.897331552677e+04       6.490932094502e+00       8.863541285342e-03      -1.550634213926e-09      -3.245466124591e+00      -1.268974308989e-03      -3.245466047251e+00      -4.262610514457e-03 
       6.814801031383e-01      -6.720967684479e-03      -1.438615110906e+04      -1.456300919117e+04      -6.439154092341e-03      -1.452153626182e+04       5.147619534273e-03       5.147619534273e-03       2.912601838235e+04       6.525139887627e+00       8.685450535575e-03      -1.519496627030e-09      -3.262570019600e+00      -1.275998014468e-03      -3.262569943813e+00      -4.285127654905e-03 
       6.902827269736e-01      -6.585142841968e-03      -1.446189352124e+04      -1.463970305971e+04      -6.309024466552e-03      -1.459800856675e+04       5.043590749006e-03       5.043590749006e-03       2.927940611941e+04       6.559502165090e+00       8.509925371933e-03      -1.488800395565e-09      -3.279751156800e+00      -1.282929074590e-03      -3.279751082545e+00      -4.307726945598e-03 
       6.992410254616e-01      -6.451560047145e-03      -1.453867301863e+04      -1.471741536226e+04      -6.181042870208e-03      -1.467550128026e+04       4.941279044058e-03       4.941279044058e-03       2.943483072453e+04       6.594322891721e+00       8.337297361550e-03      -1.458600285845e-09      -3.297161518609e+00      -1.289754099240e-03      -3.297161445860e+00      -4.330596561271e-03 
       7.083599547303e-01      -6.319923327148e-03      -1.461593881258e+04      -1.479560329706e+04      -6.054925745103e-03      -1.475347085523e+04       4.840457792836e-03       4.840457792836e-03       2.959120659412e+04       6.629357859287e+00       8.167184140793e-03      -1.428835148529e-09      -3.314679000908e+00      -1.296523097862e-03      -3.314678929644e+00      -4.353591487236e-03 
       7.176447313498e-01      -6.190203061781e-03      -1.469371038740e+04      -1.487430321271e+04      -5.930644717696e-03      -1.483195095578e+04       4.741104378043e-03       4.741104378043e-03       2.974860642541e+04       6.664622233737e+00       7.999547568450e-03      -1.399504693383e-09      -3.332311186670e+00      -1.303360381006e-03      -3.332311116868e+00      -4.376740747142e-03 
       7.271008508973e-01      -6.062410957360e-03      -1.477211345996e+04      -1.495365439763e+04      -5.808211005984e-03      -1.491107860669e+04       4.643227804590e-03       4.643227804590e-03       2.990730879526e+04       6.700177611009e+00       7.834402849851e-03      -1.370615102299e-09      -3.350088873865e+00      -1.310353578683e-03      -3.350088805504e+00      -4.400096666521e-03 
       7.367341081734e-01      -5.936201865386e-03      -1.485039449062e+04      -1.503290498919e+04      -5.687293934899e-03      -1.499010238796e+04       4.546563734823e-03       4.546563734823e-03       3.006580997838e+04       6.735686357200e+00       7.671303978451e-03      -1.342089696042e-09      -3.367843245537e+00      -1.317474444839e-03      -3.367843178600e+00      -4.423443452889e-03 
       7.465506192458e-01      -5.811992754363e-03      -1.492970231343e+04      -1.511319648147e+04      -5.568292985505e-03      -1.507016387502e+04       4.451431475601e-03       4.451431475601e-03       3.022639296294e+04       6.771661400294e+00       7.510789697701e-03      -1.314017891432e-09      -3.385830765684e+00      -1.324726772895e-03      -3.385830700147e+00      -4.447102789106e-03 
       7.565568455175e-01      -5.689519193061e-03      -1.500949735566e+04      -1.519397706320e+04      -5.450954811630e-03      -1.515071369825e+04       4.357628457767e-03       4.357628457767e-03       3.038795412639e+04       6.807855859229e+00       7.352518205837e-03      -1.286336163090e-09      -3.403927993770e+00      -1.331982276925e-03      -3.403927929615e+00      -4.470899976029e-03 
       7.667596200406e-01      -5.568564171956e-03      -1.508930139353e+04      -1.527476255955e+04      -5.335071502598e-03      -1.523126907285e+04       4.264988464053e-03       4.264988464053e-03       3.054952511909e+04       6.844052791102e+00       7.196209045985e-03      -1.258994693762e-09      -3.422026458343e+00      -1.339178010036e-03      -3.422026395551e+00      -4.494689320609e-03 
       7.771661763261e-01      -5.449688197142e-03      -1.517075900558e+04      -1.535720303000e+04      -5.221180062178e-03      -1.531347764706e+04       4.173940792372e-03       4.173940792372e-03       3.071440606001e+04       6.880992554870e+00       7.042586563036e-03      -1.232120476065e-09      -3.440496338886e+00      -1.346457797833e-03      -3.440496277435e+00      -4.518956874734e-03 
       7.877841799308e-01      -5.332436540360e-03      -1.525276076686e+04      -1.544019650948e+04      -5.108844832292e-03      -1.539623731851e+04       4.084137206878e-03       4.084137206878e-03       3.088039301897e+04       6.918179958626e+00       6.891063199813e-03      -1.205614803106e-09      -3.459090039442e+00      -1.353820341914e-03      -3.459089979313e+00      -4.543392450105e-03 
       7.986217631414e-01      -5.216502140217e-03      -1.533451072609e+04      -1.552295112350e+04      -4.997771627077e-03      -1.547875631581e+04       3.995342533803e-03       3.995342533803e-03       3.104590224701e+04       6.955259231378e+00       6.741242155249e-03      -1.179408661816e-09      -3.477629674511e+00      -1.361210838683e-03      -3.477629615689e+00      -4.567764728270e-03 
       8.096875631153e-01      -5.102319839621e-03      -1.541738977974e+04      -1.560684943289e+04      -4.888377056201e-03      -1.556241563960e+04       3.907889820165e-03       3.907889820165e-03       3.121369886577e+04       6.992850915313e+00       6.593685370963e-03      -1.153600371294e-09      -3.496425515191e+00      -1.368752316685e-03      -3.496425457656e+00      -4.592481489890e-03 
       8.209907638875e-01      -4.989658684409e-03      -1.550085191181e+04      -1.569133950730e+04      -4.780439848336e-03      -1.564666480744e+04       3.821602159345e-03       3.821602159345e-03       3.138267901460e+04       7.030707642523e+00       6.448094351550e-03      -1.128136031924e-09      -3.515353877526e+00      -1.376357035564e-03      -3.515353821262e+00      -4.617374101013e-03 
       8.325411427102e-01      -4.878575296209e-03      -1.558521135732e+04      -1.577673187230e+04      -4.674014249729e-03      -1.573181463618e+04       3.736522901831e-03       3.736522901831e-03       3.155346374460e+04       7.068969063038e+00       6.304542236422e-03      -1.103026873220e-09      -3.534484586530e+00      -1.384010158195e-03      -3.534484531519e+00      -4.642527649910e-03 
       8.443491212515e-01      -4.768977258214e-03      -1.567031749034e+04      -1.586287703190e+04      -4.569011719533e-03      -1.581771559268e+04       3.652581276039e-03       3.652581276039e-03       3.172575406379e+04       7.107567993279e+00       6.162909617624e-03      -1.078253104406e-09      -3.553784050415e+00      -1.391726227082e-03      -3.553783996639e+00      -4.667902365172e-03 
       8.564258222607e-01      -4.660869322919e-03      -1.575632940342e+04      -1.594993783120e+04      -4.465436810937e-03      -1.590452977934e+04       3.569780923607e-03       3.569780923607e-03       3.189987566240e+04       7.146577273950e+00       6.023202640138e-03      -1.053815855199e-09      -3.573288689531e+00      -1.399520791221e-03      -3.573288636975e+00      -4.693546287057e-03 
       8.687831323856e-01      -4.554158159947e-03      -1.584307841976e+04      -1.603774922561e+04      -4.363200108277e-03      -1.599209173578e+04       3.488050379078e-03       3.488050379078e-03       3.207549845121e+04       7.185922571171e+00       5.885300726964e-03      -1.029695708724e-09      -3.592961336938e+00      -1.407428338158e-03      -3.592961285585e+00      -4.719418301642e-03 
       8.814337719335e-01      -4.448893417419e-03      -1.593089453870e+04      -1.612664068854e+04      -4.262349176813e-03      -1.608073070858e+04       3.407427654812e-03       3.407427654812e-03       3.225328137707e+04       7.225751818342e+00       5.749268011509e-03      -1.005902524307e-09      -3.612875959337e+00      -1.415440376368e-03      -3.612875909171e+00      -4.745609679415e-03 
       8.943913724798e-01      -4.344906072603e-03      -1.601933194924e+04      -1.621616410621e+04      -4.162722081413e-03      -1.616999936679e+04       3.327783298635e-03       3.327783298635e-03       3.243232821242e+04       7.265864013602e+00       5.614886073206e-03      -9.823984850842e-10      -3.632932055795e+00      -1.423530679223e-03      -3.632932006801e+00      -4.771990475220e-03 
       9.076705633606e-01      -4.242337919654e-03      -1.610907897497e+04      -1.630700757183e+04      -4.064454669742e-03      -1.626058519348e+04       3.249225899684e-03       3.249225899684e-03       3.261401514365e+04       7.306568061332e+00       5.482338128415e-03      -9.592055312142e-10      -3.653284078503e+00      -1.431722452679e-03      -3.653284030666e+00      -4.798757705355e-03 
       9.212870682466e-01      -4.141023452292e-03      -1.619968995288e+04      -1.639872694780e+04      -3.967388376236e-03      -1.635204422850e+04       3.171628707441e-03       3.171628707441e-03       3.279745389560e+04       7.347664482157e+00       5.351410317491e-03      -9.363055244521e-10      -3.673832287773e+00      -1.440014097377e-03      -3.673832241078e+00      -4.825786246817e-03 
       9.352578131720e-01      -4.040965835137e-03      -1.629137678317e+04      -1.649153600543e+04      -3.871525790585e-03      -1.644458974839e+04       3.094999543414e-03       3.094999543414e-03       3.298307201087e+04       7.389255321008e+00       5.222117636025e-03      -9.135867220056e-10      -3.694627706071e+00      -1.448373924818e-03      -3.694627660504e+00      -4.853135019799e-03 
       9.496010476076e-01      -3.942196613162e-03      -1.638440569380e+04      -1.658570310760e+04      -3.776898022318e-03      -1.653848952830e+04       3.019351735364e-03       3.019351735364e-03       3.317140621520e+04       7.431448632889e+00       5.094478962162e-03      -8.912829427239e-10      -3.715724360897e+00      -1.456921346576e-03      -3.715724316444e+00      -4.880890384118e-03 
       9.643364804132e-01      -3.844552211089e-03      -1.647832490033e+04      -1.668077460305e+04      -3.683347903869e-03      -1.663329063655e+04       2.944565503143e-03       2.944565503143e-03       3.336154920611e+04       7.474047044315e+00       4.968294027495e-03      -8.692492028869e-10      -3.737023565509e+00      -1.465564049414e-03      -3.737023522158e+00      -4.908914305165e-03 
       9.794854327925e-01      -3.748177432421e-03      -1.657445199945e+04      -1.677807122086e+04      -3.591007354203e-03      -1.673031207022e+04       2.870835398159e-03       2.870835398159e-03       3.355614244172e+04       7.517748812697e+00       4.843918955098e-03      -8.501317822104e-10      -3.758874448616e+00      -1.474426860540e-03      -3.758874406349e+00      -4.937663794991e-03 
       9.950710107137e-01      -3.652790999461e-03      -1.667025979707e+04      -1.687506082104e+04      -3.499627827011e-03      -1.682702484248e+04       2.797688931939e-03       2.797688931939e-03       3.375012164209e+04       7.561092863602e+00       4.720470904605e-03      -8.260071738747e-10      -3.780546472990e+00      -1.483288837054e-03      -3.780546431801e+00      -4.966188619414e-03 
       1.011118299649e+00      -3.558638448088e-03      -1.676865663295e+04      -1.697465939776e+04      -3.409422680915e-03      -1.692634100821e+04       2.725582808320e-03       2.725582808320e-03       3.394931879553e+04       7.605727527642e+00       4.598809944032e-03      -8.046150791767e-10      -3.802863803949e+00      -1.492371051914e-03      -3.802863763821e+00      -4.995556275501e-03 
       1.027654584949e+00      -3.465472580928e-03      -1.686814403778e+04      -1.707536642284e+04      -3.320163333428e-03      -1.702676177126e+04       2.654226418186e-03       2.654226418186e-03       3.415073284569e+04       7.650850732601e+00       4.478412000772e-03      -7.835966320506e-10      -3.825425405378e+00      -1.501582579032e-03      -3.825425366300e+00      -5.025250052946e-03 
       1.044709601705e+00      -3.373313618965e-03      -1.696905803446e+04      -1.717751891259e+04      -3.231868995685e-03      -1.712862367530e+04       2.583637220832e-03       2.583637220832e-03       3.435503782519e+04       7.696615737356e+00       4.359307190631e-03      -7.628090411780e-10      -3.848307906716e+00      -1.510919272592e-03      -3.848307868678e+00      -5.055365244435e-03 
       1.062315818564e+00      -3.282280082914e-03      -1.707233609656e+04      -1.728205708031e+04      -3.144652557087e-03      -1.723286562000e+04       2.513914145691e-03       2.513914145691e-03       3.456411416062e+04       7.743455966047e+00       4.241665150123e-03      -7.422173958852e-10      -3.871728020035e+00      -1.520515092017e-03      -3.871727983023e+00      -5.086194235653e-03 
       1.080508760706e+00      -3.192081192922e-03      -1.717672543168e+04      -1.738772675468e+04      -3.058235851123e-03      -1.733823482928e+04       2.444829167076e-03       2.444829167076e-03       3.477545350935e+04       7.790800519022e+00       4.125099369503e-03      -7.216827441823e-10      -3.895400295505e+00      -1.530207309453e-03      -3.895400259511e+00      -5.117354300457e-03 
       1.099327377988e+00      -3.102820440987e-03      -1.728309847417e+04      -1.749540367676e+04      -2.972717436187e-03      -1.744560570029e+04       2.376469266549e-03       2.376469266549e-03       3.499080735351e+04       7.839055659027e+00       4.009759172297e-03      -7.014797256749e-10      -3.919527864501e+00      -1.540174566218e-03      -3.919527829513e+00      -5.149127130352e-03 
       1.118814465254e+00      -3.014462009739e-03      -1.739146835577e+04      -1.760510172693e+04      -2.888064217691e-03      -1.755499198442e+04       2.308791565139e-03       2.308791565139e-03       3.521020345387e+04       7.888201869709e+00       3.895567074209e-03      -6.816658307093e-10      -3.944100968846e+00      -1.550297094419e-03      -3.944100934855e+00      -5.181482396144e-03 
       1.139017142838e+00      -2.926944689644e-03      -1.750192248741e+04      -1.771691023235e+04      -2.804216398148e-03      -1.766648262313e+04       2.241763575972e-03       2.241763575972e-03       3.543382046470e+04       7.938302740651e+00       3.782473050865e-03      -6.617841275957e-10      -3.969151403330e+00      -1.560682310938e-03      -3.969151370325e+00      -5.214476497590e-03 
       1.159987406523e+00      -2.840314965651e-03      -1.761505759443e+04      -1.783142871213e+04      -2.721219051631e-03      -1.778067613351e+04       2.175414211242e-03       2.175414211242e-03       3.566285742425e+04       7.989616192072e+00       3.670523658133e-03      -6.421889688350e-10      -3.994808128064e+00      -1.571320298049e-03      -3.994808096036e+00      -5.248269412223e-03 
       1.181782757508e+00      -2.754433492149e-03      -1.773040715010e+04      -1.794819146983e+04      -2.638938640988e-03      -1.789710712604e+04       2.109637203189e-03       2.109637203189e-03       3.589638293965e+04       8.041933752382e+00       3.559539744783e-03      -6.228979995402e-10      -4.020966907250e+00      -1.582246620059e-03      -4.020966876191e+00      -5.282736214137e-03 
       1.204466924296e+00      -2.669258118211e-03      -1.784805650461e+04      -1.806728546124e+04      -2.557334933216e-03      -1.801586222234e+04       2.044398399001e-03       2.044398399001e-03       3.613457092249e+04       8.095290734864e+00       3.449463063441e-03      -6.036622875352e-10      -4.047645397531e+00      -1.593331218849e-03      -4.047645367432e+00      -5.317878502821e-03 
       1.228110689814e+00      -2.584835812719e-03      -1.796878191837e+04      -1.818949078965e+04      -2.476452515479e-03      -1.813772018914e+04       1.979738878914e-03       1.979738878914e-03       3.637898157931e+04       8.150046576552e+00       3.340364627787e-03      -5.845725893815e-10      -4.075023317423e+00      -1.604803282734e-03      -4.075023288276e+00      -5.353957338389e-03 
       1.252792838276e+00      -2.501053662309e-03      -1.809275560121e+04      -1.831498234900e+04      -2.396178948134e-03      -1.826285533499e+04       1.915624464678e-03       1.915624464678e-03       3.662996469799e+04       8.206388256227e+00       3.232204191233e-03      -5.661926162620e-10      -4.103194156317e+00      -1.616647516138e-03      -4.103194128114e+00      -5.391087635346e-03 
       1.278601237189e+00      -2.417925095641e-03      -1.821947542053e+04      -1.844325776624e+04      -2.316536309345e-03      -1.839076579526e+04       1.851952269209e-03       1.851952269209e-03       3.688651553249e+04       8.263860645585e+00       3.124770460070e-03      -5.470320368387e-10      -4.131930350059e+00      -1.628768410956e-03      -4.131930322793e+00      -5.428969000328e-03 
       1.305634070045e+00      -2.335428710851e-03      -1.834985372630e+04      -1.857523461434e+04      -2.237499127884e-03      -1.852236746069e+04       1.788766946547e-03       1.788766946547e-03       3.715046922867e+04       8.322997397386e+00       3.018159110188e-03      -5.281346151987e-10      -4.161498725029e+00      -1.641290128446e-03      -4.161498698693e+00      -5.467955183312e-03 
       1.334001234132e+00      -2.253494803344e-03      -1.848387480535e+04      -1.871089967562e+04      -2.159000614502e-03      -1.865764673377e+04       1.726015211064e-03       1.726015211064e-03       3.742179935124e+04       8.383793466764e+00       2.912280267637e-03      -5.096347166062e-10      -4.191896758794e+00      -1.654218055873e-03      -4.191896733382e+00      -5.508043836638e-03 
       1.363825914699e+00      -2.172223667169e-03      -1.862237180134e+04      -1.885109075369e+04      -2.081140985160e-03      -1.879743989815e+04       1.663723173833e-03       1.663723173833e-03       3.770218150738e+04       8.446501286612e+00       2.807161100579e-03      -4.911446648676e-10      -4.223250667800e+00      -1.667596835922e-03      -4.223250643306e+00      -5.549399723205e-03 
       1.395246340115e+00      -2.091330597175e-03      -1.876450327329e+04      -1.899496858588e+04      -2.003639824443e-03      -1.894090813885e+04       1.601766667492e-03       1.601766667492e-03       3.798993717176e+04       8.510968059412e+00       2.702623378140e-03      -4.728646807789e-10      -4.255484053288e+00      -1.681439042395e-03      -4.255484029706e+00      -5.591929853830e-03 
       1.428417711027e+00      -2.011008783986e-03      -1.891198689451e+04      -1.914425815476e+04      -1.926685967891e-03      -1.908977366862e+04       1.540247685056e-03       1.540247685056e-03       3.828851630952e+04       8.577860079049e+00       2.598823877467e-03      -4.547140999681e-10      -4.288930062201e+00      -1.695867960607e-03      -4.288930039525e+00      -5.636070336208e-03 
       1.463514277278e+00      -1.931134643955e-03      -1.906423127697e+04      -1.929837032597e+04      -1.850161013381e-03      -1.924344755230e+04       1.479071578345e-03       1.479071578345e-03       3.859674065195e+04       8.646912728304e+00       2.495602902728e-03      -4.366647750943e-10      -4.323456385928e+00      -1.710846369381e-03      -4.323456364152e+00      -5.681649675310e-03 
       1.500731506377e+00      -1.851627979553e-03      -1.922129486854e+04      -1.945736798610e+04      -1.773985432541e-03      -1.940199192067e+04       1.418209979700e-03       1.418209979700e-03       3.891473597220e+04       8.718251783686e+00       2.392923600704e-03      -4.192500916071e-10      -4.359125912723e+00      -1.726440568489e-03      -4.359125891843e+00      -5.728757365069e-03 
       1.540288242703e+00      -1.772656715657e-03      -1.938434450302e+04      -1.962242370075e+04      -1.698325714023e-03      -1.956657733582e+04       1.357722683134e-03       1.357722683134e-03       3.924484740150e+04       8.792204046182e+00       2.290863937251e-03      -4.008201929765e-10      -4.396102043081e+00      -1.742693891761e-03      -4.396102023091e+00      -5.777604234336e-03 
       1.582428693406e+00      -1.694349983298e-03      -1.955529734004e+04      -1.979546469247e+04      -1.623304922865e-03      -1.973912762753e+04       1.297716716388e-03       1.297716716388e-03       3.959092938494e+04       8.869644512269e+00       2.189607201597e-03      -3.831429357810e-10      -4.434822275240e+00      -1.759821850168e-03      -4.434822256134e+00      -5.828771419360e-03 
       1.627423992086e+00      -1.616434839541e-03      -1.973207309141e+04      -1.997441035122e+04      -1.548656822124e-03      -1.991756419359e+04       1.238041034295e-03       1.238041034295e-03       3.994882070245e+04       8.949824314604e+00       2.088917862641e-03      -3.655363487221e-10      -4.474912175529e+00      -1.777714443460e-03      -4.474912157302e+00      -5.881774061881e-03 
       1.675572985692e+00      -1.539133899032e-03      -1.991658428706e+04      -2.016118305410e+04      -1.474597496670e-03      -2.010380605680e+04       1.178831748490e-03       1.178831748490e-03       4.032236610820e+04       9.033496332438e+00       1.989014122439e-03      -3.482115042710e-10      -4.516748183575e+00      -1.796549307776e-03      -4.516748166219e+00      -5.937110914086e-03 
       1.727201772779e+00      -1.462414977123e-03      -2.010800256275e+04      -2.035495727093e+04      -1.401095356356e-03      -2.029702801665e+04       1.120073537853e-03       1.120073537853e-03       4.070991454186e+04       9.120324022654e+00       1.889873236283e-03      -3.308550281340e-10      -4.560162027818e+00      -1.816351165910e-03      -4.560162011327e+00      -5.994575049048e-03 
       1.782661416417e+00      -1.386518014909e-03      -2.030838721826e+04      -2.055780121484e+04      -1.328380818048e-03      -2.049929494292e+04       1.061943547787e-03       1.061943547787e-03       4.111560242967e+04       9.211211139111e+00       1.791791890763e-03      -3.137678900602e-10      -4.605605585190e+00      -1.837221848778e-03      -4.605605569556e+00      -6.054748219125e-03 
       1.842323209855e+00      -1.311491741366e-03      -2.051678949865e+04      -2.076876737596e+04      -1.256500444703e-03      -2.070966002013e+04       1.004480611030e-03       1.004480611030e-03       4.153753475192e+04       9.305737915215e+00       1.694836110620e-03      -2.967785855511e-10      -4.652868972396e+00      -1.859192508792e-03      -4.652868957607e+00      -6.117372596068e-03 
       1.906570961143e+00      -1.237604838840e-03      -2.073490251426e+04      -2.098955785286e+04      -1.185711359256e-03      -2.092982233542e+04       9.478941268153e-04       9.478941268153e-04       4.197911570573e+04       9.404685493113e+00       1.599360413584e-03      -2.801300555495e-10      -4.702342760512e+00      -1.882424192168e-03      -4.702342746557e+00      -6.182962401843e-03 
       1.975790075473e+00      -1.165058144226e-03      -2.096247203546e+04      -2.121991898148e+04      -1.116206765994e-03      -2.115952837444e+04       8.923282058060e-04       8.923282058060e-04       4.243983796296e+04       9.507893623923e+00       1.505604719909e-03      -2.636888178537e-10      -4.753946825099e+00      -1.907051327848e-03      -4.753946811961e+00      -6.251438584128e-03 
       2.050353823144e+00      -1.094025870169e-03      -2.119813045485e+04      -2.145847902865e+04      -1.048153077645e-03      -2.139740834046e+04       8.379223775844e-04       8.379223775844e-04       4.291695805731e+04       9.614774465967e+00       1.413806485580e-03      -2.476620530619e-10      -4.807387245320e+00      -1.932892654887e-03      -4.807387232983e+00      -6.322404518422e-03 
       2.130608069751e+00      -1.024866295875e-03      -2.144344752605e+04      -2.170681220507e+04      -9.818922564788e-04      -2.164503426677e+04       7.849669136567e-04       7.849669136567e-04       4.341362441013e+04       9.726128419641e+00       1.324460763039e-03      -2.317223272674e-10      -4.863064221377e+00      -1.960504734769e-03      -4.863064209820e+00      -6.396449370070e-03 
       2.216856723667e+00      -9.578295495254e-04      -2.169576278692e+04      -2.196224523230e+04      -9.176676698064e-04      -2.189973739585e+04       7.336077209644e-04       7.336077209644e-04       4.392449046460e+04       9.840486101797e+00       1.237798524344e-03      -2.168903601844e-10      -4.920243061699e+00      -1.989333663077e-03      -4.920243050899e+00      -6.472564600090e-03 
       2.309350833013e+00      -8.933083660254e-04      -2.195842402872e+04      -2.222813314391e+04      -8.558508267255e-04      -2.216486847588e+04       6.842039287453e-04       6.842039287453e-04       4.445626628782e+04       9.959714944580e+00       1.154445150695e-03      -2.023248030565e-10      -4.979857482363e+00      -2.019948629679e-03      -4.979857472290e+00      -6.552010278841e-03 
       2.408284166381e+00      -8.314692659631e-04      -2.222713531663e+04      -2.250015815672e+04      -7.966045183230e-04      -2.243611721122e+04       6.368431460019e-04       6.368431460019e-04       4.500031631345e+04       1.008162336705e+01       1.074535162325e-03      -1.883121129665e-10      -5.040811692901e+00      -2.052063134328e-03      -5.040811683525e+00      -6.633368816373e-03 
       2.513796969118e+00      -7.726025985823e-04      -2.250289088121e+04      -2.277931074078e+04      -7.402062633732e-04      -2.271447373298e+04       5.917557997549e-04       5.917557997549e-04       4.555862148156e+04       1.020670290526e+01       9.984600335827e-04      -1.750198417176e-10      -5.103351461343e+00      -2.085852538828e-03      -5.103351452630e+00      -6.716975639071e-03 
       2.625987629569e+00      -7.168433531814e-04      -2.278395146784e+04      -2.306383705737e+04      -6.867853563917e-04      -2.299818814222e+04       5.490457068136e-04       5.490457068136e-04       4.612767411475e+04       1.033416417014e+01       9.263950744581e-04      -1.621656222254e-10      -5.167082093153e+00      -2.121411160418e-03      -5.167082085069e+00      -6.802351568419e-03 
       2.744929960642e+00      -6.642796015672e-04      -2.306935160092e+04      -2.335276210796e+04      -6.364254480581e-04      -2.328628785199e+04       5.087892757807e-04       5.087892757807e-04       4.670552421592e+04       1.046365281838e+01       8.584721894864e-04      -1.502839385763e-10      -5.231826416682e+00      -2.158482550831e-03      -5.231826409191e+00      -6.889234229608e-03 
       2.870692567079e+00      -6.149221895529e-04      -2.335637682805e+04      -2.364335227937e+04      -5.891385464743e-04      -2.357604482698e+04       4.709749587456e-04       4.709749587456e-04       4.728670455874e+04       1.059374381932e+01       7.946652808216e-04      -1.393861719055e-10      -5.296871916595e+00      -2.197009376297e-03      -5.296871909661e+00      -6.976722162147e-03 
       3.003356777944e+00      -5.688425690066e-04      -2.364985819931e+04      -2.394045095072e+04      -5.449902181153e-04      -2.387229596164e+04       4.356929879477e-04       4.356929879477e-04       4.788090190144e+04       1.072699127878e+01       7.351384213233e-04      -1.288382493926e-10      -5.363495645804e+00      -2.237910132501e-03      -5.363495639390e+00      -7.066559334597e-03 
       3.143030673842e+00      -5.258338170266e-04      -2.394254293677e+04      -2.423677342293e+04      -5.037847493239e-04      -2.416776841545e+04       4.027536903901e-04       4.027536903901e-04       4.847354684585e+04       1.085979099946e+01       6.795611934128e-04      -1.192685778169e-10      -5.429895505662e+00      -2.280155047567e-03      -5.429895499732e+00      -7.156327708378e-03 
       3.289858202671e+00      -4.859463922744e-04      -2.424191794459e+04      -2.453982947499e+04      -4.655699481249e-04      -2.446996131720e+04       3.722023757191e-04       3.722023757191e-04       4.907965894998e+04       1.099557787355e+01       6.280122643762e-04      -1.103201773754e-10      -5.497788942255e+00      -2.325163907321e-03      -5.497788936775e+00      -7.248399859998e-03 
       3.444023643325e+00      -4.488191322310e-04      -2.453662814913e+04      -2.483821973210e+04      -4.300003318499e-04      -2.476749296127e+04       3.437558023126e-04       3.437558023126e-04       4.967643946420e+04       1.112912348558e+01       5.800115216367e-04      -1.018948309610e-10      -5.564561747851e+00      -2.371589048390e-03      -5.564561742790e+00      -7.339291070124e-03 
       3.605752430110e+00      -4.144501794927e-04      -2.483586745506e+04      -2.514117123876e+04      -3.970722570385e-04      -2.506957651947e+04       3.174354494664e-04       3.174354494664e-04       5.028234247752e+04       1.126491756054e+01       5.356028346513e-04      -9.416259228620e-11      -5.632458784944e+00      -2.420983527521e-03      -5.632458780271e+00      -7.432056756416e-03 
       3.775309589662e+00      -3.826185473061e-04      -2.513554449524e+04      -2.544457394022e+04      -3.665752513970e-04      -2.537210873509e+04       2.930566794345e-04       2.930566794345e-04       5.088914788045e+04       1.140088897726e+01       4.944695460013e-04      -8.701684521587e-11      -5.700444492942e+00      -2.472671619576e-03      -5.700444488628e+00      -7.525294518074e-03 
       3.952996932004e+00      -3.531103772521e-04      -2.543246546808e+04      -2.574522302996e+04      -3.383039767722e-04      -2.567188953641e+04       2.704612842488e-04       2.704612842488e-04       5.149044605992e+04       1.153571058364e+01       4.563465742889e-04      -8.050591203037e-11      -5.767855295804e+00      -2.526922159283e-03      -5.767855291822e+00      -7.618213933180e-03 
       4.139149865523e+00      -3.259054550897e-04      -2.573585191716e+04      -2.605237335015e+04      -3.122398577648e-04      -2.597815984568e+04       2.496239650239e-04       2.496239650239e-04       5.210474670030e+04       1.167333166817e+01       4.211879655936e-04      -7.417347789752e-11      -5.836665837758e+00      -2.584870238559e-03      -5.836665834083e+00      -7.713467771746e-03 
       4.334134407024e+00      -3.007440985158e-04      -2.603814620798e+04      -2.635843913345e+04      -2.881342903447e-04      -2.628334543490e+04       2.303435890670e-04       2.303435890670e-04       5.271687826689e+04       1.181026183705e+01       3.886536055367e-04      -6.844699726380e-11      -5.905130921919e+00      -2.646127212410e-03      -5.905130918527e+00      -7.808807315395e-03 
       4.538344703503e+00      -2.774072115826e-04      -2.633465041367e+04      -2.665870641387e+04      -2.657756287289e-04      -2.658273929296e+04       2.124736166178e-04       2.124736166178e-04       5.331741282774e+04       1.194490115299e+01       3.585033260441e-04      -6.314365621390e-11      -5.972450579624e+00      -2.710539166605e-03      -5.972450576496e+00      -7.903209484506e-03 
       4.752201195312e+00      -2.558839898419e-04      -2.663414730584e+04      -2.696198987118e+04      -2.451552094112e-04      -2.688514280318e+04       1.959850508390e-04       1.959850508390e-04       5.392397974236e+04       1.208068387190e+01       3.306812993174e-04      -5.831946402279e-11      -6.040341938834e+00      -2.779420042250e-03      -6.040341935948e+00      -7.999029470569e-03 
       4.976149428769e+00      -2.359080777669e-04      -2.692422575846e+04      -2.725583226951e+04      -2.260165797579e-04      -2.717811767699e+04       1.806894453124e-04       1.806894453124e-04       5.451166453901e+04       1.221246691102e+01       3.048747456788e-04      -5.392224983012e-11      -6.106233458168e+00      -2.851644424789e-03      -6.106233455508e+00      -8.092871006897e-03 
       5.210659457381e+00      -2.176458564663e-04      -2.723575202510e+04      -2.757122143167e+04      -2.085204553593e-04      -2.749260352587e+04       1.666981275707e-04       1.666981275707e-04       5.514244286333e+04       1.235364580531e+01       2.812661412961e-04      -4.968287957426e-11      -6.176822905107e+00      -2.931531832857e-03      -6.176822902653e+00      -8.193798198715e-03 
       5.456225739813e+00      -2.006961365398e-04      -2.753901798981e+04      -2.787833619142e+04      -1.922808174454e-04      -2.779882496098e+04       1.537241140831e-04       1.537241140831e-04       5.575667238285e+04       1.249155786599e+01       2.593780238001e-04      -4.586626945261e-11      -6.245778935256e+00      -3.016020282242e-03      -6.245778932993e+00      -8.293403576346e-03 
       5.713367436630e+00      -1.850543353178e-04      -2.784136735330e+04      -2.818454610141e+04      -1.772953848055e-04      -2.810414054764e+04       1.417379782198e-04       1.417379782198e-04       5.636909220283e+04       1.262852581022e+01       2.391521102344e-04      -4.234089030114e-11      -6.314262907195e+00      -3.106646212525e-03      -6.314262905109e+00      -8.393381392454e-03 
       5.982629016144e+00      -1.706006097039e-04      -2.814395022928e+04      -2.849101153632e+04      -1.634473725547e-04      -2.840970796229e+04       1.306720889676e-04       1.306720889676e-04       5.698202307265e+04       1.276604579662e+01       2.204823347933e-04      -3.922826637090e-11      -6.383022900236e+00      -3.204117243655e-03      -6.383022898312e+00      -8.494781222100e-03 
       6.264581095054e+00      -1.572827095660e-04      -2.844953854111e+04      -2.880051461956e+04      -1.506881493105e-04      -2.871830510670e+04       1.204689066189e-04       1.204689066189e-04       5.760102923912e+04       1.290459464189e+01       2.032657759074e-04      -3.616227929331e-11      -6.452297322718e+00      -3.309573039943e-03      -6.452297320944e+00      -8.598078325388e-03 
       6.559821456700e+00      -1.449590888175e-04      -2.874926043469e+04      -2.910414972151e+04      -1.388815221499e-04      -2.902104002875e+04       1.110271434800e-04       1.110271434800e-04       5.820829944301e+04       1.304047609690e+01       1.873339064201e-04      -3.330047783461e-11      -6.520238050086e+00      -3.422891686970e-03      -6.520238048452e+00      -8.700941659189e-03 
       6.868976205922e+00      -1.336056519322e-04      -2.905381166206e+04      -2.941265970627e+04      -1.280041740948e-04      -2.932863809622e+04       1.023312092832e-04       1.023312092832e-04       5.882531941254e+04       1.317868400337e+01       1.726613750406e-04      -3.073881515394e-11      -6.589342003189e+00      -3.545865130015e-03      -6.589342001683e+00      -8.806778048920e-03 
       7.192701032936e+00      -1.230990106608e-04      -2.935203039643e+04      -2.971483742832e+04      -1.179379507970e-04      -2.962990981252e+04       9.428585570158e-05       9.428585570158e-05       5.942967485663e+04       1.331418456614e+01       1.590872237023e-04      -2.840113257683e-11      -6.657092284457e+00      -3.678157887694e-03      -6.657092283069e+00      -8.912383792971e-03 
       7.531682569088e+00      -1.134139281939e-04      -2.965191560676e+04      -3.001871909747e+04      -1.086589001570e-04      -2.993287798741e+04       8.686897255177e-05       8.686897255177e-05       6.003743819494e+04       1.345041301399e+01       1.465732200629e-04      -2.621284508009e-11      -6.725206508274e+00      -3.822420837927e-03      -6.725206506995e+00      -9.020326080127e-03 
       7.886639824861e+00      -1.045241135046e-04      -2.996319951495e+04      -3.033408040666e+04      -1.001420590575e-04      -3.024730229765e+04       8.005765629223e-05       8.005765629223e-05       6.066816081332e+04       1.359151559952e+01       1.350797978189e-04      -2.418125562572e-11      -6.795757800939e+00      -3.980475500356e-03      -6.795757799760e+00      -9.133485637903e-03 
       8.258325705669e+00      -9.629763391537e-05      -3.026807391520e+04      -3.064304144586e+04      -9.226052683593e-05      -3.055533089884e+04       7.375699500252e-05       7.375699500252e-05       6.128608289173e+04       1.372994040012e+01       1.244488582951e-04      -2.232229868466e-11      -6.864970201145e+00      -4.151639591929e-03      -6.864970200059e+00      -9.247028945068e-03 
       8.647528604335e+00      -8.871792833920e-05      -3.057578015329e+04      -3.095488804921e+04      -8.499865513786e-05      -3.086623391050e+04       6.795162753024e-05       6.795162753024e-05       6.190977609842e+04       1.386965113374e+01       1.146535912752e-04      -2.061464690098e-11      -6.934825567871e+00      -4.338827790374e-03      -6.934825566871e+00      -9.363894771561e-03 
       9.055074071264e+00      -8.170371621331e-05      -3.087485288849e+04      -3.125810617698e+04      -7.827855202010e-05      -3.116851576056e+04       6.257953701467e-05       6.257953701467e-05       6.251621235395e+04       1.400550651378e+01       1.055894360236e-04      -1.903916732655e-11      -7.002753257809e+00      -4.541792037164e-03      -7.002753256888e+00      -9.480825507568e-03 
       9.481826564591e+00      -7.526101981073e-05      -3.118377469235e+04      -3.157126378171e+04      -7.210602391199e-05      -3.148071354421e+04       5.764488604534e-05       5.764488604534e-05       6.314252756343e+04       1.414578675940e+01       9.726326611209e-05      -1.759331804585e-11      -7.072893380547e+00      -4.764732165148e-03      -7.072893379699e+00      -9.603664803532e-03 
       9.928691283402e+00      -6.930952252794e-05      -3.148816845517e+04      -3.187992651465e+04      -6.640408427748e-05      -3.178841546465e+04       5.308662310870e-05       5.308662310870e-05       6.375985302930e+04       1.428406808541e+01       8.957222514753e-05      -1.624777388718e-11      -7.142034043487e+00      -5.007613288737e-03      -7.142034042705e+00      -9.728385374196e-03 
       1.039661608762e+01      -6.378192792916e-05      -3.177209925815e+04      -3.216809164698e+04      -6.110827137125e-05      -3.207564448171e+04       4.885304166609e-05       4.885304166609e-05       6.433618329395e+04       1.441315345616e+01       8.242901548894e-05      -1.500684019253e-11      -7.206576728797e+00      -5.270729789256e-03      -7.206576728078e+00      -9.850528669720e-03 
       1.088659350847e+01      -5.873841651276e-05      -3.208232578516e+04      -3.248273674609e+04      -5.627624742387e-05      -3.238929963846e+04       4.499018477933e-05       4.499018477933e-05       6.496547349218e+04       1.455410994746e+01       7.591130770233e-05      -1.387440546021e-11      -7.277054974392e+00      -5.563045753128e-03      -7.277054973730e+00      -9.984690416772e-03 
       1.139966285374e+01      -5.409650332119e-05      -3.239730981511e+04      -3.280223353012e+04      -5.182897526085e-05      -3.270778712189e+04       4.143500381096e-05       4.143500381096e-05       6.560446706024e+04       1.469725471016e+01       6.991276380642e-05      -1.282974277289e-11      -7.348627355688e+00      -5.884360988111e-03      -7.348627355078e+00      -1.012477797744e-02 
       1.193691241231e+01      -4.980319155465e-05      -3.270323556853e+04      -3.311270517782e+04      -4.771569526695e-05      -3.301725273800e+04       3.814671588061e-05       3.814671588061e-05       6.622541035564e+04       1.483633086533e+01       6.436450794422e-05      -1.186598108838e-11      -7.418165433228e+00      -6.234404338045e-03      -7.418165432666e+00      -1.026683205785e-02 
       1.249948176251e+01      -4.584523379506e-05      -3.300821386224e+04      -3.342231407764e+04      -4.392369962049e-05      -3.332584310366e+04       3.511537945506e-05       3.511537945506e-05       6.684462815529e+04       1.497503627336e+01       5.924983400478e-05      -1.097570105874e-11      -7.487518137199e+00      -6.619521017689e-03      -7.487518136682e+00      -1.041416431672e-02 
       1.308856418936e+01      -4.219870979880e-05      -3.331346970288e+04      -3.373229631736e+04      -4.043008471523e-05      -3.363479140403e+04       3.232250120058e-05       3.232250120058e-05       6.746459263471e+04       1.511389227889e+01       5.453748122217e-05      -1.015645636998e-11      -7.556946139921e+00      -7.041980904058e-03      -7.556946139446e+00      -1.056745766340e-02 
       1.370540921568e+01      -3.883156319033e-05      -3.361219442074e+04      -3.403582081349e+04      -3.720413438365e-05      -3.393727649450e+04       2.974357790904e-05       2.974357790904e-05       6.807164162699e+04       1.524984199573e+01       5.018612222201e-05      -9.402957278898e-12      -7.624920998303e+00      -7.505238916566e-03      -7.624920997865e+00      -1.072534135385e-02 
       1.435132525246e+01      -3.572362983928e-05      -3.390455843207e+04      -3.433306418942e+04      -3.422652538113e-05      -3.423347385692e+04       2.736321966112e-05       2.736321966112e-05       6.866612837884e+04       1.538297786818e+01       4.616980797682e-05      -8.706084030949e-12      -7.691488934495e+00      -8.012374042609e-03      -7.691488934092e+00      -1.088835694499e-02 
       1.502768237421e+01      -3.287287398160e-05      -3.420817070724e+04      -3.464174574737e+04      -3.149531496220e-05      -3.454106881142e+04       2.517978365477e-05       2.517978365477e-05       6.928349149474e+04       1.552122389376e+01       4.248573856887e-05      -8.064015491115e-12      -7.760611947252e+00      -8.574297212038e-03      -7.760611946881e+00      -1.106317915627e-02 
       1.573591522508e+01      -3.027327087816e-05      -3.454174531594e+04      -3.498067746646e+04      -2.900471944397e-05      -3.487884027984e+04       2.318879914834e-05       2.318879914834e-05       6.996135493292e+04       1.567306174323e+01       3.912641843559e-05      -7.486019053889e-12      -7.836530871956e+00      -9.199112100696e-03      -7.836530871615e+00      -1.125639026016e-02 
       1.647752606189e+01      -2.784156003088e-05      -3.483101832964e+04      -3.527524026143e+04      -2.667497803663e-05      -3.517229508002e+04       2.132636955326e-05       2.132636955326e-05       7.055048052286e+04       1.580498192722e+01       3.598399459729e-05      -6.942317373147e-12      -7.902490963924e+00      -9.875796214006e-03      -7.902490963610e+00      -1.144528217886e-02 
       1.725408794066e+01      -2.561531394634e-05      -3.513660912971e+04      -3.558637404756e+04      -2.454208775530e-05      -3.548226551406e+04       1.962129032614e-05       1.962129032614e-05       7.117274809512e+04       1.594432332727e+01       3.310705871339e-05      -6.444472763380e-12      -7.972161663925e+00      -1.062456199553e-02      -7.972161663636e+00      -1.165014414137e-02 
       1.806724805324e+01      -2.353734072237e-05      -3.539993941154e+04      -3.585521204908e+04      -2.255124604051e-05      -3.574998543320e+04       1.802984909978e-05       1.802984909978e-05       7.171042409816e+04       1.606471856464e+01       3.042188668937e-05      -5.986128558336e-12      -8.032359282585e+00      -1.143721317941e-02      -8.032359282320e+00      -1.185318266050e-02 
       1.891873122127e+01      -2.169115866590e-05      -3.576972068930e+04      -3.623128515126e+04      -2.078249227842e-05      -3.612471650283e+04       1.661577774078e-05       1.661577774078e-05       7.246257030252e+04       1.623313440730e+01       2.803593241190e-05      -5.567945119155e-12      -8.116567203893e+00      -1.236744109780e-02      -8.116567203648e+00      -1.210475381474e-02 
       1.981034355469e+01      -1.993843581673e-05      -3.604992149842e+04      -3.651751990465e+04      -1.910327278656e-05      -3.640973413468e+04       1.527332982421e-05       1.527332982421e-05       7.303503980930e+04       1.636126053887e+01       2.577084145175e-05      -5.178403878139e-12      -8.180630269661e+00      -1.336009848697e-02      -8.180630269436e+00      -1.234091225743e-02 
       2.074397628281e+01      -1.834765270017e-05      -3.637303813187e+04      -3.684716455380e+04      -1.757919334459e-05      -3.673804324196e+04       1.405504510768e-05       1.405504510768e-05       7.369432910761e+04       1.650891824695e+01       2.371529187919e-05      -4.824982333912e-12      -8.254459123680e+00      -1.447140997087e-02      -8.254459123474e+00      -1.260793840202e-02 
       2.172160976582e+01      -1.686004817531e-05      -3.664703837997e+04      -3.712769427515e+04      -1.615396484801e-05      -3.701728332405e+04       1.291578408029e-05       1.291578408029e-05       7.425538855030e+04       1.663454591852e+01       2.179307694854e-05      -4.496873998732e-12      -8.317272959451e+00      -1.567590633354e-02      -8.317272959261e+00      -1.287581359443e-02 
       2.274531769542e+01      -1.551718129653e-05      -3.698023781403e+04      -3.746808056640e+04      -1.486742221038e-05      -3.735622044427e+04       1.188718857092e-05       1.188718857092e-05       7.493616113281e+04       1.678688651424e+01       2.005752158922e-05      -4.200475483969e-12      -8.393443257295e+00      -1.703142502699e-02      -8.393443257120e+00      -1.318413808249e-02 
       2.381727149336e+01      -1.425087185768e-05      -3.723683104006e+04      -3.773174585980e+04      -1.365421314964e-05      -3.761852666809e+04       1.091736932574e-05       1.091736932574e-05       7.546349171959e+04       1.690489872085e+01       1.842118536405e-05      -3.915136918313e-12      -8.452449360584e+00      -1.848739492298e-02      -8.452449360423e+00      -1.348675462916e-02 
       2.493974491737e+01      -1.308937808075e-05      -3.749915304590e+04      -3.800154230774e+04      -1.254142811501e-05      -3.788689505175e+04       1.002779016497e-05       1.002779016497e-05       7.600308461548e+04       1.702562085401e+01       1.692022330117e-05      -3.657611305528e-12      -8.512810427152e+00      -2.009514140612e-02      -8.512810427004e+00      -1.381491247966e-02 
       2.611511888409e+01      -1.206554990672e-05      -3.789891736310e+04      -3.841004739266e+04      -1.156054137709e-05      -3.829364277663e+04       9.243637467973e-06       9.243637467973e-06       7.682009478532e+04       1.720852210255e+01       1.559713959166e-05      -3.439371817423e-12      -8.604261051409e+00      -2.194770568929e-02      -8.604261051273e+00      -1.422045634741e-02 
       2.734588651927e+01      -1.107852143166e-05      -3.815295239515e+04      -3.867238152712e+04      -1.061490379784e-05      -3.855442625618e+04       8.487708724782e-06       8.487708724782e-06       7.734476305425e+04       1.732588943604e+01       1.432169150009e-05      -3.215385028480e-12      -8.662944718143e+00      -2.390228953199e-02      -8.662944718018e+00      -1.460100449942e-02 
       2.863465844609e+01      -1.016910157841e-05      -3.839640780185e+04      -3.892456009425e+04      -9.743622768248e-06      -3.880499706402e+04       7.791191511902e-06       7.791191511902e-06       7.784912018850e+04       1.743865765089e+01       1.314647733173e-05      -3.013731661799e-12      -8.719328825561e+00      -2.605016822012e-02      -8.719328825446e+00      -1.500904155559e-02 
       2.998416832259e+01      -9.362121027275e-06      -3.875716819580e+04      -3.929537169196e+04      -8.970483888772e-06      -3.917388076291e+04       7.173198245071e-06       7.173198245071e-06       7.859074338391e+04       1.760468155316e+01       1.210377551794e-05      -2.839844498097e-12      -8.802340776684e+00      -2.850362751521e-02      -8.802340776578e+00      -1.549842434093e-02 
       3.139727864015e+01      -8.609460787896e-06      -3.907613920404e+04      -3.962474551996e+04      -8.249393953493e-06      -3.950131035735e+04       6.596715058269e-06       6.596715058269e-06       7.924949103993e+04       1.775198905598e+01       1.113108162816e-05      -2.674154452674e-12      -8.875994528087e+00      -3.117910613992e-02      -8.875994527990e+00      -1.601097256971e-02 
       3.287698679520e+01      -7.900307817193e-06      -3.931245987354e+04      -3.987157687387e+04      -7.569982320012e-06      -3.974625805504e+04       6.053582602852e-06       6.053582602852e-06       7.974315374774e+04       1.786229245541e+01       1.021466962569e-05      -2.518821403186e-12      -8.931146227792e+00      -3.406073859114e-02      -8.931146227703e+00      -1.653274402012e-02 
       3.442643144715e+01      -7.271235962267e-06      -3.966877317367e+04      -4.024001039034e+04      -6.967296489632e-06      -4.011244075072e+04       5.571797317620e-06       5.571797317620e-06       8.048002078068e+04       1.802711087312e+01       9.401770512825e-06      -2.383308403599e-12      -9.013555436641e+00      -3.735045508851e-02      -9.013555436559e+00      -1.715275413440e-02 
       3.604889917583e+01      -6.672659394743e-06      -3.990996136836e+04      -4.049330178230e+04      -6.393824897461e-06      -4.036359214622e+04       5.113356048325e-06       5.113356048325e-06       8.098660356460e+04       1.814025340162e+01       8.628255872279e-06      -2.252114759994e-12      -9.070126700886e+00      -4.086648161601e-02      -9.070126700811e+00      -1.777597025164e-02 
       3.774783145282e+01      -6.131209841480e-06      -4.020307907157e+04      -4.079980917292e+04      -5.875094258821e-06      -4.066770737694e+04       4.698572316119e-06       4.698572316119e-06       8.159961834585e+04       1.827703898174e+01       7.928371067527e-06      -2.305343928824e-12      -9.138519490937e+00      -4.479973943439e-02      -9.138519490868e+00      -1.847953790963e-02 
       3.952683194126e+01      -5.640917871951e-06      -4.055195212916e+04      -4.116355180013e+04      -5.405359625579e-06      -4.102877151283e+04       4.323194137341e-06       4.323194137341e-06       8.232710360026e+04       1.843987194846e+01       7.295048368283e-06      -2.031428966592e-12      -9.219935974295e+00      -4.920448260395e-02      -9.219935974231e+00      -1.927348148444e-02 
       4.138967413970e+01      -5.192538216488e-06      -4.092388159019e+04      -4.155169074903e+04      -4.975788511177e-06      -4.141399847923e+04       3.979819671134e-06       3.979819671134e-06       8.310338149805e+04       1.861342362126e+01       6.715692214471e-06      -1.937414150985e-12      -9.306711810688e+00      -5.410306018216e-02      -9.306711810630e+00      -2.015172059369e-02 
       4.334030938621e+01      -4.762100653006e-06      -4.114444446391e+04      -4.178841509419e+04      -4.563406144345e-06      -4.164796060946e+04       3.650143702437e-06       3.650143702437e-06       8.357683018838e+04       1.871895612876e+01       6.159435868785e-06      -1.843940855037e-12      -9.359478064435e+00      -5.929444329512e-02      -9.359478064382e+00      -2.103338268376e-02 
       4.538287523966e+01      -4.366995399049e-06      -4.136227981401e+04      -4.202369232894e+04      -4.184873675811e-06      -4.188027576357e+04       3.347539850005e-06       3.347539850005e-06       8.404738465788e+04       1.882381649818e+01       5.648861281055e-06      -1.758014155613e-12      -9.411908249139e+00      -6.501191956658e-02      -9.411908249090e+00      -2.199727611562e-02 
       4.752170425608e+01      -4.015067906982e-06      -4.168866399223e+04      -4.236998436490e+04      -3.847713459205e-06      -4.222311390154e+04       3.077985053163e-06       3.077985053163e-06       8.473996872979e+04       1.897831743065e+01       5.194041741522e-06      -1.721362965994e-12      -9.489158715368e+00      -7.149927266890e-02      -9.489158715323e+00      -2.311319611468e-02 
       4.976133317857e+01      -3.691062995972e-06      -4.201291122042e+04      -4.271583254226e+04      -3.537297930450e-06      -4.256524252319e+04       2.829901625992e-06       2.829901625992e-06       8.543166508452e+04       1.913281418642e+01       4.775478769370e-06      -1.618540888593e-12      -9.566407093250e+00      -7.865457458963e-02      -9.566407093209e+00      -2.433405386458e-02 
       5.210651256035e+01      -3.387895202051e-06      -4.227142497859e+04      -4.299708581680e+04      -3.246848420203e-06      -4.284265798031e+04       2.597721766737e-06       2.597721766737e-06       8.599417163360e+04       1.925813390872e+01       4.383731428422e-06      -1.554845162370e-12      -9.629066954396e+00      -8.642010571044e-02      -9.629066954358e+00      -2.563251739553e-02 
       5.456221684132e+01      -3.121528426004e-06      -4.269381487635e+04      -4.344603337723e+04      -2.991662152428e-06      -4.328701016924e+04       2.393722558661e-06       2.393722558661e-06       8.689206675446e+04       1.945849765155e+01       4.039529579213e-06      -1.504491571327e-12      -9.729248825808e+00      -9.535099847213e-02      -9.729248825773e+00      -2.716104357706e-02 
       5.713365489949e+01      -2.855147447387e-06      -4.280342268398e+04      -4.358088171057e+04      -2.736454449568e-06      -4.341776514954e+04       2.189695452571e-06       2.189695452571e-06       8.716176342114e+04       1.951797600865e+01       3.695277292749e-06      -1.466308936709e-12      -9.758988004358e+00      -1.044646176046e-01      -9.758988004326e+00      -2.863008336291e-02 
       5.982628109974e+01      -2.618697204996e-06      -4.303015707835e+04      -4.383657136223e+04      -2.509928040393e-06      -4.366866415915e+04       2.008566106324e-06       2.008566106324e-06       8.767314272446e+04       1.963136575075e+01       3.389650202549e-06      -1.417349471697e-12      -9.815682875403e+00      -1.147963154275e-01      -9.815682875374e+00      -3.032424167688e-02 
       6.264580686326e+01      -2.391346167297e-06      -4.306970723886e+04      -4.390521858850e+04      -2.292104525713e-06      -4.373267413768e+04       1.834519253791e-06       1.834519253791e-06       8.781043717699e+04       1.966143867613e+01       3.096012376152e-06      -1.344652083497e-12      -9.830719338091e+00      -1.256275650546e-01      -9.830719338064e+00      -3.204472483535e-02 
       6.559821278220e+01      -2.204072282806e-06      -4.350930967343e+04      -4.438207739132e+04      -2.112694824687e-06      -4.420322999215e+04       1.691103654444e-06       1.691103654444e-06       8.876415478263e+04       1.987393891106e+01       2.854033602715e-06      -1.310639236853e-12      -9.936969455555e+00      -1.388048538899e-01      -9.936969455530e+00      -3.424798498242e-02 
       6.868976130536e+01      -2.021479547615e-06      -4.373468055563e+04      -4.464506115613e+04      -1.937764266674e-06      -4.446005566667e+04       1.551265823036e-06       1.551265823036e-06       8.929012231226e+04       1.999049150160e+01       2.618090579402e-06      -1.282121239972e-12      -9.995245750824e+00      -1.526340017609e-01      -9.995245750802e+00      -3.649359420334e-02 
       7.192701002165e+01      -1.864843967333e-06      -4.421772446043e+04      -4.517325222007e+04      -1.787707829963e-06      -4.498065548323e+04       1.431337346845e-06       1.431337346845e-06       9.034650444013e+04       2.022584078858e+01       2.415747736198e-06      -1.247457472775e-12      -1.011292039431e+01      -1.688647647579e-01      -1.011292039429e+01      -3.919087667671e-02 
       7.531682556961e+01      -1.702170930053e-06      -4.422920842577e+04      -4.522640486001e+04      -1.631856156729e-06      -4.502720973178e+04       1.306746237705e-06       1.306746237705e-06       9.045280972003e+04       2.024812707618e+01       2.205528436228e-06      -1.211035894472e-12      -1.012406353811e+01      -1.848450582504e-01      -1.012406353809e+01      -4.171543450433e-02 
       7.886639820251e+01      -1.565854976527e-06      -4.458657413896e+04      -4.563541206311e+04      -1.501264765768e-06      -4.542771701333e+04       1.202367248976e-06       1.202367248976e-06       9.127082412622e+04       2.042973430270e+01       2.029418306509e-06      -1.187096013777e-12      -1.021486715137e+01      -2.039846777062e-01      -1.021486715135e+01      -4.483607565623e-02 
       8.258325703979e+01      -1.446903407907e-06      -4.514636244180e+04      -4.625570186325e+04      -1.387314556925e-06      -4.603791603945e+04       1.111301455299e-06       1.111301455299e-06       9.251140372649e+04       2.070582047053e+01       1.875774271366e-06      -1.170893031934e-12      -1.035291023528e+01      -2.261466718963e-01      -1.035291023527e+01      -4.849069411907e-02 
       8.647528603739e+01      -1.326968968043e-06      -4.536585440310e+04      -4.653487405582e+04      -1.272415048468e-06      -4.630744692873e+04       1.019452654114e-06       1.019452654114e-06       9.306974811164e+04       2.082881250945e+01       1.720801546110e-06      -1.148014330928e-12      -1.041440625474e+01      -2.488392163671e-01      -1.041440625473e+01      -5.213283046947e-02 
       9.055074071062e+01      -1.215109594722e-06      -4.551362955231e+04      -4.674653317555e+04      -1.165249283681e-06      -4.650886751702e+04       9.337959543559e-07       9.337959543559e-07       9.349306635110e+04       2.092148292718e+01       1.576279587791e-06      -1.125693831648e-12      -1.046074146360e+01      -2.734052605287e-01      -1.046074146359e+01      -5.605032455126e-02 
       9.481826564525e+01      -1.113488771580e-06      -4.569177313112e+04      -4.699539393107e+04      -1.067893740943e-06      -4.674638092103e+04       8.559811956311e-07       8.559811956311e-07       9.399078786214e+04       2.103058806314e+01       1.444988956026e-06      -1.106088280150e-12      -1.051529403158e+01      -3.006512109510e-01      -1.051529403157e+01      -6.039913675980e-02 
       9.928691283381e+01      -1.033371515662e-06      -4.645370592689e+04      -4.784956732646e+04      -9.911544796791e-07      -4.758525588258e+04       7.946733353869e-07       7.946733353869e-07       9.569913465291e+04       2.141046928233e+01       1.341558050854e-06      -1.102536567492e-12      -1.070523464118e+01      -3.348846212125e-01      -1.070523464117e+01      -6.601522671762e-02 
       1.039661608761e+02      -9.403732827528e-07      -4.630214582538e+04      -4.777537343499e+04      -9.020523503878e-07      -4.749897314471e+04       7.234365654873e-07       7.234365654873e-07       9.555074686998e+04       2.137435445905e+01       1.221360043377e-06      -1.079155264007e-12      -1.068717722954e+01      -3.657025117104e-01      -1.068717722952e+01      -7.083430788208e-02 
       1.088659350846e+02      -8.557220788413e-07      -4.614535132417e+04      -4.770283919167e+04      -8.209472162093e-07      -4.741326505795e+04       6.585914676638e-07       6.585914676638e-07       9.540567838333e+04       2.133872621219e+01       1.111946131275e-06      -1.057371804908e-12      -1.066936310610e+01      -3.993472134172e-01      -1.066936310609e+01      -7.609780394341e-02 
       1.139966285374e+02      -7.912164846185e-07      -4.672662473277e+04      -4.839930686876e+04      -7.591608298345e-07      -4.809097513308e+04       6.092279437749e-07       6.092279437749e-07       9.679861373753e+04       2.164700920448e+01       1.028665680091e-06      -1.054310188380e-12      -1.082350460225e+01      -4.431944048523e-01      -1.082350460224e+01      -8.317946136359e-02 
       1.193691241231e+02      -7.183516866739e-07      -4.645114509419e+04      -4.822210919933e+04      -6.893453661828e-07      -4.789849833835e+04       5.533986841046e-07       5.533986841046e-07       9.644421839866e+04       2.156385622760e+01       9.344610266633e-07      -1.032727773532e-12      -1.078192811381e+01      -4.828513555119e-01      -1.078192811380e+01      -8.935777101105e-02 
       1.249948176251e+02      -6.563487379267e-07      -4.646663323769e+04      -4.835534838735e+04      -6.299430892463e-07      -4.801310713957e+04       5.059132293141e-07       5.059132293141e-07       9.671069677471e+04       2.161935664057e+01       8.543406863165e-07      -1.019384463762e-12      -1.080967832029e+01      -5.294562956794e-01      -1.080967832028e+01      -9.671444940488e-02 
       1.308856418936e+02      -6.033204830269e-07      -4.675723532710e+04      -4.878590894442e+04      -5.791458823656e-07      -4.842126802168e+04       4.653207084124e-07       4.653207084124e-07       9.757181788884e+04       2.180744667780e+01       7.858549462332e-07      -1.013274174033e-12      -1.090372333890e+01      -5.840738033691e-01      -1.090372333890e+01      -1.054129532967e-01 
       1.370540921568e+02      -5.479495091163e-07      -4.647875365576e+04      -4.863718640561e+04      -5.260903909862e-07      -4.825229279657e+04       4.228965935839e-07       4.228965935839e-07       9.727437281122e+04       2.173607832437e+01       7.142705894210e-07      -9.961450870214e-13      -1.086803916219e+01      -6.365626205543e-01      -1.086803916218e+01      -1.136146077337e-01 
       1.435132525246e+02      -5.110797719130e-07      -4.744262879416e+04      -4.980049930802e+04      -4.907906566552e-07      -4.938317026203e+04       3.947255057784e-07       3.947255057784e-07       9.960099861604e+04       2.225070363494e+01       6.667533473928e-07      -1.006375352920e-12      -1.112535181748e+01      -7.125225472994e-01      -1.112535181747e+01      -1.258705505622e-01 
       1.502768237421e+02      -4.685988526859e-07      -4.759195888700e+04      -5.013066684404e+04      -4.500962388778e-07      -4.968460805754e+04       3.621913755309e-07       3.621913755309e-07       1.002613336881e+05       2.239195902720e+01       6.118586913421e-07      -1.006007170329e-12      -1.119597951361e+01      -7.838697254507e-01      -1.119597951360e+01      -1.371680748734e-01 
       1.573591522508e+02      -4.258440551055e-07      -4.731108348922e+04      -5.002522198683e+04      -4.091273109562e-07      -4.955169234836e+04       3.294387754603e-07       3.294387754603e-07       1.000504439737e+05       2.233862397656e+01       5.565957231815e-07      -9.858554167986e-13      -1.116931198828e+01      -8.545946360060e-01      -1.116931198828e+01      -1.482460264005e-01 
       1.647752606189e+02      -3.844086440229e-07      -4.670414613491e+04      -4.959010186592e+04      -3.694164780783e-07      -4.908997888086e+04       2.976521872542e-07       2.976521872542e-07       9.918020373184e+04       2.213682173444e+01       5.029502549887e-07      -9.719193780948e-13      -1.106841086722e+01      -9.253253386161e-01      -1.106841086722e+01      -1.592319478140e-01 
       1.725408794066e+02      -3.504387711448e-07      -4.655450745637e+04      -4.965621089528e+04      -3.368673080485e-07      -4.912211985168e+04       2.716397522880e-07       2.716397522880e-07       9.931242179056e+04       2.215914965418e+01       4.590626775639e-07      -9.520445788905e-13      -1.107957482710e+01      -1.011828713286e+00      -1.107957482709e+01      -1.728361633292e-01 
       1.806724805324e+02      -3.268335473457e-07      -4.745889852110e+04      -5.087138933394e+04      -3.142759143163e-07      -5.028731491977e+04       2.536148439094e-07       2.536148439094e-07       1.017427786679e+05       2.269249683941e+01       4.286607092397e-07      -9.841924585722e-13      -1.134624841971e+01      -1.131831664936e+00      -1.134624841971e+01      -1.920232639097e-01 
       1.891873122127e+02      -3.028383454377e-07      -4.805659702626e+04      -5.179180310084e+04      -2.913014777113e-07      -5.115614764567e+04       2.352957392984e-07       2.352957392984e-07       1.035836062017e+05       2.309428741797e+01       3.977661091689e-07      -9.756942681823e-13      -1.154714370899e+01      -1.257660120177e+00      -1.154714370899e+01      -2.120432418497e-01 
       1.981034355469e+02      -2.569638692841e-07      -4.454333099368e+04      -4.829225134826e+04      -2.472666540849e-07      -4.765772766461e+04       1.999169224909e-07       1.999169224909e-07       9.658450269651e+04       2.152409407241e+01       3.380171814604e-07      -8.998310790248e-13      -1.076204703621e+01      -1.278896709618e+00      -1.076204703621e+01      -2.143967249360e-01 
       2.074397628281e+02      -2.499636954935e-07      -4.731740209548e+04      -5.163271411982e+04      -2.406289100034e-07      -5.090604118374e+04       1.947536258591e-07       1.947536258591e-07       1.032654282396e+05       2.300190353045e+01       3.293500242174e-07      -9.497428168236e-13      -1.150095176523e+01      -1.491513080350e+00      -1.150095176523e+01      -2.487252192030e-01 
       2.172160976582e+02      -2.230515513106e-07      -4.609013718543e+04      -5.064996065347e+04      -2.148171807135e-07      -4.988578444728e+04       1.740576173427e-07       1.740576173427e-07       1.012999213069e+05       2.255217417789e+01       2.944109395069e-07      -9.303224325017e-13      -1.127608708895e+01      -1.594741766069e+00      -1.127608708894e+01      -2.646615846240e-01 
       2.274531769542e+02      -2.064010606999e-07      -4.653812309186e+04      -5.153927422232e+04      -1.988769310117e-07      -5.070490558273e+04       1.613489727782e-07       1.613489727782e-07       1.030785484446e+05       2.293560916322e+01       2.729787128034e-07      -9.299623940730e-13      -1.146780458161e+01      -1.768026270967e+00      -1.146780458161e+01      -2.921257177583e-01 
       2.381727149336e+02      -1.877130180482e-07      -4.616024979718e+04      -5.155310681697e+04      -1.809653739086e-07      -5.065716640224e+04       1.470134696055e-07       1.470134696055e-07       1.031062136339e+05       2.292763420180e+01       2.487855957339e-07      -9.200892704397e-13      -1.146381710090e+01      -1.925805432979e+00      -1.146381710090e+01      -3.169088440582e-01 
       2.493974491737e+02      -1.620006168165e-07      -4.343014399560e+04      -4.894618766131e+04      -1.562665408268e-07      -4.803333639191e+04       1.271332008425e-07       1.271332008425e-07       9.789237532261e+04       2.175411654853e+01       2.151997664782e-07      -8.636531409672e-13      -1.087705827427e+01      -1.989773762780e+00      -1.087705827427e+01      -3.262240723832e-01 
       2.611511888409e+02      -1.560641920988e-07      -4.557824628903e+04      -5.189108015798e+04      -1.506337616059e-07      -5.085024276142e+04       1.227465411221e-07       1.227465411221e-07       1.037821603160e+05       2.304619436133e+01       2.078346418427e-07      -9.052185261180e-13      -1.152309718067e+01      -2.294409993450e+00      -1.152309718066e+01      -3.748932085263e-01 
       2.734588651927e+02      -1.411265786463e-07      -4.487834724257e+04      -5.165412815932e+04      -1.363077975833e-07      -5.054075859591e+04       1.112648511131e-07       1.112648511131e-07       1.033082563186e+05       2.292343158041e+01       1.884527528303e-07      -8.901612462508e-13      -1.146171579021e+01      -2.482406248948e+00      -1.146171579020e+01      -4.043517806048e-01 
       2.863465844609e+02      -1.286250832332e-07      -4.450695217898e+04      -5.184024057738e+04      -1.243241254604e-07      -5.063908076961e+04       1.016721589770e-07       1.016721589770e-07       1.036804811548e+05       2.298690533219e+01       1.722632865890e-07      -8.826938665391e-13      -1.149345266610e+01      -2.705838602132e+00      -1.149345266610e+01      -4.394941743389e-01 
       2.998416832259e+02      -1.122380018074e-07      -4.223486689671e+04      -4.982727431021e+04      -1.085712301508e-07      -4.858728322531e+04       8.896902853022e-08       8.896902853022e-08       9.965454862042e+04       2.207512091754e+01       1.507952495227e-07      -8.376175621108e-13      -1.103756045877e+01      -2.822899748951e+00      -1.103756045877e+01      -4.573144670164e-01 
       3.139727864015e+02      -1.082202818582e-07      -4.423737330268e+04      -5.294223708725e+04      -1.047744897123e-07      -5.152449142026e+04       8.604585381588e-08       8.604585381588e-08       1.058844741745e+05       2.343207415017e+01       1.458980852037e-07      -8.778187335089e-13      -1.171603707509e+01      -3.251661423545e+00      -1.171603707509e+01      -5.255251198981e-01 
       3.287698679520e+02      -9.976681912097e-08      -4.426984024149e+04      -5.380263240580e+04      -9.667989208399e-08      -5.225396499217e+04       7.958578149920e-08       7.958578149920e-08       1.076052648116e+05       2.378833577703e+01       1.350015899774e-07      -8.794940039690e-13      -1.189416788852e+01      -3.579742455602e+00      -1.189416788852e+01      -5.772917753157e-01 
