# Transfer functions T_i(k) for adiabatic (AD) mode (normalized to initial curvature=1) at redshift z=2.2
# for k=1.03944e-05 to 328.77 h/Mpc,
# number of wavenumbers equal to 605
# d_i   stands for (delta rho_i/rho_i)(k,z) with above normalization 
# d_tot stands for (delta rho_tot/rho_tot)(k,z) with rho_Lambda NOT included in rho_tot
# (note that this differs from the transfer function output from CAMB/CMBFAST, which gives the same
#  quantities divided by -k^2 with k in Mpc^-1; use format=camb to match CAMB)
# t_i   stands for theta_i(k,z) with above normalization 
# t_tot stands for (sum_i [rho_i+p_i] theta_i)/(sum_i [rho_i+p_i]))(k,z)
#
#    1:k (h/Mpc)              2:d_g                    3:d_b                    4:d_cdm                  5:d_ur                   6:d_tot                  7:phi                    8:psi                    9:h                     10:h_prime               11:eta                   12:eta_prime             13:t_g                   14:t_b                   15:t_ur                  16:t_tot              
       1.039441571510e-05      -5.181077524842e-04      -3.886532793000e-04      -3.886532875112e-04      -5.181054745839e-04      -3.887748788986e-04       5.932777124318e-01       5.926988693943e-01       7.773065750224e-04       1.749055818057e-07       9.999986472727e-01      -6.440654759734e-11      -3.299942519663e-11      -2.995652176433e-15      -3.391994095397e-11      -4.225644539194e-14 
       1.088428943559e-05      -5.680835631842e-04      -4.261497936740e-04      -4.261498035461e-04      -5.680808245736e-04      -4.262831160052e-04       5.932776146193e-01       5.926987869754e-01       8.522996070922e-04       1.917801359211e-07       9.999985167693e-01      -7.061932478811e-11      -3.967349865870e-11      -3.601628136034e-15      -4.078020074590e-11      -5.080275869394e-14 
       1.139725019325e-05      -6.228788906011e-04      -4.672639097579e-04      -4.672639216265e-04      -6.228755981307e-04      -4.674100839991e-04       5.932775280339e-01       5.926987168896e-01       9.345278432529e-04       2.102827016824e-07       9.999983736745e-01      -7.743139777271e-11      -4.769738070087e-11      -4.329949116273e-15      -4.902787777565e-11      -6.107747744168e-14 
       1.193438604663e-05      -6.829582655766e-04      -5.123446252194e-04      -5.123446394885e-04      -6.829543072178e-04      -5.125048891162e-04       5.932774257455e-01       5.926986329657e-01       1.024689278977e-03       2.305703586552e-07       9.999982167745e-01      -8.490065391653e-11      -5.734395640503e-11      -5.205766390214e-15      -5.894353990853e-11      -7.343013233832e-14 
       1.249683633289e-05      -7.488309739286e-04      -5.617746251087e-04      -5.617746422639e-04      -7.488262150041e-04      -5.619503353793e-04       5.932773035490e-01       5.926985307551e-01       1.123549284528e-03       2.528153303399e-07       9.999980447413e-01      -9.309002216476e-11      -6.894142726210e-11      -6.258548322693e-15      -7.086449153452e-11      -8.828091440960e-14 
       1.308579408449e-05      -8.210553671120e-04      -6.159735394875e-04      -6.159735601124e-04      -8.210496457521e-04      -6.161661832203e-04       5.932771837838e-01       5.926984330273e-01       1.231947120225e-03       2.772064389942e-07       9.999978561094e-01      -1.020694400439e-10      -8.288425533251e-11      -7.524412196821e-15      -8.519623587168e-11      -1.061350079860e-13 
       1.370250855978e-05      -9.002434802430e-04      -6.754014363976e-04      -6.754014611939e-04      -9.002366018174e-04      -6.756126435070e-04       5.932770409857e-01       5.926983144159e-01       1.350802922388e-03       3.039507545607e-07       9.999976492813e-01      -1.119145297990e-10      -9.964671565162e-11      -9.046314723723e-15      -1.024262640369e-10      -1.275997099100e-13 
       1.434828789286e-05      -9.870662986977e-04      -7.405628069301e-04      -7.405628367417e-04      -9.870580291478e-04      -7.407943638193e-04       5.932768859949e-01       5.926981858351e-01       1.481125673483e-03       3.332752998443e-07       9.999974224990e-01      -1.227093710462e-10      -1.197990041105e-10      -1.087586631389e-14      -1.231406359252e-10      -1.534051224547e-13 
       1.502450186827e-05      -1.082259340046e-03      -8.120107951446e-04      -8.120108309849e-04      -1.082249398248e-03      -8.122646596402e-04       5.932767117672e-01       5.926980404308e-01       1.624021661970e-03       3.654290127624e-07       9.999971738395e-01      -1.345444090824e-10      -1.440265783907e-10      -1.307509704587e-14      -1.480438895070e-10      -1.844289376213e-13 
       1.573258482650e-05      -1.186628934164e-03      -8.903519579509e-04      -8.903520010409e-04      -1.186616981627e-03      -8.906302756745e-04       5.932765451268e-01       5.926979057484e-01       1.780704002082e-03       4.006848162592e-07       9.999969011933e-01      -1.475206766128e-10      -1.731532253860e-10      -1.571980845507e-14      -1.779830065103e-10      -2.217263006767e-13 
       1.647403870647e-05      -1.301058798148e-03      -9.762512595805e-04      -9.762513113843e-04      -1.301044428698e-03      -9.765563818020e-04       5.932763387180e-01       5.926977341213e-01       1.952502622769e-03       4.393420360084e-07       9.999966022459e-01      -1.617487552946e-10      -2.081698065857e-10      -1.889897890623e-14      -2.139761792092e-10      -2.665657207936e-13 
       1.725043623124e-05      -1.426517721460e-03      -1.070437907427e-03      -1.070437969709e-03      -1.426500446038e-03      -1.070772410671e-03       5.932761050837e-01       5.926975386529e-01       2.140875939417e-03       4.817288170112e-07       9.999962744608e-01      -1.773481826067e-10      -2.502669954486e-10      -2.272078099614e-14      -2.572474319676e-10      -3.204719628412e-13 
       1.806342424406e-05      -1.564067640602e-03      -1.173711499036e-03      -1.173711573912e-03      -1.564046871962e-03      -1.174078206495e-03       5.932758736212e-01       5.926973491127e-01       2.347423147825e-03       5.282049367600e-07       9.999959150559e-01      -1.944518534924e-10      -3.008763076114e-10      -2.731607957107e-14      -3.092682157846e-10      -3.852782564285e-13 
       1.891472720151e-05      -1.714872331866e-03      -1.286948646545e-03      -1.286948736566e-03      -1.714847363270e-03      -1.287350651456e-03       5.932756069008e-01       5.926971283899e-01       2.573897473133e-03       5.791649648919e-07       9.999955209800e-01      -2.132036589260e-10      -3.617185870837e-10      -3.284054355480e-14      -3.718073781046e-10      -4.631880934716e-13 
       1.980615083129e-05      -1.880207427708e-03      -1.411110619646e-03      -1.411110727871e-03      -1.880177410420e-03      -1.411551310895e-03       5.932753123176e-01       5.926968841129e-01       2.822221455742e-03       6.350414812228e-07       9.999950888943e-01      -2.337630763478e-10      -4.348627217482e-10      -3.948166123414e-14      -4.469912848681e-10      -5.568505567119e-13 
       2.073958596245e-05      -2.061470998966e-03      -1.547251434483e-03      -1.547251564596e-03      -2.061434912049e-03      -1.547734524577e-03       5.932749975958e-01       5.926966245930e-01       3.094503129191e-03       6.963087931957e-07       9.999946151310e-01      -2.563038740326e-10      -5.227952685686e-10      -4.746573384311e-14      -5.373760195693e-10      -6.694499088610e-13 
       2.171701253604e-05      -2.260195149622e-03      -1.696526736713e-03      -1.696526893141e-03      -2.260151765555e-03      -1.697056292306e-03       5.932746481607e-01       5.926963357576e-01       3.393053786282e-03       7.634870035483e-07       9.999940956690e-01      -2.810172556372e-10      -6.285054498549e-10      -5.706487151344e-14      -6.460341903677e-10      -8.048140286170e-13 
       2.274050380486e-05      -2.478058907433e-03      -1.860203693432e-03      -1.860203881493e-03      -2.478006751842e-03      -1.860784168683e-03       5.932742618350e-01       5.926960157725e-01       3.720407762986e-03       8.371463712167e-07       9.999935261017e-01      -3.081115015470e-10      -7.555869197531e-10      -6.860458601293e-14      -7.766592565127e-10      -9.675443266444e-13 
       2.381223073113e-05      -2.716902194658e-03      -2.039671736358e-03      -2.039671962451e-03      -2.716839493448e-03      -2.040308009356e-03       5.932738400389e-01       5.926956667916e-01       4.079343924903e-03       9.179121600546e-07       9.999929015999e-01      -3.378168267962e-10      -9.083585391685e-10      -8.247793954406e-14      -9.336909163142e-10      -1.163171537447e-12 
       2.493446659134e-05      -2.978741066876e-03      -2.236454317334e-03      -2.236454589152e-03      -2.978665688674e-03      -2.237151729810e-03       5.932733771177e-01       5.926952836893e-01       4.472909178303e-03       1.006469969782e-06       9.999922168636e-01      -3.703829320283e-10      -1.092012433121e-09      -9.915636043085e-14      -1.122465744681e-09      -1.398344101970e-12 
       2.610959179822e-05      -3.265784454480e-03      -2.452221849979e-03      -2.452222176757e-03      -3.265693837935e-03      -2.452986250617e-03       5.932728645349e-01       5.926948584433e-01       4.904444353515e-03       1.103571549170e-06       9.999914660898e-01      -4.060856452445e-10      -1.312789860751e-09      -1.192037566448e-13      -1.349398323322e-09      -1.681053267072e-12 
       2.734009894987e-05      -3.580452603867e-03      -2.688806003659e-03      -2.688806396522e-03      -3.580343667333e-03      -2.689643795366e-03       5.932723184315e-01       5.926944083507e-01       5.377612793044e-03       1.210041099493e-06       9.999906429034e-01      -4.452298339939e-10      -1.578190367148e-09      -1.433099575293e-13      -1.622198760497e-09      -2.020904465498e-12 
       2.862859811694e-05      -3.925396649219e-03      -2.948214948943e-03      -2.948215421243e-03      -3.925265691838e-03      -2.949133140188e-03       5.932717075807e-01       5.926939025751e-01       5.896430842487e-03       1.326782468268e-06       9.999897403343e-01      -4.881404910553e-10      -1.897231563707e-09      -1.722846155005e-13      -1.950134098374e-09      -2.429442450305e-12 
       2.997782237893e-05      -4.303520938237e-03      -3.232650766440e-03      -3.232651334242e-03      -4.303363508947e-03      -3.233657027309e-03       5.932710400386e-01       5.926933502980e-01       6.465302668485e-03       1.454786580552e-06       9.999887507233e-01      -5.351824911203e-10      -2.280748725422e-09      -2.071186368757e-13      -2.344342553985e-09      -2.920543513228e-12 
       3.139063362138e-05      -4.718006556080e-03      -3.544527904182e-03      -3.544528586796e-03      -4.717817305892e-03      -3.545630627232e-03       5.932703081427e-01       5.926927447694e-01       7.089057173591e-03       1.595140001976e-06       9.999876656780e-01      -5.867523233982e-10      -2.741766097521e-09      -2.489942040660e-13      -2.818210787648e-09      -3.510884988050e-12 
       3.287002860635e-05      -5.172337454430e-03      -3.886493743066e-03      -3.886494563701e-03      -5.172109953824e-03      -3.887702109495e-03       5.932695056758e-01       5.926920808361e-01       7.772989127402e-03       1.749034111718e-06       9.999864760040e-01      -6.432846638467e-10      -3.295936416641e-09      -2.993342442820e-13      -3.387827471018e-09      -4.220510482547e-12 
       3.441914532896e-05      -5.670328856197e-03      -4.261451067003e-03      -4.261452053570e-03      -5.670055375712e-03      -4.262775118498e-03       5.932686273492e-01       5.926913544420e-01       8.522904107140e-03       1.917775211954e-06       9.999851716137e-01      -7.052530389468e-10      -3.962070464789e-09      -3.598529890039e-13      -4.072527871441e-09      -5.073508506066e-12 
       3.604126967346e-05      -6.216158169852e-03      -4.672582657558e-03      -4.672583843579e-03      -6.215829425373e-03      -4.674033374164e-03       5.932676626055e-01       5.926905561376e-01       9.345167687159e-03       2.102795641133e-06       9.999837414575e-01      -7.731840036972e-10      -4.762777082862e-09      -4.325959034206e-13      -4.895548086214e-09      -6.098827304522e-12 
       3.773984238309e-05      -6.814398861129e-03      -5.123378367409e-03      -5.123379793226e-03      -6.814003684841e-03      -5.124967752000e-03       5.932666050199e-01       5.926896811065e-01       1.024675958645e-02       2.305665887105e-06       9.999821734201e-01      -8.476464981076e-10      -5.725220172782e-09      -5.200470214011e-13      -5.884811091770e-09      -7.331254355278e-12 
       3.951846635827e-05      -7.470057152543e-03      -5.617664690999e-03      -5.617666405070e-03      -7.469582130360e-03      -5.619405860512e-03       5.932654453611e-01       5.926887215186e-01       1.123533281014e-02       2.528107944291e-06       9.999804542103e-01      -9.292670217710e-10      -6.882046944433e-09      -6.251660797521e-13      -7.073870308540e-09      -8.812592162206e-12 
       4.138091429893e-05      -8.188612153752e-03      -6.159637281145e-03      -6.159639341693e-03      -8.188041167326e-03      -6.161544565219e-03       5.932641765541e-01       5.926876719615e-01       1.231927868339e-02       2.772009896735e-06       9.999785692689e-01      -1.018728664389e-09      -8.272484243890e-09      -7.515186935627e-13      -8.503043257107e-09      -1.059307042247e-11 
       4.333113670686e-05      -8.976059264296e-03      -6.753896418149e-03      -6.753898895223e-03      -8.975372938306e-03      -6.755985465531e-03       5.932627805977e-01       5.926865163698e-01       1.350779779045e-02       3.039442026475e-06       9.999765026350e-01      -1.116781441816e-09      -9.943662349623e-09      -9.034044992222e-13      -1.022077187461e-08      -1.273304219794e-11 
       4.537327026525e-05      -9.838957878831e-03      -7.405486302101e-03      -7.405489279914e-03      -9.838132918792e-03      -7.407774195143e-03       5.932612526977e-01       5.926852520752e-01       1.481097855983e-02       3.332674212836e-06       9.999742368060e-01      -1.224250814482e-09      -1.195220192194e-08      -1.085991730020e-12      -1.228525737077e-08      -1.530501644332e-11 
       4.751164661317e-05      -1.078448247364e-02      -8.119937604449e-03      -8.119941184156e-03      -1.078349090630e-02      -8.122442981957e-03       5.932595780029e-01       5.926838661934e-01       1.623988236831e-02       3.654195352330e-06       9.999717526173e-01      -1.342031071638e-09      -1.436614207125e-08      -1.305440915331e-12      -1.476642043044e-08      -1.839610771818e-11 
       4.975080153356e-05      -1.182047860690e-02      -8.903314499782e-03      -8.903318802971e-03      -1.181928681896e-02      -8.906057688810e-03       5.932577411586e-01       5.926823458881e-01       1.780663760594e-02       4.006734408150e-06       9.999690290337e-01      -1.471107190564e-09      -1.726720349250e-08      -1.569213271751e-12      -1.774825579903e-08      -2.211096495123e-11 
       5.209548457420e-05      -1.295552339517e-02      -9.762266127983e-03      -9.762271300714e-03      -1.295409101719e-02      -9.765269284495e-03       5.932557270982e-01       5.926806786259e-01       1.952454260143e-02       4.393283552152e-06       9.999660430258e-01      -1.612556844143e-09      -2.075356176037e-08      -1.886222100788e-12      -2.133165725965e-08      -2.657529370138e-11 
       5.455066912219e-05      -1.419899103110e-02      -1.070408297202e-02      -1.070408919003e-02      -1.419726951767e-02      -1.070737023101e-02       5.932535180733e-01       5.926788498211e-01       2.140817838006e-02       4.817123569696e-06       9.999627693357e-01      -1.767551326511e-09      -2.494310878663e-08      -2.267264143207e-12      -2.563780674222e-08      -3.194007258247e-11 
       5.712156295313e-05      -1.556112359492e-02      -1.173675880381e-02      -1.173676627832e-02      -1.555905462939e-02      -1.174035643816e-02       5.932510991983e-01       5.926768476948e-01       2.347353255664e-02       5.281851625517e-06       9.999591802876e-01      -1.937386114371e-09      -2.997745142537e-08      -2.725261243587e-12      -3.081224062722e-08      -3.838663206893e-11 
       5.981361927751e-05      -1.705310716052e-02      -1.286905827994e-02      -1.286906726458e-02      -1.705062073790e-02      -1.287299486814e-02       5.932484463528e-01       5.926746514510e-01       2.573813452916e-02       5.791411914281e-06       9.999552455721e-01      -2.123465175300e-09      -3.602665455120e-08      -3.275665283317e-12      -3.702972477979e-08      -4.613272385139e-11 
       6.263254830773e-05      -1.868715448119e-02      -1.411059149366e-02      -1.411060229336e-02      -1.868416647642e-02      -1.411489809658e-02       5.932455375140e-01       5.926722429809e-01       2.822120458672e-02       6.350128976280e-06       9.999509319374e-01      -2.327329080286e-09      -4.329488910249e-08      -3.937159862216e-12      -4.450010329243e-08      -5.543980511113e-11 
       6.558432937020e-05      -2.047659322125e-02      -1.547189539612e-02      -1.547190837721e-02      -2.047300262866e-02      -1.547660574108e-02       5.932423477897e-01       5.926696014461e-01       3.094381675443e-02       6.962744429423e-06       9.999462030015e-01      -2.550658732962e-09      -5.202730883642e-08      -4.732057841386e-12      -5.347530612164e-08      -6.662177746825e-11 
       6.867522358831e-05      -2.243596121875e-02      -1.696452336111e-02      -1.696453896368e-02      -2.243164675584e-02      -1.696967403298e-02       5.932388564030e-01       5.926667106157e-01       3.392907792736e-02       7.634457043519e-06       9.999410188287e-01      -2.795284774672e-09      -6.251818646335e-08      -5.687245920924e-12      -6.425774857189e-08      -8.005545637305e-11 
       7.191178716309e-05      -2.458110743779e-02      -1.860114257183e-02      -1.860116132538e-02      -2.457592331271e-02      -1.860677320992e-02       5.932350247669e-01       5.926635370888e-01       3.720232265075e-02       8.370967203993e-06       9.999353357301e-01      -3.063228889126e-09      -7.512066365567e-08      -6.835137536701e-12      -7.721039202588e-08      -9.619308706281e-11 
       7.530088527984e-05      -2.692930092973e-02      -2.039564223826e-02      -2.039566477828e-02      -2.692307228334e-02      -2.040179573455e-02       5.932308262752e-01       5.926600594881e-01       4.079132955656e-02       9.178524709816e-06       9.999291058138e-01      -3.356666795618e-09      -9.025862756481e-08      -8.214440049002e-12      -9.276879424743e-08      -1.155774225907e-10 
       7.884970667002e-05      -2.949934554068e-02      -2.236325059079e-02      -2.236327768092e-02      -2.949186239131e-02      -2.236997329014e-02       5.932262193694e-01       5.926562421559e-01       4.472655536184e-02       1.006398224969e-05       9.999222766071e-01      -3.678001982397e-09      -1.084406227154e-07      -9.871628905451e-12      -1.114555389696e-07      -1.388596386063e-10 
       8.256577885962e-05      -3.231170307318e-02      -2.452066497562e-02      -2.452069753333e-02      -3.230271337507e-02      -2.452800687210e-02       5.932211763941e-01       5.926520640158e-01       4.904139506667e-02       1.103485282714e-05       9.999147906433e-01      -4.029818912167e-09      -1.302766524785e-07      -1.186273524425e-11      -1.338974907302e-07      -1.668208801898e-10 
       8.645698413597e-05      -3.538862018570e-02      -2.688619201666e-02      -2.688623114415e-02      -3.537782142377e-02      -2.689420694126e-02       5.932156458459e-01       5.926474805291e-01       5.377246228829e-02       1.209937432458e-05       9.999065850282e-01      -4.414976174717e-09      -1.564983819900e-07      -1.425465541154e-11      -1.608464460837e-07      -2.003979922377e-10 
       9.053157626715e-05      -3.875426495981e-02      -2.947990397177e-02      -2.947995099286e-02      -3.874129417098e-02      -2.948864976597e-02       5.932095842930e-01       5.926424560038e-01       5.895990198573e-02       1.326657850597e-05       9.998975907982e-01      -4.836566553107e-09      -1.879830618126e-07      -1.712797744551e-11      -1.932038085685e-07      -2.407142987906e-10 
       9.479819800938e-05      -4.243486694616e-02      -3.232380824429e-02      -3.232386474926e-02      -4.241928863134e-02      -3.233334691177e-02       5.932029406194e-01       5.926369477846e-01       6.464772949852e-02       1.454636790774e-05       9.998877325330e-01      -5.297954243567e-09      -2.257822445487e-07      -2.057953336204e-11      -2.320500803437e-07      -2.891163539996e-10 
       9.926589943941e-05      -4.645886275688e-02      -3.544203405750e-02      -3.544210195549e-02      -4.644015473416e-02      -3.545243188292e-02       5.931956605039e-01       5.926309105565e-01       7.088420391097e-02       1.594959955550e-05       9.998769275428e-01      -5.802796943798e-09      -2.711562627863e-07      -2.472479605092e-11      -2.786800692013e-07      -3.472178564099e-10 
       1.039441571510e-04      -5.085704575185e-02      -3.886103665399e-02      -3.886111823876e-02      -5.083458153940e-02      -3.887236428046e-02       5.931876821583e-01       5.926242926669e-01       7.772223647752e-02       1.748817702968e-05       9.998650854728e-01      -6.355086957023e-09      -3.256147293615e-07      -2.970329228452e-11      -3.346448964797e-07      -4.169519792884e-10 
       1.088428943559e-04      -5.566271679910e-02      -4.260982151782e-02      -4.260991954282e-02      -5.563574543479e-02      -4.262215396219e-02       5.931789391826e-01       5.926170385377e-01       8.521983908565e-02       1.917515111109e-05       9.998521072784e-01      -6.959135397538e-09      -3.909657139590e-07      -3.568186042460e-11      -4.018020895049e-07      -5.006339149701e-10 
       1.139725019325e-04      -6.091183600950e-02      -4.672018996714e-02      -4.672030773795e-02      -6.087945748035e-02      -4.673360656007e-02       5.931693594134e-01       5.926090877347e-01       9.344061547591e-02       2.102483023724e-05       9.998378846378e-01      -7.619650208206e-09      -4.693737938979e-07      -4.286010906443e-11      -4.823752461812e-07      -6.010352422882e-10 
       1.193438604663e-04      -6.664317115221e-02      -5.122700832115e-02      -5.122714980560e-02      -6.660430709830e-02      -5.124159254689e-02       5.931588636636e-01       5.926003738787e-01       1.024542996112e-01       2.305290158199e-05       9.998222990680e-01      -8.341712185210e-09      -5.634291382424e-07      -5.147741443473e-11      -5.790250580682e-07      -7.214725061328e-10 
       1.249683633289e-04      -7.289843935026e-02      -5.616850280381e-02      -5.616867276230e-02      -7.285179860465e-02      -5.618434201104e-02       5.931473634396e-01       5.925908224662e-01       1.123373455246e-01       2.527656383670e-05       9.998052208762e-01      -9.130816922080e-09      -6.762297117694e-07      -6.182177693254e-11      -6.949337203545e-07      -8.659126560261e-10 
       1.308579408449e-04      -7.972244097256e-02      -6.158658353150e-02      -6.158678768079e-02      -7.966647641986e-02      -6.160376849046e-02       5.931347663385e-01       5.925803561707e-01       1.231735753616e-01       2.771467224634e-05       9.997865082719e-01      -9.992911348219e-09      -8.114791239466e-07      -7.423670372437e-11      -8.339052923434e-07      -1.039097919722e-09 
       1.370250855978e-04      -8.716317288294e-02      -6.752719818844e-02      -6.752744338981e-02      -8.709603221800e-02      -6.754582244044e-02       5.931209667716e-01       5.925688859365e-01       1.350548867796e-01       3.038789849104e-05       9.997660063289e-01      -1.093440639159e-08      -9.736019773654e-07      -8.913654167247e-11      -1.000484519082e-06      -1.246694401158e-09 
       1.434828789286e-04      -9.527191933841e-02      -7.404072118628e-02      -7.404101566108e-02      -9.519138868681e-02      -7.406088013338e-02       5.931058522586e-01       5.925563166866e-01       1.480820313222e-01       3.331890486254e-05       9.997435455194e-01      -1.196224139379e-08      -1.167883177299e-06      -1.070109373908e-10      -1.200097782034e-06      -1.495468040843e-09 
       1.502450186827e-04      -1.041033174173e-01      -8.118237902878e-02      -8.118273263683e-02      -1.040067495151e-01      -8.120416873233e-02       5.930892987505e-01       5.925425435854e-01       1.623654652737e-01       3.653253588456e-05       9.997189407122e-01      -1.308383676195e-08      -1.400627936138e-06      -1.284515238792e-10      -1.439219709321e-06      -1.793492500101e-09 
       1.573258482650e-04      -1.137153806283e-01      -8.901271710377e-02      -8.901314168470e-02      -1.135996074176e-01      -8.903623271369e-02       5.930711714371e-01       5.925274526945e-01       1.780262833694e-01       4.005602783260e-05       9.996919896446e-01      -1.430715289055e-08      -1.679353339570e-06      -1.541680911419e-10      -1.725569840321e-06      -2.150394154349e-09 
       1.647403870647e-04      -1.241694540499e-01      -9.759811087212e-02      -9.759862059701e-02      -1.240306961605e-01      -9.762344454144e-02       5.930513233020e-01       5.925109189181e-01       1.951972411940e-01       4.391923856504e-05       9.996624714553e-01      -1.564076380487e-08      -2.013018584787e-06      -1.849996645421e-10      -2.068344388919e-06      -2.577642874009e-09 
       1.725043623124e-04      -1.355301288985e-01      -1.070113260883e-01      -1.070119379471e-01      -1.353638730009e-01      -1.070385643831e-01       5.930295938264e-01       5.924928057363e-01       2.140238758942e-01       4.815489919641e-05       9.996301450587e-01      -1.709377255802e-08      -2.412285777419e-06      -2.219567393549e-10      -2.478488723178e-06      -3.088891139371e-09 
       1.806342424406e-04      -1.478650512624e-01      -1.173321326564e-01      -1.173328670033e-01      -1.476659134863e-01      -1.173613532531e-01       5.930058081185e-01       5.924729638469e-01       2.346657340066e-01       5.279888986064e-05       9.995947474558e-01      -1.867586879128e-08      -2.889834894585e-06      -2.662424664461e-10      -2.969016992027e-06      -3.700374089723e-09 
       1.891472720151e-04      -1.612446363711e-01      -1.286479771684e-01      -1.286488583773e-01      -1.610061990002e-01      -1.286792447333e-01       5.929797757554e-01       5.924512302938e-01       2.572977167547e-01       5.789054175631e-05       9.995559917577e-01      -2.039734810395e-08      -3.460727088182e-06      -3.192972364440e-10      -3.555385916097e-06      -4.431376745236e-09 
       1.980615083129e-04      -1.757416519179e-01      -1.410547197346e-01      -1.410557769851e-01      -1.754562725820e-01      -1.410880808192e-01       5.929512897524e-01       5.924274272234e-01       2.821115539703e-01       6.347296800953e-05       9.995135654097e-01      -2.226909790368e-08      -4.142833333438e-06      -3.828285449598e-10      -4.255930715533e-06      -5.304779077566e-09 
       2.073958596245e-04      -1.914306474731e-01      -1.546574409068e-01      -1.546587091056e-01      -1.910892344227e-01      -1.546929176506e-01       5.929201244352e-01       5.924013600907e-01       3.093174182113e-01       6.959342613909e-05       9.994671276991e-01      -2.430249813238e-08      -4.957326313127e-06      -4.588799043906e-10      -5.092371845124e-06      -6.347690268572e-09 
       2.171701253604e-04      -2.083872086361e-01      -1.695713259906e-01      -1.695728469191e-01      -2.079789482985e-01      -1.696089084641e-01       5.928860352304e-01       5.923728173778e-01       3.391456938382e-01       7.630371478426e-05       9.994163078544e-01      -2.650952695267e-08      -5.929253020901e-06      -5.498907441061e-10      -6.090401369429e-06      -7.592182061356e-09 
       2.274050380486e-04      -2.266869583515e-01      -1.859226331260e-01      -1.859244566966e-01      -2.261990205936e-01      -1.859622699103e-01       5.928487561699e-01       5.923415676902e-01       3.718489133931e-01       8.366060845407e-05       9.993607024254e-01      -2.890256378059e-08      -7.088204542015e-06      -6.587358539946e-10      -7.280358718031e-06      -9.076136554893e-09 
       2.381223073113e-04      -2.464043431668e-01      -2.038497538464e-01      -2.038519397034e-01      -2.458215121810e-01      -2.038913407374e-01       5.928079991401e-01       5.923073594824e-01       4.077038794068e-01       9.172633323452e-05       9.992998728962e-01      -3.149442532021e-08      -8.469063916242e-06      -7.888519197145e-10      -8.698005610236e-06      -1.084421625030e-08 
       2.493446659134e-04      -2.676110819875e-01      -2.235043740003e-01      -2.235069933685e-01      -2.669153386328e-01      -2.235477403556e-01       5.927634514435e-01       5.922699181949e-01       4.470139867370e-01       1.005690878640e-04       9.992333427175e-01      -3.429815921050e-08      -1.011287699466e-05      -9.443119528221e-10      -1.038540922511e-05      -1.294897232932e-08 
       2.610959179822e-04      -2.903742671525e-01      -2.450527455612e-01      -2.450558833988e-01      -2.895443137489e-01      -2.450976379028e-01       5.927147753726e-01       5.922289456312e-01       4.901117667976e-01       1.102636138031e-04       9.991605948525e-01      -3.732701474931e-08      -1.206783527212e-05      -1.129931065595e-09      -1.239194166320e-05      -1.545210028245e-08 
       2.734009894987e-04      -3.147540968519e-01      -2.686770779489e-01      -2.686808356384e-01      -3.137647803638e-01      -2.687231405431e-01       5.926616053360e-01       5.921841170426e-01       5.373616712768e-01       1.208918196777e-04       9.990810688892e-01      -4.059413269179e-08      -1.439036842530e-05      -1.351434707008e-09      -1.477540246045e-05      -1.842584948785e-08 
       2.862859811694e-04      -3.408010838175e-01      -2.945770619776e-01      -2.945815602672e-01      -3.396227779386e-01      -2.946238135571e-01       5.926035468615e-01       5.921350794673e-01       5.891631205345e-01       1.325434639844e-04       9.989941572392e-01      -4.411245237928e-08      -1.714638637647e-05      -1.615554641861e-09      -1.760326724844e-05      -2.195459672256e-08 
       2.997782237893e-04      -3.685528313360e-01      -3.229715372175e-01      -3.229769198768e-01      -3.671507013345e-01      -3.230183436650e-01       5.925401749245e-01       5.920814498647e-01       6.459538397537e-01       1.453169027889e-04       9.988992032133e-01      -4.789436909029e-08      -2.041261986747e-05      -1.930251230907e-09      -2.095405988287e-05      -2.613657559171e-08 
       3.139063362138e-04      -3.980301974163e-01      -3.541003166861e-01      -3.541067546470e-01      -3.963633919819e-01      -3.541463587821e-01       5.924710319894e-01       5.920228124077e-01       7.082135092940e-01       1.593199070939e-04       9.987954965611e-01      -5.195139641073e-08      -2.427810064351e-05      -2.304859643518e-09      -2.491884096701e-05      -3.108575690327e-08 
       3.287002860635e-04      -4.292329154748e-01      -3.882261835244e-01      -3.882338798658e-01      -4.272536279130e-01      -3.882704193660e-01       5.923956270245e-01       5.919587169421e-01       7.764677597316e-01       1.746705576435e-04       9.986822719642e-01      -5.629378591267e-08      -2.884571867383e-05      -2.750370950847e-09      -2.960279375980e-05      -3.693385713117e-08 
       3.441914532896e-04      -4.621345231389e-01      -4.256370745920e-01      -4.256462701819e-01      -4.597870019863e-01      -4.256781957318e-01       5.923134331016e-01       5.918886755604e-01       8.512925403638e-01       1.914982226322e-04       9.985587036164e-01      -6.093003218313e-08      -3.423387851692e-05      -3.279620118887e-09      -3.512687412289e-05      -4.383243837118e-08 
       3.604126967346e-04      -4.966768061013e-01      -4.666484692679e-01      -4.666594498428e-01      -4.938961570669e-01      -4.666848505200e-01       5.922238869339e-01       5.918121612733e-01       9.333188996855e-01       2.099446276981e-04       9.984239039706e-01      -6.586632332329e-08      -4.057813283960e-05      -3.907694241386e-09      -4.162948057754e-05      -5.195503629805e-08 
       3.773984238309e-04      -5.327634348256e-01      -5.116060017878e-01      -5.116191055178e-01      -5.294744363810e-01      -5.116356430180e-01       5.921263873314e-01       5.917286049451e-01       1.023238211036e+00       2.301650251230e-04       9.982769196950e-01      -7.110588446167e-08      -4.803284306809e-05      -4.652107897663e-09      -4.926807036938e-05      -6.149924398432e-08 
       3.951846635827e-04      -5.702531159417e-01      -5.608883171741e-01      -5.609039431694e-01      -5.663690189684e-01      -5.609087767608e-01       5.920202941961e-01       5.916373928165e-01       1.121807886339e+00       2.523294721270e-04       9.981167288215e-01      -7.664824081391e-08      -5.677268787274e-05      -5.533065239512e-09      -5.822062557469e-05      -7.268861994059e-08 
       4.138091429893e-04      -6.089526975744e-01      -6.149101919833e-01      -6.149288116113e-01      -6.043736855584e-01      -6.149185131071e-01       5.919049284999e-01       5.915378650000e-01       1.229857623223e+00       2.766242281041e-04       9.979422391187e-01      -8.248837310882e-08      -6.699381128017e-05      -6.574180257994e-09      -6.868683844629e-05      -8.577425774691e-08 
       4.333113670686e-04      -6.486094989530e-01      -6.741259455158e-01      -6.741481136738e-01      -6.432214164107e-01      -6.741185721067e-01       5.917795706099e-01       5.914293114742e-01       1.348296227348e+00       3.032532804480e-04       9.977522831866e-01      -8.861580407542e-08      -7.891472545856e-05      -7.802481934104e-09      -8.088884853541e-05      -1.010358322933e-07 
       4.537327026525e-04      -6.889041226104e-01      -7.390331686239e-01      -7.390595368646e-01      -6.825772149496e-01      -7.390058526188e-01       5.916434624679e-01       5.913109721123e-01       1.478119073729e+00       3.324400129840e-04       9.975456197594e-01      -9.501360061384e-08      -9.277647729691e-05      -9.248881784933e-09      -9.507131231923e-05      -1.187818321683e-07 
       4.751164661317e-04      -7.294440631799e-01      -8.101767916261e-01      -8.102081245346e-01      -7.220315148121e-01      -8.101244930619e-01       5.914958066232e-01       5.911820332536e-01       1.620416249069e+00       3.644290272720e-04       9.973209300713e-01      -1.016573063441e-07      -1.088418804236e-04      -1.094888699175e-08      -1.115005525015e-04      -1.393486678499e-07 
       4.975080153356e-04      -7.697578941388e-01      -8.881535321042e-01      -8.881907241371e-01      -7.610949047603e-01      -8.880703101699e-01       5.913357682349e-01       5.910416267982e-01       1.776381448274e+00       3.994881318095e-04       9.970768175067e-01      -1.085138473670e-07      -1.273937274793e-04      -1.294260982607e-08      -1.304624676875e-04      -1.630982801270e-07 
       5.209548457420e-04      -8.092915766417e-01      -9.736167473842e-01      -9.736608406014e-01      -7.991948521112e-01      -9.734956443578e-01       5.911624755528e-01       5.908888277598e-01       1.947321681203e+00       4.379105137691e-04       9.968118056001e-01      -1.155404879904e-07      -1.487314250083e-04      -1.527493459736e-08      -1.522588594051e-04      -1.904137957146e-07 
       5.455066912219e-04      -8.474084700737e-01      -1.067281730815e+00      -1.067333938734e+00      -8.356755523991e-01      -1.067114656130e+00       5.909750242256e-01       5.907226555782e-01       2.134667877468e+00       4.800171120748e-04       9.965243419078e-01      -1.226838244662e-07      -1.731655176232e-04      -1.799663488563e-08      -1.772017864788e-04      -2.216927603361e-07 
       5.712156295313e-04      -8.833917602321e-01      -1.169931493643e+00      -1.169993221326e+00      -8.698020030699e-01      -1.169709102263e+00       5.907724779253e-01       5.905420715361e-01       2.339986442652e+00       5.261592046272e-04       9.962127952049e-01      -1.298789707155e-07      -2.010104080681e-04      -2.116317871310e-08      -2.056055729633e-04      -2.573374722813e-07 
       5.981361927751e-04      -9.164543988075e-01      -1.282423068769e+00      -1.282495940400e+00      -9.007697775314e-01      -1.282134649222e+00       5.905538739129e-01       5.903459814844e-01       2.564991880799e+00       5.767212341388e-04       9.958754598898e-01      -1.370490101466e-07      -2.325738937050e-04      -2.483611030764e-08      -2.377761240660e-04      -2.977419867231e-07 
       6.263254830773e-04      -9.457541460104e-01      -1.405694386352e+00      -1.405780269898e+00      -9.277221004809e-01      -1.405327754763e+00       5.903182241839e-01       5.901332343679e-01       2.811560539796e+00       6.321238917239e-04       9.955105559558e-01      -1.441048556460e-07      -2.681443979509e-04      -2.908157829066e-08      -2.739973254438e-04      -3.432754728082e-07 
       6.558432937020e-04      -9.704188255482e-01      -1.540771772170e+00      -1.540872807950e+00      -9.497758010026e-01      -1.540313186521e+00       5.900645214594e-01       5.899026262938e-01       3.081745615901e+00       6.928274805364e-04       9.951162334506e-01      -1.509456788255e-07      -3.079748995906e-04      -3.397066666320e-08      -3.145145044603e-04      -3.942619063461e-07 
       6.867522358831e-04      -9.895806162087e-01      -1.688778120158e+00      -1.688896747250e+00      -9.660578644242e-01      -1.688212218139e+00       5.897917420877e-01       5.896529024778e-01       3.377793494500e+00       7.593355864309e-04       9.946905750406e-01      -1.574600792978e-07      -3.522645853404e-04      -3.957763677899e-08      -3.595152773997e-04      -4.509564112392e-07 
       7.191178716309e-04      -1.002423394340e+00      -1.850941792353e+00      -1.851080779157e+00      -9.757537825707e-01      -1.850251569203e+00       5.894988493629e-01       5.893827609381e-01       3.702161558313e+00       8.321990819074e-04       9.942315992672e-01      -1.635282324189e-07      -4.011383485842e-04      -4.597975210132e-08      -4.091086106876e-04      -5.135193414457e-07 
       7.530088527984e-04      -1.008240843227e+00      -2.028606325669e+00      -2.028768793895e+00      -9.781684759917e-01      -2.027773153020e+00       5.891847963262e-01       5.890908575871e-01       4.057537587789e+00       9.120204911348e-04       9.937372631604e-01      -1.690251552185e-07      -4.546262902538e-04      -5.325424184165e-08      -4.633036368124e-04      -5.819897895177e-07 
       7.884970667002e-04      -1.006507787533e+00      -2.223240988788e+00      -2.223430435224e+00      -9.727994283612e-01      -2.222244689421e+00       5.888485245355e-01       5.887758095956e-01       4.446860870448e+00       9.994587484269e-04       9.932054612896e-01      -1.738253296509e-07      -5.126449816823e-04      -6.147606617180e-08      -5.219906908490e-04      -6.562616617493e-07 
       8.256577885962e-04      -9.969632031172e-01      -2.436452287115e+00      -2.436672611113e+00      -9.594201189794e-01      -2.435271281851e+00       5.884889662762e-01       5.884362049764e-01       4.873345222226e+00       1.095234391667e-03       9.926340316493e-01      -1.778088423831e-07      -5.749839862632e-04      -7.071725482157e-08      -5.849281772375e-04      -7.360668767117e-07 
       8.645698413597e-04      -9.796961999102e-01      -2.669996480874e+00      -2.670251991286e+00      -9.381695097191e-01      -2.668607988509e+00       5.881050358607e-01       5.880706048467e-01       5.340503982572e+00       1.200135208216e-03       9.920207465135e-01      -1.808689409246e-07      -6.413032563999e-04      -8.103984114657e-08      -6.517401270523e-04      -8.209710782070e-07 
       9.053157626715e-04      -9.552360026157e-01      -2.925793207703e+00      -2.926088632191e+00      -9.096405551355e-01      -2.924173518102e+00       5.876956243301e-01       5.876775525113e-01       5.852177264382e+00       1.315022395675e-03       9.913633121615e-01      -1.829211077067e-07      -7.111458225291e-04      -9.249530143250e-08      -7.219305931374e-04      -9.103903059802e-07 
       9.479819800938e-04      -9.246284682518e-01      -3.205940284983e+00      -3.206280766992e+00      -8.749569889952e-01      -3.204065079848e+00       5.872595830833e-01       5.872555755180e-01       6.412561533985e+00       1.440837252843e-03       9.906593537813e-01      -1.839131515259e-07      -7.839742908239e-04      -1.051187106767e-07      -7.949219667301e-04      -1.003636700758e-06 
       9.926589943941e-04      -8.894904244936e-01      -3.512729816936e+00      -3.513120908664e+00      -8.358238629374e-01      -3.510574521655e+00       5.867957078626e-01       5.868031915245e-01       7.026241817329e+00       1.578608465745e-03       9.899064049442e-01      -1.838358522819e-07      -8.592373352931e-04      -1.189272979140e-07      -8.701245755819e-04      -1.100003109712e-06 
       1.039441571510e-03      -8.520197884333e-01      -3.848665684110e+00      -3.849113328735e+00      -7.945334934537e-01      -3.846205802040e+00       5.863027134162e-01       5.863189078463e-01       7.698226657469e+00       1.729460013039e-03       9.891018856772e-01      -1.827330638245e-07      -9.364732746236e-04      -1.339171914131e-07      -9.470437965961e-04      -1.198894054388e-06 
       1.088428943559e-03      -8.149424294219e-01      -4.216482531921e+00      -4.216993033817e+00      -7.539058854807e-01      -4.213693898339e+00       5.857792028322e-01       5.858012171283e-01       8.433986067633e+00       1.894619737877e-03       9.882430748136e-01      -1.807099640669e-07      -1.015453721790e-03      -1.500610348349e-07      -1.025427698323e-03      -1.300007236806e-06 
       1.139725019325e-03      -7.813786860684e-01      -4.619166382964e+00      -4.619746409229e+00      -7.171425008574e-01      -4.616025295757e+00       5.852236392640e-01       5.852485944662e-01       9.239492818458e+00       2.075428656521e-03       9.873270891679e-01      -1.779379100149e-07      -1.096364953957e-03      -1.673173541638e-07      -1.105452102723e-03      -1.403563959948e-06 
       1.193438604663e-03      -7.545975915657e-01      -5.059976883227e+00      -5.060633413857e+00      -6.875763675541e-01      -5.056459937035e+00       5.846342914795e-01       5.846594649135e-01       1.012126682771e+01       2.273350939277e-03       9.863508192110e-01      -1.746531700191e-07      -1.180014903418e-03      -1.856221758571e-07      -1.187929851056e-03      -1.510568110159e-06 
       1.249683633289e-03      -7.376728356723e-01      -5.542471685401e+00      -5.543212035333e+00      -6.683114867203e-01      -5.538555313883e+00       5.840092305773e-01       5.840322137218e-01       1.108642407067e+01       2.489984872083e-03       9.853109489481e-01      -1.711484293362e-07      -1.268040236182e-03      -2.049114484617e-07      -1.274517854403e-03      -1.623068911606e-06 
       1.308579408449e-03      -7.330291573669e-01      -6.070532412016e+00      -6.071364272208e+00      -6.617640661066e-01      -6.066191993748e+00       5.833462717668e-01       5.833651294950e-01       1.214272854442e+01       2.727074459025e-03       9.842038779940e-01      -1.677542375765e-07      -1.363071580065e-03      -2.251305705715e-07      -1.367877700590e-03      -1.744366915275e-06 
       1.370250855978e-03      -7.419263704527e-01      -6.648392857763e+00      -6.649324400656e+00      -6.691445054097e-01      -6.643601364451e+00       5.826429527272e-01       5.826563666056e-01       1.329864880131e+01       2.986521988122e-03       9.830256943709e-01      -1.648098891990e-07      -1.468796975674e-03      -2.462544333383e-07      -1.471729827654e-03      -1.879091849444e-06 
       1.434828789286e-03      -7.639522400366e-01      -7.280669746634e+00      -7.281709822222e+00      -6.899561772123e-01      -7.275395964699e+00       5.818965549294e-01       5.819039293756e-01       1.456341964444e+01       3.270401727430e-03       9.817722094617e-01      -1.626243224198e-07      -1.589852440022e-03      -2.683168316272e-07      -1.590728824988e-03      -2.033062453641e-06 
       1.502450186827e-03      -7.966284889220e-01      -7.972395307519e+00      -7.973553738205e+00      -7.216253783477e-01      -7.966601751391e+00       5.811040911466e-01       5.811055995145e-01       1.594710747641e+01       3.580974354177e-03       9.804389126684e-01      -1.614295640187e-07      -1.731465354551e-03      -2.914265708342e-07      -1.730089522596e-03      -2.212833758818e-06 
       1.573258482650e-03      -8.352872873644e-01      -8.729052802712e+00      -8.730340852688e+00      -7.594088956624e-01      -8.722693637579e+00       5.802623625423e-01       5.802589116295e-01       1.746068170538e+01       3.920702757030e-03       9.790210282579e-01      -1.613334970188e-07      -1.898806191729e-03      -3.158043583759e-07      -1.894921369408e-03      -2.424882495916e-06 
       1.647403870647e-03      -8.733639341557e-01      -9.556614540734e+00      -9.558045539993e+00      -7.967342007323e-01      -9.549633892851e+00       5.793680181524e-01       5.793611167358e-01       1.911609107999e+01       4.292268947451e-03       9.775135549086e-01      -1.622805902788e-07      -2.096057925132e-03      -3.417950933217e-07      -2.089291537181e-03      -2.674440870237e-06 
       1.725043623124e-03      -9.032425684566e-01      -1.046158274250e+01      -1.046317293263e+01      -8.260906487470e-01      -1.045391396948e+01       5.784176384666e-01       5.784091683973e-01       2.092634586526e+01       4.698592343733e-03       9.759113305527e-01      -1.640331388812e-07      -2.325320907080e-03      -3.698834133618e-07      -2.315143798946e-03      -2.964135247274e-06 
       1.806342424406e-03      -9.176808268426e-01      -1.145103363982e+01      -1.145280317385e+01      -8.404874696131e-01      -1.144260003994e+01       5.774078331916e-01       5.773997410022e-01       2.290560634771e+01       5.142849626190e-03       9.742091179913e-01      -1.661852346084e-07      -2.585606372182e-03      -4.006777739828e-07      -2.571339784554e-03      -3.292748050340e-06 
       1.891472720151e-03      -9.116784588525e-01      -1.253266472118e+01      -1.253463883272e+01      -8.353143475055e-01      -1.252338209257e+01       5.763353221068e-01       5.763292725087e-01       2.506927766544e+01       5.628496183424e-03       9.724016704694e-01      -1.682194220182e-07      -2.872322867414e-03      -4.348854222672e-07      -2.853229292363e-03      -3.654613661558e-06 
       1.980615083129e-03      -8.844039558567e-01      -1.371484570494e+01      -1.371705603949e+01      -8.102001071662e-01      -1.370462677684e+01       5.751969949310e-01       5.751940504038e-01       2.743411207898e+01       6.159289447643e-03       9.704837907378e-01      -1.696071367516e-07      -3.177742326013e-03      -4.732703798547e-07      -3.153227291560e-03      -4.040251669091e-06 
       2.073958596245e-03      -8.405475636901e-01      -1.500667315709e+01      -1.500915903674e+01      -7.702251769724e-01      -1.499543313057e+01       5.739899036015e-01       5.739903084462e-01       3.001831807348e+01       6.739313928207e-03       9.684503196950e-01      -1.699401507541e-07      -3.492857204873e-03      -5.165831480618e-07      -3.462776468952e-03      -4.438734032976e-06 
       2.171701253604e-03      -7.903207762969e-01      -1.641802912369e+01      -1.642083886720e+01      -7.257237600704e-01      -1.640569112818e+01       5.727111971319e-01       5.727143406178e-01       3.284167773439e+01       7.373008155417e-03       9.662960842023e-01      -1.690633503168e-07      -3.810702648563e-03      -5.655112343473e-07      -3.775703006146e-03      -4.841852665672e-06 
       2.274050380486e-03      -7.474365932504e-01      -1.795964520909e+01      -1.796283704741e+01      -6.900710599378e-01      -1.794614338791e+01       5.713580217465e-01       5.713626244474e-01       3.592567409483e+01       8.065193820147e-03       9.640158419313e-01      -1.671624741256e-07      -4.130539024140e-03      -6.206160827543e-07      -4.092288954823e-03      -5.249288599964e-06 
       2.381223073113e-03      -7.249449203713e-01      -1.964316761536e+01      -1.964681062305e+01      -6.754345026951e-01      -1.962844622091e+01       5.699272833780e-01       5.699317916015e-01       3.929362124609e+01       8.821104731406e-03       9.616040044310e-01      -1.647566856251e-07      -4.461410725097e-03      -6.823508897267e-07      -4.422518899830e-03      -5.672910577289e-06 
       2.493446659134e-03      -7.297927079032e-01      -2.148123398799e+01      -2.148540853997e+01      -6.874781859328e-01      -2.146524095238e+01       5.684156456002e-01       5.684187402002e-01       4.297081707993e+01       9.646421338191e-03       9.590547956594e-01      -1.625632237540e-07      -4.822853702596e-03      -7.510458498932e-07      -4.786315070966e-03      -6.137418809945e-06 
       2.610959179822e-03      -7.582006687877e-01      -2.348754374900e+01      -2.349234198015e+01      -7.211739519218e-01      -2.347022001529e+01       5.668192785807e-01       5.668203323722e-01       4.698468396031e+01       1.054730065699e-02       9.563618649656e-01      -1.612391007685e-07      -5.240607464159e-03      -8.269718965227e-07      -5.208804570270e-03      -6.674763592970e-06 
       2.734009894987e-03      -7.947417253438e-01      -2.567694291726e+01      -2.568246922537e+01      -7.605177234789e-01      -2.565821110460e+01       5.651340412459e-01       5.651333331270e-01       5.136493845073e+01       1.153041319631e-02       9.535185678408e-01      -1.610878217619e-07      -5.736842560478e-03      -9.103624112277e-07      -5.710472491397e-03      -7.311881992961e-06 
       2.862859811694e-03      -8.174887916620e-01      -2.806550778482e+01      -2.807187989726e+01      -7.842029985828e-01      -2.804526628152e+01       5.633556341083e-01       5.633541850237e-01       5.614375979453e+01       1.260298011777e-02       9.505180925478e-01      -1.618564928656e-07      -6.317832416802e-03      -1.001411904437e-06      -6.295489999871e-03      -8.055602854902e-06 
       2.997782237893e-03      -8.089817144322e-01      -3.067063493935e+01      -3.067798599713e+01      -7.765274981776e-01      -3.064876303949e+01       5.614798731707e-01       5.614789212708e-01       6.135597199426e+01       1.377281369730e-02       9.473537046522e-01      -1.627864495368e-07      -6.966083626708e-03      -1.100228439688e-06      -6.945268739510e-03      -8.883510536285e-06 
       3.139063362138e-03      -7.684262199218e-01      -3.351113137939e+01      -3.351961379926e+01      -7.386009090198e-01      -3.348750690693e+01       5.595028269536e-01       5.595031616119e-01       6.703922759852e+01       1.504835972576e-02       9.440188113317e-01      -1.629672525351e-07      -7.645620298829e-03      -1.206850414212e-06      -7.625260074042e-03      -9.751319837573e-06 
       3.287002860635e-03      -7.167773038705e-01      -3.660731824038e+01      -3.661710952583e+01      -6.917414425556e-01      -3.658184085111e+01       5.574209231562e-01       5.574224409903e-01       7.323421905167e+01       1.643874772221e-02       9.405071368002e-01      -1.618846374905e-07      -8.324378657970e-03      -1.321364410360e-06      -8.307518770641e-03      -1.062099058926e-05 
       3.441914532896e-03      -6.871743747513e-01      -3.998113108116e+01      -3.999244204354e+01      -6.666654675576e-01      -3.995373805647e+01       5.552306526815e-01       5.552324508160e-01       7.998488408707e+01       1.795383786673e-02       9.368123672363e-01      -1.598310658133e-07      -9.004949773477e-03      -1.444270637887e-06      -8.998878346202e-03      -1.149794585435e-05 
       3.604126967345e-03      -7.017363902520e-01      -4.365622869810e+01      -4.366931397140e+01      -6.811005831705e-01      -4.362689110642e+01       5.529282189754e-01       5.529292424327e-01       8.733862794280e+01       1.960427143827e-02       9.329278583376e-01      -1.578136420898e-07      -9.740177510121e-03      -1.577030099531e-06      -9.751696836230e-03      -1.244823620509e-05 
       3.773984238305e-03      -7.494956265336e-01      -4.765810770861e+01      -4.767327751117e+01      -7.212294087561e-01      -4.762680812781e+01       5.505093184307e-01       5.505091558412e-01       9.534655502233e+01       2.140151943974e-02       9.288464476315e-01      -1.568517531860e-07      -1.060860400886e-02      -1.722406900093e-06      -1.063596238602e-02      -1.356623440225e-05 
       3.951846635814e-03      -7.879793055966e-01      -5.201422798424e+01      -5.203185992992e+01      -7.473428083355e-01      -5.198094115169e+01       5.479693356582e-01       5.479685319258e-01       1.040637198598e+02       2.335793609838e-02       9.245607329451e-01      -1.570922796149e-07      -1.165166794422e-02      -1.884159961095e-06      -1.168030356627e-02      -1.489800011961e-05 
       4.138091429848e-03      -7.779940542819e-01      -5.675412773590e+01      -5.677467678979e+01      -7.285980375795e-01      -5.671883212306e+01       5.453036749763e-01       5.453032150519e-01       1.135493535796e+02       2.548680709152e-02       9.200632842957e-01      -1.575526138068e-07      -1.282236973815e-02      -2.065892365675e-06      -1.283288169510e-02      -1.638302036970e-05 
       4.333113670534e-03      -7.269287061541e-01      -6.190956229145e+01      -6.193356885432e+01      -6.793102337929e-01      -6.187228794801e+01       5.425082683800e-01       5.425086233938e-01       1.238671377086e+02       2.780241495080e-02       9.153472060277e-01      -1.569810057209e-07      -1.401646411087e-02      -2.269558761597e-06      -1.400292767637e-02      -1.789805668105e-05 
       4.537327026042e-03      -6.904455766983e-01      -6.751462889216e+01      -6.754272540772e+01      -6.517098883659e-01      -6.747550221055e+01       5.395794067805e-01       5.395800893174e-01       1.350854508154e+02       3.032009965612e-02       9.104058871598e-01      -1.552129074087e-07      -1.519320690576e-02      -2.494804745161e-06      -1.517320845315e-02      -1.940366371549e-05 
       4.751164659838e-03      -7.113899463788e-01      -7.360590469579e+01      -7.363882505434e+01      -6.760776428982e-01      -7.356513867021e+01       5.365132421434e-01       5.365134413284e-01       1.472776501087e+02       3.305632365720e-02       9.052325733128e-01      -1.534865174398e-07      -1.646328876962e-02      -2.740190318311e-06      -1.645802752341e-02      -2.103954308228e-05 
       4.975080148993e-03      -7.565875866976e-01      -8.022256947208e+01      -8.026116718824e+01      -7.136953460273e-01      -8.018040797546e+01       5.333053480731e-01       5.333049614449e-01       1.605223343765e+02       3.602872498270e-02       8.998199524822e-01      -1.529696605409e-07      -1.798776105290e-02      -3.005537102475e-06      -1.798900913505e-02      -2.299238427699e-05 
       5.209548445017e-03      -7.495683288576e-01      -8.740652088660e+01      -8.745180238793e+01      -7.013681863060e-01      -8.736323048023e+01       5.299510343782e-01       5.299507945973e-01       1.749036047759e+02       3.925616736175e-02       8.941604694581e-01      -1.530669175689e-07      -1.974894950540e-02      -3.293398010118e-06      -1.971819447385e-02      -2.522624511587e-05 
       5.455066878190e-03      -6.857276096350e-01      -9.520248425292e+01      -9.525565352097e+01      -6.532385425296e-01      -9.515845814847e+01       5.264460214482e-01       5.264463726427e-01       1.905113070419e+02       4.275879704021e-02       8.882469413126e-01      -1.521330385941e-07      -2.153317695579e-02      -3.608382614484e-06      -2.146091308406e-02      -2.748977552945e-05 
       5.712156205140e-03      -6.569412473008e-01      -1.036581621775e+02      -1.037206720270e+02      -6.488854323465e-01      -1.036140396219e+02       5.227866211303e-01       5.227870446298e-01       2.074413440540e+02       4.655812271390e-02       8.820728140426e-01      -1.500958726352e-07      -2.327623588225e-02      -3.956030410703e-06      -2.322594960824e-02      -2.973840153834e-05 
       5.981361696754e-03      -7.011452482184e-01      -1.128243478430e+02      -1.128979423465e+02      -6.927268921000e-01      -1.127809891015e+02       5.189688145670e-01       5.189687690732e-01       2.257958846931e+02       5.067706425771e-02       8.756311823997e-01      -1.487189992429e-07      -2.525762088031e-02      -4.342639152731e-06      -2.527196194385e-02      -3.231068794530e-05 
       6.263254258196e-03      -7.183613264936e-01      -1.227550388586e+02      -1.228417893341e+02      -6.925772222838e-01      -1.227134387078e+02       5.149879819861e-01       5.149878404422e-01       2.456835786681e+02       5.513998352514e-02       8.689145405663e-01      -1.484169493949e-07      -2.763938989225e-02      -4.774027400143e-06      -2.764695531785e-02      -3.535617916110e-05 
       6.558431562524e-03      -6.614951100419e-01      -1.335074962889e+02      -1.336098371983e+02      -6.432870781467e-01      -1.334688718902e+02       5.108397286326e-01       5.108399532066e-01       2.672196743966e+02       5.997273762008e-02       8.619156965808e-01      -1.473877572056e-07      -3.010498942914e-02      -5.251646337389e-06      -3.005889671516e-02      -3.849396948813e-05 
       6.867519160582e-03      -6.512423963266e-01      -1.451424699940e+02      -1.452632518872e+02      -6.471845290111e-01      -1.451084373410e+02       5.065205720913e-01       5.065207503307e-01       2.905265037745e+02       6.520268376696e-02       8.546281886206e-01      -1.453433581173e-07      -3.252671300674e-02      -5.773115288305e-06      -3.252386995007e-02      -4.163076030736e-05 
       7.191171496729e-03      -6.988171012199e-01      -1.577237634443e+02      -1.578663555761e+02      -6.807974572565e-01      -1.576963156428e+02       5.020260712229e-01       5.020259658274e-01       3.157327111523e+02       7.085882976016e-02       8.470450586441e-01      -1.443840966243e-07      -3.540410140547e-02      -6.341835646253e-06      -3.543164345899e-02      -4.532824939166e-05 
       7.530072704257e-03      -6.810567301345e-01      -1.713190239060e+02      -1.714874498922e+02      -6.460557622954e-01      -1.713005337446e+02       4.973514283855e-01       4.973513494800e-01       3.429748997843e+02       7.697172172351e-02       8.391589197942e-01      -1.431349199450e-07      -3.855688327024e-02      -6.971388401517e-06      -3.855627126529e-02      -4.937349857946e-05 
       7.884936964503e-03      -6.302854590715e-01      -1.860000883945e+02      -1.861991510085e+02      -6.098828611632e-01      -1.859935580015e+02       4.924974740490e-01       4.924976093495e-01       3.723983020170e+02       8.357219473978e-02       8.309631316472e-01      -1.419633982289e-07      -4.186502068458e-02      -7.675104244197e-06      -4.179939368181e-02      -5.358677441447e-05 
       8.256508074902e-03      -6.394630955494e-01      -2.018387811672e+02      -2.020741682939e+02      -6.119707698808e-01      -2.018479629042e+02       4.874535087142e-01       4.874534786929e-01       4.041483365879e+02       9.069530415980e-02       8.224509837862e-01      -1.403478661224e-07      -4.534043323621e-02      -8.459274659305e-06      -4.534326228305e-02      -5.809423798502e-05 
       8.645557666719e-03      -6.287219691511e-01      -2.189107070105e+02      -2.191890828396e+02      -6.025681870254e-01      -2.189400355854e+02       4.822150890498e-01       4.822150981140e-01       4.383781656792e+02       9.837612557071e-02       8.136159563517e-01      -1.389264608827e-07      -4.920039542139e-02      -9.326022722565e-06      -4.919006470145e-02      -6.305876703148e-05 
       9.052881226195e-03      -6.227021077824e-01      -2.372971130838e+02      -2.376263207111e+02      -5.966176385996e-01      -2.373519619814e+02       4.767828970392e-01       4.767828947083e-01       4.752526414223e+02       1.066494188917e-01       8.044517086563e-01      -1.373808559995e-07      -5.332959946193e-02      -1.027968037042e-05      -5.332392355265e-02      -6.837872766622e-05 
       9.479290692733e-03      -6.151933277157e-01      -2.570778273713e+02      -2.574671526072e+02      -5.893430064528e-01      -2.571647029789e+02       4.711520210267e-01       4.711520214463e-01       5.149343052143e+02       1.155523260662e-01       7.949525596500e-01      -1.358334396423e-07      -5.778372973887e-02      -1.133869653983e-05      -5.777644488451e-02      -7.412184549684e-05 
       9.925601939390e-03      -6.075646536555e-01      -2.783343143550e+02      -2.787947332120e+02      -5.821020216268e-01      -2.784610713175e+02       4.653203691950e-01       4.653203691208e-01       5.575894664241e+02       1.251215390991e-01       7.851135456601e-01      -1.342239514605e-07      -6.256747631785e-02      -1.252595819034e-05      -6.256067484390e-02      -8.029731085276e-05 
       1.039261492092e-02      -5.996916128560e-01      -3.011458844502e+02      -3.016902653192e+02      -5.745394655323e-01      -3.013218958079e+02       4.592849479226e-01       4.592849479412e-01       6.033805306383e+02       1.353938118960e-01       7.749308908455e-01      -1.325498292862e-07      -6.770371740719e-02      -1.384886496064e-05      -6.769693612345e-02      -8.693576683988e-05 
       1.088108379590e-02      -5.915394400629e-01      -3.255887580636e+02      -3.262320915767e+02      -5.667349846053e-01      -3.258251120134e+02       4.530450109351e-01       4.530450109377e-01       6.524641831533e+02       1.464040198854e-01       7.644029773979e-01      -1.308021957404e-07      -7.320866629691e-02      -1.531224278530e-05      -7.320200077939e-02      -9.405773468621e-05 
       1.139167407410e-02      -5.831294351011e-01      -3.517317561704e+02      -3.524915662190e+02      -5.586751153561e-01      -3.520416090391e+02       4.466012450485e-01       4.466012450438e-01       7.049831324380e+02       1.581838729846e-01       7.535307191800e-01      -1.290415708484e-07      -7.909851556712e-02      -1.694123066816e-05      -7.909193914441e-02      -1.016876779369e-04 
       1.192490411388e-02      -5.744519972430e-01      -3.796314717555e+02      -3.805281511920e+02      -5.503623977952e-01      -3.800303420986e+02       4.399562044343e-01       4.399562044360e-01       7.610563023841e+02       1.707601802983e-01       7.423190963101e-01      -1.272193737250e-07      -8.538656930061e-02      -1.876563364776e-05      -8.538008942128e-02      -1.098468421299e-04 
       1.248106954268e-02      -5.655197759465e-01      -4.093269112346e+02      -4.103839352651e+02      -5.418048110252e-01      -4.098328760317e+02       4.331158634301e-01       4.331158634296e-01       8.207678705303e+02       1.841516009151e-01       7.307780978285e-01      -1.253113901969e-07      -9.208217901837e-02      -2.079665013234e-05      -9.207580064450e-02      -1.185487252773e-04 
       1.306015192574e-02      -5.563463271023e-01      -4.408326816622e+02      -4.420767943764e+02      -5.330161687554e-01      -4.414665562738e+02       4.260908396532e-01       4.260908396537e-01       8.841535887529e+02       1.983658266775e-01       7.189254434272e-01      -1.233871098116e-07      -9.918918863306e-02      -2.304226991544e-05      -9.918291336266e-02      -1.277993864567e-04 
       1.366171767776e-02      -5.469533443412e-01      -4.741298075317e+02      -4.755913831542e+02      -5.240172894428e-01      -4.749154813935e+02       4.188962849265e-01       4.188962849264e-01       9.511827663083e+02       2.133954008773e-01       7.067862840087e-01      -1.214100087898e-07      -1.067038691501e-01      -2.553842774716e-05      -1.066977004144e-01      -1.375998046656e-04 
       1.428481967396e-02      -5.373649122191e-01      -5.091582034927e+02      -5.108711264910e+02      -5.148310808521e-01      -5.101225777879e+02       4.115529968553e-01       4.115529968553e-01       1.021742252982e+03       2.292151941161e-01       6.943964552075e-01      -1.193941679342e-07      -1.146136576761e-01      -2.829892156931e-05      -1.146075970697e-01      -1.479364190078e-04 
       1.492792100706e-02      -5.276162989094e-01      -5.458103867890e+02      -5.478119591394e+02      -5.054913338457e-01      -5.469833409081e+02       4.040881814638e-01       4.040881814638e-01       1.095623918279e+03       2.457783794957e-01       6.818019385272e-01      -1.173384083081e-07      -1.228951403284e-01      -3.133771750446e-05      -1.228891897435e-01      -1.587821091181e-04 
       1.558886502105e-02      -5.177543431886e-01      -5.839295039302e+02      -5.862600267931e+02      -4.960430494976e-01      -5.853435896648e+02       3.965359264791e-01       3.965359264791e-01       1.172520053586e+03       2.630151972252e-01       6.690596573858e-01      -1.152505279845e-07      -1.315134378992e-01      -3.466980300823e-05      -1.315075986140e-01      -1.700955621287e-04 
       1.626491417422e-02      -5.078281308044e-01      -6.233095959713e+02      -6.260117425812e+02      -4.865331812738e-01      -6.249995556721e+02       3.889347877528e-01       3.889347877528e-01       1.252023485162e+03       2.808343759099e-01       6.562349874673e-01      -1.131763338497e-07      -1.404229152219e-01      -3.829414531639e-05      -1.404171879545e-01      -1.818194811514e-04 
       1.695286934301e-02      -4.978932723597e-01      -6.637047542620e+02      -6.668228910285e+02      -4.770150537233e-01      -6.657069867989e+02       3.813267640768e-01       3.813267640768e-01       1.333645782057e+03       2.991259736827e-01       6.433985967218e-01      -1.110832170593e-07      -1.495686019829e-01      -4.221871056167e-05      -1.495629868414e-01      -1.938862953830e-04 
       1.764926168430e-02      -4.880059277542e-01      -7.048439404306e+02      -7.084229613249e+02      -4.675424583162e-01      -7.071955434640e+02       3.737549948763e-01       3.737549948763e-01       1.416845922650e+03       3.177685487494e-01       6.306233176519e-01      -1.090201302607e-07      -1.588897779237e-01      -4.642474780866e-05      -1.588842743748e-01      -2.062170392533e-04 
       1.835058760363e-02      -4.782173432290e-01      -7.464466702732e+02      -7.505312664950e+02      -4.581643826981e-01      -7.491848342483e+02       3.662600718096e-01       3.662600718096e-01       1.501062532990e+03       3.366366998499e-01       6.179780881402e-01      -1.069658175328e-07      -1.683237430297e-01      -5.090695793241e-05      -1.683183499249e-01      -2.187323806354e-04 
       1.905354355797e-02      -4.685784744109e-01      -7.882439909224e+02      -7.928776718337e+02      -4.489298182301e-01      -7.914051639544e+02       3.588788740511e-01       3.588788740511e-01       1.585755343667e+03       3.556083436924e-01       6.055244200892e-01      -1.049293926522e-07      -1.778094561700e-01      -5.564316276912e-05      -1.778041718462e-01      -2.313524117274e-04 
       1.975521843946e-02      -4.591282966795e-01      -8.299920449998e+02      -8.352164111910e+02      -4.398760645257e-01      -8.336112972885e+02       3.516417460297e-01       3.516417460297e-01       1.670432822382e+03       3.745734453154e-01       5.933136787746e-01      -1.029607750927e-07      -1.872919003181e-01      -6.061469497078e-05      -1.872867226577e-01      -2.440053209345e-04 
       2.045321634933e-02      -4.498955273927e-01      -8.714833281314e+02      -8.773374735401e+02      -4.310305278639e-01      -8.755938144413e+02       3.445719745761e-01       3.445719745761e-01       1.754674947080e+03       3.934385756622e-01       5.813855875149e-01      -1.010110788460e-07      -1.967243613074e-01      -6.579188287680e-05      -1.967192878311e-01      -2.566279606680e-04 
       2.114570368999e-02      -4.409027504403e-01      -9.125505932347e+02      -9.190711049166e+02      -4.224149528569e-01      -9.171835148876e+02       3.376855142578e-01       3.376855142578e-01       1.838142209833e+03       4.121270105153e-01       5.697666204097e-01      -9.913301044191e-08      -2.060684772461e-01      -7.114707409122e-05      -2.060635052577e-01      -2.691679590895e-04 
       2.183139227336e-02      -4.321614117736e-01      -9.530680182891e+02      -9.602885660092e+02      -4.140402394185e-01      -9.582522387149e+02       3.309919544759e-01       3.309919544759e-01       1.920577132018e+03       4.305816288427e-01       5.584732322767e-01      -9.728476492255e-08      -2.152956877704e-01      -7.667268521867e-05      -2.152908144214e-01      -2.815883669122e-04 
       2.250947928866e-02      -4.236794162231e-01      -9.929506578556e+02      -1.000901850389e+03      -4.059140253726e-01      -9.987125432188e+02       3.244965287039e-01       3.244965287039e-01       2.001803700779e+03       4.487626300959e-01       5.475139814968e-01      -9.551289395776e-08      -2.243860926729e-01      -8.232875068438e-05      -2.243813150479e-01      -2.938579915955e-04 
       2.317956563857e-02      -4.154540000722e-01      -1.032139118699e+03      -1.040849214004e+03      -3.980335800551e-01      -1.038503111782e+03       3.181981503177e-01       3.181981503177e-01       2.081698428008e+03       4.666431371583e-01       5.368873782559e-01      -9.377867962171e-08      -2.333262533931e-01      -8.810944738518e-05      -2.333215685791e-01      -3.059590935805e-04 
       2.384156963309e-02      -4.074831305896e-01      -1.070606587826e+03      -1.080100931395e+03      -3.903970130892e-01      -1.077594704575e+03       3.120945497552e-01       3.120945497552e-01       2.160201862791e+03       4.842095457537e-01       5.265893566935e-01      -9.209084760145e-08      -2.421093677501e-01      -9.398820957990e-05      -2.421047728768e-01      -3.178789823224e-04 
       2.449564690182e-02      -3.997394505392e-01      -1.108330141937e+03      -1.118632286043e+03      -3.829771337746e-01      -1.115962910032e+03       3.061768629523e-01       3.061768629523e-01       2.237264572087e+03       5.014604973159e-01       5.166089869271e-01      -9.072400281490e-08      -2.507347564964e-01      -9.995198952475e-05      -2.507302486580e-01      -3.296147370835e-04 
       2.514212195473e-02      -3.922738341279e-01      -1.145352831737e+03      -1.156482722702e+03      -3.758255837374e-01      -1.153647702753e+03       3.004483003953e-01       3.004483003953e-01       2.312965445405e+03       5.183854698318e-01       5.069397800246e-01      -8.904162599125e-08      -2.591971581811e-01      -1.059848217462e-04      -2.591927349159e-01      -3.411573252564e-04 
       2.578143298704e-02      -3.850158841315e-01      -1.181656988846e+03      -1.193633348127e+03      -3.688718970353e-01      -1.190630399461e+03       2.948921938352e-01       2.948921938352e-01       2.387266696254e+03       5.350059107118e-01       4.975660163827e-01      -8.733369116234e-08      -2.675072967749e-01      -1.120696430367e-04      -2.675029553559e-01      -3.525174070154e-04 
       2.641408926964e-02      -3.779805358785e-01      -1.217280798704e+03      -1.230120184292e+03      -3.621316504553e-01      -1.226947328496e+03       2.895043090225e-01       2.895043090225e-01       2.460240368585e+03       5.513252825794e-01       4.884753336697e-01      -8.591985404550e-08      -2.756669033150e-01      -1.181910290593e-04      -2.756626412897e-01      -3.636948028834e-04 
       2.704063940089e-02      -3.711573865788e-01      -1.252257600960e+03      -1.265974407284e+03      -3.555948108243e-01      -1.262629976562e+03       2.842775530066e-01       2.842775530066e-01       2.531948814567e+03       5.673583584190e-01       4.796560545803e-01      -8.439526147625e-08      -2.836833641979e-01      -1.243556348453e-04      -2.836791792095e-01      -3.746997643913e-04 
       2.766164838054e-02      -3.645318922530e-01      -1.286619017179e+03      -1.301225682346e+03      -3.492471968520e-01      -1.297708288492e+03       2.792038131060e-01       2.792038131060e-01       2.602451364693e+03       5.831214604825e-01       4.710954993381e-01      -8.299565884493e-08      -2.915648404727e-01      -1.305334576698e-04      -2.915607302412e-01      -3.855377993530e-04 
       2.827768155684e-02      -3.580899841160e-01      -1.320396429264e+03      -1.335903712173e+03      -3.430751130212e-01      -1.332212202974e+03       2.742749729671e-01       2.742749729671e-01       2.671807424346e+03       5.986310669288e-01       4.627808593407e-01      -8.159583915554e-08      -2.993195711368e-01      -1.367092197936e-04      -2.993155334644e-01      -3.962168287883e-04 
       2.888929376710e-02      -3.518439783800e-01      -1.353645430652e+03      -1.370062012272e+03      -3.370913767573e-01      -1.366195511810e+03       2.694879631456e-01       2.694879631456e-01       2.740124024545e+03       6.138981519611e-01       4.547027915363e-01      -8.024530229199e-08      -3.069530430721e-01      -1.428906672507e-04      -3.069490759805e-01      -4.067449349054e-04 
       2.949702230981e-02      -3.457612885720e-01      -1.386386069780e+03      -1.403718981048e+03      -3.312635491645e-01      -1.399676855414e+03       2.648328109574e-01       2.648328109574e-01       2.807437962095e+03       6.289471848302e-01       4.468494604458e-01      -7.894417635325e-08      -3.144774909658e-01      -1.490530278204e-04      -3.144735924151e-01      -4.171335468849e-04 
       3.010138268639e-02      -3.398564363311e-01      -1.418675334008e+03      -1.436929539899e+03      -3.256066356508e-01      -1.432711428291e+03       2.603072060145e-01       2.603072060145e-01       2.873859079798e+03       6.437878295895e-01       4.392124940875e-01      -7.768508061975e-08      -3.218977466236e-01      -1.552025563582e-04      -3.218939147948e-01      -4.273896981028e-04 
       3.070286630818e-02      -3.341043485339e-01      -1.450537884419e+03      -1.469716553537e+03      -3.200957006207e-01      -1.465322355933e+03       2.559031842141e-01       2.559031842141e-01       2.939433107075e+03       6.584435559785e-01       4.317821982796e-01      -7.642866210965e-08      -3.292255449539e-01      -1.613035112403e-04      -3.292217779892e-01      -4.375224518167e-04 
       3.130193957039e-02      -3.285084074584e-01      -1.482021126096e+03      -1.502125527417e+03      -3.147344622966e-01      -1.497555399653e+03       2.516174452349e-01       2.516174452349e-01       3.004251054835e+03       6.729279174003e-01       4.245510429341e-01      -7.526849201103e-08      -3.364676625291e-01      -1.673493872125e-04      -3.364639587002e-01      -4.475392964257e-04 
       3.189904385593e-02      -3.230599392283e-01      -1.513159087210e+03      -1.534189007113e+03      -3.095144916621e-01      -1.529443307389e+03       2.474448380594e-01       2.474448380594e-01       3.068378014226e+03       6.872574871071e-01       4.175108333645e-01      -7.405396024208e-08      -3.436323859181e-01      -1.733481025745e-04      -3.436287435535e-01      -4.574518238391e-04 
       3.249459615342e-02      -3.177548854065e-01      -1.543994940451e+03      -1.565947599408e+03      -3.044319184963e-01      -1.561027051047e+03       2.433820171882e-01       2.433820171882e-01       3.131895198815e+03       7.014503578631e-01       4.106558462116e-01      -7.289837951969e-08      -3.507287614516e-01      -1.792742680367e-04      -3.507251789316e-01      -4.672673826737e-04 
       3.308899006411e-02      -3.125890548317e-01      -1.574569355863e+03      -1.597439903601e+03      -2.994827389988e-01      -1.592345519122e+03       2.394256213265e-01       2.394256213265e-01       3.194879807201e+03       7.155237588806e-01       4.039803599109e-01      -7.177945553080e-08      -3.577654036845e-01      -1.851094412717e-04      -3.577618794403e-01      -4.769938729172e-04 
       3.368259703912e-02      -3.075559128130e-01      -1.604910390461e+03      -1.628692884528e+03      -2.946606733495e-01      -1.623425822721e+03       2.355709009285e-01       2.355709009285e-01       3.257385769056e+03       7.294902531305e-01       3.974764453912e-01      -7.064380036113e-08      -3.647485940348e-01      -1.908544475721e-04      -3.647451265652e-01      -4.866392692920e-04 
       3.427576773646e-02      -3.026528136274e-01      -1.635062851758e+03      -1.659748672751e+03      -2.899631918584e-01      -1.654310473548e+03       2.318157629220e-01       2.318157629220e-01       3.319497345502e+03       7.433688340760e-01       3.911405489878e-01      -6.959757848325e-08      -3.716878292026e-01      -1.964990902737e-04      -3.716844170380e-01      -4.962138692236e-04 
       3.486883342232e-02      -2.978751111420e-01      -1.665064273920e+03      -1.690642676684e+03      -2.853857865469e-01      -1.685035180792e+03       2.281573514952e-01       2.281573514952e-01       3.381285353368e+03       7.571767031228e-01       3.849680861244e-01      -6.852374265919e-08      -3.785917098582e-01      -2.020216578983e-04      -3.785883515614e-01      -5.057250131132e-04 
       3.546210736590e-02      -2.932211929898e-01      -1.694951667803e+03      -1.721409872467e+03      -2.809270294123e-01      -1.715635207550e+03       2.245929907654e-01       2.245929907654e-01       3.442819744935e+03       7.709273918781e-01       3.789540620823e-01      -6.757954290503e-08      -3.854670017460e-01      -2.074168239691e-04      -3.854636959391e-01      -5.151803526149e-04 
       3.605588619481e-02      -2.886864002548e-01      -1.724760755480e+03      -1.752083902002e+03      -2.765823790030e-01      -1.746144491052e+03       2.211200627617e-01       2.211200627617e-01       3.504167804005e+03       7.846376427867e-01       3.730943763246e-01      -6.647673822835e-08      -3.923220760637e-01      -2.126630517000e-04      -3.923188213934e-01      -5.245869972791e-04 
       3.665045119063e-02      -2.842699488893e-01      -1.754533162739e+03      -1.782704176483e+03      -2.723511739913e-01      -1.776602753455e+03       2.177368797995e-01       2.177368797995e-01       3.565408352966e+03       7.983234488458e-01       3.673858188508e-01      -6.556786370358e-08      -3.991649292687e-01      -2.177572137527e-04      -3.991617244229e-01      -5.339544403102e-04 
       3.724606951266e-02      -2.799673953395e-01      -1.784305215373e+03      -1.813304555304e+03      -2.682290639580e-01      -1.807044209955e+03       2.144411832954e-01       2.144411832954e-01       3.626609110608e+03       8.120021303071e-01       3.618249601324e-01      -6.454354844652e-08      -4.060042214697e-01      -2.226799201172e-04      -4.060010651535e-01      -5.432904792294e-04 
       3.784299534431e-02      -2.757760617158e-01      -1.814112358156e+03      -1.843918895411e+03      -2.642134892645e-01      -1.837502935259e+03       2.112308504418e-01       2.112308504418e-01       3.687837790821e+03       8.256888838367e-01       3.564081944940e-01      -6.354452045797e-08      -4.128475509676e-01      -2.274369214781e-04      -4.128444419183e-01      -5.526055437448e-04 
       3.844147096019e-02      -2.716931229448e-01      -1.843988564073e+03      -1.874578563105e+03      -2.603017489776e-01      -1.868010675870e+03       2.081036355026e-01       2.081036355026e-01       3.749157126211e+03       8.393978415289e-01       3.511317057256e-01      -6.261150232948e-08      -4.197019837758e-01      -2.319774627251e-04      -4.196989207645e-01      -5.619005090336e-04 
       3.904172771505e-02      -2.677173412744e-01      -1.873979477688e+03      -1.905326643600e+03      -2.564926496963e-01      -1.898610878688e+03       2.050587097048e-01       2.050587097048e-01       3.810653287199e+03       8.531488254985e-01       3.459941346546e-01      -6.173470402174e-08      -4.265774309398e-01      -2.363317618211e-04      -4.265744127492e-01      -5.711925068067e-04 
       3.964398695723e-02      -2.638459225457e-01      -1.904116181766e+03      -1.936192718655e+03      -2.527835260942e-01      -1.929333333664e+03       2.020937684235e-01       2.020937684235e-01       3.872385437310e+03       8.669548563330e-01       3.409915383866e-01      -6.095035357533e-08      -4.334804027186e-01      -2.404689026193e-04      -4.334774281665e-01      -5.804848704106e-04 
       4.024846087044e-02      -2.600782715817e-01      -1.934440662534e+03      -1.967216198535e+03      -2.491738644950e-01      -1.960217818774e+03       1.992076835455e-01       1.992076835455e-01       3.934432397071e+03       8.808324568297e-01       3.361217891349e-01      -5.992116442581e-08      -4.404191604831e-01      -2.443764290981e-04      -4.404162284148e-01      -5.897859349648e-04 
       4.085535324819e-02      -2.564108283882e-01      -1.964984250227e+03      -1.998426166989e+03      -2.456602073464e-01      -1.991293743575e+03       1.963982857682e-01       1.963982857682e-01       3.996852333979e+03       8.947958846557e-01       3.313814127019e-01      -5.911157572032e-08      -4.474008330442e-01      -2.480410326527e-04      -4.473979423278e-01      -5.991025829048e-04 
       4.146486020563e-02      -2.528414091088e-01      -1.995787748396e+03      -2.029861469876e+03      -2.422404178052e-01      -2.022600225049e+03       1.936644666616e-01       1.936644666616e-01       4.059722939752e+03       9.088640307224e-01       3.267687264553e-01      -5.831745015983e-08      -4.544348658480e-01      -2.514524721076e-04      -4.544320153612e-01      -6.084449990635e-04 
       4.207717083329e-02      -2.493690944794e-01      -2.026886508614e+03      -2.061555609200e+03      -2.389136897225e-01      -2.054171024435e+03       1.910046048312e-01       1.910046048312e-01       4.123111218400e+03       9.230499890877e-01       3.222806891593e-01      -5.749533178228e-08      -4.615278058870e-01      -2.546183523312e-04      -4.615249945439e-01      -6.178225939021e-04 
       4.269246779746e-02      -2.459902024716e-01      -2.058315919117e+03      -2.093541334828e+03      -2.356763981184e-01      -2.086039275451e+03       1.884170765941e-01       1.884170765941e-01       4.187082669656e+03       9.373714643253e-01       3.179149597081e-01      -5.672341393161e-08      -4.686885054407e-01      -2.575016261630e-04      -4.686857321627e-01      -6.272406195073e-04 
       4.331092789152e-02      -2.427045855683e-01      -2.090107428593e+03      -2.125849974362e+03      -2.325285346012e-01      -2.118236295299e+03       1.859001449439e-01       1.859001449439e-01       4.251699948725e+03       9.518386658168e-01       3.136680662007e-01      -5.599301578529e-08      -4.759220691514e-01      -2.601211854519e-04      -4.759193329084e-01      -6.367084324283e-04 
       4.393272254233e-02      -2.395109978856e-01      -2.122311226165e+03      -2.158527032860e+03      -2.294688604600e-01      -2.150808282411e+03       1.834534013383e-01       1.834534013383e-01       4.317054065720e+03       9.664735699277e-01       3.095395012426e-01      -5.535441593147e-08      -4.832394852037e-01      -2.624372613831e-04      -4.832367849639e-01      -6.462335444414e-04 
       4.455801827569e-02      -2.364053967133e-01      -2.154947378463e+03      -2.191592354432e+03      -2.264934697109e-01      -2.183775097333e+03       1.810741531198e-01       1.810741531198e-01       4.383184708864e+03       9.812860187267e-01       3.055248560264e-01      -5.461278612871e-08      -4.906456745982e-01      -2.644663287322e-04      -4.906430093634e-01      -6.558247446028e-04 
       4.518697714421e-02      -2.333860174805e-01      -2.188050251192e+03      -2.225079757757e+03      -2.236006762879e-01      -2.217170612769e+03       1.787610207591e-01       1.787610207591e-01       4.450159515513e+03       9.962913088609e-01       3.016217930209e-01      -5.368064145960e-08      -4.981482856360e-01      -2.662073805979e-04      -4.981456544305e-01      -6.654913714720e-04 
       4.581975712116e-02      -2.304501020477e-01      -2.221651628352e+03      -2.259018897451e+03      -2.207878018473e-01      -2.251024790226e+03       1.765123119159e-01       1.765123119159e-01       4.518037794902e+03       1.011504009168e+00       2.978275971420e-01      -5.302486554052e-08      -5.057546027179e-01      -2.676185036922e-04      -5.057520045838e-01      -6.752360090551e-04 
       4.645651246315e-02      -2.275969263658e-01      -2.255782701682e+03      -2.293439887643e+03      -2.180542398065e-01      -2.285367884910e+03       1.743264144475e-01       1.743264144475e-01       4.586879775285e+03       1.026934795608e+00       2.941391957587e-01      -5.244957739316e-08      -5.134699637855e-01      -2.687521232767e-04      -5.134673978039e-01      -6.850735863942e-04 
       4.709739404439e-02      -2.248237623564e-01      -2.290474475414e+03      -2.328372340773e+03      -2.153973371102e-01      -2.320229700125e+03       1.722017297157e-01       1.722017297157e-01       4.656744681547e+03       1.042598408259e+00       2.905540548672e-01      -5.169877236987e-08      -5.213017388606e-01      -2.695824111643e-04      -5.212992041297e-01      -6.950092448155e-04 
       4.774254966524e-02      -2.221282017824e-01      -2.325753906882e+03      -2.363843078302e+03      -2.128147810873e-01      -2.355637053504e+03       1.701364797818e-01       1.701364797818e-01       4.727686156604e+03       1.058507068421e+00       2.870691967664e-01      -5.100622774412e-08      -5.292560385674e-01      -2.700997323850e-04      -5.292535342107e-01      -7.050491273587e-04 
       4.839212433710e-02      -2.195064365823e-01      -2.361642736040e+03      -2.399872393120e+03      -2.103028615914e-01      -2.391610446275e+03       1.681285055512e-01       1.681285055512e-01       4.799744786239e+03       1.074672343503e+00       2.836812308120e-01      -5.056135990091e-08      -5.373386465895e-01      -2.702636916716e-04      -5.373361717517e-01      -7.151941192165e-04 
       4.904626054591e-02      -2.169585595692e-01      -2.398170827044e+03      -2.436490654742e+03      -2.078617874502e-01      -2.428180140048e+03       1.661764149786e-01       1.661764149786e-01       4.872981309484e+03       1.091103327578e+00       2.803873207125e-01      -4.984129674970e-08      -5.455541099220e-01      -2.701472469167e-04      -5.455516637890e-01      -7.254614008977e-04 
       4.970509849602e-02      -2.144789256535e-01      -2.435347422056e+03      -2.473707109991e+03      -2.054860231577e-01      -2.465355372231e+03       1.642774414074e-01       1.642774414074e-01       4.947414219982e+03       1.107809058621e+00       2.771833170384e-01      -4.935479821896e-08      -5.539069475344e-01      -2.697289268333e-04      -5.539045293107e-01      -7.358532809689e-04 
       5.036877633628e-02      -2.120692049498e-01      -2.473200438415e+03      -2.511550029101e+03      -2.031773859395e-01      -2.503164330990e+03       1.624302217406e-01       1.624302217406e-01       5.023100058203e+03       1.124793628307e+00       2.740660392955e-01      -4.863287759957e-08      -5.623992052051e-01      -2.690428150626e-04      -5.623968141537e-01      -7.463776010818e-04 
       5.103743036975e-02      -2.097220196047e-01      -2.511741049285e+03      -2.550030989008e+03      -2.009285417079e-01      -2.541618518938e+03       1.606323607108e-01       1.606323607108e-01       5.100061978017e+03       1.142072913516e+00       2.710325304767e-01      -4.812881575020e-08      -5.710388213846e-01      -2.680621996877e-04      -5.710364567578e-01      -7.570401377949e-04 
       5.171119524854e-02      -2.074376455346e-01      -2.550983276795e+03      -2.589164702602e+03      -1.987399404786e-01      -2.580732526595e+03       1.588817891694e-01       1.588817891694e-01       5.178329405204e+03       1.159645788052e+00       2.680785397869e-01      -4.744809402731e-08      -5.798252329137e-01      -2.668048254494e-04      -5.798228940260e-01      -7.678429838951e-04 
       5.239020415505e-02      -2.052074767525e-01      -2.590918242886e+03      -2.628944257734e+03      -1.966030679394e-01      -2.620499139380e+03       1.571752337259e-01       1.571752337259e-01       5.257888515469e+03       1.177520810565e+00       2.651996490280e-01      -4.699655838045e-08      -5.887627191139e-01      -2.652847272798e-04      -5.887604052823e-01      -7.787936974382e-04 
       5.307458897075e-02      -2.030405813994e-01      -2.631591518115e+03      -2.669416226808e+03      -1.945271691575e-01      -2.660964728470e+03       1.555127901488e-01       1.555127901488e-01       5.338832453616e+03       1.195694021758e+00       2.623937384754e-01      -4.634625411321e-08      -5.978493002435e-01      -2.635356560254e-04      -5.978470108788e-01      -7.898951127783e-04 
       5.376448043353e-02      -2.009223008338e-01      -2.672965066209e+03      -2.710545768369e+03      -1.924976673401e-01      -2.702093983059e+03       1.538897934592e-01       1.538897934592e-01       5.421091536737e+03       1.214173384347e+00       2.596551223741e-01      -4.581513244643e-08      -6.070889576826e-01      -2.615578515441e-04      -6.070866921737e-01      -8.011522307043e-04 
       5.446000828457e-02      -1.988509500188e-01      -2.715036506354e+03      -2.752332322396e+03      -1.905130369565e-01      -2.743886057416e+03       1.523038746188e-01       1.523038746188e-01       5.504664644792e+03       1.232954994781e+00       2.569794440343e-01      -4.532475520909e-08      -6.164797396041e-01      -2.593818164368e-04      -6.164774973904e-01      -8.125673617519e-04 
       5.516130140571e-02      -1.968233532251e-01      -2.757800788230e+03      -2.794774710320e+03      -1.885702215741e-01      -2.786339165716e+03       1.507527574736e-01       1.507527574736e-01       5.589549420639e+03       1.252038916951e+00       2.543629152607e-01      -4.511708563372e-08      -6.260216779243e-01      -2.570315785482e-04      -6.260194584756e-01      -8.241444069607e-04 
       5.586848794792e-02      -1.948443345645e-01      -2.801272573607e+03      -2.837889057596e+03      -1.866742408334e-01      -2.829469188343e+03       1.492352487759e-01       1.492352487759e-01       5.675778115192e+03       1.271412462768e+00       2.518018946514e-01      -4.467807729477e-08      -6.357084285124e-01      -2.545420404612e-04      -6.357062313841e-01      -8.358809103004e-04 
       5.658169545170e-02      -1.929066965545e-01      -2.845425454109e+03      -2.881654245054e+03      -1.848180021711e-01      -2.873254194587e+03       1.477482706612e-01       1.477482706612e-01       5.763308490108e+03       1.291075057588e+00       2.492919996223e-01      -4.362141732683e-08      -6.455397040341e-01      -2.519095970308e-04      -6.455375287940e-01      -8.477758878565e-04 
       5.730105096009e-02      -1.910006757951e-01      -2.890212176486e+03      -2.926027592168e+03      -1.829918635192e-01      -2.917650825340e+03       1.462879016709e-01       1.462879016709e-01       5.852055184336e+03       1.311022285926e+00       2.468277977761e-01      -4.312806888670e-08      -6.555132967382e-01      -2.492151351475e-04      -6.555111429630e-01      -8.598392828813e-04 
       5.802668112475e-02      -1.891237720701e-01      -2.935602531122e+03      -2.970983106293e+03      -1.811934995027e-01      -2.962632449676e+03       1.448513624778e-01       1.448513624778e-01       5.941966212587e+03       1.331239084490e+00       2.444043118058e-01      -4.294422444198e-08      -6.656216749256e-01      -2.464581202557e-04      -6.656195422448e-01      -8.720615942070e-04 
       5.875871230577e-02      -1.872807897612e-01      -2.981598595425e+03      -3.016527795145e+03      -1.794278928701e-01      -3.008205293979e+03       1.434376625369e-01       1.434376625369e-01       6.033055590290e+03       1.351707395968e+00       2.420183149375e-01      -4.234454275856e-08      -6.758558098615e-01      -2.436802717671e-04      -6.758536979839e-01      -8.844380858672e-04 
       5.949727066567e-02      -1.854598463691e-01      -3.028132309842e+03      -3.062599550860e+03      -1.776832575413e-01      -3.054306373294e+03       1.420426538604e-01       1.420426538604e-01       6.125199101720e+03       1.372421067573e+00       2.396644577183e-01      -4.180900495714e-08      -6.862126251593e-01      -2.409343956448e-04      -6.862105337865e-01      -8.969731890792e-04 
       6.024248225797e-02      -1.836608023032e-01      -3.075172434175e+03      -3.109173332721e+03      -1.759596226241e-01      -3.100909696158e+03       1.406642289418e-01       1.406642289418e-01       6.218346665443e+03       1.393359436773e+00       2.373385178609e-01      -4.140354024174e-08      -6.966817894937e-01      -2.382441523071e-04      -6.966797183863e-01      -9.096576821367e-04 
       6.099447311085e-02      -1.818792147286e-01      -3.122662970516e+03      -3.156199347347e+03      -1.742527012942e-01      -3.147964540910e+03       1.392993625846e-01       1.392993625846e-01       6.312398694693e+03       1.414501466390e+00       2.350355166813e-01      -4.094722476683e-08      -7.072527842368e-01      -2.356907082456e-04      -7.072507331948e-01      -9.224911709928e-04 
       6.175336930616e-02      -1.801123544297e-01      -3.170555772975e+03      -3.203636535131e+03      -1.725599024786e-01      -3.195428772828e+03       1.379456755271e-01       1.379456755271e-01       6.407273070262e+03       1.435826859064e+00       2.327513434269e-01      -4.040618284414e-08      -7.179154606696e-01      -2.332804910212e-04      -7.179134295322e-01      -9.354619375354e-04 
       6.251929705421e-02      -1.783562054038e-01      -3.218786041629e+03      -3.251427203788e+03      -1.708773616753e-01      -3.243243636816e+03       1.366003040816e-01       1.366003040816e-01       6.502854407575e+03       1.457310256559e+00       2.304812368500e-01      -4.002953306609e-08      -7.286571396336e-01      -2.310769470456e-04      -7.286551282795e-01      -9.485640851099e-04 
       6.329238276460e-02      -1.766076031972e-01      -3.267289967044e+03      -3.299514719258e+03      -1.692020576464e-01      -3.291351424359e+03       1.352606987055e-01       1.352606987055e-01       6.599029438516e+03       1.478925098167e+00       2.282208531769e-01      -3.961081847548e-08      -7.394645407361e-01      -2.291273042419e-04      -7.394625490833e-01      -9.617884048975e-04 
       6.407275311340e-02      -1.748635257722e-01      -3.316003114272e+03      -3.347843362605e+03      -1.675310922528e-01      -3.339695099075e+03       1.339245855214e-01       1.339245855214e-01       6.695686725211e+03       1.500645971077e+00       2.259663691897e-01      -3.913495736466e-08      -7.503249575388e-01      -2.275002642122e-04      -7.503229855386e-01      -9.751297780090e-04 
       6.486053510691e-02      -1.731203102376e-01      -3.364844607718e+03      -3.396339376186e+03      -1.658609507358e-01      -3.388199853975e+03       1.325892233847e-01       1.325892233847e-01       6.792678752373e+03       1.522439619069e+00       2.237131812913e-01      -3.870491572935e-08      -7.612217618917e-01      -2.262076232775e-04      -7.612198095346e-01      -9.885692464518e-04 
       6.565585614227e-02      -1.713753954094e-01      -3.413742263953e+03      -3.444939603695e+03      -1.641891887368e-01      -3.436801173412e+03       1.312525445493e-01       1.312525445493e-01       6.889879207391e+03       1.544276478845e+00       2.214577650801e-01      -3.830248742859e-08      -7.721401721138e-01      -2.253579862176e-04      -7.721382394226e-01      -1.002105362238e-03 
       6.645884406518e-02      -1.696255765750e-01      -3.462611124022e+03      -3.493566922883e+03      -1.625127277849e-01      -3.485420775987e+03       1.299121917903e-01       1.299121917903e-01       6.987133845766e+03       1.566121933922e+00       2.191961757264e-01      -3.789493008664e-08      -7.830628799299e-01      -2.249642315281e-04      -7.830609669610e-01      -1.015718481280e-03 
       6.726962722477e-02      -1.678683366085e-01      -3.511368517759e+03      -3.542147093723e+03      -1.608291621575e-01      -3.533983166560e+03       1.285661664880e-01       1.285661664880e-01       7.084294187445e+03       1.587941667272e+00       2.169250174231e-01      -3.749172728956e-08      -7.939727267962e-01      -2.250756283998e-04      -7.939708336359e-01      -1.029394863150e-03 
       6.808833452604e-02      -1.661013482628e-01      -3.559928844919e+03      -3.590603146946e+03      -1.591362694957e-01      -3.582410091737e+03       1.272126027324e-01       1.272126027324e-01       7.181206293892e+03       1.609700017497e+00       2.146411139411e-01      -3.719291885968e-08      -8.048518819846e-01      -2.257731313605e-04      -8.048500087487e-01      -1.043124890186e-03 
       6.891509547984e-02      -1.643218657635e-01      -3.608202074939e+03      -3.638853208101e+03      -1.574313949454e-01      -3.630618472218e+03       1.258496895086e-01       1.258496895086e-01       7.277706416203e+03       1.631361426120e+00       2.123415069655e-01      -3.678724528880e-08      -8.156825662339e-01      -2.270720856421e-04      -8.156807130601e-01      -1.056888734878e-03 
       6.975004025066e-02      -1.625281851783e-01      -3.656101940732e+03      -3.686819466559e+03      -1.557129179495e-01      -3.678529241459e+03       1.244759777089e-01       1.244759777089e-01       7.373638933118e+03       1.652889542824e+00       2.100237034218e-01      -3.631196160626e-08      -8.264466043625e-01      -2.290386476241e-04      -8.264447714121e-01      -1.070674034441e-03 
       7.059329970233e-02      -1.607186951153e-01      -3.703539469570e+03      -3.734420001928e+03      -1.539793067527e-01      -3.726059447695e+03       1.230900854028e-01       1.230900854028e-01       7.468840003856e+03       1.674246166763e+00       2.076853223889e-01      -3.604616764571e-08      -8.371248959250e-01      -2.317049191084e-04      -8.371230833817e-01      -1.084461901271e-03 
       7.144500544176e-02      -1.588916697398e-01      -3.750427591032e+03      -3.781574983019e+03      -1.522288914449e-01      -3.773128197038e+03       1.216908911547e-01       1.216908911547e-01       7.563149966039e+03       1.695396259103e+00       2.053245384743e-01      -3.543390817434e-08      -8.476999214902e-01      -2.351089929785e-04      -8.476981295515e-01      -1.098236392813e-03 
       7.230528986090e-02      -1.570461670483e-01      -3.796680868285e+03      -3.828206519505e+03      -1.504607829918e-01      -3.819656486345e+03       1.202775079428e-01       1.202775079428e-01       7.656413039010e+03       1.716303231768e+00       2.029397998940e-01      -3.505165425796e-08      -8.581533870055e-01      -2.393114305603e-04      -8.581516158841e-01      -1.111984125703e-03 
       7.317428617696e-02      -1.551810685053e-01      -3.842214901840e+03      -3.874236047634e+03      -1.486739001107e-01      -3.865564908534e+03       1.188491931578e-01       1.188491931578e-01       7.748472095267e+03       1.736932199599e+00       2.005298917513e-01      -3.465359125134e-08      -8.684678498813e-01      -2.443081768976e-04      -8.684660997993e-01      -1.125682618110e-03 
       7.405212847100e-02      -1.532960906325e-01      -3.886957295144e+03      -3.919596093163e+03      -1.468679746199e-01      -3.910785279174e+03       1.174056875762e-01       1.174056875762e-01       7.839192186325e+03       1.757252252871e+00       1.980943626451e-01      -3.424556132744e-08      -8.786278552520e-01      -2.501566621563e-04      -8.786261264355e-01      -1.139321548088e-03 
       7.493895172510e-02      -1.513910136437e-01      -3.930835028600e+03      -3.964218958721e+03      -1.450427950971e-01      -3.955249128061e+03       1.159468279956e-01       1.159468279956e-01       7.928437917442e+03       1.777232682507e+00       1.956329390273e-01      -3.383619259120e-08      -8.886180485762e-01      -2.568536772294e-04      -8.886163412537e-01      -1.152881188392e-03 
       7.583489185804e-02      -1.494682988519e-01      -3.973782737599e+03      -4.008042843286e+03      -1.432008638572e-01      -3.998894152182e+03       1.144727250224e-01       1.144727250224e-01       8.016085686572e+03       1.796832037708e+00       1.931452165329e-01      -3.446491701164e-08      -8.984177044312e-01      -2.644050325036e-04      -8.984160188541e-01      -1.166336474564e-03 
       7.674008575965e-02      -1.475225243250e-01      -4.015748330897e+03      -4.051017228179e+03      -1.413366065785e-01      -4.041669633187e+03       1.129838853480e-01       1.129838853480e-01       8.102034456358e+03       1.816062811318e+00       1.906336021254e-01      -3.348711753975e-08      -9.080330693123e-01      -2.728557453276e-04      -9.080314056592e-01      -1.179702386401e-03 
       7.765467132399e-02      -1.455598934410e-01      -4.056683866335e+03      -4.093095947855e+03      -1.394562989229e-01      -4.083529169664e+03       1.114809715065e-01       1.114809715065e-01       8.186191895709e+03       1.834873229866e+00       1.880978519587e-01      -3.313231889014e-08      -9.174382564365e-01      -2.821342049594e-04      -9.174366149332e-01      -1.192935175219e-03 
       7.857878748124e-02      -1.435794480412e-01      -4.096555407737e+03      -4.134244895101e+03      -1.375588804640e-01      -4.124438713329e+03       1.099649959243e-01       1.099649959243e-01       8.268489790201e+03       1.853261579876e+00       1.855402559925e-01      -3.237452657112e-08      -9.266324091049e-01      -2.922702950193e-04      -9.266307899378e-01      -1.206038496696e-03 
       7.951257422856e-02      -1.415849817694e-01      -4.135344345815e+03      -4.174443197795e+03      -1.356481114735e-01      -4.164377767287e+03       1.084373123264e-01       1.084373123264e-01       8.348886395589e+03       1.871206024777e+00       1.829625816094e-01      -3.232074799474e-08      -9.356046090315e-01      -3.032305732331e-04      -9.356030123883e-01      -1.218993418076e-03 
       8.045617265987e-02      -1.395755806337e-01      -4.173037938468e+03      -4.213676460593e+03      -1.337229391830e-01      -4.203332209527e+03       1.068993909853e-01       1.068993909853e-01       8.427352921187e+03       1.888718234694e+00       1.803680325473e-01      -3.135753648872e-08      -9.443606913304e-01      -3.149675627746e-04      -9.443591173468e-01      -1.231799786427e-03 
       8.140972499466e-02      -1.375561815634e-01      -4.209647913532e+03      -4.251949642222e+03      -1.317882449106e-01      -4.241308057929e+03       1.053531427258e-01       1.053531427258e-01       8.503899284443e+03       1.905785242265e+00       1.777592101265e-01      -3.092864725958e-08      -9.528941723236e-01      -3.274364757098e-04      -9.528926211326e-01      -1.244442461683e-03 
       8.237337460583e-02      -1.355300027184e-01      -4.245197238608e+03      -4.289280748315e+03      -1.298471398525e-01      -4.278324081014e+03       1.038006841295e-01       1.038006841295e-01       8.578561496630e+03       1.922411962188e+00       1.751395697118e-01      -3.120664175803e-08      -9.612075093856e-01      -3.406094089991e-04      -9.612059810939e-01      -1.256920126630e-03 
       8.334726604670e-02      -1.334967924460e-01      -4.279721251262e+03      -4.325695964965e+03      -1.278991873742e-01      -4.314407878494e+03       1.022442127422e-01       1.022442127422e-01       8.651391929930e+03       1.938632097667e+00       1.725136155536e-01      -3.062850061998e-08      -9.693175541858e-01      -3.543651471451e-04      -9.693160488337e-01      -1.269234858955e-03 
       8.433154507717e-02      -1.314634331951e-01      -4.313300368049e+03      -4.361264671861e+03      -1.259511601002e-01      -4.349630499469e+03       1.006867897841e-01       1.006867897841e-01       8.722529343722e+03       1.954457613944e+00       1.698857769369e-01      -3.069005817003e-08      -9.772302893588e-01      -3.686345601475e-04      -9.772288069718e-01      -1.281383342625e-03 
       8.532635868907e-02      -1.294297158495e-01      -4.345993374302e+03      -4.396034852701e+03      -1.240026546548e-01      -4.384041579873e+03       9.913077278365e-02       9.913077278365e-02       8.792069705402e+03       1.969934802231e+00       1.672608697623e-01      -2.930474216154e-08      -9.849688605805e-01      -3.833602117189e-04      -9.849674011156e-01      -1.293385233153e-03 
       8.633185513081e-02      -1.273999667887e-01      -4.377880510351e+03      -4.430073594684e+03      -1.220578702828e-01      -4.417710211177e+03       9.757876882894e-02       9.757876882894e-02       8.860147189368e+03       1.985088609809e+00       1.646430583955e-01      -2.882923064964e-08      -9.925457415208e-01      -3.984163876280e-04      -9.925443049045e-01      -1.305236723076e-03 
       8.734818393131e-02      -1.253802401068e-01      -4.409097208064e+03      -4.463500026862e+03      -1.201226963201e-01      -4.450757972417e+03       9.603432713256e-02       9.603432713256e-02       8.927000053725e+03       1.999963609909e+00       1.620379689281e-01      -2.847978060659e-08      -9.999832188324e-01      -4.137062053171e-04      -9.999818049545e-01      -1.316950314286e-03 
       8.837549592326e-02      -1.233849795557e-01      -4.439859645409e+03      -4.496511971585e+03      -1.182114688205e-01      -4.483385385493e+03       9.450234711484e-02       9.450234711484e-02       8.993023943170e+03       2.014585725234e+00       1.594518161876e-01      -2.809369758412e-08      -1.007294253855e+00      -4.290424098125e-04      -1.007292862617e+00      -1.328513090217e-03 
       8.941394326581e-02      -1.214006708240e-01      -4.470192121275e+03      -4.529117312919e+03      -1.163103532169e-01      -4.515602905842e+03       9.298341923865e-02       9.298341923865e-02       9.058234625839e+03       2.029071440662e+00       1.568892397415e-01      -2.770101680774e-08      -1.014537089187e+00      -4.443859785429e-04      -1.014535720331e+00      -1.339991475482e-03 
       9.046367946662e-02      -1.194441815578e-01      -4.500344365864e+03      -4.561543379739e+03      -1.144361543196e-01      -4.547641170050e+03       9.148248212158e-02       9.148248212158e-02       9.123086759477e+03       2.043440811418e+00       1.543559156230e-01      -2.910844067540e-08      -1.021721752405e+00      -4.595352502177e-04      -1.021720405709e+00      -1.351366827564e-03 
       9.152485940339e-02      -1.175060625069e-01      -4.530476053156e+03      -4.593929398736e+03      -1.125790091591e-01      -4.579642486879e+03       9.000231617745e-02       9.000231617745e-02       9.187858797472e+03       2.057866993983e+00       1.518598704019e-01      -2.678691303391e-08      -1.028934821927e+00      -4.743250652346e-04      -1.028933496991e+00      -1.362720802862e-03 
       9.259763934485e-02      -1.156104622509e-01      -4.560837399847e+03      -4.626502610614e+03      -1.107632108785e-01      -4.611837494771e+03       8.854711385077e-02       8.854711385077e-02       9.253005221229e+03       2.072295935085e+00       1.494034156824e-01      -2.790102699636e-08      -1.036149270983e+00      -4.887162493198e-04      -1.036147967543e+00      -1.374014285615e-03 
       9.368217697132e-02      -1.137414529887e-01      -4.591594818412e+03      -4.659406566655e+03      -1.089723300259e-01      -4.644373202692e+03       8.711910621928e-02       8.711910621928e-02       9.318813133309e+03       2.086955791236e+00       1.469951209826e-01      -2.599391358902e-08      -1.043479178061e+00      -5.023748795962e-04      -1.043477895618e+00      -1.385336824905e-03 
       9.477863139475e-02      -1.119192619688e-01      -4.623022770108e+03      -4.692891300390e+03      -1.072266816155e-01      -4.677503248471e+03       8.572223376688e-02       8.572223376688e-02       9.385782600780e+03       2.101828378533e+00       1.446377885174e-01      -2.570339927901e-08      -1.050915451108e+00      -5.153481456265e-04      -1.050914189266e+00      -1.396685053327e-03 
       9.588716317841e-02      -1.101382207773e-01      -4.655339611659e+03      -4.727151942994e+03      -1.055202741527e-01      -4.711426229904e+03       8.435905527824e-02       8.435905527824e-02       9.454303885988e+03       2.117083141947e+00       1.423380337300e-01      -2.520434118546e-08      -1.058542812743e+00      -5.273538170482e-04      -1.058541570974e+00      -1.408120497026e-03 
       9.700793435611e-02      -1.084061687993e-01      -4.688795266003e+03      -4.762414614454e+03      -1.038608776312e-01      -4.746371795467e+03       8.303238121481e-02       8.303238121481e-02       9.524829228907e+03       2.132785310734e+00       1.400995350451e-01      -2.484607534428e-08      -1.066393877591e+00      -5.382643844142e-04      -1.066392655367e+00      -1.419663973043e-03 
       9.814110845115e-02      -1.067253552714e-01      -4.723627755396e+03      -4.798894236281e+03      -1.022505999153e-01      -4.782558295229e+03       8.174451113320e-02       8.174451113320e-02       9.597788472562e+03       2.149039477683e+00       1.379263646102e-01      -2.456763559260e-08      -1.074520942090e+00      -5.479546735696e-04      -1.074519738842e+00      -1.431361281553e-03 
       9.928685049485e-02      -1.050981379429e-01      -4.760094127544e+03      -4.836825696299e+03      -1.006916555128e-01      -4.820223878874e+03       8.049779446450e-02       8.049779446450e-02       9.673651392598e+03       2.165959370815e+00       1.358226676607e-01      -2.446654051060e-08      -1.082980870290e+00      -5.563278393310e-04      -1.082979685408e+00      -1.443268420589e-03 
       1.004453270449e-01      -1.035253965041e-01      -4.798403951507e+03      -4.876399018359e+03      -9.918483478891e-02      -4.859561463274e+03       7.929354853736e-02       7.929354853736e-02       9.752798036719e+03       2.183640457358e+00       1.337908812631e-01      -2.400866682557e-08      -1.091821395836e+00      -5.631815318524e-04      -1.091820228679e+00      -1.455413302615e-03 
       1.016167062032e-01      -1.020108628089e-01      -4.838787263143e+03      -4.917826121455e+03      -9.773382799576e-02      -4.900785615821e+03       7.813321969532e-02       7.813321969532e-02       9.835652242909e+03       2.202160402363e+00       1.318329755417e-01      -2.367288399562e-08      -1.101081351254e+00      -5.684900994196e-04      -1.101080201182e+00      -1.467840560133e-03 
       1.028011576338e-01      -1.005535099389e-01      -4.881472152317e+03      -4.961317506052e+03      -9.633748935645e-02      -4.944109403330e+03       7.701801234749e-02       7.701801234749e-02       9.922635012104e+03       2.221642232833e+00       1.299516457593e-01      -2.305495357002e-08      -1.110822250091e+00      -5.721693992262e-04      -1.110821116417e+00      -1.480614011189e-03 
       1.039988525803e-01      -9.915670975096e-02      -4.926596489295e+03      -5.007000091016e+03      -9.499928398267e-02      -4.989661346576e+03       7.594762945383e-02       7.594762945383e-02       1.001400018203e+04       2.242103846588e+00       1.281454315583e-01      -2.267837849014e-08      -1.121053041212e+00      -5.740998132606e-04      -1.121051923294e+00      -1.493725963365e-03 
       1.052099638834e-01      -9.781860975382e-02      -4.974341057794e+03      -5.055045379098e+03      -9.371729872136e-02      -5.037614245844e+03       7.492235362550e-02       7.492235362550e-02       1.011009075820e+04       2.263646159379e+00       1.264153764496e-01      -2.246205242166e-08      -1.131824182521e+00      -5.743215009069e-04      -1.131823079689e+00      -1.507246012617e-03 
       1.064346659978e-01      -9.653633728104e-02      -5.024814005736e+03      -5.105555726203e+03      -9.248867258705e-02      -5.088071271092e+03       7.394132500877e-02       7.394132500877e-02       1.021111145241e+04       2.286335790244e+00       1.247604759725e-01      -2.210579430325e-08      -1.143168983543e+00      -5.727438361613e-04      -1.143167895122e+00      -1.521201611384e-03 
       1.076731350094e-01      -9.531410397022e-02      -5.078110527370e+03      -5.158625963267e+03      -9.131778683379e-02      -5.141127221333e+03       7.300353264207e-02       7.300353264207e-02       1.031725192653e+04       2.310151946915e+00       1.231776128908e-01      -2.181773596794e-08      -1.155077048068e+00      -5.696223477734e-04      -1.155075973458e+00      -1.535619797688e-03 
       1.089255486525e-01      -9.414316219347e-02      -5.134252909212e+03      -5.214281238231e+03      -9.019587716849e-02      -5.196806771044e+03       7.210697941395e-02       7.210697941395e-02       1.042856247646e+04       2.335176611577e+00       1.216649840552e-01      -2.156590220008e-08      -1.167589367225e+00      -5.646570946451e-04      -1.167588305788e+00      -1.550504865490e-03 
       1.101920863262e-01      -9.302359495863e-02      -5.193229483254e+03      -5.272520332764e+03      -8.912321722815e-02      -5.255107060996e+03       7.124936539402e-02       7.124936539402e-02       1.054504066553e+04       2.361372554378e+00       1.202179211962e-01      -2.123871499329e-08      -1.180687326023e+00      -5.582645842966e-04      -1.180686277189e+00      -1.565898931873e-03 
       1.114729291118e-01      -9.195066788599e-02      -5.254986892789e+03      -5.333302199163e+03      -8.809519767842e-02      -5.315985147479e+03       7.042797135177e-02       7.042797135177e-02       1.066660439833e+04       2.388735039165e+00       1.188321381867e-01      -2.096253904182e-08      -1.194368556355e+00      -5.503351324177e-04      -1.194367519583e+00      -1.581781730332e-03 
       1.127682597891e-01      -9.092343606671e-02      -5.319426399824e+03      -5.396549596000e+03      -8.711110447688e-02      -5.379360483314e+03       6.963974031232e-02       6.963974031232e-02       1.079309919200e+04       2.417189183133e+00       1.175016995879e-01      -2.068441485222e-08      -1.208595616742e+00      -5.412446600620e-04      -1.208594591567e+00      -1.598165440008e-03 
       1.140782628537e-01      -8.992910547050e-02      -5.386337238000e+03      -5.462075162119e+03      -8.615822995964e-02      -5.445042204940e+03       6.888040989237e-02       6.888040989237e-02       1.092415032424e+04       2.446742388857e+00       1.162212575497e-01      -2.052738025726e-08      -1.223372208484e+00      -5.309879729661e-04      -1.223371194428e+00      -1.615053942719e-03 
       1.154031245340e-01      -8.897174896024e-02      -5.455564466426e+03      -5.529754856534e+03      -8.524099100944e-02      -5.512901531950e+03       6.814678796186e-02       6.814678796186e-02       1.105950971307e+04       2.477229980494e+00       1.149833235918e-01      -2.027815574271e-08      -1.238615993526e+00      -5.199583136798e-04      -1.238614990247e+00      -1.632405872925e-03 
       1.167430328075e-01      -8.804445161148e-02      -5.526832096334e+03      -5.599347610592e+03      -8.435268907941e-02      -5.582692134989e+03       6.743447504148e-02       6.743447504148e-02       1.119869522118e+04       2.508553682392e+00       1.137807733925e-01      -1.994227778712e-08      -1.254277833989e+00      -5.083398410522e-04      -1.254276841196e+00      -1.650189011447e-03 
       1.180981774189e-01      -8.713642148168e-02      -5.599733866627e+03      -5.670487831978e+03      -8.348276402284e-02      -5.654042372512e+03       6.673795766574e-02       6.673795766574e-02       1.134097566396e+04       2.540596023204e+00       1.126052200581e-01      -1.977715926496e-08      -1.270298994154e+00      -4.964007639508e-04      -1.270298011602e+00      -1.668371415777e-03 
       1.194687498966e-01      -8.623986892290e-02      -5.673897866279e+03      -5.742847117136e+03      -8.262364671998e-02      -5.726617312487e+03       6.605257706285e-02       6.605257706285e-02       1.148569423427e+04       2.573232055480e+00       1.114492383252e-01      -1.948910099626e-08      -1.286617000247e+00      -4.844794794654e-04      -1.286616027740e+00      -1.686928286980e-03 
       1.208549435706e-01      -8.535677566675e-02      -5.748975056567e+03      -5.816124337328e+03      -8.177768231576e-02      -5.800108579683e+03       6.537437174409e-02       6.537437174409e-02       1.163224867466e+04       2.606220450266e+00       1.103043189306e-01      -1.928101124828e-08      -1.303111187655e+00      -4.729252065232e-04      -1.303110225133e+00      -1.705763372549e-03 
       1.222569535902e-01      -8.447328811702e-02      -5.824413419253e+03      -5.889817590397e+03      -8.093121060988e-02      -5.874006867382e+03       6.469750807813e-02       6.469750807813e-02       1.177963518079e+04       2.639422540833e+00       1.091622096621e-01      -1.900639522456e-08      -1.319712222994e+00      -4.620597125027e-04      -1.319711270416e+00      -1.724840442181e-03 
       1.236749769417e-01      -8.358595677798e-02      -5.899746556208e+03      -5.963512709840e+03      -8.008106809620e-02      -5.947890189510e+03       6.401761828729e-02       6.401761828729e-02       1.192702541968e+04       2.672616102385e+00       1.080149658411e-01      -1.872849530924e-08      -1.336308993778e+00      -4.521980689261e-04      -1.336308051192e+00      -1.744069787590e-03 
       1.251092124670e-01      -8.268917303687e-02      -5.974449235104e+03      -6.036736540538e+03      -7.922190475671e-02      -6.021277651296e+03       6.333012078034e-02       6.333012078034e-02       1.207347308108e+04       2.705578787936e+00       1.068547617901e-01      -1.864949023827e-08      -1.352790326441e+00      -4.437299291518e-04      -1.352789393968e+00      -1.763373647416e-03 
       1.265598608818e-01      -8.177614655036e-02      -6.048005379855e+03      -6.109024292272e+03      -7.834712203129e-02      -6.093696839070e+03       6.263096607921e-02       6.263096607921e-02       1.221804858454e+04       2.738122266874e+00       1.056751481931e-01      -1.836996867391e-08      -1.369062055633e+00      -4.369298833208e-04      -1.369061133437e+00      -1.782677209679e-03 
       1.280271247951e-01      -8.084279471875e-02      -6.119863644616e+03      -6.179875937354e+03      -7.745288038026e-02      -6.164640129935e+03       6.191615635727e-02       6.191615635727e-02       1.235975187471e+04       2.770000722360e+00       1.044690892822e-01      -1.810108938389e-08      -1.385001272865e+00      -4.321503890318e-04      -1.385000361180e+00      -1.801881847840e-03 
       1.295112087282e-01      -7.988640352670e-02      -6.189531768894e+03      -6.248844039739e+03      -7.653665972000e-02      -6.233653463684e+03       6.118263626269e-02       6.118263626269e-02       1.249768807948e+04       2.800988376938e+00       1.032311043749e-01      -1.779342440419e-08      -1.400495089347e+00      -4.297061334013e-04      -1.400494188469e+00      -1.820895571560e-03 
       1.310123191347e-01      -7.889998870538e-02      -6.256542189663e+03      -6.315502612180e+03      -7.559153598952e-02      -6.300304719303e+03       6.042790402369e-02       6.042790402369e-02       1.263100522436e+04       2.830953860564e+00       1.019579209429e-01      -1.776827299080e-08      -1.415477820063e+00      -4.297357850893e-04      -1.415476930282e+00      -1.839658257563e-03 
       1.325306644210e-01      -7.788406777626e-02      -6.320442591703e+03      -6.379433955167e+03      -7.461820917515e-02      -6.364171149602e+03       5.964984834395e-02       5.964984834395e-02       1.275886791033e+04       2.859651727784e+00       1.006451413973e-01      -1.741674940184e-08      -1.429826742219e+00      -4.324389826359e-04      -1.429825863892e+00      -1.858047619335e-03 
       1.340664549670e-01      -7.683632364573e-02      -6.380878782253e+03      -6.440312022620e+03      -7.361439611884e-02      -6.424922591308e+03       5.884748290642e-02       5.884748290642e-02       1.288062404524e+04       2.886951398741e+00       9.929136389361e-02      -1.718696248998e-08      -1.443476565882e+00      -4.380347167157e-04      -1.443475699370e+00      -1.876016014453e-03 
       1.356199031477e-01      -7.575707359949e-02      -6.437561920357e+03      -6.497864092045e+03      -7.258044516188e-02      -6.482284045004e+03       5.802049628629e-02       5.802049628629e-02       1.299572818409e+04       2.912715839983e+00       9.789587849703e-02      -1.686073080922e-08      -1.456358774316e+00      -4.465555212925e-04      -1.456357919992e+00      -1.893482893464e-03 
       1.371912233555e-01      -7.464531486012e-02      -6.490299203499e+03      -6.551906160726e+03      -7.151528356594e-02      -6.536070297812e+03       5.716948759593e-02       5.716948759593e-02       1.310381232145e+04       2.936895020062e+00       9.646015161695e-02      -1.670345233231e-08      -1.468448351822e+00      -4.578892856890e-04      -1.468447510031e+00      -1.910399390625e-03 
       1.387806320229e-01      -7.350438573227e-02      -6.538977863567e+03      -6.602321703189e+03      -7.042221695660e-02      -6.586165524253e+03       5.629569198145e-02       5.629569198145e-02       1.320464340638e+04       2.959404733483e+00       9.498582713926e-02      -1.650305993687e-08      -1.479703195654e+00      -4.721121305133e-04      -1.479702366741e+00      -1.926724706611e-03 
       1.403883476462e-01      -7.233616555250e-02      -6.583625398825e+03      -6.649122095826e+03      -6.930297446374e-02      -6.632583623661e+03       5.540141432113e-02       5.540141432113e-02       1.329824419165e+04       2.980273043566e+00       9.347708253809e-02      -1.622755921869e-08      -1.490137337520e+00      -4.889155192909e-04      -1.490136521783e+00      -1.942427922108e-03 
       1.420145908098e-01      -7.114547499855e-02      -6.624369685522e+03      -6.692408004534e+03      -6.816223562131e-02      -6.675429443645e+03       5.448958732701e-02       5.448958732701e-02       1.338481600907e+04       2.999527556080e+00       9.193861335405e-02      -1.598023451298e-08      -1.499764580336e+00      -5.081691611858e-04      -1.499763778040e+00      -1.957505881049e-03 
       1.436595842114e-01      -6.993650659346e-02      -6.661479387362e+03      -6.732406889628e+03      -6.700396944555e-02      -6.714936706199e+03       5.356399452990e-02       5.356399452990e-02       1.346481377926e+04       3.017288349467e+00       9.037699439468e-02      -1.573478767678e-08      -1.508644963387e+00      -5.294347629280e-04      -1.508644174734e+00      -1.971964866466e-03 
       1.453235526881e-01      -6.871548804997e-02      -6.695344676131e+03      -6.769456700037e+03      -6.583417201264e-02      -6.751451250013e+03       5.262902997419e-02       5.262902997419e-02       1.353891340007e+04       3.033700736865e+00       8.879951472972e-02      -1.548527895203e-08      -1.516851143302e+00      -5.523885965767e-04      -1.516850368433e+00      -1.985845021710e-03 
       1.470067232437e-01      -6.748853946632e-02      -6.726459609409e+03      -6.803987506880e+03      -6.465869812740e-02      -6.785412798034e+03       5.168947484309e-02       5.168947484309e-02       1.360797501376e+04       3.048964784691e+00       8.721427302433e-02      -1.523703740827e-08      -1.524483153363e+00      -5.765768379235e-04      -1.524482392345e+00      -1.999200257510e-03 
       1.487093250766e-01      -6.626251136327e-02      -6.755459094780e+03      -6.836560393450e+03      -6.348409813263e-02      -6.817393508439e+03       5.075071891721e-02       5.075071891721e-02       1.367312078690e+04       3.063341714365e+00       8.563041125402e-02      -1.498619000586e-08      -1.531671604361e+00      -6.014115917514e-04      -1.531670857183e+00      -2.012101731851e-03 
       1.504315896089e-01      -6.504428562410e-02      -6.783055255369e+03      -6.867805758442e+03      -6.231694912693e-02      -6.848036031228e+03       4.981821840654e-02       4.981821840654e-02       1.373561151688e+04       3.077126094907e+00       8.405719756408e-02      -1.475260327714e-08      -1.538563780890e+00      -6.263105783406e-04      -1.538563047453e+00      -2.024642346917e-03 
       1.521737505165e-01      -6.383910126409e-02      -6.810011873563e+03      -6.898397876791e+03      -6.116216404539e-02      -6.878028074653e+03       4.889728039093e-02       4.889728039093e-02       1.379679575358e+04       3.090667183454e+00       8.250401788039e-02      -1.452176282869e-08      -1.545334311614e+00      -6.506764226266e-04      -1.545333591727e+00      -2.036946901949e-03 
       1.539360437612e-01      -6.266325778266e-02      -6.837367897065e+03      -6.929283024530e+03      -6.003582589139e-02      -6.908329590016e+03       4.799463018381e-02       4.799463018381e-02       1.385856604906e+04       3.104219125055e+00       8.098030207898e-02      -1.422958527949e-08      -1.552110269079e+00      -6.739503331300e-04      -1.552109562527e+00      -2.049086772586e-03 
       1.557187076226e-01      -6.151333998911e-02      -6.865887175953e+03      -6.961134599990e+03      -5.893410308416e-02      -6.939627557811e+03       4.711452593727e-02       4.711452593727e-02       1.392226919998e+04       3.118302275213e+00       7.949552435912e-02      -1.400140197235e-08      -1.559151831194e+00      -6.954110978149e-04      -1.559151137606e+00      -2.061274259740e-03 
       1.575219827324e-01      -6.039958305344e-02      -6.896514163067e+03      -6.994805958875e+03      -5.786702882519e-02      -6.972788848890e+03       4.626200100799e-02       4.626200100799e-02       1.398961191775e+04       3.133219838605e+00       7.805724313384e-02      -1.375787735294e-08      -1.566610600333e+00      -7.145721260946e-04      -1.566609919302e+00      -2.073622818783e-03 
       1.593461121101e-01      -5.932879718032e-02      -6.930194454048e+03      -7.031157730035e+03      -5.684117916445e-02      -7.008686636561e+03       4.544163397636e-02       4.544163397636e-02       1.406231546007e+04       3.149342686526e+00       7.667297155141e-02      -1.352932675474e-08      -1.574672012204e+00      -7.309580811956e-04      -1.574671343263e+00      -2.086289856546e-03 
       1.611913411993e-01      -5.830432479838e-02      -6.967750796301e+03      -7.070937626378e+03      -5.585968935365e-02      -7.048079723532e+03       4.465680364949e-02       4.465680364949e-02       1.414187525276e+04       3.167038191335e+00       7.534868341315e-02      -1.331082957668e-08      -1.583519753045e+00      -7.441089063040e-04      -1.583519095668e+00      -2.099433069502e-03 
       1.630579179063e-01      -5.732862813623e-02      -7.009851138350e+03      -7.114749293293e+03      -5.492490062802e-02      -7.091581294051e+03       4.390960586682e-02       4.390960586682e-02       1.422949858659e+04       3.186589254399e+00       7.408798508923e-02      -1.308831795971e-08      -1.593295273576e+00      -7.534982730807e-04      -1.593294627199e+00      -2.113146966936e-03 
       1.649460926397e-01      -5.640458336156e-02      -7.057140978199e+03      -7.163193261699e+03      -5.403960289396e-02      -7.139798381524e+03       4.320182786265e-02       4.320182786265e-02       1.432638652340e+04       3.208254560925e+00       7.289375357164e-02      -1.287670388242e-08      -1.604127916419e+00      -7.590892109183e-04      -1.604127280463e+00      -2.127587552279e-03 
       1.668561183526e-01      -5.553242884485e-02      -7.110065152937e+03      -7.216685469222e+03      -5.320400477103e-02      -7.193151074636e+03       4.253389482338e-02       4.253389482338e-02       1.443337093844e+04       3.232231448166e+00       7.176678707841e-02      -1.267169609911e-08      -1.616116350211e+00      -7.606279973042e-04      -1.616115724083e+00      -2.142838514158e-03 
       1.687882505850e-01      -5.471052414750e-02      -7.168819967137e+03      -7.275414807353e+03      -5.241651783776e-02      -7.251829252644e+03       4.190476291953e-02       4.190476291953e-02       1.455082961471e+04       3.258613377808e+00       7.070539505604e-02      -1.247938594400e-08      -1.629307305783e+00      -7.582485654184e-04      -1.629306688904e+00      -2.158979467077e-03 
       1.707427475096e-01      -5.393810139935e-02      -7.233528832243e+03      -7.339522205613e+03      -5.167646848515e-02      -7.315970959500e+03       4.131309045219e-02       4.131309045219e-02       1.467904441123e+04       3.287434238323e+00       6.970706250908e-02      -1.229093737285e-08      -1.643717727339e+00      -7.521736895368e-04      -1.643717119162e+00      -2.176066572368e-03 
       1.727198699783e-01      -5.321142825144e-02      -7.303983769242e+03      -7.408839117831e+03      -5.098029707225e-02      -7.385401610283e+03       4.075583110615e-02       4.075583110615e-02       1.481767823566e+04       3.318606969683e+00       6.876658671748e-02      -1.210960654500e-08      -1.659304084818e+00      -7.428263924572e-04      -1.659303484841e+00      -2.194111807691e-03 
       1.747198815714e-01      -5.252183129934e-02      -7.379629578297e+03      -7.482869836536e+03      -5.031953236449e-02      -7.459616613526e+03       4.022833866872e-02       4.022833866872e-02       1.496573967307e+04       3.351983748747e+00       6.787679306466e-02      -1.193409806753e-08      -1.675992466608e+00      -7.304910994644e-04      -1.675991874373e+00      -2.213067301668e-03 
       1.767430486482e-01      -5.186669367008e-02      -7.459913258292e+03      -7.561146927069e+03      -4.969184592079e-02      -7.538135526437e+03       3.972642641553e-02       3.972642641553e-02       1.512229385414e+04       3.387262251077e+00       6.702989021227e-02      -1.176824491053e-08      -1.693631710398e+00      -7.159549504976e-04      -1.693631125539e+00      -2.232867502809e-03 
       1.787896404004e-01      -5.123924263409e-02      -7.543968429146e+03      -7.642906338841e+03      -4.909076927756e-02      -7.620178934414e+03       3.924467230521e-02       3.924467230521e-02       1.528581267768e+04       3.424080000156e+00       6.621665119369e-02      -1.160782284463e-08      -1.712040577845e+00      -6.999298215866e-04      -1.712040000078e+00      -2.253397341300e-03 
       1.808599289070e-01      -5.062913100674e-02      -7.630725002091e+03      -7.727202480239e+03      -4.850622793981e-02      -7.704782568482e+03       3.877715262051e-02       3.877715262051e-02       1.545440496048e+04       3.462087217621e+00       6.542774719827e-02      -1.145127794062e-08      -1.731044179707e+00      -6.833868069141e-04      -1.731043608811e+00      -2.274590384096e-03 
       1.829541891925e-01      -5.002981197590e-02      -7.719220849349e+03      -7.813190999360e+03      -4.793194374851e-02      -7.791084360795e+03       3.831893480424e-02       3.831893480424e-02       1.562638199872e+04       3.500902847524e+00       6.465488265153e-02      -1.131808381630e-08      -1.750451987939e+00      -6.669216269792e-04      -1.750451423762e+00      -2.296301730335e-03 
       1.850726992858e-01      -4.943585328491e-02      -7.807936828604e+03      -7.899499053322e+03      -4.736295072019e-02      -7.877689766017e+03       3.786294542411e-02       3.786294542411e-02       1.579899810664e+04       3.539771526971e+00       6.388515218492e-02      -1.114313318768e-08      -1.769886320948e+00      -6.518550804952e-04      -1.769885763485e+00      -2.318265991909e-03 
       1.872157402839e-01      -4.883504422682e-02      -7.895314728106e+03      -7.984708662010e+03      -4.678733140766e-02      -7.963160097841e+03       3.740252899318e-02       3.740252899318e-02       1.596941732402e+04       3.578165815804e+00       6.310822418655e-02      -1.099552424158e-08      -1.789083458595e+00      -6.386233134928e-04      -1.789082907902e+00      -2.340221560497e-03 
       1.893835964156e-01      -4.822148742612e-02      -7.980003499897e+03      -8.067602590065e+03      -4.619948601124e-02      -8.046258234791e+03       3.693256636071e-02       3.693256636071e-02       1.613520518013e+04       3.615503793756e+00       6.231526030497e-02      -1.084272992357e-08      -1.807752440661e+00      -6.284556742050e-04      -1.807751896878e+00      -2.361997289690e-03 
       1.915765551102e-01      -4.759001407945e-02      -8.060750713834e+03      -8.147046950593e+03      -4.559448615385e-02      -8.125832725225e+03       3.644881377973e-02       3.644881377973e-02       1.629409390119e+04       3.651254931600e+00       6.149900514057e-02      -1.069242004390e-08      -1.825628002466e+00      -6.219684639199e-04      -1.825627465800e+00      -2.383357882655e-03 
       1.937949070674e-01      -4.693606975039e-02      -8.136410547479e+03      -8.221995153376e+03      -4.496796324651e-02      -8.200822367104e+03       3.594785039232e-02       3.594785039232e-02       1.644399030675e+04       3.684945440931e+00       6.065370912490e-02      -1.054148703430e-08      -1.842473249758e+00      -6.197345509297e-04      -1.842472720466e+00      -2.404096777224e-03 
       1.960389463306e-01      -4.625650164374e-02      -8.206030458483e+03      -8.291568169657e+03      -4.431688912161e-02      -8.270337404217e+03       3.542735656452e-02       3.542735656452e-02       1.658313633931e+04       3.716180344221e+00       5.977549003199e-02      -1.038693948114e-08      -1.858090693741e+00      -6.221513600410e-04      -1.858090172110e+00      -2.424029145839e-03 
       1.983089703634e-01      -4.555006661434e-02      -8.268931508943e+03      -8.355128592162e+03      -4.364007733670e-02      -8.333734501232e+03       3.488632165701e-02       3.488632165701e-02       1.671025718432e+04       3.744667831269e+00       5.886262319385e-02      -1.022993039104e-08      -1.872334429298e+00      -6.293698840747e-04      -1.872333915635e+00      -2.442996046210e-03 
       2.006052801287e-01      -4.481717519211e-02      -8.324747017065e+03      -8.412316784063e+03      -4.293792085090e-02      -8.390653251951e+03       3.432505912692e-02       3.432505912692e-02       1.682463356813e+04       3.770246046368e+00       5.791563728500e-02      -1.007025262546e-08      -1.885123528580e+00      -6.413025323979e-04      -1.885123023184e+00      -2.460882393147e-03 
       2.029281801717e-01      -4.405992988831e-02      -8.373464633635e+03      -8.463089437255e+03      -4.221243003181e-02      -8.441055254310e+03       3.374521987394e-02       3.374521987394e-02       1.692617887451e+04       3.792900093652e+00       5.693733151292e-02      -9.906914918651e-09      -1.896450543680e+00      -6.576174603785e-04      -1.896450046826e+00      -2.477626724514e-03 
       2.052779787053e-01      -4.328286214799e-02      -8.415559838528e+03      -8.507855995782e+03      -4.146795371413e-02      -8.485359945733e+03       3.315017176165e-02       3.315017176165e-02       1.701571199156e+04       3.812812993206e+00       5.593335439611e-02      -9.741682444495e-09      -1.906406984688e+00      -6.777300852366e-04      -1.906406496603e+00      -2.493251792455e-03 
       2.076549876996e-01      -4.249167406407e-02      -8.451864493860e+03      -8.547344894414e+03      -4.070995323809e-02      -8.524311330894e+03       3.254429053912e-02       3.254429053912e-02       1.709468978883e+04       3.830319546498e+00       5.491109209759e-02      -9.577487174273e-09      -1.915160252405e+00      -7.009188382589e-04      -1.915159773249e+00      -2.507853778036e-03 
       2.100595229749e-01      -4.169221721772e-02      -8.483530922503e+03      -8.582575392521e+03      -3.994397971118e-02      -8.558948623509e+03       3.193271981976e-02       3.193271981976e-02       1.716515078504e+04       3.845925307414e+00       5.387944406730e-02      -9.407377118911e-09      -1.922963123858e+00      -7.260963863777e-04      -1.922962653707e+00      -2.521578337620e-03 
       2.124919042982e-01      -4.089525700301e-02      -8.512195784248e+03      -8.615024735344e+03      -3.918049507567e-02      -8.590772734245e+03       3.132187069150e-02       3.132187069150e-02       1.723004947069e+04       3.860197789275e+00       5.284861699548e-02      -9.244279623498e-09      -1.930099355778e+00      -7.522852611043e-04      -1.930098894638e+00      -2.534627185082e-03 
       2.149524554836e-01      -4.010325567890e-02      -8.539355381272e+03      -8.646014427234e+03      -3.842157795258e-02      -8.621131396115e+03       3.071706433847e-02       3.071706433847e-02       1.729202885447e+04       3.873948087082e+00       5.182873359507e-02      -9.078708499658e-09      -1.936974495790e+00      -7.780742589732e-04      -1.936974043541e+00      -2.547286122336e-03 
       2.174415044964e-01      -3.933123488079e-02      -8.567093916874e+03      -8.677447359388e+03      -3.768199503741e-02      -8.651954208214e+03       3.012517543512e-02       3.012517543512e-02       1.735489471878e+04       3.887762528477e+00       5.082985154111e-02      -8.912346676363e-09      -1.943881707756e+00      -8.024610821445e-04      -1.943881264238e+00      -2.559765145395e-03 
       2.199593835622e-01      -3.858272852595e-02      -8.597088643326e+03      -8.710823249063e+03      -3.696495436826e-02      -8.684767379592e+03       2.955108581269e-02       2.955108581269e-02       1.742164649813e+04       3.902456051588e+00       4.986093248651e-02      -8.754728417586e-09      -1.951228460841e+00      -8.242372638563e-04      -1.951228025794e+00      -2.572384448243e-03 
       2.225064292787e-01      -3.786174119195e-02      -8.630926573577e+03      -8.747571906915e+03      -3.627420206808e-02      -8.721024082466e+03       2.899897150190e-02       2.899897150190e-02       1.749514381383e+04       3.918753771612e+00       4.892939196192e-02      -8.597861978502e-09      -1.959377312719e+00      -8.424646726900e-04      -1.959376885806e+00      -2.585450285366e-03 
       2.250829827337e-01      -3.717304098982e-02      -8.669839294828e+03      -8.788778606275e+03      -3.561438845657e-02      -8.761831565137e+03       2.847146508356e-02       2.847146508356e-02       1.757755721255e+04       3.937088785362e+00       4.803933254910e-02      -8.448725448745e-09      -1.968544811824e+00      -8.562010006948e-04      -1.968544392681e+00      -2.599085837419e-03 
       2.276893896260e-01      -3.651968046112e-02      -8.715077020862e+03      -8.835604569990e+03      -3.498842008796e-02      -8.808363945233e+03       2.797112305575e-02       2.797112305575e-02       1.767120913998e+04       3.958003073481e+00       4.719514060563e-02      -8.300686351060e-09      -1.979001948518e+00      -8.649474706873e-04      -1.979001536741e+00      -2.613552053431e-03 
       2.303260003924e-01      -3.590279794991e-02      -8.767386241147e+03      -8.888740413817e+03      -3.439739437388e-02      -8.861319970597e+03       2.749873594377e-02       2.749873594377e-02       1.777748082763e+04       3.981805463083e+00       4.639812282924e-02      -8.170866063698e-09      -1.990903136366e+00      -8.685322549109e-04      -1.990902731541e+00      -2.629015206806e-03 
       2.329931703385e-01      -3.532143659726e-02      -8.826921741120e+03      -8.948330257701e+03      -3.384041873710e-02      -8.920845302268e+03       2.705327607869e-02       2.705327607869e-02       1.789666051540e+04       4.008540080890e+00       4.564644702641e-02      -8.025400769450e-09      -2.004270438712e+00      -8.670290006183e-04      -2.004270040445e+00      -2.645514638447e-03 
       2.356912597752e-01      -3.477365729919e-02      -8.893777700387e+03      -9.014521631920e+03      -3.331559855230e-02      -8.987078947250e+03       2.663372057129e-02       2.663372057129e-02       1.802904326384e+04       4.038302202513e+00       4.493854107507e-02      -7.896821508758e-09      -2.019151493352e+00      -8.608611798295e-04      -2.019151101256e+00      -2.663176370334e-03 
       2.384206341604e-01      -3.425602927930e-02      -8.967339241340e+03      -9.086797909395e+03      -3.281967340502e-02      -9.059489323192e+03       2.623712705234e-02       2.623712705234e-02       1.817359581879e+04       4.070830120518e+00       4.426933534043e-02      -7.770173773931e-09      -2.035415446520e+00      -8.509551225049e-04      -2.035415060259e+00      -2.681982141382e-03 
       2.411816642459e-01      -3.376347703091e-02      -9.046604999351e+03      -9.164302778609e+03      -3.234776819911e-02      -9.137198126995e+03       2.585977286032e-02       2.585977286032e-02       1.832860555722e+04       4.105741087997e+00       4.363260327354e-02      -7.649774535986e-09      -2.052870924710e+00      -8.383772006781e-04      -2.052870543998e+00      -2.701859910448e-03 
       2.439747262300e-01      -3.328985414236e-02      -9.130090207882e+03      -9.245729603079e+03      -3.189399480382e-02      -9.218871955335e+03       2.549695652422e-02       2.549695652422e-02       1.849145920616e+04       4.142436537167e+00       4.302041396512e-02      -7.531465142157e-09      -2.071218643961e+00      -8.243452329792e-04      -2.071218268584e+00      -2.722626306182e-03 
       2.468002019165e-01      -3.282807853650e-02      -9.215839370572e+03      -9.329331108830e+03      -3.145157737777e-02      -9.302732452083e+03       2.514315358298e-02       2.514315358298e-02       1.865866221766e+04       4.180109436768e+00       4.242341245350e-02      -7.418755115325e-09      -2.090055088558e+00      -8.103048301610e-04      -2.090054718384e+00      -2.744003258275e-03 
       2.496584788785e-01      -3.236972650757e-02      -9.301615128719e+03      -9.413083042515e+03      -3.101239258323e-02      -9.386723774404e+03       2.479257531043e-02       2.479257531043e-02       1.882616608503e+04       4.217890343592e+00       4.183205212082e-02      -7.309324467108e-09      -2.108945536822e+00      -7.976271077824e-04      -2.108945171796e+00      -2.765661863158e-03 
       2.525499506303e-01      -3.191075811919e-02      -9.385372324964e+03      -9.495145942715e+03      -3.057270952736e-02      -9.468975862653e+03       2.444042042480e-02       2.444042042480e-02       1.899029188543e+04       4.254798127053e+00       4.123766312683e-02      -7.196410249375e-09      -2.127399423365e+00      -7.878073952003e-04      -2.127399063527e+00      -2.787222991851e-03 
       2.554750168040e-01      -3.144154982258e-02      -9.464567260635e+03      -9.573166709865e+03      -3.012316908225e-02      -9.547107873483e+03       2.408103755318e-02       2.408103755318e-02       1.914633341973e+04       4.289905095143e+00       4.063128250777e-02      -7.086243434251e-09      -2.144952902123e+00      -7.817922286935e-04      -2.144952547572e+00      -2.808254517454e-03 
       2.584340833344e-01      -3.095950534151e-02      -9.537726446243e+03      -9.645805736169e+03      -2.966133437832e-02      -9.619760417168e+03       2.371182135546e-02       2.371182135546e-02       1.929161147234e+04       4.322549456776e+00       4.000830880081e-02      -6.973965170821e-09      -2.161275077505e+00      -7.804812668899e-04      -2.161274728388e+00      -2.828483539568e-03 
       2.614275626498e-01      -3.046198376642e-02      -9.603544303230e+03      -9.711850205261e+03      -2.918467473790e-02      -9.685707238402e+03       2.333075687241e-02       2.333075687241e-02       1.942370041052e+04       4.352180868757e+00       3.936534475700e-02      -6.861692590394e-09      -2.176090777885e+00      -7.843473673811e-04      -2.176090434379e+00      -2.847639833640e-03 
       2.644558738710e-01      -2.994879492124e-02      -9.661468623519e+03      -9.770777132600e+03      -2.869300762689e-02      -9.744421251235e+03       2.293769922018e-02       2.293769922018e-02       1.954155426520e+04       4.378562592425e+00       3.870214624211e-02      -6.747563124743e-09      -2.189281633931e+00      -7.933092173840e-04      -2.189281296212e+00      -2.865562433241e-03 
       2.675194430176e-01      -2.942176815027e-02      -9.711670408396e+03      -9.822714987559e+03      -2.818808218057e-02      -9.796037488524e+03       2.253408737620e-02       2.253408737620e-02       1.964542997512e+04       4.401758923849e+00       3.802115392724e-02      -6.632302973136e-09      -2.200879793698e+00      -8.070468141958e-04      -2.200879461925e+00      -2.882241321738e-03 
       2.706187032217e-01      -2.888443648771e-02      -9.754969572589e+03      -9.868379585191e+03      -2.767328321962e-02      -9.841287452830e+03       2.212261889415e-02       2.212261889415e-02       1.973675917038e+04       4.422098074655e+00       3.732691671455e-02      -6.515472695243e-09      -2.211049363040e+00      -8.246455588899e-04      -2.211049037328e+00      -2.897738267506e-03 
       2.737540949511e-01      -2.834149733253e-02      -9.792696305076e+03      -9.908939481407e+03      -2.715311740548e-02      -9.881364003967e+03       2.170680414607e-02       2.170680414607e-02       1.981787896281e+04       4.440107724600e+00       3.662532868275e-02      -6.399308785396e-09      -2.220054181886e+00      -8.448723283548e-04      -2.220053862300e+00      -2.912189838682e-03 
       2.769260662395e-01      -2.779862745915e-02      -9.826783022675e+03      -9.946122669742e+03      -2.663301494151e-02      -9.918025638726e+03       2.129108490915e-02       2.129108490915e-02       1.989224533948e+04       4.456587245685e+00       3.592391583536e-02      -6.282954387984e-09      -2.228293936303e+00      -8.664027792591e-04      -2.228293622842e+00      -2.925888391546e-03 
       2.801350729270e-01      -2.726116308930e-02      -9.859169379675e+03      -9.981640276538e+03      -2.611809139508e-02      -9.953017790659e+03       2.087949773055e-02       2.087949773055e-02       1.996328055308e+04       4.472316094899e+00       3.522947237487e-02      -6.167691587317e-09      -2.236158354847e+00      -8.875267191381e-04      -2.236158047450e+00      -2.939053162354e-03 
       2.833815789091e-01      -2.673497466344e-02      -9.892200161645e+03      -1.001760113204e+04      -2.561397001923e-02      -9.988484390980e+03       2.047654130385e-02       2.047654130385e-02       2.003520226408e+04       4.488257890446e+00       3.454958987512e-02      -6.053923243096e-09      -2.244129246684e+00      -9.067702178398e-04      -2.244128945223e+00      -2.952055817172e-03 
       2.866660563954e-01      -2.622425187273e-02      -9.928094128927e+03      -1.005601024784e+04      -2.512461002612e-02      -1.002646215946e+04       2.008609113291e-02       2.008609113291e-02       2.011202049568e+04       4.505400586318e+00       3.389102954079e-02      -5.946033398882e-09      -2.252700588878e+00      -9.227001590444e-04      -2.252700293159e+00      -2.965289489468e-03 
       2.899889861791e-01      -2.573522161686e-02      -9.968958843919e+03      -1.009880638129e+04      -2.465609094785e-02      -1.006891456161e+04       1.971151068888e-02       1.971151068888e-02       2.019761276257e+04       4.524474783467e+00       3.325899843119e-02      -5.833608983164e-09      -2.262237681936e+00      -9.344201237098e-04      -2.262237391734e+00      -2.979070919729e-03 
       2.933508579160e-01      -2.526972735617e-02      -1.001640046016e+04      -1.014748731422e+04      -2.421011711040e-02      -1.011735500358e+04       1.935497118693e-02       1.935497118693e-02       2.029497462843e+04       4.546241374442e+00       3.265741289511e-02      -5.726446537115e-09      -2.273120972173e+00      -9.414012615804e-04      -2.273120687221e+00      -2.993793287092e-03 
       2.967521704153e-01      -2.482861362400e-02      -1.007127846232e+04      -1.020287370403e+04      -2.378749735727e-02      -1.017260947394e+04       1.901712346537e-02       1.901712346537e-02       2.040574740805e+04       4.571072034993e+00       3.208737239832e-02      -5.628794671872e-09      -2.285536297476e+00      -9.434890629105e-04      -2.285536017497e+00      -3.009665020696e-03 
       3.001934319413e-01      -2.441033803552e-02      -1.013341085114e+04      -1.026482485901e+04      -2.338675837464e-02      -1.023453092136e+04       1.869673722533e-02       1.869673722533e-02       2.052964971801e+04       4.598895028124e+00       3.154678467154e-02      -5.534880198619e-09      -2.299447789327e+00      -9.411502088509e-04      -2.299447514062e+00      -3.026714502759e-03 
       3.036751605276e-01      -2.401274800367e-02      -1.020194704831e+04      -1.033260642385e+04      -2.300588695277e-02      -1.030236741523e+04       1.839156699191e-02       1.839156699191e-02       2.066521284771e+04       4.629299351094e+00       3.103166206747e-02      -5.437312174869e-09      -2.314649946313e+00      -9.353869385164e-04      -2.314649675547e+00      -3.044841937795e-03 
       3.071978843033e-01      -2.362929713667e-02      -1.027501345060e+04      -1.040452285918e+04      -2.263851138635e-02      -1.037439702455e+04       1.809783657636e-02       1.809783657636e-02       2.080904571835e+04       4.661660701105e+00       3.053604513495e-02      -5.346454213692e-09      -2.330830616997e+00      -9.273510508664e-04      -2.330830350553e+00      -3.063837266493e-03 
       3.107621418325e-01      -2.325482851875e-02      -1.035043734752e+04      -1.047861949254e+04      -2.227968957469e-02      -1.044863264761e+04       1.781162205974e-02       1.781162205974e-02       2.095723898508e+04       4.695094129024e+00       3.005332156129e-02      -5.259942656091e-09      -2.347547326754e+00      -9.186397748252e-04      -2.347547064512e+00      -3.083397728181e-03 
       3.143684824675e-01      -2.288725970172e-02      -1.042608228552e+04      -1.055299940542e+04      -2.192758209533e-02      -1.052314150230e+04       1.752942421201e-02       1.752942421201e-02       2.110599881084e+04       4.728488588287e+00       2.957695274210e-02      -5.170674909372e-09      -2.364244552224e+00      -9.108273602145e-04      -2.364244294143e+00      -3.103074750521e-03 
       3.180174667161e-01      -2.251935524967e-02      -1.049955824221e+04      -1.062549916285e+04      -2.157510187336e-02      -1.059572657727e+04       1.724761436978e-02       1.724761436978e-02       2.125099832571e+04       4.761100480113e+00       2.910145311931e-02      -5.084559739208e-09      -2.380550493991e+00      -9.054164394141e-04      -2.380550240057e+00      -3.122639313557e-03 
       3.217096666243e-01      -2.214878128230e-02      -1.056906148919e+04      -1.069450242217e+04      -2.122006479389e-02      -1.066474359896e+04       1.696377234292e-02       1.696377234292e-02       2.138900484435e+04       4.792110446653e+00       2.862252834143e-02      -4.998993600604e-09      -2.396055473083e+00      -9.035279138402e-04      -2.396055223326e+00      -3.141754481481e-03 
       3.254456661739e-01      -2.177332335162e-02      -1.063315858165e+04      -1.075870146653e+04      -2.086034966142e-02      -1.072886632000e+04       1.667619968853e-02       1.667619968853e-02       2.151740293306e+04       4.820922291549e+00       2.813731182153e-02      -4.913433846734e-09      -2.410461391297e+00      -9.058649994695e-04      -2.410461145775e+00      -3.160157522998e-03 
       3.292260616973e-01      -2.139189619387e-02      -1.069094465016e+04      -1.081723842419e+04      -2.049491634293e-02      -1.078723028847e+04       1.638406923607e-02       1.638406923607e-02       2.163447684839e+04       4.847148248131e+00       2.764440925182e-02      -4.827803192200e-09      -2.423574365287e+00      -9.125657558328e-04      -2.423574124065e+00      -3.177627389141e-03 
       3.330514623091e-01      -2.100482814701e-02      -1.074224458595e+04      -1.086990111463e+04      -2.012407960159e-02      -1.083962934916e+04       1.608762670716e-02       1.608762670716e-02       2.173980222927e+04       4.870694991028e+00       2.714423338475e-02      -4.741921349443e-09      -2.435347732370e+00      -9.232140858301e-04      -2.435347495514e+00      -3.194040288998e-03 
       3.369224903559e-01      -2.061386809818e-02      -1.078772662161e+04      -1.091724021570e+04      -1.974951200906e-02      -1.088663213713e+04       1.578824222003e-02       1.578824222003e-02       2.183448043141e+04       4.891822742255e+00       2.663910631387e-02      -4.655119622989e-09      -2.445911603575e+00      -9.368150925991e-04      -2.445911371128e+00      -3.209402824385e-03 
       3.408397818850e-01      -2.022219032154e-02      -1.082892172614e+04      -1.096060587343e+04      -1.937425560071e-02      -1.092961594743e+04       1.548832967833e-02       1.548832967833e-02       2.192121174686e+04       4.911148291473e+00       2.613309533762e-02      -4.568169453005e-09      -2.455574373767e+00      -9.521082278808e-04      -2.455574145737e+00      -3.223903002480e-03 
       3.448039871328e-01      -1.983411343048e-02      -1.086808003513e+04      -1.100202829658e+04      -1.900245917912e-02      -1.097064364489e+04       1.519104983100e-02       1.519104983100e-02       2.200405659316e+04       4.929575620933e+00       2.563148475323e-02      -4.484900894491e-09      -2.464788034117e+00      -9.675738785729e-04      -2.464787810466e+00      -3.237868059461e-03 
       3.488157710346e-01      -1.945355253235e-02      -1.090769023894e+04      -1.104376818099e+04      -1.863785704152e-02      -1.101200963238e+04       1.489959952905e-02       1.489959952905e-02       2.208753636198e+04       4.948166423266e+00       2.513973468842e-02      -4.401076083005e-09      -2.474083430992e+00      -9.817536674930e-04      -2.474083211633e+00      -3.251733416786e-03 
       3.528758137560e-01      -1.908406140828e-02      -1.095001773224e+04      -1.108788943941e+04      -1.828386011603e-02      -1.105580754814e+04       1.461661885034e-02       1.461661885034e-02       2.217577887882e+04       4.967848838003e+00       2.466227256687e-02      -4.319248328627e-09      -2.483924634193e+00      -9.932533752566e-04      -2.483924419002e+00      -3.265861054168e-03 
       3.569848112472e-01      -1.872781939465e-02      -1.099673219342e+04      -1.113591358718e+04      -1.794255536660e-02      -1.110358076300e+04       1.434378664727e-02       1.434378664727e-02       2.227182717437e+04       4.989317961176e+00       2.420193435238e-02      -4.239211796038e-09      -2.494659191762e+00      -1.001344944122e-03      -2.494658980588e+00      -3.280571701054e-03 
       3.611434758224e-01      -1.838444081725e-02      -1.104855619563e+04      -1.118849366467e+04      -1.761351698671e-02      -1.115599263136e+04       1.408149980167e-02       1.408149980167e-02       2.237698732934e+04       5.012991367822e+00       2.375962026025e-02      -4.171556211692e-09      -2.506495891234e+00      -1.005664707982e-03      -2.506495683911e+00      -3.296069588628e-03 
       3.653525367639e-01      -1.805676247663e-02      -1.110591999488e+04      -1.124607545639e+04      -1.729963430425e-02      -1.121348607892e+04       1.382982329681e-02       1.382982329681e-02       2.249215091278e+04       5.038704138027e+00       2.333473792506e-02      -4.086991564542e-09      -2.519352272622e+00      -1.006602709823e-03      -2.519352069014e+00      -3.312312890115e-03 
       3.696127409538e-01      -1.774008219040e-02      -1.116789421825e+04      -1.130783079067e+04      -1.699623306398e-02      -1.127521780720e+04       1.358724201059e-02       1.358724201059e-02       2.261566158135e+04       5.066437173646e+00       2.292542566642e-02      -4.013394945080e-09      -2.533218786860e+00      -1.004790101037e-03      -2.533218586823e+00      -3.329388661882e-03 
       3.739248535338e-01      -1.743316839695e-02      -1.123333008710e+04      -1.137277792630e+04      -1.670218677650e-02      -1.134018074638e+04       1.335216068967e-02       1.335216068967e-02       2.274555585260e+04       5.095625569865e+00       2.252877460002e-02      -3.942313234899e-09      -2.547812981510e+00      -1.001476796495e-03      -2.547812784933e+00      -3.347139703167e-03 
       3.782896585951e-01      -1.713314869212e-02      -1.130038650019e+04      -1.143928187433e+04      -1.641474627198e-02      -1.140670905152e+04       1.312235142258e-02       1.312235142258e-02       2.287856374866e+04       5.125515677024e+00       2.214101619539e-02      -3.872776087257e-09      -2.562758031708e+00      -9.982388950041e-04      -2.562757838512e+00      -3.365341858397e-03 
       3.827079599000e-01      -1.683676010993e-02      -1.136682857673e+04      -1.150531435996e+04      -1.613078435864e-02      -1.147274388363e+04       1.289533253540e-02       1.289533253540e-02       2.301062871992e+04       5.155185587087e+00       2.175796890267e-02      -3.804358580016e-09      -2.577592983397e+00      -9.962412780742e-04      -2.577592793543e+00      -3.383601032066e-03 
       3.871805816365e-01      -1.654113294939e-02      -1.143050350774e+04      -1.156889777159e+04      -1.584755236391e-02      -1.153628195536e+04       1.266890162547e-02       1.266890162547e-02       2.313779554319e+04       5.183734325319e+00       2.137591508464e-02      -3.736669975466e-09      -2.591867349181e+00      -9.966359190123e-04      -2.591867162660e+00      -3.401534201288e-03 
       3.917083692089e-01      -1.624444666731e-02      -1.148988868803e+04      -1.162862044359e+04      -1.556330539085e-02      -1.159589549225e+04       1.244167432545e-02       1.244167432545e-02       2.325724088718e+04       5.210522394221e+00       2.099252223093e-02      -3.669375353028e-09      -2.605261380286e+00      -9.999549501907e-04      -2.605261197110e+00      -3.418824651127e-03 
       3.962921900649e-01      -1.594642716787e-02      -1.154450773662e+04      -1.168403594593e+04      -1.527778226802e-02      -1.165113377665e+04       1.221342302332e-02       1.221342302332e-02       2.336807189187e+04       5.235343787105e+00       2.060740041033e-02      -3.602332653832e-09      -2.617672073368e+00      -1.006379744929e-03      -2.617671893552e+00      -3.435371922488e-03 
       4.009329345627e-01      -1.564807096012e-02      -1.159489429510e+04      -1.173562216875e+04      -1.499193756265e-02      -1.170248301147e+04       1.198491039699e-02       1.198491039699e-02       2.347124433749e+04       5.258416840124e+00       2.022183633685e-02      -3.535609529313e-09      -2.629208596512e+00      -1.015406829419e-03      -2.629208420062e+00      -3.451233592090e-03 
       4.056315168792e-01      -1.535107268653e-02      -1.164225719511e+04      -1.178445926767e+04      -1.470739298428e-02      -1.175104255994e+04       1.175745305184e-02       1.175745305184e-02       2.356891853534e+04       5.280239607165e+00       1.983805779389e-02      -3.469687436841e-09      -2.640119976683e+00      -1.025898618564e-03      -2.640119803582e+00      -3.466542713456e-03 
       4.103888759632e-01      -1.505732334585e-02      -1.168806906220e+04      -1.183184589698e+04      -1.442596193248e-02      -1.179813719708e+04       1.153247494391e-02       1.153247494391e-02       2.366369179397e+04       5.301402239890e+00       1.945845934362e-02      -3.404219354835e-09      -2.650701289733e+00      -1.036882839470e-03      -2.650701119945e+00      -3.481515952358e-03 
       4.152059765344e-01      -1.476865904159e-02      -1.173393844870e+04      -1.187920506318e+04      -1.414940227912e-02      -1.184521775241e+04       1.131139306422e-02       1.131139306422e-02       2.375841012636e+04       5.322558980827e+00       1.908543550013e-02      -3.339825854734e-09      -2.661279656946e+00      -1.046976498379e-03      -2.661279490413e+00      -3.496345600885e-03 
       4.200838101329e-01      -1.448686892358e-02      -1.178154093173e+04      -1.192805376697e+04      -1.387942796766e-02      -1.189382472290e+04       1.109557677964e-02       1.109557677964e-02       2.385610753394e+04       5.344401921930e+00       1.872129651126e-02      -3.276656063011e-09      -2.672201124319e+00      -1.055088123225e-03      -2.672200960965e+00      -3.511293409447e-03 
       4.250233962207e-01      -1.421335887832e-02      -1.183231643472e+04      -1.197973340501e+04      -1.361738650842e-02      -1.194531372929e+04       1.088609510063e-02       1.088609510063e-02       2.395946681001e+04       5.367538381406e+00       1.836784352039e-02      -3.215010336853e-09      -2.683769350973e+00      -1.060920102400e-03      -2.683769190703e+00      -3.526692792710e-03 
       4.300257833389e-01      -1.394867769115e-02      -1.188703815636e+04      -1.203499459058e+04      -1.336380336625e-02      -1.200043822929e+04       1.068337204055e-02       1.068337204055e-02       2.406998918116e+04       5.392307695766e+00       1.802579318798e-02      -3.154927031047e-09      -2.696154005169e+00      -1.064322292912e-03      -2.696153847883e+00      -3.542732592804e-03 
       4.350920503249e-01      -1.369214015825e-02      -1.194537921550e+04      -1.209356797312e+04      -1.311802235423e-02      -1.205892008407e+04       1.048688144074e-02       1.048688144074e-02       2.418713594625e+04       5.418584459442e+00       1.769425724350e-02      -3.096382162826e-09      -2.709292384115e+00      -1.065884856973e-03      -2.709292229721e+00      -3.559427026314e-03 
       4.402233075914e-01      -1.344209849673e-02      -1.200605986898e+04      -1.215429410186e+04      -1.287846456443e-02      -1.211958202725e+04       1.029536658260e-02       1.029536658260e-02       2.430858820372e+04       5.445840939272e+00       1.737111697670e-02      -3.039184661112e-09      -2.722920621210e+00      -1.066363624995e-03      -2.722920469636e+00      -3.576564474555e-03 
       4.454206984736e-01      -1.319670361395e-02      -1.206745582216e+04      -1.221570422406e+04      -1.264335862714e-02      -1.218093224138e+04       1.010741216764e-02       1.010741216764e-02       2.443140844812e+04       5.473406997554e+00       1.705398463306e-02      -2.983092710519e-09      -2.736703647585e+00      -1.066828399596e-03      -2.736703498777e+00      -3.593893513336e-03 
       4.506854006466e-01      -1.295449891970e-02      -1.212816408130e+04      -1.227654903276e+04      -1.241130930957e-02      -1.224169844023e+04       9.921902033693e-03       9.921902033693e-03       2.455309806552e+04       5.500710748906e+00       1.674097669644e-02      -2.927798112595e-09      -2.750355520530e+00      -1.068359065458e-03      -2.750355374453e+00      -3.611225817360e-03 
       4.560186276189e-01      -1.271449761977e-02      -1.218714810791e+04      -1.233590617382e+04      -1.218137122252e-02      -1.230094119126e+04       9.738081685001e-03       9.738081685001e-03       2.467181234764e+04       5.527330429505e+00       1.643082052262e-02      -2.873318388935e-09      -2.763665358123e+00      -1.071623292917e-03      -2.763665214752e+00      -3.628402250424e-03 
       4.614216303071e-01      -1.247606124366e-02      -1.224368152136e+04      -1.239309938844e+04      -1.195293264489e-02      -1.235797699395e+04       9.555462692341e-03       9.555462692341e-03       2.478619877689e+04       5.552959097959e+00       1.612269218345e-02      -2.819465618567e-09      -2.776479689661e+00      -1.076836379533e-03      -2.776479548979e+00      -3.645264500024e-03 
       4.668956986955e-01      -1.223899386128e-02      -1.229748705608e+04      -1.244782752601e+04      -1.172580583069e-02      -1.241250873422e+04       9.373894439354e-03       9.373894439354e-03       2.489565505202e+04       5.577463153809e+00       1.581633738269e-02      -2.766145837459e-09      -2.788731714913e+00      -1.083722661862e-03      -2.788731576904e+00      -3.661685625420e-03 
       4.724421635890e-01      -1.200387898312e-02      -1.234912885981e+04      -1.250056702530e+04      -1.150054974504e-02      -1.246502618729e+04       9.193822888916e-03       9.193822888916e-03       2.500113405060e+04       5.601062468497e+00       1.551250830484e-02      -2.713393045004e-09      -2.800531369606e+00      -1.091611439633e-03      -2.800531234248e+00      -3.677697892112e-03 
       4.780623984623e-01      -1.177202042468e-02      -1.240002275524e+04      -1.255260824992e+04      -1.127841347961e-02      -1.251683822135e+04       9.016245009677e-03       9.016245009677e-03       2.510521649984e+04       5.624344754709e+00       1.521288661426e-02      -2.661425446774e-09      -2.812172510097e+00      -1.099652388320e-03      -2.812172377355e+00      -3.693535605592e-03 
       4.837578214154e-01      -1.154478120643e-02      -1.245178437532e+04      -1.260543901213e+04      -1.106070274072e-02      -1.256945133895e+04       8.842204589423e-03       8.842204589423e-03       2.521087802425e+04       5.647986919424e+00       1.491923345996e-02      -2.610348921947e-09      -2.823993589892e+00      -1.106998790007e-03      -2.823993459712e+00      -3.709489484437e-03 
       4.895298972391e-01      -1.132285645406e-02      -1.250540250857e+04      -1.265995222034e+04      -1.084808346452e-02      -1.262377267791e+04       8.672233481301e-03       8.672233481301e-03       2.531990444067e+04       5.672396425733e+00       1.463244606419e-02      -2.560607882803e-09      -2.836198340544e+00      -1.113153718846e-03      -2.836198212867e+00      -3.725736521129e-03 
       4.953801396020e-01      -1.110627869357e-02      -1.256114332968e+04      -1.271637446186e+04      -1.064058690435e-02      -1.268003483409e+04       8.506354975286e-03       8.506354975286e-03       2.543274892372e+04       5.697677250047e+00       1.435256319356e-02      -2.511584677059e-09      -2.848838750259e+00      -1.117798622362e-03      -2.848838625024e+00      -3.742291759877e-03 
       5.013101133638e-01      -1.089480845872e-02      -1.261891949991e+04      -1.277464396256e+04      -1.043798363242e-02      -1.273817207377e+04       8.344386595929e-03       8.344386595929e-03       2.554928792512e+04       5.723800091008e+00       1.407927725414e-02      -2.463551216751e-09      -2.861900168355e+00      -1.121252023717e-03      -2.861900045504e+00      -3.759186899796e-03 
       5.073214370266e-01      -1.068806049840e-02      -1.267841134391e+04      -1.283451942161e+04      -1.023990455091e-02      -1.279793100575e+04       8.186034570593e-03       8.186034570593e-03       2.566903884322e+04       5.750651471040e+00       1.381209297509e-02      -2.416331815189e-09      -2.875325856040e+00      -1.124048648373e-03      -2.875325735520e+00      -3.776434910773e-03 
       5.134157853330e-01      -1.048524853152e-02      -1.273875191867e+04      -1.289523921888e+04      -1.004559643294e-02      -1.285853417320e+04       8.030697488382e-03       8.030697488382e-03       2.579047843777e+04       5.777882270090e+00       1.354999584136e-02      -2.370257829969e-09      -2.888941253278e+00      -1.127035301474e-03      -2.888941135045e+00      -3.793950289228e-03 
       5.195948920219e-01      -1.028530896582e-02      -1.279865180201e+04      -1.295561051337e+04      -9.854040296325e-03      -1.291877467725e+04       7.877561726370e-03       7.877561726370e-03       2.591122102673e+04       5.804950508875e+00       1.329161335264e-02      -2.324863489773e-09      -2.902475370416e+00      -1.130737138408e-03      -2.902475254438e+00      -3.811476269608e-03 
       5.258605527531e-01      -1.008755038761e-02      -1.285720816420e+04      -1.301479062586e+04      -9.664573820157e-03      -1.297780117720e+04       7.726097181219e-03       7.726097181219e-03       2.602958125172e+04       5.831473470969e+00       1.303605088248e-02      -2.280126096512e-09      -2.915736849233e+00      -1.135515061239e-03      -2.915736735485e+00      -3.828829969771e-03 
       5.322146282141e-01      -9.892037148191e-03      -1.291447903150e+04      -1.307284442367e+04      -9.477258613289e-03      -1.303567740432e+04       7.576353453919e-03       7.576353453919e-03       2.614568884733e+04       5.857479926365e+00       1.278339223066e-02      -2.236003719847e-09      -2.928740074726e+00      -1.141338962212e-03      -2.928739963183e+00      -3.846024672791e-03 
       5.386590474225e-01      -9.699159989302e-03      -1.297101505340e+04      -1.313027764817e+04      -9.292469002177e-03      -1.309291568254e+04       7.428629367638e-03       7.428629367638e-03       2.626055529635e+04       5.883199958014e+00       1.253414146190e-02      -2.192541479126e-09      -2.941600088376e+00      -1.147858727383e-03      -2.941599979007e+00      -3.863149402716e-03 
       5.451958112383e-01      -9.509215372612e-03      -1.302731593389e+04      -1.318751250220e+04      -9.110489005908e-03      -1.314994999782e+04       7.283151067044e-03       7.283151067044e-03       2.637502500440e+04       5.908828264066e+00       1.228867986076e-02      -2.149787867601e-09      -2.954414239260e+00      -1.154535021629e-03      -2.954414132033e+00      -3.880241301042e-03 
       5.518269961031e-01      -9.322562763629e-03      -1.308401909529e+04      -1.324510577274e+04      -8.931662917574e-03      -1.320734928653e+04       7.140194059033e-03       7.140194059033e-03       2.649021154548e+04       5.934620571374e+00       1.204747236776e-02      -2.107692437740e-09      -2.967310390809e+00      -1.160810579237e-03      -2.967310285687e+00      -3.897372907890e-03 
       5.585547580240e-01      -9.139714268432e-03      -1.314201549996e+04      -1.330389397344e+04      -8.756481382680e-03      -1.326595783348e+04       7.000149881422e-03       7.000149881422e-03       2.660778794689e+04       5.960955990399e+00       1.181117939716e-02      -2.066388075652e-09      -2.980478098260e+00      -1.166388720933e-03      -2.980477995200e+00      -3.914734927897e-03 
       5.653813368197e-01      -8.960867084853e-03      -1.320177294850e+04      -1.336433400101e+04      -8.585133330976e-03      -1.332623381985e+04       6.863169581838e-03       6.863169581838e-03       2.672866800202e+04       5.988040386648e+00       1.158005581178e-02      -2.025918425177e-09      -2.994020294368e+00      -1.171260614163e-03      -2.994020193324e+00      -3.932454842725e-03 
       5.723090606529e-01      -8.785599333678e-03      -1.326281932227e+04      -1.342598614873e+04      -8.417214593319e-03      -1.338773285821e+04       6.728930337557e-03       6.728930337557e-03       2.685197229747e+04       6.015674171614e+00       1.135355700846e-02      -1.986216234154e-09      -3.007837184874e+00      -1.175679873405e-03      -3.007837085807e+00      -3.950447556792e-03 
       5.793403508692e-01      -8.613387968348e-03      -1.332445107664e+04      -1.348820675041e+04      -8.252224083593e-03      -1.344980247671e+04       6.597031957685e-03       6.597031957685e-03       2.697641350083e+04       6.043564311219e+00       1.113100787694e-02      -1.947203757211e-09      -3.021782252735e+00      -1.180059884977e-03      -3.021782155609e+00      -3.968594580026e-03 
       5.864777271687e-01      -8.443995377666e-03      -1.338635085597e+04      -1.355073984497e+04      -8.089934174735e-03      -1.351217730619e+04       6.467292838078e-03       6.467292838078e-03       2.710147968994e+04       6.071591721447e+00       1.091210211570e-02      -1.908856988182e-09      -3.035795955939e+00      -1.184808663536e-03      -3.035795860723e+00      -3.986885467545e-03 
       5.937238131390e-01      -8.277186004048e-03      -1.344819462829e+04      -1.361329946435e+04      -7.930119202795e-03      -1.357456566524e+04       6.339532670978e-03       6.339532670978e-03       2.722659892871e+04       6.099625384332e+00       1.069653552522e-02      -1.871138997888e-09      -3.049812785501e+00      -1.190147923800e-03      -3.049812692166e+00      -4.005273038622e-03 
       6.010813421777e-01      -8.112666627812e-03      -1.350956119759e+04      -1.367546560740e+04      -7.772498237862e-03      -1.363654775942e+04       6.213526866816e-03       6.213526866816e-03       2.735093121480e+04       6.127476681376e+00       1.048392915883e-02      -1.833979368359e-09      -3.063738432167e+00      -1.196031548866e-03      -3.063738340688e+00      -4.023631973672e-03 
       6.085531638393e-01      -7.950558684537e-03      -1.357072866090e+04      -1.373748475738e+04      -7.617187610401e-03      -1.369837480877e+04       6.089368177267e-03       6.089368177267e-03       2.747496951476e+04       6.155258394388e+00       1.027443943727e-02      -1.797384875969e-09      -3.077629286845e+00      -1.202218606480e-03      -3.077629197194e+00      -4.041995022281e-03 
       6.161422506428e-01      -7.791257075547e-03      -1.363249751059e+04      -1.380011019425e+04      -7.464565638866e-03      -1.376080680539e+04       5.967358833720e-03       5.967358833720e-03       2.760022038849e+04       6.183311933511e+00       1.006857624370e-02      -1.761418548240e-09      -3.091656054611e+00      -1.208399756243e-03      -3.091655966756e+00      -4.060527301487e-03 
       6.238517053790e-01      -7.634838757549e-03      -1.369516244757e+04      -1.386359633770e+04      -7.314706042463e-03      -1.382410426044e+04       5.847557552923e-03       5.847557552923e-03       2.772719267540e+04       6.211754249669e+00       9.866438581829e-03      -1.726079752774e-09      -3.105877210926e+00      -1.214318736030e-03      -3.105877124834e+00      -4.079261762101e-03 
       6.316847689635e-01      -7.481211956448e-03      -1.375870766001e+04      -1.392791192013e+04      -7.167520892876e-03      -1.388823836463e+04       5.729894008675e-03       5.729894008675e-03       2.785582384025e+04       6.240572372084e+00       9.667907781323e-03      -1.691344298874e-09      -3.120286270401e+00      -1.219894714177e-03      -3.120286186042e+00      -4.098177585390e-03 
       6.396448288827e-01      -7.330443414782e-03      -1.382338804575e+04      -1.399332605409e+04      -7.023074140545e-03      -1.395347574383e+04       5.614419416848e-03       5.614419416848e-03       2.798665210817e+04       6.269886143540e+00       9.473070286321e-03      -1.657236266155e-09      -3.134943154429e+00      -1.225262399297e-03      -3.134943071770e+00      -4.117370955075e-03 
       6.477354282875e-01      -7.182355559206e-03      -1.388898901407e+04      -1.405965728817e+04      -6.881195670123e-03      -1.401962990903e+04       5.500997953434e-03       5.500997953434e-03       2.811931457633e+04       6.299611848113e+00       9.281696977644e-03      -1.623732333599e-09      -3.149806005046e+00      -1.230657832892e-03      -3.149805924057e+00      -4.136826549546e-03 
       6.559602757945e-01      -7.036542766760e-03      -1.395481559711e+04      -1.412624364065e+04      -6.741496878080e-03      -1.408603431633e+04       5.389319114989e-03       5.389319114989e-03       2.825248728130e+04       6.329450061895e+00       9.093263999288e-03      -1.590756157617e-09      -3.164725110292e+00      -1.236280133047e-03      -3.164725030948e+00      -4.156388215596e-03 
       6.643232560598e-01      -6.892971731331e-03      -1.402087906714e+04      -1.419311318288e+04      -6.603945858151e-03      -1.415271437066e+04       5.279357441581e-03       5.279357441581e-03       2.838622636576e+04       6.359412231392e+00       8.907728407956e-03      -1.558304617434e-09      -3.179706193422e+00      -1.242226828593e-03      -3.179706115696e+00      -4.176078440931e-03 
       6.728284411997e-01      -6.751711559074e-03      -1.408742686871e+04      -1.426050704058e+04      -6.468608814621e-03      -1.421991196428e+04       5.171165801212e-03       5.171165801212e-03       2.852101408116e+04       6.389607024262e+00       8.725179388580e-03      -1.526387657456e-09      -3.194803588264e+00      -1.248441598140e-03      -3.194803512131e+00      -4.195956401795e-03 
       6.814801031383e-01      -6.612628458907e-03      -1.415430499497e+04      -1.432824826167e+04      -6.335357559204e-03      -1.428745391729e+04       5.064641615782e-03       5.064641615782e-03       2.865649652334e+04       6.419956570414e+00       8.545443832036e-03      -1.494965260591e-09      -3.209978359772e+00      -1.254746995180e-03      -3.209978285207e+00      -4.215945474527e-03 
       6.902827269736e-01      -6.475848884895e-03      -1.422191715370e+04      -1.439671679919e+04      -6.204313236344e-03      -1.435572355905e+04       4.959881630707e-03       4.959881630707e-03       2.879343359838e+04       6.450633057581e+00       8.368684943043e-03      -1.464056127861e-09      -3.225316601813e+00      -1.260994993624e-03      -3.225316528791e+00      -4.236130190840e-03 
       6.992410254616e-01      -6.341488718216e-03      -1.429067059457e+04      -1.446630905774e+04      -6.075586865416e-03      -1.442511862618e+04       4.856974559984e-03       4.856974559984e-03       2.893261811548e+04       6.481815179403e+00       8.195052394753e-03      -1.433682668862e-09      -3.240907661209e+00      -1.267137668159e-03      -3.240907589702e+00      -4.256614881489e-03 
       7.083599547303e-01      -6.209320883322e-03      -1.436019572604e+04      -1.453666179796e+04      -5.948960895835e-03      -1.449527522223e+04       4.755746535503e-03       4.755746535503e-03       2.907332359592e+04       6.513339446006e+00       8.024252838595e-03      -1.403798289637e-09      -3.256669793020e+00      -1.273220157846e-03      -3.256669723003e+00      -4.277304295358e-03 
       7.176447313498e-01      -6.079305157687e-03      -1.443051882500e+04      -1.460781894959e+04      -5.824396796574e-03      -1.456623446143e+04       4.656166823911e-03       4.656166823911e-03       2.921563789919e+04       6.545224372852e+00       7.856234440615e-03      -1.374400685240e-09      -3.272612254977e+00      -1.279372992909e-03      -3.272612186426e+00      -4.298230529997e-03 
       7.271008508973e-01      -5.951400227690e-03      -1.450166601150e+04      -1.467982273256e+04      -5.701854990008e-03      -1.463803599386e+04       4.558203837665e-03       4.558203837665e-03       2.935964546513e+04       6.577487810494e+00       7.690943920139e-03      -1.345485565890e-09      -3.288743972356e+00      -1.285704928794e-03      -3.288743905247e+00      -4.319421845775e-03 
       7.367341081734e-01      -5.825393594862e-03      -1.457324165459e+04      -1.475228173024e+04      -5.581131888977e-03      -1.471028810824e+04       4.461694837579e-03       4.461694837579e-03       2.950456346047e+04       6.609953758326e+00       7.528106695581e-03      -1.317006286495e-09      -3.304976944851e+00      -1.292220614190e-03      -3.304976879163e+00      -4.340768798711e-03 
       7.465506192458e-01      -5.701377185268e-03      -1.464560474361e+04      -1.482554719507e+04      -5.462315561863e-03      -1.478334294298e+04       4.366710185401e-03       4.366710185401e-03       2.965109439013e+04       6.642780421295e+00       7.367841473348e-03      -1.288979406447e-09      -3.321390274937e+00      -1.298869743325e-03      -3.321390210648e+00      -4.362362519903e-03 
       7.565568455175e-01      -5.579328557350e-03      -1.471884965579e+04      -1.489970091632e+04      -5.345384504876e-03      -1.485728418882e+04       4.273232645916e-03       4.273232645916e-03       2.979940183264e+04       6.676005374921e+00       7.210119158954e-03      -1.261395476612e-09      -3.338002750373e+00      -1.305565982769e-03      -3.338002687460e+00      -4.384212967680e-03 
       7.667596200406e-01      -5.459148065336e-03      -1.479286119931e+04      -1.497462025991e+04      -5.230243249266e-03      -1.493199049642e+04       4.181185881884e-03       4.181185881884e-03       2.994924051982e+04       6.709574078284e+00       7.054810945108e-03      -1.234230320311e-09      -3.354787100700e+00      -1.312257815922e-03      -3.354787039142e+00      -4.406277906501e-03 
       7.771661763261e-01      -5.340901627815e-03      -1.486796487950e+04      -1.505063336013e+04      -5.116954950000e-03      -1.500778927873e+04       4.090620387851e-03       4.090620387851e-03       3.010126672025e+04       6.743633654940e+00       6.902002032162e-03      -1.207499451818e-09      -3.371816887695e+00      -1.318981980457e-03      -3.371816827470e+00      -4.428655205692e-03 
       7.877841799308e-01      -5.224406270582e-03      -1.494379535499e+04      -1.512738331468e+04      -5.005344307714e-03      -1.508432264245e+04       4.001396059853e-03       4.001396059853e-03       3.025476662937e+04       6.778023313318e+00       6.751456037026e-03      -1.181164997368e-09      -3.389011715570e+00      -1.325786862705e-03      -3.389011656659e+00      -4.451251813406e-03 
       7.986217631414e-01      -5.109654270399e-03      -1.502046536156e+04      -1.520498982875e+04      -4.895403924142e-03      -1.516170908500e+04       3.913506999834e-03       3.913506999834e-03       3.040997965749e+04       6.812796312570e+00       6.603163013160e-03      -1.155226788372e-09      -3.406398213902e+00      -1.332723529910e-03      -3.406398156285e+00      -4.474109092218e-03 
       8.096875631153e-01      -4.996599461667e-03      -1.509798650293e+04      -1.528346475476e+04      -4.787089569212e-03      -1.523996040863e+04       3.826917846055e-03       3.826917846055e-03       3.056692950952e+04       6.847957954793e+00       6.457063294600e-03      -1.129674082890e-09      -3.423979033739e+00      -1.339789865742e-03      -3.423978977396e+00      -4.497230028689e-03 
       8.209907638875e-01      -4.885168727178e-03      -1.517628888473e+04      -1.536273279894e+04      -4.680331190479e-03      -1.531900223882e+04       3.741572581363e-03       3.741572581363e-03       3.072546559788e+04       6.883474808670e+00       6.313062360154e-03      -1.104488848239e-09      -3.441737459421e+00      -1.346943983482e-03      -3.441737404335e+00      -4.520587114551e-03 
       8.325411427102e-01      -4.775414039164e-03      -1.525569424023e+04      -1.544311120812e+04      -4.575178579604e-03      -1.539915222948e+04       3.657510993067e-03       3.657510993067e-03       3.088622241623e+04       6.919489594809e+00       6.171227336527e-03      -1.079681067045e-09      -3.459744851253e+00      -1.354166801218e-03      -3.459744797405e+00      -4.544266693339e-03 
       8.443491212515e-01      -4.667204735454e-03      -1.533594808264e+04      -1.552434546435e+04      -4.471506553669e-03      -1.548015610663e+04       3.574633012747e-03       3.574633012747e-03       3.104869092870e+04       6.955888061426e+00       6.031389382605e-03      -1.055221838239e-09      -3.477944083341e+00      -1.361451211158e-03      -3.477944030713e+00      -4.568196128105e-03 
       8.564258222607e-01      -4.560577383994e-03      -1.541733050282e+04      -1.560671998702e+04      -4.369350147689e-03      -1.556229734226e+04       3.492966654738e-03       3.492966654738e-03       3.121343997405e+04       6.992797589761e+00       5.893595768306e-03      -1.031120018159e-09      -3.496398846306e+00      -1.368837398386e-03      -3.496398794880e+00      -4.592461471326e-03 
       8.687831323856e-01      -4.455398679036e-03      -1.549955565660e+04      -1.568995237353e+04      -4.268581646465e-03      -1.564529325816e+04       3.412409832324e-03       3.412409832324e-03       3.137990474706e+04       7.030091171679e+00       5.757674249000e-03      -1.007346711692e-09      -3.515045636079e+00      -1.376337371412e-03      -3.515045585840e+00      -4.616985104014e-03 
       8.814337719335e-01      -4.351701264414e-03      -1.558290409275e+04      -1.577432327830e+04      -4.169232324569e-03      -1.572942422852e+04       3.332987541463e-03       3.332987541463e-03       3.154864655659e+04       7.067894786472e+00       5.623666997958e-03      -9.839086901503e-10      -3.533947442306e+00      -1.383960199060e-03      -3.533947393236e+00      -4.641847312489e-03 
       8.943913724798e-01      -4.249387073662e-03      -1.566720262216e+04      -1.585965684517e+04      -4.071208227295e-03      -1.581451498152e+04       3.254624668599e-03       3.254624668599e-03       3.171931369034e+04       7.106129673706e+00       5.491447276746e-03      -9.607834413274e-10      -3.553064884770e+00      -1.391681627933e-03      -3.553064836853e+00      -4.666994983291e-03 
       9.076705633606e-01      -4.148480125614e-03      -1.575272083026e+04      -1.594622152268e+04      -3.974532365847e-03      -1.590083389221e+04       3.177339603304e-03       3.177339603304e-03       3.189244304536e+04       7.144916419427e+00       5.361046111707e-03      -9.379757499572e-10      -3.572458256492e+00      -1.399505159360e-03      -3.572458209713e+00      -4.692504151944e-03 
       9.212870682466e-01      -4.048881159944e-03      -1.583926908432e+04      -1.603382882556e+04      -3.879109642385e-03      -1.598819247203e+04       3.101056327566e-03       3.101056327566e-03       3.206765765112e+04       7.184170333177e+00       5.232335241277e-03      -9.154552638314e-10      -3.592085212244e+00      -1.407432636154e-03      -3.592085166588e+00      -4.718322092739e-03 
       9.352578131720e-01      -3.950587083010e-03      -1.592705046131e+04      -1.612268379572e+04      -3.784936660192e-03      -1.607679526155e+04       3.025777763889e-03       3.025777763889e-03       3.224536759144e+04       7.223989412720e+00       5.105321359644e-03      -8.931400058896e-10      -3.611994750907e+00      -1.415447693758e-03      -3.611994706360e+00      -4.744507599019e-03 
       9.496010476076e-01      -3.853511314296e-03      -1.601585368101e+04      -1.621257600845e+04      -3.691931338577e-03      -1.616643189916e+04       2.951426980621e-03       2.951426980621e-03       3.242515201690e+04       7.264267105944e+00       4.979871123679e-03      -8.712198586862e-10      -3.632133596425e+00      -1.423620470790e-03      -3.632133552972e+00      -4.771004949726e-03 
       9.643364804132e-01      -3.757665111847e-03      -1.610595349496e+04      -1.630377964848e+04      -3.600104021371e-03      -1.625737640118e+04       2.878017992426e-03       2.878017992426e-03       3.260755929697e+04       7.305132564274e+00       4.856009976749e-03      -8.495921466752e-10      -3.652566324509e+00      -1.431919526668e-03      -3.652566282137e+00      -4.797890073677e-03 
       9.794854327925e-01      -3.662814861080e-03      -1.619707448363e+04      -1.639601917651e+04      -3.509223320101e-03      -1.634935350646e+04       2.805464923471e-03       2.805464923471e-03       3.279203835302e+04       7.346579828978e+00       4.733624014308e-03      -8.310681272976e-10      -3.673289955794e+00      -1.440360627211e-03      -3.673289914489e+00      -4.825161895535e-03 
       9.950710107137e-01      -3.569404378130e-03      -1.628974744004e+04      -1.648982524611e+04      -3.419737634764e-03      -1.644289339047e+04       2.733822602514e-03       2.733822602514e-03       3.297965049222e+04       7.388486212745e+00       4.612710793874e-03      -8.071379467331e-10      -3.694243146622e+00      -1.448914887566e-03      -3.694243106373e+00      -4.852738535834e-03 
       1.011118299649e+00      -3.476918926071e-03      -1.638362287860e+04      -1.658485047593e+04      -3.331129696592e-03      -1.653764866911e+04       2.662993193936e-03       2.662993193936e-03       3.316970095186e+04       7.431071304796e+00       4.493203961400e-03      -7.861253570164e-10      -3.715535691604e+00      -1.457597311399e-03      -3.715535652398e+00      -4.880760374072e-03 
       1.027654584949e+00      -3.385478329389e-03      -1.647880969975e+04      -1.668120419515e+04      -3.243523278181e-03      -1.663372850085e+04       2.592958203900e-03       2.592958203900e-03       3.336240839030e+04       7.474243944875e+00       4.375035586064e-03      -7.654966867572e-10      -3.737122010613e+00      -1.466424755262e-03      -3.737121972438e+00      -4.909172779155e-03 
       1.044709601705e+00      -3.295064527696e-03      -1.657547360558e+04      -1.677905228589e+04      -3.156900917448e-03      -1.673129858374e+04       2.523705733324e-03       2.523705733324e-03       3.355810457178e+04       7.518080585943e+00       4.258186235223e-03      -7.451024069772e-10      -3.759040330127e+00      -1.475374079303e-03      -3.759040292971e+00      -4.938019980067e-03 
       1.062315818564e+00      -3.205604788070e-03      -1.667355381004e+04      -1.687833442922e+04      -3.071192285061e-03      -1.683029858214e+04       2.455188046771e-03       2.455188046771e-03       3.375666885844e+04       7.562565395320e+00       4.142578020336e-03      -7.248677312135e-10      -3.781282733807e+00      -1.484508303774e-03      -3.781282697660e+00      -4.967301987177e-03 
       1.080508760706e+00      -3.117067960170e-03      -1.677311019400e+04      -1.697911108478e+04      -2.986367952158e-03      -1.693078880847e+04       2.387376032649e-03       2.387376032649e-03       3.395822216955e+04       7.607717586285e+00       4.028160075434e-03      -7.047160804876e-10      -3.803858828291e+00      -1.493768412748e-03      -3.803858793142e+00      -4.997021770181e-03 
       1.099327377988e+00      -3.029421174153e-03      -1.687429114110e+04      -1.708153191077e+04      -2.902395823393e-03      -1.703291857838e+04       2.320252345913e-03       2.320252345913e-03       3.416306382153e+04       7.653617786953e+00       3.914905734265e-03      -6.848752226458e-10      -3.826808927637e+00      -1.503259590516e-03      -3.826808893476e+00      -5.027245637879e-03 
       1.118814465254e+00      -2.942642743923e-03      -1.697715363360e+04      -1.718565450116e+04      -2.819256358477e-03      -1.713674533734e+04       2.253784742477e-03       2.253784742477e-03       3.437130900231e+04       7.700265801629e+00       3.802755393728e-03      -6.654185236594e-10      -3.850132933996e+00      -1.512883405113e-03      -3.850132900815e+00      -5.057958716750e-03 
       1.139017142838e+00      -2.856669908051e-03      -1.708174332076e+04      -1.729152597044e+04      -2.736888274359e-03      -1.724231592461e+04       2.187939537065e-03       2.187939537065e-03       3.458305194088e+04       7.747706290304e+00       3.691657004035e-03      -6.458873900671e-10      -3.873853177364e+00      -1.522741048820e-03      -3.873853145152e+00      -5.089204565203e-03 
       1.159987406523e+00      -2.771480551202e-03      -1.718821001738e+04      -1.739929753770e+04      -2.655270728657e-03      -1.734978119671e+04       2.122695469847e-03       2.122695469847e-03       3.479859507540e+04       7.796000235793e+00       3.581573256123e-03      -6.265538257960e-10      -3.898000149148e+00      -1.532769880605e-03      -3.898000117897e+00      -5.121011585626e-03 
       1.181782757508e+00      -2.687060055732e-03      -1.729672808509e+04      -1.750914530268e+04      -2.574390453670e-03      -1.745931681486e+04       2.058032289722e-03       2.058032289722e-03       3.501829060536e+04       7.845210030960e+00       3.472466964712e-03      -6.076585723329e-10      -3.922605045779e+00      -1.543047294219e-03      -3.922605015480e+00      -5.153431022207e-03 
       1.204466924296e+00      -2.603347774642e-03      -1.740738084684e+04      -1.762115397403e+04      -2.494188231062e-03      -1.757100719020e+04       1.993917278481e-03       1.993917278481e-03       3.524230794806e+04       7.895398427165e+00       3.364287497971e-03      -5.887541131699e-10      -3.947699242938e+00      -1.553527293882e-03      -3.947699213582e+00      -5.186494837444e-03 
       1.228110689814e+00      -2.520321582009e-03      -1.752033909939e+04      -1.773549675500e+04      -2.414643388143e-03      -1.768502498515e+04       1.930327029658e-03       1.930327029658e-03       3.547099351000e+04       7.946631305177e+00       3.256993211139e-03      -5.699764490090e-10      -3.973315681008e+00      -1.564291215702e-03      -3.973315652589e+00      -5.220257086618e-03 
       1.252792838276e+00      -2.437853355706e-03      -1.763559567513e+04      -1.785216783586e+04      -2.335628745058e-03      -1.780136418275e+04       1.867217810621e-03       1.867217810621e-03       3.570433567172e+04       7.999018228423e+00       3.150528433916e-03      -5.518963380263e-10      -3.999509141702e+00      -1.575340992956e-03      -3.999509114211e+00      -5.254786927587e-03 
       1.278601237189e+00      -2.356084767293e-03      -1.775353325651e+04      -1.797155132345e+04      -2.257289061201e-03      -1.792040830401e+04       1.804587215896e-03       1.804587215896e-03       3.594310264690e+04       8.052506465030e+00       3.044852165506e-03      -5.330503145107e-10      -4.026253259084e+00      -1.586658900158e-03      -4.026253232515e+00      -5.290048104181e-03 
       1.305634070045e+00      -2.274893184297e-03      -1.787425007107e+04      -1.809374834195e+04      -2.179501977386e-03      -1.804225792336e+04       1.742401164163e-03       1.742401164163e-03       3.618749668390e+04       8.107260907045e+00       2.939926833067e-03      -5.144478718299e-10      -4.053630479176e+00      -1.598297412593e-03      -4.053630453523e+00      -5.326152256667e-03 
       1.334001234132e+00      -2.194252343088e-03      -1.799798297970e+04      -1.821899867579e+04      -2.102242322877e-03      -1.816715214046e+04       1.680639653555e-03       1.680639653555e-03       3.643799735158e+04       8.163390066095e+00       2.835718725549e-03      -4.962349039277e-10      -4.081695057791e+00      -1.610283788095e-03      -4.081695033047e+00      -5.363171557275e-03 
       1.363825914699e+00      -2.114225802751e-03      -1.812519001967e+04      -1.834776415724e+04      -2.025575003676e-03      -1.829555175673e+04       1.619302075096e-03       1.619302075096e-03       3.669552831447e+04       8.220981100301e+00       2.732210398496e-03      -4.780257707722e-10      -4.110490573991e+00      -1.622628062718e-03      -4.110490550150e+00      -5.401161880765e-03 
       1.395246340115e+00      -2.034650594810e-03      -1.825597489406e+04      -1.848015263484e+04      -1.949336446014e-03      -1.842756386959e+04       1.558354929496e-03       1.558354929496e-03       3.696030526967e+04       8.280300132001e+00       2.629375746773e-03      -4.600437066008e-10      -4.140150088944e+00      -1.635421878247e-03      -4.140150066001e+00      -5.440304877708e-03 
       1.428417711027e+00      -1.955580642285e-03      -1.839075980878e+04      -1.861659033901e+04      -1.873581958314e-03      -1.856361367578e+04       1.497794760954e-03       1.497794760954e-03       3.723318067801e+04       8.341433496001e+00       2.527194031674e-03      -4.421759901412e-10      -4.170716770052e+00      -1.648681095223e-03      -4.170716748000e+00      -5.480656742475e-03 
       1.463514277278e+00      -1.877002351019e-03      -1.852986731286e+04      -1.875740420801e+04      -1.798298516480e-03      -1.870402711669e+04       1.437611157366e-03       1.437611157366e-03       3.751480841602e+04       8.404527653766e+00       2.425647685014e-03      -4.244195803954e-10      -4.202263848049e+00      -1.662449686677e-03      -4.202263826883e+00      -5.522316066633e-03 
       1.500731506377e+00      -1.798868251020e-03      -1.867364652348e+04      -1.890294872906e+04      -1.723438018783e-03      -1.884915750347e+04       1.377799939007e-03       1.377799939007e-03       3.780589745813e+04       8.469836625537e+00       2.324740372772e-03      -4.073010281525e-10      -4.234918333054e+00      -1.676805419733e-03      -4.234918312769e+00      -5.565454413248e-03 
       1.540288242703e+00      -1.721294086736e-03      -1.882272524894e+04      -1.905385691219e+04      -1.649116816567e-03      -1.899963643276e+04       1.318382715471e-03       1.318382715471e-03       3.810771382438e+04       8.537450166157e+00       2.224486226305e-03      -3.892045700962e-10      -4.268725102489e+00      -1.691762842728e-03      -4.268725083079e+00      -5.610129719725e-03 
       1.582428693406e+00      -1.644288238140e-03      -1.897754461541e+04      -1.921057528670e+04      -1.575342291285e-03      -1.915590916422e+04       1.259373970773e-03       1.259373970773e-03       3.842115057341e+04       8.607579097297e+00       2.124912368277e-03      -3.718177774939e-10      -4.303789567190e+00      -1.707389286738e-03      -4.303789548648e+00      -5.656484090155e-03 
       1.627423992086e+00      -1.567804493009e-03      -1.913846856924e+04      -1.937347445026e+04      -1.502065569267e-03      -1.931834490502e+04       1.200794608947e-03       1.200794608947e-03       3.874694890053e+04       8.680569031666e+00       2.026072825173e-03      -3.545346074280e-10      -4.340284533512e+00      -1.723796059369e-03      -4.340284515833e+00      -5.704752528809e-03 
       1.675572985692e+00      -1.491960673619e-03      -1.930618770873e+04      -1.954325233347e+04      -1.429402257365e-03      -1.948763977680e+04       1.142701457032e-03       1.142701457032e-03       3.908650466693e+04       8.756626450786e+00       1.928052349360e-03      -3.375351654719e-10      -4.378313242217e+00      -1.741053551687e-03      -4.378313225393e+00      -5.755074914513e-03 
       1.727201772779e+00      -1.416825719868e-03      -1.948119152290e+04      -1.972040554107e+04      -1.357417670924e-03      -1.966428879929e+04       1.085156383520e-03       1.085156383520e-03       3.944081108213e+04       8.836007074164e+00       1.830958348985e-03      -3.205388814430e-10      -4.418003553058e+00      -1.759297988252e-03      -4.418003537082e+00      -5.807632594051e-03 
       1.782661416417e+00      -1.342514531463e-03      -1.966389878920e+04      -1.990535750109e+04      -1.286222415291e-03      -1.984871427194e+04       1.028240927949e-03       1.028240927949e-03       3.981071500217e+04       8.918877174437e+00       1.734926251787e-03      -3.038096321067e-10      -4.459438602357e+00      -1.778488619461e-03      -4.459438587218e+00      -5.862523258263e-03 
       1.842323209855e+00      -1.269169298737e-03      -1.985473850701e+04      -2.009854218388e+04      -1.215952594549e-03      -2.004134897641e+04       9.720655214694e-04       9.720655214694e-04       4.019708436777e+04       9.005436967211e+00       1.640142894046e-03      -2.872012738997e-10      -4.502718497917e+00      -1.798776086399e-03      -4.502718483606e+00      -5.919895957487e-03 
       1.906570961143e+00      -1.196969154690e-03      -2.005412407082e+04      -2.030037849039e+04      -1.146779544829e-03      -2.024261055462e+04       9.167708801020e-04       9.167708801020e-04       4.060075698078e+04       9.095891338048e+00       1.546846873772e-03      -2.709245876104e-10      -4.547945682521e+00      -1.820198467821e-03      -4.547945669024e+00      -5.979884871357e-03 
       1.975790075473e+00      -1.126137219419e-03      -2.026221007924e+04      -2.051102311110e+04      -1.078917807368e-03      -2.045265522147e+04       8.625183330650e-04       8.625183330650e-04       4.102204622220e+04       9.190264902334e+00       1.455307214091e-03      -2.548740076503e-10      -4.595132463866e+00      -1.842930819726e-03      -4.595132451167e+00      -6.042533028356e-03 
       2.050353823144e+00      -1.056902616478e-03      -2.047887129640e+04      -2.073034960527e+04      -1.012586343230e-03      -2.067135684399e+04       8.094902047416e-04       8.094902047416e-04       4.146069921054e+04       9.288532786412e+00       1.365833823504e-03      -2.392195892569e-10      -4.644266405124e+00      -1.866931496656e-03      -4.644266393206e+00      -6.107818183485e-03 
       2.130608069751e+00      -9.895190083821e-04      -2.070388887615e+04      -2.095813721301e+04      -9.480271525539e-04      -2.089849517199e+04       7.578933360195e-04       7.578933360195e-04       4.191627442603e+04       9.390671379612e+00       1.278779883751e-03      -2.237150130266e-10      -4.695335700964e+00      -1.892483346007e-03      -4.695335689806e+00      -6.175770641832e-03 
       2.216856723667e+00      -9.243290306893e-04      -2.093698105810e+04      -2.119409810817e+04      -8.855718292049e-04      -2.113378359884e+04       7.079494398110e-04       7.079494398110e-04       4.238819621635e+04       9.496310266932e+00       1.194505922192e-03      -2.093025578399e-10      -4.748155143889e+00      -1.919359488967e-03      -4.748155133466e+00      -6.246121220201e-03 
       2.309350833013e+00      -8.615240562050e-04      -2.117715228253e+04      -2.143722929697e+04      -8.253992983731e-04      -2.137622124511e+04       6.598592999434e-04       6.598592999434e-04       4.287445859394e+04       9.605336356847e+00       1.113368775183e-03      -1.951193089173e-10      -4.802668188138e+00      -1.947683082614e-03      -4.802668178423e+00      -6.318820081466e-03 
       2.408284166381e+00      -8.014178087126e-04      -2.142381778746e+04      -2.168693546371e+04      -7.678131670170e-04      -2.162521501140e+04       6.138259056528e-04       6.138259056528e-04       4.337387092741e+04       9.717245559613e+00       1.035698519457e-03      -1.815039939143e-10      -4.858622788844e+00      -1.977507718800e-03      -4.858622779807e+00      -6.393559497789e-03 
       2.513796969118e+00      -7.442134730274e-04      -2.167605243628e+04      -2.194228147730e+04      -7.130075380070e-04      -2.187983221590e+04       5.700117805698e-04       5.700117805698e-04       4.388456295461e+04       9.831657840815e+00       9.617716765573e-04      -1.685868358099e-10      -4.915828928800e+00      -2.008824103333e-03      -4.915828920407e+00      -6.470100217196e-03 
       2.625987629569e+00      -6.900456989026e-04      -2.193284325024e+04      -2.220224364730e+04      -6.611101852998e-04      -2.213905181396e+04       5.285351633419e-04       5.285351633419e-04       4.440448729460e+04       9.948244601086e+00       8.917927802902e-04      -1.563350509574e-10      -4.974122308325e+00      -2.041742593307e-03      -4.974122300543e+00      -6.548254212441e-03 
       2.744929960642e+00      -6.390634083114e-04      -2.219367013016e+04      -2.246629148663e+04      -6.122665845900e-04      -2.240234544737e+04       4.894757462583e-04       4.894757462583e-04       4.493258297326e+04       1.006645704205e+01       8.258848463110e-04      -1.445891887783e-10      -5.033228528231e+00      -2.076174608500e-03      -5.033228521024e+00      -6.627663265006e-03 
       2.870692567079e+00      -5.912593901441e-04      -2.245764000934e+04      -2.273352385065e+04      -5.664679275758e-04      -2.266881408766e+04       4.528513520816e-04       4.528513520816e-04       4.546704770129e+04       1.018608515485e+01       7.640857222201e-04      -1.340228358907e-10      -5.093042584093e+00      -2.112095019783e-03      -5.093042577425e+00      -6.708192089135e-03 
       3.003356777944e+00      -5.465693026635e-04      -2.272385917271e+04      -2.300304029060e+04      -5.236509093914e-04      -2.293755919175e+04       4.186331184353e-04       4.186331184353e-04       4.600608058120e+04       1.030696675211e+01       7.063535094812e-04      -1.237914059226e-10      -5.153483382218e+00      -2.149919657402e-03      -5.153483376055e+00      -6.789805093121e-03 
       3.143030673842e+00      -5.049605861741e-04      -2.299215383697e+04      -2.327465998387e+04      -4.837867869069e-04      -2.320840121283e+04       3.867659214675e-04       3.867659214675e-04       4.654931996775e+04       1.042869571860e+01       6.525851461732e-04      -1.145181255167e-10      -5.214347864995e+00      -2.189279040365e-03      -5.214347859300e+00      -6.872189970692e-03 
       3.289858202671e+00      -4.663028314187e-04      -2.326199122372e+04      -2.354784618180e+04      -4.467500692039e-04      -2.348080452877e+04       3.571567242978e-04       3.571567242978e-04       4.709569236360e+04       1.055110025126e+01       6.026259312651e-04      -1.058598035249e-10      -5.275550130886e+00      -2.230817917670e-03      -5.275550125628e+00      -6.955339767187e-03 
       3.444023643325e+00      -4.304629183915e-04      -2.353313583080e+04      -2.382235810651e+04      -4.124137852945e-04      -2.375452941688e+04       3.296965635861e-04       3.296965635861e-04       4.764471621301e+04       1.067395443326e+01       5.562896808238e-04      -9.772630080124e-11      -5.336977221485e+00      -2.274241349634e-03      -5.336977216631e+00      -7.039066697916e-03 
       3.605752430110e+00      -3.972459146032e-04      -2.380492449443e+04      -2.409753095522e+04      -3.805893669250e-04      -2.402891195848e+04       3.042583692428e-04       3.042583692428e-04       4.819506191043e+04       1.079729898200e+01       5.133693967333e-04      -9.025291131748e-11      -5.398649495481e+00      -2.320137334262e-03      -5.398649491002e+00      -7.123489489486e-03 
       3.775309589662e+00      -3.665103212190e-04      -2.407735446083e+04      -2.437335735451e+04      -3.511424449833e-04      -2.430394551369e+04       2.807190231484e-04       2.807190231484e-04       4.874671470902e+04       1.092091308628e+01       4.736524350334e-04      -8.335404300888e-11      -5.460456547271e+00      -2.368228357034e-03      -5.460456543138e+00      -7.208426557449e-03 
       3.952996932004e+00      -3.380836681403e-04      -2.435020938000e+04      -2.464962202360e+04      -3.239073575499e-04      -2.457941483130e+04       2.589517260277e-04       2.589517260277e-04       4.929924404720e+04       1.104480501687e+01       4.369266126530e-04      -7.707883633381e-11      -5.522402512250e+00      -2.419047682975e-03      -5.522402508437e+00      -7.293965081907e-03 
       4.139149865523e+00      -3.118191187204e-04      -2.462349364035e+04      -2.492632714504e+04      -2.987441813226e-04      -2.485532244421e+04       2.388346276204e-04       2.388346276204e-04       4.985265429009e+04       1.116878154025e+01       4.029832098976e-04      -7.096405966037e-11      -5.584390773641e+00      -2.472810313134e-03      -5.584390770125e+00      -7.380020014988e-03 
       4.334134407024e+00      -2.875658543775e-04      -2.489717951012e+04      -2.520344468897e+04      -2.755085924503e-04      -2.513164038891e+04       2.202502059959e-04       2.202502059959e-04       5.040688937795e+04       1.129275006355e+01       3.716232638687e-04      -6.544725201480e-11      -5.646375035017e+00      -2.529845237441e-03      -5.646375031775e+00      -7.466582442407e-03 
       4.538344703503e+00      -2.651480857604e-04      -2.517089576660e+04      -2.548060551770e+04      -2.540305232163e-04      -2.540799955308e+04       2.030840199312e-04       2.030840199312e-04       5.096121103540e+04       1.141703409475e+01       3.426604090494e-04      -6.035267657977e-11      -5.708517050366e+00      -2.590426451508e-03      -5.708517047376e+00      -7.553900490604e-03 
       4.752201195312e+00      -2.444592360828e-04      -2.544501300430e+04      -2.575817961199e+04      -2.342094758610e-04      -2.568476966404e+04       1.872346717737e-04       1.872346717737e-04       5.151635922399e+04       1.154130302514e+01       3.159169745747e-04      -5.571523144528e-11      -5.770651515326e+00      -2.654999734872e-03      -5.770651512569e+00      -7.641836232545e-03 
       4.976149428769e+00      -2.253544603381e-04      -2.571925495841e+04      -2.603589157807e+04      -2.159057926073e-04      -2.596167544986e+04       1.726021203035e-04       1.726021203035e-04       5.207178315613e+04       1.166572929228e+01       2.912277924488e-04      -5.141192185152e-11      -5.832864648683e+00      -2.723768975548e-03      -5.832864646142e+00      -7.730529686679e-03 
       5.210659457381e+00      -2.077140216618e-04      -2.599350253501e+04      -2.631362317156e+04      -1.990047607267e-04      -2.623859864381e+04       1.590946185742e-04       1.590946185742e-04       5.262724634312e+04       1.179028895251e+01       2.684380469615e-04      -4.745128305447e-11      -5.895144478596e+00      -2.797340211009e-03      -5.895144476254e+00      -7.820061111398e-03 
       5.456225739813e+00      -1.914350299002e-04      -2.626826424680e+04      -2.659188636771e+04      -1.834080347058e-04      -2.651605019673e+04       1.466305259830e-04       1.466305259830e-04       5.318377273541e+04       1.191513578575e+01       2.474090432852e-04      -4.374961348968e-11      -5.957567895032e+00      -2.876532203721e-03      -5.957567892873e+00      -7.910655700877e-03 
       5.713367436630e+00      -1.764256628906e-04      -2.654321956884e+04      -2.687035826165e+04      -1.690284942185e-04      -2.679370787862e+04       1.351290560419e-04       1.351290560419e-04       5.374071652330e+04       1.203968635802e+01       2.280009885254e-04      -4.036696525398e-11      -6.019843180998e+00      -2.961480298124e-03      -6.019843179009e+00      -8.001968386346e-03 
       5.982629016144e+00      -1.625624778725e-04      -2.681792965776e+04      -2.714860360846e+04      -1.557462774150e-04      -2.707113629187e+04       1.245152514352e-04       1.245152514352e-04       5.429720721692e+04       1.216455165680e+01       2.100939335135e-04      -3.737967305543e-11      -6.082275830233e+00      -3.052842594591e-03      -6.082275828400e+00      -8.094486778409e-03 
       6.264581095054e+00      -1.497834731190e-04      -2.709307599893e+04      -2.742730455937e+04      -1.435033410576e-04      -2.734901683725e+04       1.147249509957e-04       1.147249509957e-04       5.485460911874e+04       1.228930373295e+01       1.935740667243e-04      -3.444366409326e-11      -6.144651868162e+00      -3.151468437944e-03      -6.144651866473e+00      -8.188074296645e-03 
       6.559821456700e+00      -1.379961123332e-04      -2.736834749023e+04      -2.770615224918e+04      -1.322104758514e-04      -2.762704059231e+04       1.056940549561e-04       1.056940549561e-04       5.541230449836e+04       1.241408851812e+01       1.783354909471e-04      -3.170075438401e-11      -6.207044260618e+00      -3.258175673213e-03      -6.207044259062e+00      -8.282952519765e-03 
       6.868976205922e+00      -1.271213263393e-04      -2.764375663429e+04      -2.798516214928e+04      -1.217917063891e-04      -2.790522254578e+04       9.736473818116e-05       9.736473818116e-05       5.597032429856e+04       1.253907914240e+01       1.642815497632e-04      -2.924663276640e-11      -6.269539572634e+00      -3.373475351050e-03      -6.269539571200e+00      -8.379309447374e-03 
       7.192701032936e+00      -1.170893677401e-04      -2.791912933867e+04      -2.826416083389e+04      -1.121802685894e-04      -2.818338933017e+04       8.968285750753e-05       8.968285750753e-05       5.652832166779e+04       1.266419124183e+01       1.513206478661e-04      -2.701435773411e-11      -6.332095622236e+00      -3.498299164621e-03      -6.332095620915e+00      -8.477238723277e-03 
       7.531682569088e+00      -1.078396044833e-04      -2.819459006894e+04      -2.854327556209e+04      -1.033182874557e-04      -2.846166764663e+04       8.259933563428e-05       8.259933563428e-05       5.708655112417e+04       1.278932074164e+01       1.393690994033e-04      -2.492677257038e-11      -6.394660372035e+00      -3.634197724825e-03      -6.394660370819e+00      -8.576919045694e-03 
       7.886639824861e+00      -9.931644798130e-05      -2.847037548172e+04      -2.882274602223e+04      -9.515272002134e-05      -2.874029648040e+04       7.606895715076e-05       7.606895715076e-05       5.764549204445e+04       1.291434633775e+01       1.283497342951e-04      -2.297771019600e-11      -6.457173169993e+00      -3.781884552369e-03      -6.457173168873e+00      -8.678385981953e-03 
       8.258325705669e+00      -9.145523633291e-05      -2.874604175710e+04      -2.910213039999e+04      -8.762113787901e-05      -2.901883411792e+04       7.004807167697e-05       7.004807167697e-05       5.820426079998e+04       1.303952068392e+01       1.181908588833e-04      -2.119963363363e-11      -6.519760342992e+00      -3.942585890643e-03      -6.519760341960e+00      -8.781990691924e-03 
       8.647528604335e+00      -8.420923709770e-05      -2.902189528658e+04      -2.938174119720e+04      -8.067897986338e-05      -2.929759180772e+04       6.449828168889e-05       6.449828168889e-05       5.876348239439e+04       1.316478560697e+01       1.088268184111e-04      -1.956758912721e-11      -6.582392804433e+00      -4.118039673686e-03      -6.582392803483e+00      -8.887970065568e-03 
       9.055074071264e+00      -7.752989702068e-05      -2.929764312418e+04      -2.966128608507e+04      -7.427970665033e-05      -2.957627739763e+04       5.938267193701e-05       5.938267193701e-05       5.932257217015e+04       1.329003747858e+01       1.001954172108e-04      -1.806646412571e-11      -6.645018740164e+00      -4.309497326130e-03      -6.645018739290e+00      -8.996455394254e-03 
       9.481826564591e+00      -7.137425127337e-05      -2.957332188388e+04      -2.994080334268e+04      -6.838219130219e-05      -2.985492887007e+04       5.466788332502e-05       5.466788332502e-05       5.988160668537e+04       1.341524427575e+01       9.224021882393e-05      -1.667988506568e-11      -6.707622138679e+00      -4.518378038874e-03      -6.707622137874e+00      -9.107650040120e-03 
       9.928691283402e+00      -6.570222074327e-05      -2.984932744203e+04      -3.022069984463e+04      -6.294799908713e-05      -3.013395098748e+04       5.032366992338e-05       5.032366992338e-05       6.044139968927e+04       1.354063872933e+01       8.491034007450e-05      -1.540248741829e-11      -6.770319365406e+00      -4.746692634876e-03      -6.770319364666e+00      -9.222014902816e-03 
       1.039661608762e+01      -6.047562118762e-05      -3.012522989456e+04      -3.050054930927e+04      -5.794056071669e-05      -3.041291730157e+04       4.632061304251e-05       4.632061304251e-05       6.100109861853e+04       1.366600885933e+01       7.815608590545e-05      -1.422885861854e-11      -6.833004430345e+00      -4.997249201202e-03      -6.833004429663e+00      -9.339859454052e-03 
       1.088659350847e+01      -5.566002625833e-05      -3.040102647444e+04      -3.078034914320e+04      -5.332689569125e-05      -3.069182519205e+04       4.263231690535e-05       4.263231690535e-05       6.156069828640e+04       1.379135074848e+01       7.193290988756e-05      -1.314722544337e-11      -6.895675374867e+00      -5.271235150686e-03      -6.895675374240e+00      -9.461366886511e-03 
       1.139966285374e+01      -5.122334999018e-05      -3.067665754471e+04      -3.106004896659e+04      -4.907625399772e-05      -3.097062287245e+04       3.923432276135e-05       3.923432276135e-05       6.212009793318e+04       1.391665930738e+01       6.619958202300e-05      -1.214828112377e-11      -6.958329654267e+00      -5.571567878861e-03      -6.958329653690e+00      -9.586992710235e-03 
       1.193691241231e+01      -4.713620903824e-05      -3.095277770057e+04      -3.134031416446e+04      -4.516042321331e-05      -3.124997340567e+04       3.610487901949e-05       3.610487901949e-05       6.268062832891e+04       1.404237995958e+01       6.091965223541e-05      -1.126666026072e-11      -7.021189980323e+00      -5.900533791010e-03      -7.021189979792e+00      -9.717374289578e-03 
       1.249948176251e+01      -4.337368378666e-05      -3.122872828270e+04      -3.162049012385e+04      -4.155574088810e-05      -3.152922216202e+04       3.322228327802e-05       3.322228327802e-05       6.324098024770e+04       1.416772086827e+01       5.605563133382e-05      -1.038397976227e-11      -7.083860434623e+00      -6.262392148097e-03      -7.083860434134e+00      -9.852687212285e-03 
       1.308856418936e+01      -3.990749584883e-05      -3.150469427726e+04      -3.190077113890e+04      -3.823489972418e-05      -3.180856178585e+04       3.056752349939e-05       3.056752349939e-05       6.380154227779e+04       1.429327049512e+01       5.157632206757e-05      -9.604964123100e-12      -7.146635248010e+00      -6.659365194289e-03      -7.146635247560e+00      -9.993646776644e-03 
       1.370540921568e+01      -3.671547818949e-05      -3.178057768596e+04      -3.218106745718e+04      -3.517673429378e-05      -3.208790131462e+04       2.812273391208e-05       2.812273391208e-05       6.436213491436e+04       1.441881865306e+01       4.745128425057e-05      -8.890258949312e-12      -7.209409326942e+00      -7.096046578409e-03      -7.209409326528e+00      -1.014084381296e-02 
       1.435132525246e+01      -3.377639547834e-05      -3.205657461558e+04      -3.246158458091e+04      -3.236089700595e-05      -3.236744458139e+04       2.587168028616e-05       2.587168028616e-05       6.492316916183e+04       1.454446384528e+01       4.365313632071e-05      -8.231366921304e-12      -7.272231923021e+00      -7.575724029851e-03      -7.272231922640e+00      -1.029485667001e-02 
       1.502768237421e+01      -3.107011772578e-05      -3.233230562217e+04      -3.274195688251e+04      -2.976810459305e-05      -3.264682413025e+04       2.379891523362e-05       2.379891523362e-05       6.548391376501e+04       1.467003346649e+01       4.015580431888e-05      -7.620731672191e-12      -7.335016733595e+00      -8.103914583878e-03      -7.335016733245e+00      -1.045644391089e-02 
       1.573591522508e+01      -2.857851561200e-05      -3.260797898400e+04      -3.302240006860e+04      -2.738098020348e-05      -3.292625429803e+04       2.189064454558e-05       2.189064454558e-05       6.604480013719e+04       1.479565232471e+01       3.693604404020e-05      -7.068562495062e-12      -7.397826162676e+00      -8.684181143577e-03      -7.397826162354e+00      -1.062624355025e-02 
       1.647752606189e+01      -2.628904963430e-05      -3.288880577807e+04      -3.330817795820e+04      -2.518751991943e-05      -3.321098567066e+04       2.013714912054e-05       2.013714912054e-05       6.661635591640e+04       1.492364570454e+01       3.397741826114e-05      -6.553546445939e-12      -7.461822852567e+00      -9.324818615647e-03      -7.461822852270e+00      -1.080701410610e-02 
       1.725408794066e+01      -2.417393046562e-05      -3.315948949949e+04      -3.358390761905e+04      -2.316109515028e-05      -3.348566334720e+04       1.851719199952e-05       1.851719199952e-05       6.716781523810e+04       1.504712918028e+01       3.124411021140e-05      -6.081892929943e-12      -7.523564590412e+00      -1.002641607618e-02      -7.523564590140e+00      -1.099453867415e-02 
       1.806724805324e+01      -2.223103495937e-05      -3.343541535912e+04      -3.386509654632e+04      -2.129967285877e-05      -3.376576103961e+04       1.702914196260e-05       1.702914196260e-05       6.773019309265e+04       1.517305430287e+01       2.873336571047e-05      -5.647810813892e-12      -7.586527151686e+00      -1.080174094635e-02      -7.586527151435e+00      -1.119517481206e-02 
       1.891873122127e+01      -2.044262678414e-05      -3.371072068692e+04      -3.414585030216e+04      -1.958626274417e-05      -3.404539483892e+04       1.565938127611e-05       1.565938127611e-05       6.829170060432e+04       1.529876226312e+01       2.642219686613e-05      -5.246674354448e-12      -7.649381131790e+00      -1.165491731639e-02      -7.649381131560e+00      -1.140790598679e-02 
       1.981034355469e+01      -1.879997877007e-05      -3.399174833417e+04      -3.443257733156e+04      -1.801249663591e-05      -3.433095686234e+04       1.440131441241e-05       1.440131441241e-05       6.886515466312e+04       1.542716747266e+01       2.429950466581e-05      -4.883146310718e-12      -7.713583736544e+00      -1.259702072213e-02      -7.713583736332e+00      -1.163629661524e-02 
       2.074397628281e+01      -1.728211393491e-05      -3.426053544066e+04      -3.470723326789e+04      -1.655828440134e-05      -3.460443250126e+04       1.323877966383e-05       1.323877966383e-05       6.941446653578e+04       1.555012963638e+01       2.233798822730e-05      -4.572409393870e-12      -7.775064818384e+00      -1.363113270527e-02      -7.775064818189e+00      -1.187573525868e-02 
       2.172160976582e+01      -1.589039764107e-05      -3.453928760588e+04      -3.499217321310e+04      -1.522492866500e-05      -3.488813236466e+04       1.217289690964e-05       1.217289690964e-05       6.998434642621e+04       1.567771491895e+01       2.053956165300e-05      -4.235445701696e-12      -7.838857459653e+00      -1.477399661253e-02      -7.838857459474e+00      -1.213515330018e-02 
       2.274531769542e+01      -1.460822195814e-05      -3.481421229599e+04      -3.527355626288e+04      -1.399651761404e-05      -3.516823614976e+04       1.119094646217e-05       1.119094646217e-05       7.054711252576e+04       1.580372074900e+01       1.888276352081e-05      -3.947517038294e-12      -7.901860374665e+00      -1.603331708523e-02      -7.901860374500e+00      -1.241187854697e-02 
       2.381727149336e+01      -1.343009063286e-05      -3.509239800378e+04      -3.555853900829e+04      -1.286779654137e-05      -3.545188302572e+04       1.028858210733e-05       1.028858210733e-05       7.111707801659e+04       1.593125932067e+01       1.736021507929e-05      -3.689611034294e-12      -7.965629660488e+00      -1.742255486558e-02      -7.965629660336e+00      -1.270997469389e-02 
       2.493974491737e+01      -1.234140189560e-05      -3.535670026168e+04      -3.582990712733e+04      -1.182476406333e-05      -3.572188581505e+04       9.454761990626e-06       9.454761990626e-06       7.165981425467e+04       1.605270639901e+01       1.595333296540e-05      -3.448612849963e-12      -8.026353199646e+00      -1.894688617666e-02      -8.026353199507e+00      -1.302548129980e-02 
       2.611511888409e+01      -1.134594522811e-05      -3.563847109605e+04      -3.611924210506e+04      -1.087105604920e-05      -3.600976027956e+04       8.692334946262e-06       8.692334946262e-06       7.223848421012e+04       1.618218329982e+01       1.466690588021e-05      -3.234298736188e-12      -8.091091650039e+00      -2.063838634025e-02      -8.091091649911e+00      -1.337227794775e-02 
       2.734588651927e+01      -1.042663566241e-05      -3.590799848866e+04      -3.639669292675e+04      -9.990299971881e-06      -3.628570528677e+04       7.988252637939e-06       7.988252637939e-06       7.279338585349e+04       1.630633430332e+01       1.347893028290e-05      -3.031160976410e-12      -8.153167151775e+00      -2.249609511245e-02      -8.153167151658e+00      -1.374185299744e-02 
       2.863465844609e+01      -9.581870716697e-06      -3.617965667884e+04      -3.667675939103e+04      -9.180961149361e-06      -3.656418728385e+04       7.341286022037e-06       7.341286022037e-06       7.335351878206e+04       1.643166518956e+01       1.238733175672e-05      -2.840340505418e-12      -8.215832594888e+00      -2.454687845119e-02      -8.215832594780e+00      -1.414249988119e-02 
       2.998416832259e+01      -8.803788602688e-06      -3.644500341741e+04      -3.695099606324e+04      -8.435520780779e-06      -3.683676926849e+04       6.745245478922e-06       6.745245478922e-06       7.390199212647e+04       1.655419275493e+01       1.138161076264e-05      -2.795612110851e-12      -8.277096377566e+00      -2.680539082726e-02      -8.277096377467e+00      -1.457402940667e-02 
       3.139727864015e+01      -8.088882475633e-06      -3.671326730987e+04      -3.722874521087e+04      -7.750588255522e-06      -3.711276687181e+04       6.197828541136e-06       6.197828541136e-06       7.445749042173e+04       1.667855788392e+01       1.045801001838e-05      -2.511546835345e-12      -8.339278942051e+00      -2.929393539114e-02      -8.339278941960e+00      -1.504284483161e-02 
       3.287698679520e+01      -7.433116982244e-06      -3.698801816870e+04      -3.751367481190e+04      -7.122325605794e-06      -3.739582919869e+04       5.695598806684e-06       5.695598806684e-06       7.502734962381e+04       1.680598970958e+01       9.610616211913e-06      -2.369898999894e-12      -8.402994854874e+00      -3.204732043436e-02      -8.402994854790e+00      -1.555519017371e-02 
       3.442643144715e+01      -6.829645526911e-06      -3.725966987814e+04      -3.779618432184e+04      -6.544164653115e-06      -3.767636698968e+04       5.233415801786e-06       5.233415801786e-06       7.559236864367e+04       1.693230429330e+01       8.830790440287e-06      -2.238594524972e-12      -8.466152146728e+00      -3.508248176202e-02      -8.466152146651e+00      -1.611110496597e-02 
       3.604889917583e+01      -6.273625875233e-06      -3.752361680791e+04      -3.807170604035e+04      -6.011465897062e-06      -3.794981087381e+04       4.807572484939e-06       4.807572484939e-06       7.614341208069e+04       1.705545176435e+01       8.112278495608e-06      -2.116383285866e-12      -8.527725882245e+00      -3.842245723624e-02      -8.527725882174e+00      -1.671292538437e-02 
       3.774783145282e+01      -5.764502200140e-06      -3.779983207990e+04      -3.836044271481e+04      -5.523696123311e-06      -3.823630853603e+04       4.417658911139e-06       4.417658911139e-06       7.672088542963e+04       1.718451474745e+01       7.454393791445e-06      -2.008338691993e-12      -8.592257373789e+00      -4.211988959389e-02      -8.592257373724e+00      -1.737460778792e-02 
       3.952683194126e+01      -5.294314394299e-06      -3.806026580786e+04      -3.863423711714e+04      -5.073230176193e-06      -3.850774606457e+04       4.057554140805e-06       4.057554140805e-06       7.726847423429e+04       1.730682120991e+01       6.846800737557e-06      -1.900174577255e-12      -8.653410605013e+00      -4.618082705598e-02      -8.653410604954e+00      -1.808916956972e-02 
       4.138967413970e+01      -4.864041264268e-06      -3.833453221237e+04      -3.892300460628e+04      -4.661004210594e-06      -3.879396339426e+04       3.728038384528e-06       3.728038384528e-06       7.784600921257e+04       1.743584361639e+01       6.290825716404e-06      -1.815031102564e-12      -8.717921808249e+00      -5.067893635539e-02      -8.717921808195e+00      -1.887661788696e-02 
       4.334030938621e+01      -4.465967725808e-06      -3.858583476077e+04      -3.918977440447e+04      -4.279629225216e-06      -3.905805185665e+04       3.423156862455e-06       3.423156862455e-06       7.837954880895e+04       1.755490081613e+01       5.776406418603e-06      -1.727047008708e-12      -8.777450408113e+00      -5.560770658843e-02      -8.777450408063e+00      -1.972548789428e-02 
       4.538287523966e+01      -4.097830157207e-06      -3.881296936423e+04      -3.943339954044e+04      -3.926934228414e-06      -3.929885658114e+04       3.141203988072e-06       3.141203988072e-06       7.886679908087e+04       1.766353655188e+01       5.300674419039e-06      -1.645394510293e-12      -8.831768275988e+00      -6.100493905758e-02      -8.831768275942e+00      -2.064143219314e-02 
       4.752170425608e+01      -3.766862750440e-06      -3.911224039215e+04      -3.975122464219e+04      -3.609850764528e-06      -3.961346728047e+04       2.887746590371e-06       2.887746590371e-06       7.950244928437e+04       1.780545255263e+01       4.873030489608e-06      -1.581190523480e-12      -8.902726276356e+00      -6.707706047805e-02      -8.902726276314e+00      -2.168423947635e-02 
       4.976133317857e+01      -3.458240933018e-06      -3.936265986690e+04      -4.002129707939e+04      -3.314175711691e-06      -3.988019747144e+04       2.651389445269e-06       2.651389445269e-06       8.004259415877e+04       1.792587074425e+01       4.474234962614e-06      -1.516202666605e-12      -8.962935372164e+00      -7.369170376937e-02      -8.962935372125e+00      -2.279882282611e-02 
       5.210651256035e+01      -3.174350969434e-06      -3.960724068105e+04      -4.028712599268e+04      -3.042193517666e-06      -4.014243743768e+04       2.433996699980e-06       2.433996699980e-06       8.057425198535e+04       1.804441116115e+01       4.107445020541e-06      -1.456832828072e-12      -9.022205580610e+00      -8.097324813988e-02      -9.022205580574e+00      -2.401700431036e-02 
       5.456221684132e+01      -2.914424181120e-06      -3.985900687038e+04      -4.056211631992e+04      -2.793180844357e-06      -4.041351967143e+04       2.234821779964e-06       2.234821779964e-06       8.112423263985e+04       1.816646230066e+01       3.771348348838e-06      -1.511441942215e-12      -9.083231150364e+00      -8.902195069556e-02      -9.083231150332e+00      -2.535791767414e-02 
       5.713365489949e+01      -2.676992255351e-06      -4.013214150524e+04      -4.086077820963e+04      -2.565708389431e-06      -4.070788928330e+04       2.053027686929e-06       2.053027686929e-06       8.172155641927e+04       1.829962651844e+01       3.464628276498e-06      -1.339917323358e-12      -9.149813259252e+00      -9.795279988254e-02      -9.149813259222e+00      -2.684436378454e-02 
       5.982628109974e+01      -2.456552126606e-06      -4.036753119176e+04      -4.112352686029e+04      -2.354512890343e-06      -4.096609152520e+04       1.884259675943e-06       1.884259675943e-06       8.224705372058e+04       1.841670275109e+01       3.179891129299e-06      -1.309187851323e-12      -9.208351375574e+00      -1.076920014227e-01      -9.208351375546e+00      -2.844774323524e-02 
       6.264580686326e+01      -2.255802870829e-06      -4.062979978408e+04      -4.141599353194e+04      -2.162187580555e-06      -4.125353769192e+04       1.730523176564e-06       1.730523176564e-06       8.283198706389e+04       1.854678758932e+01       2.920499457989e-06      -1.268528386378e-12      -9.273393794684e+00      -1.185184762889e-01      -9.273393794659e+00      -3.023008381376e-02 
       6.559821278220e+01      -2.070972897872e-06      -4.088254243021e+04      -4.170156300074e+04      -1.985114232843e-06      -4.153368001254e+04       1.588973422245e-06       1.588973422245e-06       8.340312600148e+04       1.867365307634e+01       2.681668286278e-06      -1.241750344488e-12      -9.336826538195e+00      -1.304288069670e-01      -9.336826538172e+00      -3.218069021346e-02 
       6.868976130536e+01      -1.900276929074e-06      -4.111348519559e+04      -4.196808196999e+04      -1.821581038103e-06      -4.179435764622e+04       1.458256353486e-06       1.458256353486e-06       8.393616393998e+04       1.879192065459e+01       2.461117447446e-06      -1.204068900146e-12      -9.395960327317e+00      -1.434906264848e-01      -9.395960327296e+00      -3.430681999467e-02 
       7.192701002165e+01      -1.745322701777e-06      -4.138386651390e+04      -4.227799123169e+04      -1.673130366465e-06      -4.209776377890e+04       1.339600343037e-06       1.339600343037e-06       8.455598246337e+04       1.892953016086e+01       2.260918094458e-06      -1.167510777176e-12      -9.464765080449e+00      -1.580429286590e-01      -9.464765080430e+00      -3.667922157030e-02 
       7.531682556961e+01      -1.598168334338e-06      -4.152762992843e+04      -4.246293952328e+04      -1.532149865373e-06      -4.227606591801e+04       1.226904585793e-06       1.226904585793e-06       8.492587904656e+04       1.901097807653e+01       2.070771705242e-06      -1.137060534948e-12      -9.505489038282e+00      -1.735669139833e-01      -9.505489038264e+00      -3.916912492068e-02 
       7.886639820251e+01      -1.465547454437e-06      -4.173059833406e+04      -4.271199136823e+04      -1.405094886326e-06      -4.251764156293e+04       1.125344233126e-06       1.125344233126e-06       8.542398273645e+04       1.912101397202e+01       1.899414744669e-06      -1.111010957560e-12      -9.560506986028e+00      -1.909207641870e-01      -9.560506986011e+00      -4.196440754927e-02 
       8.258325703979e+01      -1.344442786608e-06      -4.194820791096e+04      -4.298036450122e+04      -1.289073587944e-06      -4.277778484090e+04       1.032605701109e-06       1.032605701109e-06       8.596072900244e+04       1.923955487593e+01       1.742943005232e-06      -1.087923622402e-12      -9.619777437979e+00      -2.101181652009e-01      -9.619777437964e+00      -4.505464778913e-02 
       8.647528603739e+01      -1.235268350143e-06      -4.223034676967e+04      -4.331944159881e+04      -1.184483889618e-06      -4.310759528739e+04       9.490083209943e-07       9.490083209943e-07       8.663888319761e+04       1.938959101742e+01       1.601895669584e-06      -1.068638570338e-12      -9.694795508726e+00      -2.316285937075e-01      -9.694795508712e+00      -4.852799538290e-02 
       9.055074071062e+01      -1.132466026109e-06      -4.241763791793e+04      -4.356722961146e+04      -1.085996857479e-06      -4.334564313636e+04       8.702853536880e-07       8.702853536880e-07       8.713445922293e+04       1.949854181717e+01       1.469071493006e-06      -1.049108164270e-12      -9.749270908595e+00      -2.548045413380e-01      -9.749270908583e+00      -5.223728769880e-02 
       9.481826564525e+01      -1.037519851327e-06      -4.257407981056e+04      -4.378928050142e+04      -9.950353978698e-07      -4.355717463511e+04       7.975830930461e-07       7.975830930461e-07       8.757856100283e+04       1.959583131536e+01       1.346407336624e-06      -1.030887782999e-12      -9.797915657691e+00      -2.801340971147e-01      -9.797915657679e+00      -5.627762522729e-02 
       9.928691283381e+01      -9.501558411554e-07      -4.271012835944e+04      -4.399682446755e+04      -9.113382757369e-07      -4.375328775378e+04       7.306795077284e-07       7.306795077284e-07       8.799364893510e+04       1.968631753127e+01       1.233524446522e-06      -1.013808140146e-12      -9.843158765648e+00      -3.078671624067e-01      -9.843158765637e+00      -6.069131157396e-02 
       1.039661608761e+02      -8.720149214712e-07      -4.293513405117e+04      -4.430264395632e+04      -8.364795692193e-07      -4.404611965104e+04       6.708476298941e-07       6.708476298941e-07       8.860528791264e+04       1.982058041470e+01       1.132575367483e-06      -1.000662280387e-12      -9.910290207358e+00      -3.390919453528e-01      -9.910290207348e+00      -6.568097269648e-02 
       1.088659350846e+02      -8.002501437078e-07      -4.315399771589e+04      -4.461019909058e+04      -7.677298500483e-07      -4.433944754425e+04       6.158947489872e-07       6.158947489872e-07       8.922039818117e+04       1.995527057086e+01       1.039857035462e-06      -9.888078802602e-13      -9.977635285437e+00      -3.734592116436e-01      -9.977635285428e+00      -7.116460621545e-02 
       1.139966285374e+02      -7.351566475445e-07      -4.341532416144e+04      -4.497028990895e+04      -7.053720849482e-07      -4.468367875956e+04       5.660635166082e-07       5.660635166082e-07       8.994057981789e+04       2.011331495292e+01       9.557840119791e-07      -9.794237562796e-13      -1.005665747647e+01      -4.117750641427e-01      -1.005665747646e+01      -7.728320601106e-02 
       1.193691241231e+02      -6.710680501636e-07      -4.339417175763e+04      -4.504833305963e+04      -6.439707236444e-07      -4.474605946759e+04       5.169767797344e-07       5.169767797344e-07       9.009666611927e+04       2.014470935307e+01       8.729608785575e-07      -9.649659891213e-13      -1.007235467654e+01      -4.510903248132e-01      -1.007235467654e+01      -8.347953892132e-02 
       1.249948176251e+02      -6.157262108623e-07      -4.359157429971e+04      -4.536241297518e+04      -5.909548868287e-07      -4.504150787218e+04       4.746015402171e-07       4.746015402171e-07       9.072482595035e+04       2.028130588674e+01       8.014643587268e-07      -9.562948641483e-13      -1.014065294338e+01      -4.967049406280e-01      -1.014065294337e+01      -9.073139710016e-02 
       1.308856418936e+02      -5.632784329079e-07      -4.365411175714e+04      -4.554798648472e+04      -5.407082805518e-07      -4.520757126968e+04       4.344375940192e-07       4.344375940192e-07       9.109597296944e+04       2.036009624265e+01       7.336981179002e-07      -9.460254800450e-13      -1.018004812133e+01      -5.453051907755e-01      -1.018004812132e+01      -9.841613069425e-02 
       1.370540921568e+02      -5.164469271455e-07      -4.380766770299e+04      -4.584053714788e+04      -4.958447278454e-07      -4.547800334610e+04       3.985819357087e-07       3.985819357087e-07       9.168107429575e+04       2.048631039847e+01       6.732026894559e-07      -9.387854969472e-13      -1.024315519924e+01      -5.999985941818e-01      -1.024315519924e+01      -1.070878247028e-01 
       1.435132525246e+02      -4.722492195421e-07      -4.383727773367e+04      -4.601715118585e+04      -4.535014393717e-07      -4.563134898764e+04       3.647367655794e-07       3.647367655794e-07       9.203430237171e+04       2.056027875519e+01       6.160981713157e-07      -9.299917286974e-13      -1.028013937760e+01      -6.583567859734e-01      -1.028013937760e+01      -1.163025745987e-01 
       1.502768237421e+02      -4.319292590887e-07      -4.386705560820e+04      -4.620848450689e+04      -4.148741147822e-07      -4.579711324904e+04       3.338522617847e-07       3.338522617847e-07       9.241696901379e+04       2.064004655351e+01       5.639859948737e-07      -9.366398493046e-13      -1.032002327676e+01      -7.224597903986e-01      -1.032002327675e+01      -1.264235033818e-01 
       1.573591522508e+02      -3.962825155348e-07      -4.402569269369e+04      -4.655147107326e+04      -3.807267911889e-07      -4.611080609732e+04       3.065624464704e-07       3.065624464704e-07       9.310294214651e+04       2.078719247297e+01       5.179431951435e-07      -9.207665239821e-13      -1.039359623649e+01      -7.952605268211e-01      -1.039359623649e+01      -1.379530776960e-01 
       1.647752606189e+02      -3.611957324578e-07      -4.388623617162e+04      -4.659727902872e+04      -3.471080738890e-07      -4.612745567417e+04       2.796892178603e-07       2.796892178603e-07       9.319455805744e+04       2.080128120856e+01       4.726014172483e-07      -9.075275270463e-13      -1.040064060428e+01      -8.695089724799e-01      -1.040064060428e+01      -1.496268062289e-01 
       1.725408794066e+02      -3.327901448418e-07      -4.421089774651e+04      -4.715510318660e+04      -3.199023829178e-07      -4.664811307043e+04       2.579587762740e-07       2.579587762740e-07       9.431020637320e+04       2.104308231707e+01       4.359419568184e-07      -9.087479210235e-13      -1.052154115854e+01      -9.609850267268e-01      -1.052154115854e+01      -1.641496473337e-01 
       1.806724805324e+02      -3.025180936953e-07      -4.392995242148e+04      -4.708892777265e+04      -2.908937962617e-07      -4.654824751536e+04       2.347575450117e-07       2.347575450117e-07       9.417785554529e+04       2.100568280404e+01       3.967916409580e-07      -8.966034470293e-13      -1.050284140202e+01      -1.047606057384e+00      -1.050284140202e+01      -1.777349565269e-01 
       1.891873122127e+02      -2.769501527675e-07      -4.394767234514e+04      -4.736406591411e+04      -2.663994819382e-07      -4.678267250650e+04       2.151796774752e-07       2.151796774752e-07       9.472813182822e+04       2.111981853435e+01       3.637594844657e-07      -8.920483381854e-13      -1.055990926718e+01      -1.149994194802e+00      -1.055990926717e+01      -1.938922389472e-01 
       1.981034355469e+02      -2.518218927699e-07      -4.365097534073e+04      -4.732418412502e+04      -2.423195339423e-07      -4.670246822227e+04       1.959097577017e-07       1.959097577017e-07       9.464836825004e+04       2.109230661107e+01       3.312396319178e-07      -8.858106469953e-13      -1.054615330554e+01      -1.253556902921e+00      -1.054615330554e+01      -2.101453838487e-01 
       2.074397628281e+02      -2.309784709379e-07      -4.372344165533e+04      -4.771076227870e+04      -2.223527055878e-07      -4.703931883275e+04       1.799605225410e-07       1.799605225410e-07       9.542152455739e+04       2.125466280066e+01       3.043328686850e-07      -8.820749171530e-13      -1.062733140033e+01      -1.378150652083e+00      -1.062733140033e+01      -2.298214964238e-01 
       2.172160976582e+02      -2.109253998444e-07      -4.358544347746e+04      -4.789794906301e+04      -2.031384083216e-07      -4.717522515145e+04       1.646001458206e-07       1.646001458206e-07       9.579589812602e+04       2.132710837330e+01       2.784156895607e-07      -8.735869438598e-13      -1.066355418665e+01      -1.508195300706e+00      -1.066355418665e+01      -2.502976966001e-01 
       2.274531769542e+02      -1.917716792221e-07      -4.323910145083e+04      -4.788565084824e+04      -1.847810076699e-07      -4.711044162646e+04       1.499109666129e-07       1.499109666129e-07       9.577130169649e+04       2.130958321525e+01       2.536266813083e-07      -8.639954395178e-13      -1.065479160763e+01      -1.642722040903e+00      -1.065479160762e+01      -2.714217425337e-01 
       2.381727149336e+02      -1.758324578200e-07      -4.323809313973e+04      -4.829021088926e+04      -1.695118976935e-07      -4.745088432813e+04       1.377084338826e-07       1.377084338826e-07       9.658042177851e+04       2.147642934597e+01       2.330388933419e-07      -8.618651991104e-13      -1.073821467299e+01      -1.803900140783e+00      -1.073821467299e+01      -2.968483021026e-01 
       2.493974491737e+02      -1.596990611716e-07      -4.280905418203e+04      -4.825226550294e+04      -1.540464278048e-07      -4.735151203010e+04       1.253285700928e-07       1.253285700928e-07       9.650453100589e+04       2.144544122887e+01       2.121455332343e-07      -8.517129898901e-13      -1.072272061444e+01      -1.961663425378e+00      -1.072272061444e+01      -3.216145300672e-01 
       2.611511888409e+02      -1.455074543263e-07      -4.249531485800e+04      -4.838123363574e+04      -1.404443348587e-07      -4.741078506121e+04       1.144440934579e-07       1.144440934579e-07       9.676246727149e+04       2.148742291588e+01       1.937771032010e-07      -8.437012843159e-13      -1.074371145794e+01      -2.139245769671e+00      -1.074371145794e+01      -3.495401379509e-01 
       2.734588651927e+02      -1.326620152394e-07      -4.218521024360e+04      -4.855605300605e+04      -1.281322545942e-07      -4.750923169916e+04       1.045909814188e-07       1.045909814188e-07       9.711210601210e+04       2.154840853040e+01       1.771488991890e-07      -8.370242846473e-13      -1.077420426520e+01      -2.333455222295e+00      -1.077420426520e+01      -3.800898688276e-01 
       2.863465844609e+02      -1.214272887458e-07      -4.201470413741e+04      -4.893961583992e+04      -1.173669607451e-07      -4.780535921398e+04       9.598266773505e-08       9.598266773505e-08       9.787923167983e+04       2.170058395416e+01       1.626235952838e-07      -8.332656925589e-13      -1.085029197708e+01      -2.554327639521e+00      -1.085029197708e+01      -4.148856059999e-01 
       2.998416832259e+02      -1.108284428706e-07      -4.169637436262e+04      -4.920303601004e+04      -1.072074959131e-07      -4.797710668651e+04       8.785172367302e-08       8.785172367302e-08       9.840607202007e+04       2.179791653522e+01       1.489015733677e-07      -8.270017052337e-13      -1.089895826761e+01      -2.786958284931e+00      -1.089895826761e+01      -4.514943054173e-01 
       3.139727864015e+02      -1.001852722426e-07      -4.095347772159e+04      -4.901138707848e+04      -9.699533393366e-08      -4.769900609101e+04       7.965729664185e-08       7.965729664185e-08       9.802277415696e+04       2.169234443836e+01       1.350657598003e-07      -8.126921018855e-13      -1.084617221918e+01      -3.010286206319e+00      -1.084617221918e+01      -4.865144709635e-01 
       3.287698679520e+02      -9.098959746283e-08      -4.037791144093e+04      -4.906880657828e+04      -8.817433165121e-08      -4.765689438548e+04       7.258417965621e-08       7.258417965621e-08       9.813761315657e+04       2.169555437195e+01       1.231247763996e-07      -8.021611317653e-13      -1.084777718598e+01      -3.265052579675e+00      -1.084777718598e+01      -5.265419158574e-01 
