# Transfer functions T_i(k) for adiabatic (AD) mode (normalized to initial curvature=1) at redshift z=5.4
# for k=1.03944e-05 to 328.77 h/Mpc,
# number of wavenumbers equal to 605
# d_i   stands for (delta rho_i/rho_i)(k,z) with above normalization 
# d_tot stands for (delta rho_tot/rho_tot)(k,z) with rho_Lambda NOT included in rho_tot
# (note that this differs from the transfer function output from CAMB/CMBFAST, which gives the same
#  quantities divided by -k^2 with k in Mpc^-1; use format=camb to match CAMB)
# t_i   stands for theta_i(k,z) with above normalization 
# t_tot stands for (sum_i [rho_i+p_i] theta_i)/(sum_i [rho_i+p_i]))(k,z)
#
#    1:k (h/Mpc)              2:d_g                    3:d_b                    4:d_cdm                  5:d_ur                   6:d_tot                  7:phi                    8:psi                    9:h                     10:h_prime               11:eta                   12:eta_prime             13:t_g                   14:t_b                   15:t_ur                  16:t_tot              
       1.039441571510e-05      -2.613525516203e-04      -1.960326939251e-04      -1.960326953905e-04      -2.613522512052e-04      -1.961552866038e-04       6.000831049920e-01       5.989200938217e-01       3.920653907811e-04       1.253829786123e-07       9.999988434931e-01      -9.141985015807e-11      -1.176485494438e-11      -1.755343508170e-15      -1.201428215177e-11      -2.995235855321e-14 
       1.088428943559e-05      -2.865647705389e-04      -2.149455554574e-04      -2.149455572192e-04      -2.865644093652e-04      -2.150799709117e-04       6.000830270923e-01       5.989200312301e-01       4.298911144384e-04       1.374796867881e-07       9.999987319186e-01      -1.002391826245e-10      -1.414437439734e-11      -2.110382125425e-15      -1.444424974897e-11      -3.601042165911e-14 
       1.139725019325e-05      -3.142088926168e-04      -2.356830921680e-04      -2.356830942862e-04      -3.142084583936e-04      -2.358304700786e-04       6.000829423408e-01       5.989199631665e-01       4.713661885724e-04       1.507434601577e-07       9.999986095788e-01      -1.099092949423e-10      -1.700515862101e-11      -2.537205974484e-15      -1.736568318602e-11      -4.329374007101e-14 
       1.193438604663e-05      -3.445194368364e-04      -2.584213445435e-04      -2.584213470901e-04      -3.445189147931e-04      -2.585829343511e-04       6.000828498314e-01       5.989198890737e-01       5.168426941803e-04       1.652868945158e-07       9.999984754355e-01      -1.205122085279e-10      -2.044453700468e-11      -3.050393561025e-15      -2.087797877041e-11      -5.205011868686e-14 
       1.249683633289e-05      -3.777535264582e-04      -2.833533368582e-04      -2.833533399200e-04      -3.777528988246e-04      -2.835305083139e-04       6.000827480386e-01       5.989198074260e-01       5.667066798400e-04       1.812334487171e-07       9.999983283539e-01      -1.321378994859e-10      -2.457952809858e-11      -3.667362985686e-15      -2.510063570112e-11      -6.257747059638e-14 
       1.308579408449e-05      -4.141930659067e-04      -3.106907160498e-04      -3.106907197308e-04      -4.141923113409e-04      -3.108849707752e-04       6.000826362126e-01       5.989197175485e-01       6.213814394617e-04       1.987184923050e-07       9.999981670801e-01      -1.448849241831e-10      -2.955082169109e-11      -4.409051124181e-15      -3.017731589819e-11      -7.523396092214e-14 
       1.370250855978e-05      -4.541471262897e-04      -3.406655482637e-04      -3.406655526892e-04      -4.541462191179e-04      -3.408785324169e-04       6.000825136558e-01       5.989196191625e-01       6.813311053784e-04       2.178904547518e-07       9.999979902481e-01      -1.588618423732e-10      -3.552753939159e-11      -5.300789709204e-15      -3.628073751834e-11      -9.045018617327e-14 
       1.434828789286e-05      -4.979545600698e-04      -3.735322888136e-04      -3.735322941343e-04      -4.979534694205e-04      -3.737658069660e-04       6.000823795662e-01       5.989195118293e-01       7.470645882685e-04       2.389120854058e-07       9.999977963565e-01      -1.741862315538e-10      -4.271300176663e-11      -6.373020403659e-15      -4.361854435884e-11      -1.087438135038e-13 
       1.502450186827e-05      -5.459868657204e-04      -4.095699414492e-04      -4.095699478459e-04      -5.459855545055e-04      -4.098259717861e-04       6.000822322159e-01       5.989193932648e-01       8.191398956919e-04       2.619618356962e-07       9.999975837588e-01      -1.909891430060e-10      -5.135171347875e-11      -7.661739140064e-15      -5.244037103765e-11      -1.307372005911e-13 
       1.573258482650e-05      -5.986513301148e-04      -4.490844279817e-04      -4.490844356724e-04      -5.986497536963e-04      -4.493651389545e-04       6.000820707619e-01       5.989192641410e-01       8.981688713448e-04       2.872353727439e-07       9.999973506520e-01      -2.094124394744e-10      -6.173746320595e-11      -9.211693679486e-15      -6.304632977992e-11      -1.571785497498e-13 
       1.647403870647e-05      -6.563944687226e-04      -4.924111841366e-04      -4.924111933825e-04      -6.563925735184e-04      -4.927189526997e-04       6.000818937354e-01       5.989191216864e-01       9.848223867649e-04       3.149472412907e-07       9.999970950575e-01      -2.296129276669e-10      -7.422370181293e-11      -1.107432143407e-14      -7.579722489936e-11      -1.889673713007e-13 
       1.725043623124e-05      -7.197057983990e-04      -5.399180075625e-04      -5.399180186786e-04      -7.197035198871e-04      -5.402554391488e-04       6.000816996813e-01       5.989189662304e-01       1.079836037357e-03       3.453326842355e-07       9.999968148048e-01      -2.517615048546e-10      -8.923503105188e-11      -1.331437906484e-14      -9.112680998158e-11      -2.271850400768e-13 
       1.806342424406e-05      -7.891219688705e-04      -5.920081792090e-04      -5.920081925732e-04      -7.891192296080e-04      -5.923781295992e-04       6.000814866805e-01       5.989187950664e-01       1.184016385146e-03       3.786496401667e-07       9.999965075161e-01      -2.760464127174e-10      -1.072822287560e-10      -1.600681067146e-14      -1.095565457339e-10      -2.731316063998e-13 
       1.891472720151e-05      -8.652312934554e-04      -6.491238880307e-04      -6.491239040981e-04      -8.652280002093e-04      -6.495294873035e-04       6.000812535215e-01       5.989186082840e-01       1.298247808196e-03       4.151809315072e-07       9.999961705811e-01      -3.026724204721e-10      -1.289790351924e-10      -1.924456052396e-14      -1.317133332288e-10      -3.283699710673e-13 
       1.980615083129e-05      -9.486787071267e-04      -7.117499823059e-04      -7.117500016227e-04      -9.486747479154e-04      -7.121946610512e-04       6.000809976811e-01       5.989184027770e-01       1.423500003245e-03       4.552366672639e-07       9.999958011456e-01      -3.318667974326e-10      -1.550636331989e-10      -2.313611064885e-14      -1.583508264091e-10      -3.947790435902e-13 
       2.073958596245e-05      -1.040171205193e-03      -7.804180873719e-04      -7.804181105954e-04      -1.040166445352e-03      -7.809056053883e-04       6.000807172633e-01       5.989181777108e-01       1.560836221191e-03       4.991568733047e-07       9.999953960716e-01      -3.638756321719e-10      -1.864231303977e-10      -2.781491365452e-14      -1.903750429573e-10      -4.746176042865e-13 
       2.171701253604e-05      -1.140483795453e-03      -8.557111167416e-04      -8.557111446624e-04      -1.140478073011e-03      -8.562455944395e-04       6.000804096864e-01       5.989179311284e-01       1.711422289325e-03       5.473143800020e-07       9.999949519216e-01      -3.989713937385e-10      -2.241240447466e-10      -3.344080353646e-14      -2.288751813231e-10      -5.706011020792e-13 
       2.274050380486e-05      -1.250466020961e-03      -9.382682207447e-04      -9.382682543123e-04      -1.250459141407e-03      -9.388541735063e-04       6.000800722742e-01       5.989176602331e-01       1.876536508625e-03       6.001179862349e-07       9.999944649262e-01      -4.374518287076e-10      -2.694488050585e-10      -4.020324138417e-14      -2.751606294213e-10      -6.859939653239e-13 
       2.381223073113e-05      -1.371049105244e-03      -1.028790212728e-03      -1.028790253085e-03      -1.371040834524e-03      -1.029432588499e-03       6.000797025722e-01       5.989173638338e-01       2.057580506171e-03       6.580159284372e-07       9.999939309542e-01      -4.796409395338e-10      -3.239385583784e-10      -4.833473581939e-14      -3.308054758817e-10      -8.247205058823e-13 
       2.493446659134e-05      -1.503253771517e-03      -1.128045515447e-03      -1.128045563967e-03      -1.503243828442e-03      -1.128749735847e-03       6.000792971408e-01       5.989170385969e-01       2.256091127934e-03       7.214996872294e-07       9.999933454720e-01      -5.258976892683e-10      -3.894465308671e-10      -5.810984291732e-14      -3.977019872193e-10      -9.914983228835e-13 
       2.610959179822e-05      -1.648198811642e-03      -1.236876685421e-03      -1.236876743752e-03      -1.648186858141e-03      -1.237648690691e-03       6.000788526128e-01       5.989166816577e-01       2.473753487504e-03       7.911081573000e-07       9.999927035176e-01      -5.766139680198e-10      -4.682004323538e-10      -6.985934303028e-14      -4.781249519335e-10      -1.191998580498e-12 
       2.734009894987e-05      -1.807110463268e-03      -1.356207563352e-03      -1.356207633480e-03      -1.807096092820e-03      -1.357053861502e-03       6.000783651758e-01       5.989162907256e-01       2.712415266961e-03       8.674322224086e-07       9.999919996376e-01      -6.322186753460e-10      -5.628775610988e-10      -8.398808666609e-14      -5.748088882837e-10      -1.433038772063e-12 
       2.862859811694e-05      -1.981332677768e-03      -1.487051117004e-03      -1.487051201314e-03      -1.981315401861e-03      -1.487978837502e-03       6.000778307551e-01       5.989158616993e-01       2.974102402628e-03       9.511197694602e-07       9.999912278629e-01      -6.931837461835e-10      -6.766975460270e-10      -1.009699832048e-13      -6.910409944562e-10      -1.722814093690e-12 
       2.997782237893e-05      -2.172338355689e-03      -1.630518037373e-03      -1.630518138734e-03      -2.172317586917e-03      -1.631534989811e-03       6.000772447790e-01       5.989153915004e-01       3.261036277468e-03       1.042881188719e-06       9.999903816498e-01      -7.600234056151e-10      -8.135294065588e-10      -1.213875211127e-13      -8.307727745264e-10      -2.071176035287e-12 
       3.139063362138e-05      -2.381741645021e-03      -1.787826167173e-03      -1.787826289033e-03      -2.381716677460e-03      -1.788940905319e-03       6.000766022701e-01       5.989148759357e-01       3.575652578065e-03       1.143495402084e-06       9.999894538136e-01      -8.333040585188e-10      -9.780247657264e-10      -1.459331793371e-13      -9.987541800816e-10      -2.489966708896e-12 
       3.287002860635e-05      -2.611311395110e-03      -1.960310836790e-03      -1.960310983293e-03      -2.611281380079e-03      -1.961532728515e-03       6.000758978019e-01       5.989143106437e-01       3.920621966587e-03       1.253816474337e-06       9.999884364878e-01      -9.136455924046e-10      -1.175774914366e-09      -1.754414122690e-13      -1.200694958864e-09      -2.993421031999e-12 
       3.441914532896e-05      -2.862985873998e-03      -2.149436197605e-03      -2.149436373735e-03      -2.862949791251e-03      -2.150775501169e-03       6.000751253668e-01       5.989136909799e-01       4.298872747470e-03       1.374780861648e-06       9.999873210452e-01      -1.001726105793e-09      -1.413500392630e-09      -2.109191496068e-13      -1.443458381759e-09      -3.598649861264e-12 
       3.604126967346e-05      -3.138888864607e-03      -2.356807649479e-03      -2.356807861226e-03      -3.138845488292e-03      -2.358275596729e-03       6.000742784019e-01       5.989130111303e-01       4.713615722452e-03       1.507415358342e-06       9.999860980161e-01      -1.098293593010e-09      -1.699280986853e-09      -2.535605186863e-13      -1.735294125295e-09      -4.326220447210e-12 
       3.773984238309e-05      -3.441347263081e-03      -2.584185465171e-03      -2.584185719738e-03      -3.441295118927e-03      -2.585794352216e-03       6.000733499072e-01       5.989122662277e-01       5.168371439477e-03       1.652845811334e-06       9.999847570465e-01      -1.204159899725e-09      -2.042825402560e-09      -3.048321286185e-13      -2.086118273947e-09      -5.200854769120e-12 
       3.951846635827e-05      -3.772910311445e-03      -2.833499728987e-03      -2.833500035033e-03      -3.772847628151e-03      -2.835263014961e-03       6.000723318070e-01       5.989114492720e-01       5.667000070066e-03       1.812306674964e-06       9.999832867489e-01      -1.320221162715e-09      -2.455806351754e-09      -3.664644099485e-13      -2.507849429576e-09      -6.252267221483e-12 
       4.138091429893e-05      -4.136370619667e-03      -3.106866718703e-03      -3.106867086628e-03      -4.136295268317e-03      -3.108799133264e-03       6.000712155737e-01       5.989105531752e-01       6.213734173255e-03       1.987151484877e-06       9.999816746640e-01      -1.447457853540e-09      -2.952253494619e-09      -4.405380303186e-13      -3.014813017804e-09      -7.516172489649e-12 
       4.333113670686e-05      -4.534787122176e-03      -3.406606862633e-03      -3.406607304958e-03      -4.534696543668e-03      -3.408724522914e-03       6.000699916799e-01       5.989095709658e-01       6.813214609915e-03       2.178864345954e-06       9.999799071246e-01      -1.586942692997e-09      -3.549024944641e-09      -5.295965827293e-13      -3.624226471119e-09      -9.035496338187e-12 
       4.537327026525e-05      -4.971510147173e-03      -3.735264433045e-03      -3.735264964810e-03      -4.971401264939e-03      -3.737584970699e-03       6.000686496850e-01       5.989084940079e-01       7.470529929620e-03       2.389072524132e-06       9.999779691483e-01      -1.739852259592e-09      -4.266385533082e-09      -6.366590035707e-13      -4.356783087755e-09      -1.086182944959e-11 
       4.751164661317e-05      -5.450208779754e-03      -4.095629138088e-03      -4.095629777375e-03      -5.450077897686e-03      -4.098171837256e-03       6.000671784591e-01       5.989073134556e-01       8.191259554751e-03       2.619560252320e-06       9.999758443148e-01      -1.907473300144e-09      -5.128688852699e-09      -7.653682886730e-13      -5.237352190128e-09      -1.305717493005e-11 
       4.975080153356e-05      -5.974900708738e-03      -4.490759790675e-03      -4.490760559217e-03      -5.974743384926e-03      -4.493545737606e-03       6.000655653610e-01       5.989060187817e-01       8.981521118434e-03       2.872283872329e-06       9.999735146107e-01      -2.091218955423e-09      -6.165205619189e-09      -9.200685490407e-13      -6.295821319759e-09      -1.569604619327e-11 
       5.209548457420e-05      -6.549984776556e-03      -4.924010266131e-03      -4.924011190044e-03      -6.549795673665e-03      -4.927062511256e-03       6.000637967679e-01       5.989045989707e-01       9.848022380089e-03       3.149388430504e-06       9.999709603036e-01      -2.292634574172e-09      -7.411110516845e-09      -1.105993146032e-12      -7.568107330755e-09      -1.886798913892e-11 
       5.455066912219e-05      -7.180276450858e-03      -5.399057957291e-03      -5.399059067998e-03      -7.180049152285e-03      -5.402401690605e-03       6.000618576318e-01       5.989030425318e-01       1.079811813600e-02       3.453225877687e-06       9.999681597518e-01      -2.513413942340e-09      -8.908664019910e-09      -1.329514859930e-12      -9.097370624012e-09      -2.268061007137e-11 
       5.712156295313e-05      -7.871046450912e-03      -5.919934978641e-03      -5.919936313900e-03      -7.870773246644e-03      -5.923597719074e-03       6.000597316770e-01       5.989013362628e-01       1.183987262780e-02       3.786375018869e-06       9.999650892373e-01      -2.755410614585e-09      -1.070865523769e-08      -1.598223250331e-12      -1.093547397926e-08      -2.726321256406e-11 
       5.981361927751e-05      -8.628062790510e-03      -6.491062374686e-03      -6.491063979864e-03      -8.627734421045e-03      -6.495074174359e-03       6.000574009074e-01       5.988994652985e-01       1.298212795973e-02       4.151663388974e-06       9.999617227691e-01      -3.020654780382e-09      -1.287211657610e-08      -1.921168007310e-12      -1.314473311930e-08      -3.277116039853e-11 
       6.263254830773e-05      -9.457636500894e-03      -7.117287622644e-03      -7.117289552292e-03      -9.457241836676e-03      -7.121681286750e-03       6.000548454784e-01       5.988974138937e-01       1.423457910458e-02       4.552191239455e-06       9.999580318405e-01      -3.311369552374e-09      -1.547236766493e-08      -2.309333018836e-12      -1.580002070727e-08      -3.939112487489e-11 
       6.558432937020e-05      -1.036667130752e-02      -7.803925760384e-03      -7.803928080077e-03      -1.036619697906e-02      -7.808737083302e-03       6.000520439544e-01       5.988951647417e-01       1.560785616015e-02       4.991357827557e-06       9.999539852265e-01      -3.629988395719e-09      -1.859750357341e-08      -2.775856048182e-12      -1.899128991028e-08      -4.734737805133e-11 
       6.867522358831e-05      -1.136271755195e-02      -8.556804464303e-03      -8.556807252805e-03      -1.136214750053e-02      -8.562072482521e-03       6.000489724271e-01       5.988926984608e-01       1.711361450561e-02       5.472890250808e-06       9.999495486820e-01      -3.979173451040e-09      -2.235335918949e-08      -3.336491438745e-12      -2.282660463716e-08      -5.690934593978e-11 
       7.191178716309e-05      -1.245403069349e-02      -9.382313487191e-03      -9.382316839267e-03      -1.245334561768e-02      -9.388080749706e-03       6.000456052102e-01       5.988899951333e-01       1.876463367853e-02       6.000875045065e-06       9.999446846917e-01      -4.361840476153e-09      -2.686703920411e-08      -4.010487491743e-12      -2.743577652610e-08      -6.840068376728e-11 
       7.530088527984e-05      -1.364963460923e-02      -1.028745884466e-02      -1.028746287419e-02      -1.364881133775e-02      -1.029377170068e-02       6.000419135659e-01       5.988870308696e-01       2.057492574838e-02       6.579792841009e-06       9.999393521401e-01      -4.781175570988e-09      -3.229126869832e-08      -4.820409143669e-12      -3.297472733528e-08      -8.221013997624e-11 
       7.884970667002e-05      -1.495939013799e-02      -1.127992223522e-02      -1.127992707905e-02      -1.495840082705e-02      -1.128683113946e-02       6.000378664821e-01       5.988837808629e-01       2.255985415810e-02       7.214556345099e-06       9.999335059483e-01      -5.240668466816e-09      -3.880944591964e-08      -5.793706968753e-12      -3.963072927605e-08      -9.880463082479e-11 
       8.256577885962e-05      -1.639406903711e-02      -1.236812617664e-02      -1.236813199905e-02      -1.639288028255e-02      -1.237568601167e-02       6.000334300016e-01       5.988802178944e-01       2.473626399811e-02       7.910551987055e-06       9.999270967229e-01      -5.744129912018e-09      -4.664182698830e-08      -6.963362735554e-12      -4.762867626214e-08      -1.187448959010e-10 
       8.645698413597e-05      -1.796543384414e-02      -1.356130541537e-02      -1.356131241411e-02      -1.796400548604e-02      -1.356957583084e-02       6.000285664689e-01       5.988763115829e-01       2.712262482821e-02       8.673685578020e-06       9.999200703851e-01      -6.295731856455e-09      -5.605289067645e-08      -8.368881375569e-12      -5.723862530996e-08      -1.427042542197e-10 
       9.053157626715e-05      -1.968632364322e-02      -1.486958521971e-02      -1.486959363224e-02      -1.968460749286e-02      -1.487863098579e-02       6.000232349308e-01       5.988720289127e-01       2.973918726448e-02       9.510432355195e-06       9.999123675963e-01      -6.900030694918e-09      -6.736019813951e-08      -1.005776260056e-11      -6.878481551381e-08      -1.714911529979e-10 
       9.479819800938e-05      -2.157074636120e-02      -1.630406721233e-02      -1.630407732401e-02      -2.156868456505e-02      -1.631395858655e-02       6.000173905369e-01       5.988673337096e-01       3.260815464802e-02       1.042789184770e-05       9.999039234387e-01      -7.562005545587e-09      -8.094498347590e-08      -1.208697863280e-11      -8.265649615969e-08      -2.060761284069e-10 
       9.926589943941e-05      -2.363397752773e-02      -1.787692345736e-02      -1.787693561098e-02      -2.363150065602e-02      -1.788773656125e-02       6.000109841553e-01       5.988621863781e-01       3.575387122196e-02       1.143384802172e-05       9.998946666682e-01      -8.287094997490e-09      -9.726485588454e-08      -1.452503082181e-11      -9.932089127379e-08      -2.476241621721e-10 
       1.039441571510e-04      -2.589266590801e-02      -1.960149960977e-02      -1.960151421763e-02      -2.588969059233e-02      -1.961331681184e-02       6.000039617453e-01       5.988565433469e-01       3.920302843526e-02       1.253683521680e-05       9.998845193952e-01      -9.081236643712e-09      -1.168690008473e-07      -1.745414088229e-11      -1.193387322419e-07      -2.975333801796e-10 
       1.088428943559e-04      -2.836494580972e-02      -2.149242799775e-02      -2.149244555483e-02      -2.836137204989e-02      -2.150533829579e-02       5.999962644970e-01       5.988503570964e-01       4.298489110965e-02       1.374621040316e-05       9.998733961586e-01      -9.950911390622e-09      -1.404164427420e-07      -2.097292735788e-11      -1.433828577249e-07      -3.574814886964e-10 
       1.139725019325e-04      -3.107055650998e-02      -2.356575156854e-02      -2.356577266950e-02      -3.106626433138e-02      -2.357985096606e-02       5.999878277581e-01       5.988435753851e-01       4.713154533901e-02       1.507223241247e-05       9.998612034237e-01      -1.090318802121e-08      -1.686978173691e-07      -2.519975370124e-11      -1.722604708073e-07      -4.294812445176e-10 
       1.193438604663e-04      -3.403096830662e-02      -2.583905977274e-02      -2.583908513225e-02      -3.402581380193e-02      -2.585445163936e-02       5.999785808646e-01       5.988361410159e-01       5.167817026451e-02       1.652614876123e-05       9.998478387746e-01      -1.194577500314e-08      -2.026614992027e-07      -3.027643013427e-11      -2.069397757465e-07      -5.159468973596e-10 
       1.249683633289e-04      -3.726951507021e-02      -2.833163749973e-02      -2.833166797555e-02      -3.726332577411e-02      -2.834843290258e-02       5.999684463176e-01       5.988279911616e-01       5.666333595110e-02       1.812029082754e-05       9.998331899959e-01      -1.308706846775e-08      -2.434448281862e-07      -3.637275066793e-11      -2.485818082080e-07      -6.197736093875e-10 
       1.308579408449e-04      -4.081153313638e-02      -3.106462834416e-02      -3.106466496789e-02      -4.080410204348e-02      -3.108294633896e-02       5.999573395255e-01       5.988190577853e-01       6.212932993578e-02       1.986817815681e-05       9.998171342479e-01      -1.433621775541e-08      -2.924111318001e-07      -4.369468398736e-11      -2.985785498667e-07      -7.444324465289e-10 
       1.370250855978e-04      -4.468450495462e-02      -3.406121355067e-02      -3.406125756073e-02      -4.467558405543e-02      -3.408118140807e-02       5.999451678022e-01       5.988092658147e-01       6.812251512146e-02       2.178463279581e-05       9.997995371511e-01      -1.570317592740e-08      -3.511946126013e-07      -5.248816088739e-11      -3.585983189975e-07      -8.940837403795e-10 
       1.434828789286e-04      -4.891820751049e-02      -3.734680815560e-02      -3.734686103889e-02      -4.890749973723e-02      -3.736856150405e-02       5.999318295651e-01       5.987985322130e-01       7.469372207778e-02       2.388590456499e-05       9.997802514437e-01      -1.719876494751e-08      -4.217537885695e-07      -6.304359345306e-11      -4.306400809484e-07      -1.073712335743e-09 
       1.502450186827e-04      -5.354486348339e-02      -4.094927593933e-02      -4.094933948070e-02      -5.353201305086e-02      -4.097295879354e-02       5.999172138429e-01       5.987867669950e-01       8.189867896141e-02       2.618980839564e-05       9.997591161090e-01      -1.883474298798e-08      -5.064343075346e-07      -7.571325712239e-11      -5.170981969744e-07      -1.289289376983e-09 
       1.573258482650e-04      -5.859929387511e-02      -4.489916505225e-02      -4.489924139745e-02      -5.858387449138e-02      -4.492492969559e-02       5.999011995122e-01       5.987738724553e-01       8.979848279491e-02       2.871587475207e-05       9.997359548540e-01      -2.062387848408e-08      -6.080442545847e-07      -9.092510848416e-11      -6.208395576171e-07      -1.547964681524e-09 
       1.647403870647e-04      -6.411906779561e-02      -4.922996619337e-02      -4.923005791524e-02      -6.410056958266e-02      -4.925797285857e-02       5.998836536839e-01       5.987597395235e-01       9.846011583048e-02       3.148551454469e-05       9.997105749134e-01      -2.258000993435e-08      -7.299460869665e-07      -1.091773303796e-10      -7.452954784723e-07      -1.858295755792e-09 
       1.725043623124e-04      -7.014464968552e-02      -5.397839557279e-02      -5.397850576082e-02      -7.012246252676e-02      -5.400881188481e-02       5.998644313976e-01       5.987442503646e-01       1.079570115216e-01       3.452219975694e-05       9.996827653936e-01      -2.471812893307e-08      -8.761616143220e-07      -1.310775003789e-10      -8.945710105990e-07      -2.230520902034e-09 
       1.806342424406e-04      -7.671953646929e-02      -5.918470497351e-02      -5.918483733653e-02      -7.669293069932e-02      -5.921770507691e-02       5.998433742332e-01       5.987272756675e-01       1.183696746731e-01       3.785166139007e-05       9.996522957550e-01      -2.705444917359e-08      -1.051500530170e-06      -1.573502675594e-10      -1.073574876104e-06      -2.676883298085e-09 
       1.891472720151e-04      -8.389038155559e-02      -6.489302151135e-02      -6.489318049673e-02      -8.385848531686e-02      -6.492878480403e-02       5.998203090951e-01       5.987086737879e-01       1.297863609935e-01       4.150210628920e-05       9.996189138770e-01      -2.960649189325e-08      -1.261711602828e-06      -1.888603386410e-10      -1.288173645312e-06      -3.212015749818e-09 
       1.980615083129e-04      -9.170710002493e-02      -7.115171988653e-02      -7.115191083458e-02      -9.166887177904e-02      -7.119042927811e-02       5.997950469505e-01       5.986882899573e-01       1.423038216692e-01       4.550445471927e-05       9.995823444371e-01      -3.239313807818e-08      -1.513661403117e-06      -2.266452148883e-10      -1.545374524258e-06      -3.853396971755e-09 
       2.073958596245e-04      -1.002229449246e-01      -7.801383023537e-02      -7.801405954923e-02      -1.001771415592e-01      -7.805566979301e-02       5.997673813890e-01       5.986659544481e-01       1.560281190985e-01       4.989260053231e-05       9.995422863526e-01      -3.543472525465e-08      -1.815547823462e-06      -2.719360725768e-10      -1.853541848419e-06      -4.621891840325e-09 
       2.171701253604e-04      -1.094945488315e-01      -8.553748498900e-02      -8.553776034421e-02      -1.094396876394e-01      -8.558263685121e-02       5.997370876737e-01       5.986414828640e-01       1.710755206884e-01       5.470369616458e-05       9.994984110076e-01      -3.875309383161e-08      -2.177148285393e-06      -3.262255031014e-10      -2.222652753562e-06      -5.542390410967e-09 
       2.274050380486e-04      -1.195819178137e-01      -9.378640823567e-02      -9.378673884099e-02      -1.195162312444e-01      -9.383504863391e-02       5.997039199017e-01       5.986146718807e-01       1.875734776820e-01       5.997846481222e-05       9.994503595931e-01      -4.237165830321e-08      -2.610119933170e-06      -3.912636416012e-10      -2.664598819780e-06      -6.644559513509e-09 
       2.381223073113e-04      -1.305483629215e-01      -1.028304519913e-01      -1.028308488800e-01      -1.304697465389e-01      -1.028827461569e-01       5.996676108839e-01       5.985853006974e-01       2.056616977599e-01       6.576154211612e-05       9.993977406430e-01      -4.631544875866e-08      -3.128344593053e-06      -4.691582643500e-10      -3.193541302773e-06      -7.963731639592e-09 
       2.493446659134e-04      -1.424603573898e-01      -1.127461832251e-01      -1.127466596195e-01      -1.423663071497e-01      -1.128022789801e-01       5.996278689875e-01       5.985531273786e-01       2.254933192389e-01       7.210185048863e-05       9.993401269693e-01      -5.061114982518e-08      -3.748339931983e-06      -5.624166301395e-10      -3.826328373330e-06      -9.541945969107e-09 
       2.610959179822e-04      -1.553872968184e-01      -1.236175270225e-01      -1.236180987584e-01      -1.552748371764e-01      -1.236775467563e-01       5.995843769300e-01       5.985178877029e-01       2.472361975168e-01       7.905300876823e-05       9.992770530381e-01      -5.528712439816e-08      -4.489740592209e-06      -6.740089299386e-10      -4.582983760688e-06      -1.142916923818e-08 
       2.734009894987e-04      -1.694011442053e-01      -1.355364707109e-01      -1.355371567603e-01      -1.692667423488e-01      -1.356005014414e-01       5.995367899400e-01       5.984792942740e-01       2.710743135207e-01       8.667378070641e-05       9.992080117835e-01      -6.037336081723e-08      -5.375853371357e-06      -8.075206451109e-10      -5.487277853520e-06      -1.368472431643e-08 
       2.862859811694e-04      -1.845759282371e-01      -1.486038346719e-01      -1.486046577419e-01      -1.844153955640e-01      -1.486719157727e-01       5.994847325398e-01       5.984370319544e-01       2.972093154839e-01       9.502856580339e-05       9.991324504813e-01      -6.590150507252e-08      -6.434319964182e-06      -9.671504058848e-10      -6.567392948993e-06      -1.637894984897e-08 
       2.997782237893e-04      -2.009870716564e-01      -1.629301164752e-01      -1.629311037288e-01      -2.007954514005e-01      -1.630022246500e-01       5.994277975532e-01       5.983907580825e-01       3.258622074575e-01       1.041879365225e-04       9.990497683018e-01      -7.190472900855e-08      -7.697868157482e-06      -1.157921736556e-09      -7.856694457155e-06      -1.959513254657e-08 
       3.139063362138e-04      -2.187105167370e-01      -1.786364144341e-01      -1.786375983732e-01      -2.184819486666e-01      -1.787124454352e-01       5.993655425267e-01       5.983400981660e-01       3.572751967463e-01       1.142292258811e-04       9.989593112151e-01      -7.841762094658e-08      -9.205193987456e-06      -1.385744424728e-09      -9.394622844431e-06      -2.343173295376e-08 
       3.287002860635e-04      -2.378215984600e-01      -1.958554388995e-01      -1.958568583558e-01      -2.375491664829e-01      -1.959351853111e-01       5.992974887435e-01       5.982846453613e-01       3.917137167116e-01       1.252371705429e-04       9.988603696673e-01      -8.547599233684e-08      -1.100196550736e-05      -1.657654594132e-09      -1.122771951017e-05      -2.800495592718e-08 
       3.441914532896e-04      -2.583936352521e-01      -2.147326180316e-01      -2.147343193924e-01      -2.580691976400e-01      -2.148157425171e-01       5.992231169398e-01       5.982239554676e-01       4.294686387849e-01       1.373046137612e-04       9.987521721872e-01      -9.311662452351e-08      -1.314198528065e-05      -1.981904373192e-09      -1.341079845597e-05      -3.345168131315e-08 
       3.604126967346e-04      -2.804961913488e-01      -2.354273082837e-01      -2.354293469903e-01      -2.801101770406e-01      -2.355133115035e-01       5.991418662296e-01       5.981575464623e-01       4.708586939806e-01       1.505332744920e-04       9.986338827974e-01      -1.013769289170e-07      -1.568848520122e-05      -2.368387773731e-09      -1.600828049561e-05      -3.993280914433e-08 
       3.773984238309e-04      -3.041929401244e-01      -2.581141180671e-01      -2.581165602539e-01      -3.037341282504e-01      -2.582023002073e-01       5.990531306136e-01       5.980848934799e-01       5.162331205079e-01       1.650345879208e-04       9.985045955786e-01      -1.102945020262e-07      -1.871562922385e-05      -2.828666111272e-09      -1.909569739116e-05      -4.763702312550e-08 
       3.951846635827e-04      -3.295390940798e-01      -2.829843552584e-01      -2.829872797426e-01      -3.289943711566e-01      -2.830737702976e-01       5.989562563025e-01       5.980054254144e-01       5.659745594853e-01       1.809306242898e-04       9.983633300168e-01      -1.199065724364e-07      -2.231019039566e-05      -3.376061974472e-09      -2.276137443900e-05      -5.678500504224e-08 
       4.138091429893e-04      -3.565783631199e-01      -3.102476100514e-01      -3.102511108078e-01      -3.559324388500e-01      -3.103370117237e-01       5.988505403444e-01       5.979185246721e-01       6.205022216156e-01       1.983550930738e-04       9.982090271815e-01      -1.302492166835e-07      -2.657332530693e-05      -4.026700367798e-09      -2.710829299105e-05      -6.763412561489e-08 
       4.333113670686e-04      -3.853393356371e-01      -3.401334841245e-01      -3.401376730557e-01      -3.845744380508e-01      -3.402212620787e-01       5.987352258209e-01       5.978235191587e-01       6.802753461113e-01       2.174544395599e-04       9.980405424293e-01      -1.413566821755e-07      -3.162266004222e-05      -4.799073269381e-09      -3.225612926341e-05      -8.048354489182e-08 
       4.537327026525e-04      -4.158312707048e-01      -3.728934822920e-01      -3.728984924087e-01      -4.149268464644e-01      -3.729775871521e-01       5.986095020508e-01       5.977196820697e-01       7.457969848174e-01       2.383890433211e-04       9.978566439121e-01      -1.532601461251e-07      -3.759444803915e-05      -5.714594189298e-09      -3.834344441250e-05      -9.567972812497e-08 
       4.751164661317e-04      -4.480393044971e-01      -4.088030767806e-01      -4.088090662253e-01      -4.469716486665e-01      -4.088809329903e-01       5.984725012912e-01       5.976062277984e-01       8.176181324506e-01       2.613345259910e-04       9.976560056744e-01      -1.659865181325e-07      -4.464580561245e-05      -6.798684620952e-09      -4.553000394115e-05      -1.136222930509e-07 
       4.975080153356e-04      -4.819189453095e-01      -4.481639629630e-01      -4.481711196395e-01      -4.806608658468e-01      -4.482323676019e-01       5.983232968807e-01       5.974823069230e-01       8.963422392789e-01       2.864831794103e-04       9.974372037846e-01      -1.795570610174e-07      -5.295715629758e-05      -8.080442475853e-09      -5.399915843470e-05      -1.347700054669e-07 
       5.209548457420e-04      -5.173899283296e-01      -4.913065216550e-01      -4.913150680556e-01      -5.159104145014e-01      -4.913615272696e-01       5.981609009484e-01       5.973470017551e-01       9.826301361112e-01       3.140455235456e-04       9.971987105166e-01      -1.939855800817e-07      -6.273461895129e-05      -9.592901035165e-09      -6.396021755049e-05      -1.596467777862e-07 
       5.455066912219e-04      -5.543295484853e-01      -5.385925078562e-01      -5.386027077815e-01      -5.525934247912e-01      -5.386292893122e-01       5.979842662091e-01       5.971993266229e-01       1.077205415563e+00       3.442520072389e-04       9.969388939319e-01      -2.092763743233e-07      -7.421210231073e-05      -1.137513208406e-08      -7.565068586490e-05      -1.888473812852e-07 
       5.712156295313e-04      -5.925653692411e-01      -5.904179822242e-01      -5.904301475519e-01      -5.905330464911e-01      -5.904306844895e-01       5.977922825848e-01       5.970382193594e-01       1.180860295104e+00       3.773548616388e-04       9.966560108681e-01      -2.254221927343e-07      -8.765350909358e-05      -1.347021575214e-08      -8.933821492559e-05      -2.230423825580e-07 
       5.981361927751e-04      -6.318676872474e-01      -6.472165107195e-01      -6.472310098359e-01      -6.294949491153e-01      -6.471980779253e-01       5.975837800165e-01       5.968625421652e-01       1.294462019672e+00       4.136301225791e-04       9.963482069584e-01      -2.424014401064e-07      -1.033539737918e-04      -1.592844949759e-08      -1.053220537137e-04      -2.629819586765e-07 
       6.263254830773e-04      -6.719418661133e-01      -7.094626504369e-01      -7.094799180000e-01      -6.691798132456e-01      -7.094046352501e-01       5.973575278570e-01       5.966710753037e-01       1.418959836000e+00       4.533798336275e-04       9.960135124761e-01      -2.601756641661e-07      -1.216408305577e-04      -1.880531539497e-08      -1.239337243376e-04      -3.094977017459e-07 
       6.558432937020e-04      -7.124209785353e-01      -7.776757517976e-01      -7.776962994289e-01      -7.092161143052e-01      -7.775681047380e-01       5.971122385181e-01       5.964625168020e-01       1.555392598858e+00       4.969344481854e-04       9.956498431723e-01      -2.786864022678e-07      -1.428731088336e-04      -2.216358570375e-08      -1.455365959829e-04      -3.635017666176e-07 
       6.867522358831e-04      -7.528592110998e-01      -8.524240983902e-01      -8.524485274334e-01      -7.491538375896e-01      -8.522549389773e-01       5.968465702928e-01       5.962354793270e-01       1.704897054867e+00       5.446554458828e-04       9.952550000594e-01      -2.978521068329e-07      -1.674398722616e-04      -2.607173216568e-08      -1.705239347107e-04      -4.259821719342e-07 
       7.191178716309e-04      -7.927269037534e-01      -9.343294153875e-01      -9.343584318858e-01      -7.884597222606e-01      -9.340847875391e-01       5.965591320891e-01       5.959884896480e-01       1.868716863772e+00       5.969381830234e-04       9.948266712560e-01      -3.175650487254e-07      -1.957562362000e-04      -3.060608424093e-08      -1.993149658930e-04      -4.979932260721e-07 
       7.530088527984e-04      -8.314077481263e-01      -1.024071779260e+00      -1.024106210021e+00      -8.265149849468e-01      -1.023735393536e+00       5.962484894905e-01       5.957199880130e-01       2.048212420042e+00       6.542149958610e-04       9.943624350600e-01      -3.376881858644e-07      -2.282573205427e-04      -3.584802388494e-08      -2.323484087829e-04      -5.806395355665e-07 
       7.884970667002e-04      -8.681996259255e-01      -1.122394954361e+00      -1.122435765368e+00      -8.626166147540e-01      -1.121947924091e+00       5.959131698071e-01       5.954283270400e-01       2.244871530736e+00       7.169585791477e-04       9.938597620114e-01      -3.580525202754e-07      -2.653888953540e-04      -4.188334344057e-08      -2.700729213887e-04      -6.750523066361e-07 
       8.256577885962e-04      -9.023203342673e-01      -1.230112206352e+00      -1.230160525486e+00      -8.959835855342e-01      -1.229532787592e+00       5.955516746395e-01       5.951117784227e-01       2.460321050971e+00       7.856856687571e-04       9.933160271523e-01      -3.784548449261e-07      -3.075940631224e-04      -4.880527407731e-08      -3.129339120676e-04      -7.823566472308e-07 
       8.645698413597e-04      -9.329193770438e-01      -1.348112610142e+00      -1.348169751322e+00      -9.257694571534e-01      -1.347375953746e+00       5.951624844536e-01       5.947685308786e-01       2.696339502645e+00       8.609610428302e-04       9.927285110600e-01      -3.986567323285e-07      -3.552968930654e-04      -5.670496030295e-08      -3.613562695271e-04      -9.036282222951e-07 
       9.053157626715e-04      -9.590979491900e-01      -1.477367920339e+00      -1.477435409175e+00      -9.510831033166e-01      -1.476445850471e+00       5.947440726418e-01       5.943967000115e-01       2.954870818350e+00       9.434018846906e-04       9.920944146009e-01      -4.183844675843e-07      -4.088804613576e-04      -6.567505407880e-08      -4.157227637480e-04      -1.039839265003e-06 
       9.479819800938e-04      -9.799387909636e-01      -1.618940014473e+00      -1.619019621207e+00      -9.710192126484e-01      -1.617800855823e+00       5.942949123609e-01       5.939943313252e-01       3.238039242415e+00       1.033682523695e-03       9.914108639849e-01      -4.373311438295e-07      -4.686615941281e-04      -7.580139513818e-08      -4.763482512957e-04      -1.191793567999e-06 
       9.926589943941e-04      -9.945474686811e-01      -1.773988995132e+00      -1.774082769711e+00      -9.847001926187e-01      -1.772597464654e+00       5.938134896443e-01       5.935594124465e-01       3.548165539423e+00       1.132539601483e-03       9.906749259423e-01      -4.551610375731e-07      -5.348611225755e-04      -8.716278501984e-08      -5.434503917802e-04      -1.360052526950e-06 
       1.039441571510e-03      -1.002106313593e+00      -1.943781971694e+00      -1.943892284343e+00      -9.913306265972e-01      -1.942099160128e+00       5.932983109270e-01       5.930898825005e-01       3.887784568686e+00       1.240777689630e-03       9.898836166586e-01      -4.715170255178e-07      -6.075725494960e-04      -9.982381046904e-08      -6.171184317997e-04      -1.544855779672e-06 
       1.088428943559e-03      -1.001941628936e+00      -2.129702589272e+00      -2.129832176901e+00      -9.902646560368e-01      -2.127686055948e+00       5.927479087398e-01       5.925836438681e-01       4.259664353802e+00       1.359275397593e-03       9.890339092189e-01      -4.860314936361e-07      -6.867311711893e-04      -1.138255104543e-07      -6.972827557322e-04      -1.746042962651e-06 
       1.139725019325e-03      -9.936044372918e-01      -2.333261382195e+00      -2.333413407124e+00      -9.810855565307e-01      -2.330865391412e+00       5.921608505514e-01       5.920385824235e-01       4.666826814249e+00       1.488992034944e-03       9.881227508652e-01      -4.983415589174e-07      -7.720860219910e-04      -1.291947002292e-07      -7.836894155658e-04      -1.962987651265e-06 
       1.193438604663e-03      -9.769596111593e-01      -2.556106920018e+00      -2.556285029594e+00      -9.636943580186e-01      -2.553282824137e+00       5.915357179949e-01       5.914525640388e-01       5.112570059189e+00       1.630974790335e-03       9.871470352851e-01      -5.081083640712e-07      -8.631859471786e-04      -1.459099397976e-07      -8.758854241467e-04      -2.194556404425e-06 
       1.249683633289e-03      -9.522823362696e-01      -2.800038075520e+00      -2.800246480429e+00      -9.384032913809e-01      -2.796734869475e+00       5.908711313433e-01       5.908234839822e-01       5.600492960858e+00       1.786366664592e-03       9.861036558926e-01      -5.150412935147e-07      -9.593790052554e-04      -1.639228150199e-07      -9.732231036504e-04      -2.439115654368e-06 
       1.308579408449e-03      -9.203505068583e-01      -3.067017073463e+00      -3.067260643903e+00      -9.060236797759e-01      -3.063182109755e+00       5.901657037758e-01       5.901492535140e-01       6.134521287807e+00       1.956414926395e-03       9.849894503924e-01      -5.189257351089e-07      -1.059842736888e-03      -1.831449169708e-07      -1.074892266243e-03      -2.694607316830e-06 
       1.370250855978e-03      -8.825218475528e-01      -3.359183717264e+00      -3.359468105942e+00      -8.679376894063e-01      -3.354763557427e+00       5.894180155095e-01       5.894278144542e-01       6.718936211884e+00       2.142480316214e-03       9.838011802149e-01      -5.196537448538e-07      -1.163652251001e-03      -2.034499890572e-07      -1.179991792893e-03      -2.958722958667e-06 
       1.434828789286e-03      -8.407802539277e-01      -3.678870926842e+00      -3.679202706710e+00      -8.261363575584e-01      -3.673812256740e+00       5.886265978104e-01       5.886571706073e-01       7.358405413420e+00       2.346047164852e-03       9.825355495423e-01      -5.172555192505e-07      -1.269896919604e-03      -2.246923066252e-07      -1.287650639192e-03      -3.229202911130e-06 
       1.502450186827e-03      -7.977285293361e-01      -4.028621249349e+00      -4.029008110194e+00      -7.832040336865e-01      -4.022871792991e+00       5.877898586543e-01       5.878353663172e-01       8.058016220388e+00       2.568734052623e-03       9.811891147943e-01      -5.119278552024e-07      -1.377858464254e-03      -2.467018544612e-07      -1.397206269665e-03      -3.504281202310e-06 
       1.573258482650e-03      -7.565079415394e-01      -4.411204941302e+00      -4.411655922457e+00      -7.422272541536e-01      -4.404714211950e+00       5.869060379762e-01       5.869604962324e-01       8.823311844915e+00       2.812305514953e-03       9.797582653653e-01      -5.040561004478e-07      -1.487246918613e-03      -2.693337429643e-07      -1.508442468289e-03      -3.783285272456e-06 
       1.647403870647e-03      -7.206192549117e-01      -4.829639340832e+00      -4.830165135647e+00      -7.066066897488e-01      -4.822359073270e+00       5.859731349370e-01       5.860306838700e-01       9.660330271294e+00       3.078684506754e-03       9.782391553147e-01      -4.942232238312e-07      -1.598494041181e-03      -2.924912403694e-07      -1.621877352020e-03      -4.067367809241e-06 
       1.725043623124e-03      -6.936293173289e-01      -5.287209751816e+00      -5.287823097784e+00      -6.797575305197e-01      -5.279093812086e+00       5.849888357128e-01       5.850440502358e-01       1.057564619557e+01       3.369965767627e-03       9.766276371499e-01      -4.832001734446e-07      -1.713074918717e-03      -3.161912060674e-07      -1.739075788877e-03      -4.360311844027e-06 
       1.806342424406e-03      -6.787572799906e-01      -5.787491973202e+00      -5.788208132848e+00      -6.646966077546e-01      -5.778495526565e+00       5.839504515405e-01       5.839986736343e-01       1.157641626570e+01       3.688430129412e-03       9.749192072407e-01      -4.719110053716e-07      -1.833816988209e-03      -3.406065861089e-07      -1.862938448164e-03      -4.669289810869e-06 
       1.891472720151e-03      -6.783585129211e-01      -6.334376433824e+00      -6.335213785307e+00      -6.635375513127e-01      -6.324454199825e+00       5.828548633457e-01       5.828925269224e-01       1.267042757061e+01       4.036559690217e-03       9.731089459777e-01      -4.613676838695e-07      -1.965118404218e-03      -3.661385410489e-07      -1.997893924886e-03      -5.005394098806e-06 
       1.980615083129e-03      -6.933557385718e-01      -6.932094102832e+00      -6.933074897744e+00      -6.769469699275e-01      -6.921197654018e+00       5.816984985811e-01       5.817234083019e-01       1.386614979549e+01       4.417054040604e-03       9.711914950431e-01      -4.525731156481e-07      -2.112980700775e-03      -3.934810599518e-07      -2.149896831114e-03      -5.383693635023e-06 
       2.073958596245e-03      -7.227037638669e-01      -7.585244149337e+00      -7.586395361978e+00      -7.036543641432e-01      -7.573318265136e+00       5.804773313055e-01       5.804888495979e-01       1.517279072396e+01       4.832847347714e-03       9.691610367802e-01      -4.463952922037e-07      -2.284741847935e-03      -4.236359300949e-07      -2.326122543162e-03      -5.822529617235e-06 
       2.171701253604e-03      -7.630247760950e-01      -8.298823408647e+00      -8.300177834278e+00      -7.401476374745e-01      -8.285801945091e+00       5.791869362006e-01       5.791860301666e-01       1.660035566856e+01       5.287126576605e-03       9.670113284798e-01      -4.434244738254e-07      -2.488398967437e-03      -4.579249660525e-07      -2.534262825361e-03      -6.341796263446e-06 
       2.274050380486e-03      -8.085752220319e-01      -9.078258320540e+00      -9.079855672648e+00      -7.807145488539e-01      -9.064060014170e+00       5.778226139278e-01       5.778117205253e-01       1.815971134530e+01       5.783351346064e-03       9.647358309864e-01      -4.438290538876e-07      -2.731471111317e-03      -4.978818217517e-07      -2.781384438285e-03      -6.960075967362e-06 
       2.381223073113e-03      -8.517215859652e-01      -9.929437776660e+00      -9.931326089327e+00      -8.179848011227e-01      -9.913963186960e+00       5.763795056846e-01       5.763621910562e-01       1.986265217865e+01       6.325273270938e-03       9.623276903863e-01      -4.472700447084e-07      -3.019448443105e-03      -5.451626955393e-07      -3.072426280890e-03      -7.690796460530e-06 
       2.493446659134e-03      -8.840434521936e-01      -1.085875002914e+01      -1.086098709456e+01      -8.440717482079e-01      -1.084188054071e+01       5.748528518026e-01       5.748332721832e-01       2.172197418912e+01       6.916961791798e-03       9.597801855584e-01      -4.528586530670e-07      -3.354069417141e-03      -6.012442523521e-07      -3.408591886598e-03      -8.537993174479e-06 
       2.610959179822e-03      -8.980559959109e-01      -1.187311911036e+01      -1.187577410724e+01      -8.522730024728e-01      -1.185471924271e+01       5.732380978271e-01       5.732203138405e-01       2.375154821449e+01       7.562824185700e-03       9.570865263878e-01      -4.591867957939e-07      -3.731885071074e-03      -6.671802695303e-07      -3.786105766028e-03      -9.492876923590e-06 
       2.734009894987e-03      -8.893500100940e-01      -1.298004648266e+01      -1.298320173575e+01      -8.390847877598e-01      -1.295997015148e+01       5.715311330439e-01       5.715183784566e-01       2.596640347150e+01       8.267635130100e-03       9.542402693740e-01      -4.646800510797e-07      -4.143791614883e-03      -7.432697761295e-07      -4.195999083307e-03      -1.053287085725e-05 
       2.862859811694e-03      -8.586412784861e-01      -1.418765316971e+01      -1.419140615840e+01      -8.060128516861e-01      -1.416575374168e+01       5.697283347772e-01       5.697223869572e-01       2.838281231680e+01       9.036564562262e-03       9.512352973405e-01      -4.677104113624e-07      -4.576305745116e-03      -8.288674702771e-07      -4.625623194793e-03      -1.162501168758e-05 
       2.997782237893e-03      -8.129732408828e-01      -1.550472574824e+01      -1.550919152212e+01      -7.604417426042e-01      -1.548086835357e+01       5.678265551759e-01       5.678273758834e-01       3.101838304423e+01       9.875208850752e-03       9.480658283163e-01      -4.672789484690e-07      -5.015157948977e-03      -9.223649123817e-07      -5.062331266146e-03      -1.273502017132e-05 
       3.139063362138e-03      -7.651974661761e-01      -1.694076304970e+01      -1.694607733842e+01      -7.147704869843e-01      -1.691483615303e+01       5.658228912239e-01       5.658286842864e-01       3.389215467683e+01       1.078962150887e-02       9.447261424312e-01      -4.632296750162e-07      -5.451090482853e-03      -1.021611721606e-06      -5.499049693131e-03      -1.384163186482e-05 
       3.287002860635e-03      -7.310735993248e-01      -1.850602803581e+01      -1.851235123333e+01      -6.833227891272e-01      -1.847795005952e+01       5.637144324865e-01       5.637221834803e-01       3.702470246666e+01       1.178635052611e-02       9.412105166358e-01      -4.563868275784e-07      -5.886589415986e-03      -1.124642857056e-06      -5.940312091893e-03      -1.495283128660e-05 
       3.441914532896e-03      -7.240597193533e-01      -2.021160005488e+01      -2.021912261968e+01      -6.773105338641e-01      -2.018131745392e+01       5.614978833127e-01       5.615043055468e-01       4.043824523936e+01       1.287247048172e-02       9.375128110956e-01      -4.486409878963e-07      -6.340817737302e-03      -1.230761929971e-06      -6.406038663656e-03      -1.611718179615e-05 
       3.604126967345e-03      -7.490873576486e-01      -2.206942931796e+01      -2.207837886405e+01      -6.993003580586e-01      -2.203690482430e+01       5.591692643040e-01       5.591719042207e-01       4.415675772811e+01       1.405561581921e-02       9.336262078816e-01      -4.422779925994e-07      -6.849015076622e-03      -1.341702536821e-06      -6.929671612922e-03      -1.742122430483e-05 
       3.773984238305e-03      -7.979659630303e-01      -2.409239434447e+01      -2.410304443668e+01      -7.397888010145e-01      -2.405758880859e+01       5.567238434470e-01       5.567219609861e-01       4.820608887336e+01       1.534401588937e-02       9.295432163829e-01      -4.391384716658e-07      -7.453236122769e-03      -1.462170124231e-06      -7.548298896481e-03      -1.896579016202e-05 
       3.951846635814e-03      -8.497545116326e-01      -2.629436225112e+01      -2.630704287501e+01      -7.788112634509e-01      -2.625721941769e+01       5.541563746163e-01       5.541511972608e-01       5.261408575002e+01       1.674653124254e-02       9.252559467917e-01      -4.396907787382e-07      -8.184616391222e-03      -1.599304893911e-06      -8.285968309552e-03      -2.082265697950e-05 
       4.138091429848e-03      -8.783831520676e-01      -2.869024710051e+01      -2.870535589864e+01      -7.940673017667e-01      -2.865069359645e+01       5.514615037204e-01       5.514556304329e-01       5.741071179727e+01       1.827268600368e-02       9.207563668503e-01      -4.426948420133e-07      -9.043446604343e-03      -1.760728076322e-06      -9.137109791509e-03      -2.298783701146e-05 
       4.333113670534e-03      -8.663323335316e-01      -3.129607599223e+01      -3.131409052247e+01      -7.734679175303e-01      -3.125404684297e+01       5.486344059873e-01       5.486305083183e-01       6.262818104494e+01       1.993271361102e-02       9.160369844676e-01      -4.454477913391e-07      -9.989732073771e-03      -1.951574939677e-06      -1.006199370187e-02      -2.536247650540e-05 
       4.537327026042e-03      -8.179807780481e-01      -3.412905111914e+01      -3.415054141557e+01      -7.254702834071e-01      -3.408453814499e+01       5.456710771884e-01       5.456704790347e-01       6.830108283114e+01       2.173760006911e-02       9.110910103607e-01      -4.451927765432e-07      -1.095804867365e-02      -2.171747955525e-06      -1.100506387358e-02      -2.779305446241e-05 
       4.751164659838e-03      -7.625682435504e-01      -3.720761896947e+01      -3.723326132432e+01      -6.783457670764e-01      -3.716072283373e+01       5.425682708085e-01       5.425702226448e-01       7.446652264865e+01       2.369913671070e-02       9.059123307308e-01      -4.408188331078e-07      -1.189997304519e-02      -2.415676786409e-06      -1.193492491796e-02      -3.017487517934e-05 
       4.975080148993e-03      -7.391836426117e-01      -4.055153414607e+01      -4.058212843521e+01      -6.636987874556e-01      -4.050249001197e+01       5.393228444582e-01       5.393250703212e-01       8.116425687043e+01       2.582996777115e-02       9.004948661654e-01      -4.338989744633e-07      -1.283426964834e-02      -2.675914607288e-06      -1.288349831808e-02      -3.256687027108e-05 
       5.209548445017e-03      -7.678417559497e-01      -4.418192015902e+01      -4.421841512434e+01      -6.912886352674e-01      -4.413107854786e+01       5.359309677008e-01       5.359313007505e-01       8.843683024867e+01       2.814363018682e-02       8.948318341583e-01      -4.279028645997e-07      -1.386231168423e-02      -2.949986582672e-06      -1.394629871117e-02      -3.521594792956e-05 
       5.455066878190e-03      -8.267911544798e-01      -4.812132473843e+01      -4.816485075459e+01      -7.350096447200e-01      -4.806910260053e+01       5.323877174836e-01       5.323857395260e-01       9.632970150917e+01       3.065458456225e-02       8.889154087235e-01      -4.256476932116e-07      -1.511124440064e-02      -3.246131376061e-06      -1.522025809180e-02      -3.841063171868e-05 
       5.712156205140e-03      -8.619997168090e-01      -5.239378880555e+01      -5.244570053665e+01      -7.495954710279e-01      -5.234065198226e+01       5.286877275537e-01       5.286850480063e-01       1.048914010733e+02       3.337825286451e-02       8.827374929146e-01      -4.267029841068e-07      -1.662198293861e-02      -3.582428676302e-06      -1.671112796314e-02      -4.222080963803e-05 
       5.981361696754e-03      -8.341595502385e-01      -5.702489633363e+01      -5.708681677014e+01      -7.136320453870e-01      -5.697142811607e+01       5.248261253099e-01       5.248248527844e-01       1.141736335403e+02       3.633104897103e-02       8.762905153427e-01      -4.273393060389e-07      -1.827972324809e-02      -3.976729841785e-06      -1.830342742918e-02      -4.636218793512e-05 
       6.263254258196e-03      -7.661337755976e-01      -6.204181975140e+01      -6.211568753028e+01      -6.593822374794e-01      -6.198886773937e+01       5.207991628388e-01       5.207998253193e-01       1.242313750606e+02       3.953042208086e-02       8.695679352867e-01      -4.239634643468e-07      -1.990114447429e-02      -4.434100732869e-06      -1.986817833530e-02      -5.043230384718e-05 
       6.558431562524e-03      -7.310740582263e-01      -6.747337034342e+01      -6.756148837993e+01      -6.451200787760e-01      -6.742216029966e+01       5.166037497099e-01       5.166048123766e-01       1.351229767599e+02       4.299490576714e-02       8.625637651727e-01      -4.171940944756e-07      -2.145496587340e-02      -4.944416449286e-06      -2.143847799547e-02      -5.441533583672e-05 
       6.867519160582e-03      -7.696551452291e-01      -7.335004686093e+01      -7.345513679290e+01      -6.833558292183e-01      -7.330215473648e+01       5.122362236366e-01       5.122359584253e-01       1.469102735858e+02       4.674415373266e-02       8.552714885473e-01      -4.116266265821e-07      -2.317335984034e-02      -5.497707072749e-06      -2.322965654192e-02      -5.887183912383e-05 
       7.191171496729e-03      -8.251005551126e-01      -7.970401375404e+01      -7.982930192129e+01      -7.131804895508e-01      -7.966127047816e+01       5.076915914988e-01       5.076902336248e-01       1.596586038426e+02       5.079892162402e-02       8.476833039594e-01      -4.102388176007e-07      -2.531455446337e-02      -6.104832272494e-06      -2.538593069239e-02      -6.433495075973e-05 
       7.530072704257e-03      -8.062448353359e-01      -8.656907933401e+01      -8.671840807846e+01      -6.797610589923e-01      -8.653362683371e+01       5.029646656651e-01       5.029639705660e-01       1.734368161569e+02       5.518104704495e-02       8.397912906363e-01      -4.099274709041e-07      -2.777375312913e-02      -6.797332343149e-06      -2.773682028677e-02      -7.048494402042e-05 
       7.884936964503e-03      -7.280668674555e-01      -9.398067262628e+01      -9.415861833706e+01      -6.269880564480e-01      -9.395525273537e+01       4.980516363944e-01       4.980522273996e-01       1.883172366741e+02       5.991345820116e-02       8.315889805710e-01      -4.056633309625e-07      -3.015822182746e-02      -7.600063796430e-06      -3.002112264207e-02      -7.647661121482e-05 
       8.256508074902e-03      -7.080765391647e-01      -1.019757376857e+02      -1.021877363259e+02      -6.367463638028e-01      -1.019639392969e+02       4.929494882152e-01       4.929499680577e-01       2.043754726518e+02       6.502013470853e-02       8.230705584082e-01      -3.986006703143e-07      -3.243894544585e-02      -8.511503379919e-06      -3.237633815151e-02      -8.239784054554e-05 
       8.645557666719e-03      -7.669510099328e-01      -1.105926672490e+02      -1.108451285061e+02      -6.783152717522e-01      -1.105988279761e+02       4.876544644156e-01       4.876539210385e-01       2.216902570122e+02       7.052605837149e-02       8.142296519362e-01      -3.945251088139e-07      -3.514422424964e-02      -9.525041270228e-06      -3.519518221620e-02      -8.942998006550e-05 
       9.052881226195e-03      -7.696688539908e-01      -1.198709228284e+02      -1.201714189062e+02      -6.539699853640e-01      -1.199000592416e+02       4.821616530396e-01       4.821612247637e-01       2.403428378123e+02       7.645696672472e-02       8.050587886970e-01      -3.932201938916e-07      -3.843466949561e-02      -1.066359543642e-05      -3.837275037607e-02      -9.772478110119e-05 
       9.479290692733e-03      -6.870974552863e-01      -1.298506816982e+02      -1.302081660432e+02      -6.025838009388e-01      -1.299088902111e+02       4.764675604923e-01       4.764680278298e-01       2.604163320863e+02       8.283917155327e-02       7.955522835921e-01      -3.885875953750e-07      -4.166570807831e-02      -1.196698143361e-05      -4.145413993551e-02      -1.058720102075e-04 
       9.925601939390e-03      -6.796856087650e-01      -1.405723130145e+02      -1.409973567575e+02      -6.257990362167e-01      -1.406672309730e+02       4.705703090915e-01       4.705705381679e-01       2.819947135149e+02       8.969919483603e-02       7.857062428323e-01      -3.815330472824e-07      -4.475467340809e-02      -1.345519929565e-05      -4.470432022560e-02      -1.139838931068e-04 
       1.039261492092e-02      -7.273737803470e-01      -1.520752036909e+02      -1.525802361061e+02      -6.413338448104e-01      -1.522158820320e+02       4.644674369997e-01       4.644671221968e-01       3.051604722122e+02       9.706321215508e-02       7.755165908904e-01      -3.778901962718e-07      -4.853766839437e-02      -1.514021518738e-05      -4.857104112763e-02      -1.237797996453e-04 
       1.088108379590e-02      -7.056326863243e-01      -1.643973834025e+02      -1.649969416985e+02      -6.049822254829e-01      -1.645943884816e+02       4.581564681243e-01       4.581563886754e-01       3.299938833971e+02       1.049565320867e-01       7.649809559433e-01      -3.745932448761e-07      -5.273315587847e-02      -1.704970354314e-05      -5.262211846702e-02      -1.344627261915e-04 
       1.139167407410e-02      -6.533508526307e-01      -1.775723297380e+02      -1.782834036599e+02      -5.961022408279e-01      -1.778383397103e+02       4.516381241579e-01       4.516381756870e-01       3.565668073198e+02       1.134020716372e-01       7.541006885809e-01      -3.678571057445e-07      -5.670218610615e-02      -1.922270818590e-05      -5.667178247037e-02      -1.447747540283e-04 
       1.192490411388e-02      -6.527588282808e-01      -1.916273448698e+02      -1.924696800336e+02      -5.882326288370e-01      -1.919773772253e+02       4.449188809972e-01       4.449188617079e-01       3.849393600672e+02       1.224177885116e-01       7.428810806792e-01      -3.629688011747e-07      -6.123170859839e-02      -2.170557759351e-05      -6.121692278631e-02      -1.565232462519e-04 
       1.248106954268e-02      -6.416863756420e-01      -2.065813042977e+02      -2.075776908105e+02      -5.784461404548e-01      -2.070328258672e+02       4.380017165414e-01       4.380017227252e-01       4.151553816209e+02       1.320179916039e-01       7.313318204295e-01      -3.576400225882e-07      -6.602913467598e-02      -2.452795877382e-05      -6.600693363741e-02      -1.689508712844e-04 
       1.306015192574e-02      -6.321211900022e-01      -2.224399104822e+02      -2.236163822698e+02      -5.696121060150e-01      -2.230131243811e+02       4.308975076597e-01       4.308975026620e-01       4.472327645396e+02       1.422082297697e-01       7.194707091611e-01      -3.522164552917e-07      -7.112104531146e-02      -2.770184190609e-05      -7.110385111385e-02      -1.821874789788e-04 
       1.366171767776e-02      -6.209966662367e-01      -2.391925817141e+02      -2.405786707133e+02      -5.595681037546e-01      -2.399106461179e+02       4.236222726054e-01       4.236222736266e-01       4.811573414266e+02       1.529828097992e-01       7.073228941900e-01      -3.467118891884e-07      -7.651390953870e-02      -3.130131286326e-05      -7.649167247230e-02      -1.962374716355e-04 
       1.428481967396e-02      -6.101195556970e-01      -2.568073870832e+02      -2.584360831111e+02      -5.498678348842e-01      -2.576964331652e+02       4.161966601674e-01       4.161966600596e-01       5.168721662223e+02       1.643238959990e-01       6.949242530110e-01      -3.410620710397e-07      -8.218262069281e-02      -3.535510384661e-05      -8.216182007273e-02      -2.110500056741e-04 
       1.492792100706e-02      -5.990705774930e-01      -2.752283462479e+02      -2.771359939743e+02      -5.398712330795e-01      -2.763174305980e+02       4.086478246746e-01       4.086478246387e-01       5.542719879486e+02       1.761981297417e-01       6.823207611100e-01      -3.353267532139e-07      -8.811974459963e-02      -3.990157189505e-05      -8.809911321848e-02      -2.266118150013e-04 
       1.558886502105e-02      -5.878606923231e-01      -2.943749975059e+02      -2.966008964348e+02      -5.297829931479e-01      -2.956958132993e+02       4.010103824907e-01       4.010103825214e-01       5.932017928697e+02       1.885554835367e-01       6.695694333383e-01      -3.295570967472e-07      -9.429794979882e-02      -4.496671697081e-05      -9.427772613497e-02      -2.428574145824e-04 
       1.626491417422e-02      -5.765924651554e-01      -3.141423512069e+02      -3.167281528538e+02      -5.196254417223e-01      -3.157287671269e+02       3.933235221927e-01       3.933235221790e-01       6.334563057075e+02       2.013303846580e-01       6.567356431014e-01      -3.237411421262e-07      -1.006850237655e-01      -5.056854324616e-05      -1.006651966410e-01      -2.597097810693e-04 
       1.695286934301e-02      -5.653086826395e-01      -3.344053312913e+02      -3.373943624852e+02      -5.094581390892e-01      -3.362928599687e+02       3.856296596448e-01       3.856296596493e-01       6.747887249704e+02       2.144441058735e-01       6.438901640951e-01      -3.179195171641e-07      -1.072414967278e-01      -5.671888767683e-05      -1.072220519955e-01      -2.770717883528e-04 
       1.764926168430e-02      -5.540795224865e-01      -3.550266146411e+02      -3.584627675528e+02      -4.993394335900e-01      -3.572515020818e+02       3.779724071462e-01       3.779724071461e-01       7.169255351056e+02       2.278095684279e-01       6.311058233207e-01      -3.121275425738e-07      -1.139238379377e-01      -6.340582226760e-05      -1.139047835160e-01      -2.948327731902e-04 
       1.835058760363e-02      -5.429645367037e-01      -3.758647219416e+02      -3.797917051467e+02      -4.893231614037e-01      -3.784633253590e+02       3.703930965723e-01       3.703930965716e-01       7.595834102934e+02       2.413366273987e-01       6.184516200533e-01      -3.063995723256e-07      -1.206869865634e-01      -7.062281950105e-05      -1.206683140360e-01      -3.128790196049e-04 
       1.905354355797e-02      -5.320175184662e-01      -3.967836891336e+02      -4.012441010317e+02      -4.794585961675e-01      -3.997916872287e+02       3.629286081622e-01       3.629286081626e-01       8.024882020634e+02       2.549381515465e-01       6.059891256209e-01      -3.007545782267e-07      -1.274873711643e-01      -7.833798882509e-05      -1.274690756724e-01      -3.310965415382e-04 
       1.975521843946e-02      -5.212839953521e-01      -4.176610239040e+02      -4.226956150467e+02      -4.697863185128e-01      -4.211127710997e+02       3.556097259032e-01       3.556097259032e-01       8.453912300934e+02       2.685351848617e-01       5.937697327555e-01      -2.952238698127e-07      -1.342855177155e-01      -8.652257367277e-05      -1.342675924067e-01      -3.493821164330e-04 
       2.045321634933e-02      -5.107988377895e-01      -4.383930678224e+02      -4.440401748835e+02      -4.603378028567e-01      -4.423210828001e+02       3.484602511933e-01       3.484602511933e-01       8.880803497670e+02       2.820604491671e-01       5.818331739009e-01      -2.898129097699e-07      -1.410477887285e-01      -9.512824572006e-05      -1.410302246092e-01      -3.676440377551e-04 
       2.114570368999e-02      -5.005853160545e-01      -4.588959014923e+02      -4.651914351494e+02      -4.511340720192e-01      -4.633308199329e+02       3.414960468286e-01       3.414960468286e-01       9.303828702988e+02       2.954592266970e-01       5.702059325318e-01      -2.845232374616e-07      -1.477468255383e-01      -1.041168058621e-04      -1.477296133405e-01      -3.858078903488e-04 
       2.183139227336e-02      -4.906580486462e-01      -4.791073339769e+02      -4.860843594926e+02      -4.421882731389e-01      -4.840775149852e+02       3.347270196668e-01       3.347270196668e-01       9.721687189852e+02       3.086903868722e-01       5.589045363156e-01      -2.794018528624e-07      -1.543620635391e-01      -1.134467132708e-04      -1.543451934320e-01      -4.038157277234e-04 
       2.250947928866e-02      -4.810244704145e-01      -4.989853221652e+02      -5.066739281007e+02      -4.335071034563e-01      -5.045167000173e+02       3.281582536987e-01       3.281582536987e-01       1.013347856201e+03       3.217255781734e-01       5.479374820150e-01      -2.744134726067e-07      -1.608793272629e-01      -1.230797632552e-04      -1.608627890891e-01      -4.216261047778e-04 
       2.317956563857e-02      -4.716833196675e-01      -5.185010980763e+02      -5.269290749985e+02      -4.250894336430e-01      -5.246177281598e+02       3.217888697759e-01       3.217888697759e-01       1.053858149997e+03       3.345452451298e-01       5.373032972058e-01      -2.695693238063e-07      -1.672888389007e-01      -1.329827835626e-04      -1.672726225654e-01      -4.392093637279e-04 
       2.384156963309e-02      -4.626310202196e-01      -5.376420296810e+02      -5.468343364204e+02      -4.169320366470e-01      -5.443656092685e+02       3.156164269375e-01       3.156164269375e-01       1.093668672841e+03       3.471398264595e-01       5.269979093212e-01      -2.648532225127e-07      -1.735858176877e-01      -1.431156198552e-04      -1.735699132291e-01      -4.565472480824e-04 
       2.449564690182e-02      -4.538582619533e-01      -5.564019687486e+02      -5.663817877817e+02      -4.090265311179e-01      -5.637527125185e+02       3.096345334843e-01       3.096345334843e-01       1.132763575563e+03       3.595044240898e-01       5.170106323929e-01      -2.602887065634e-07      -1.797678142714e-01      -1.534521245297e-04      -1.797522120450e-01      -4.736295312305e-04 
       2.514212195473e-02      -4.453586949065e-01      -5.747901650565e+02      -5.855772463322e+02      -4.013671864789e-01      -5.827853831608e+02       3.038388734233e-01       3.038388734233e-01       1.171154492664e+03       3.716430919046e-01       5.073342690495e-01      -2.558480669029e-07      -1.858368553790e-01      -1.639423331623e-04      -1.858215459525e-01      -4.904534393320e-04 
       2.578143298704e-02      -4.371190024587e-01      -5.928127337851e+02      -6.044255275271e+02      -3.939419922944e-01      -6.014686316608e+02       2.982204307315e-01       2.982204307315e-01       1.208851055054e+03       3.835590639872e-01       4.979537914963e-01      -2.516449212112e-07      -1.917945575967e-01      -1.745806571296e-04      -1.917795319937e-01      -5.070221409429e-04 
       2.641408926964e-02      -4.291286350551e-01      -6.104838433302e+02      -6.229387492231e+02      -3.867414908888e-01      -6.198148750637e+02       2.927717728276e-01       2.927717728276e-01       1.245877498446e+03       3.952600773009e-01       4.888567004071e-01      -2.473441021764e-07      -1.976447890200e-01      -1.853201287547e-04      -1.976300386504e-01      -5.233379402286e-04 
       2.704063940089e-02      -4.213763677424e-01      -6.278208452317e+02      -6.411321209844e+02      -3.797554970155e-01      -6.378396306742e+02       2.874855716787e-01       2.874855716787e-01       1.282264241969e+03       4.067562689769e-01       4.800308872041e-01      -2.432474050579e-07      -2.033926178606e-01      -1.961566795311e-04      -2.033781344884e-01      -5.394128719340e-04 
       2.766164838054e-02      -4.138520789456e-01      -6.448425897929e+02      -6.590225705546e+02      -3.729749659041e-01      -6.555600963078e+02       2.823545836790e-01       2.823545836790e-01       1.318045141109e+03       4.180583250462e-01       4.714641268973e-01      -2.392938312915e-07      -2.090433867494e-01      -2.070613136042e-04      -2.090291625231e-01      -5.552557499237e-04 
       2.827768155684e-02      -4.065438692917e-01      -6.615667568007e+02      -6.766261660958e+02      -3.663890927945e-01      -6.729925629851e+02       2.773710246542e-01       2.773710246542e-01       1.353252332192e+03       4.291769083087e-01       4.631435532228e-01      -2.354630498079e-07      -2.146024267166e-01      -2.179796304412e-04      -2.145884541544e-01      -5.708713686838e-04 
       2.888929376710e-02      -3.994438544279e-01      -6.780159368742e+02      -6.939634790607e+02      -3.599908579036e-01      -6.901578805632e+02       2.725291782807e-01       2.725291782807e-01       1.387926958121e+03       4.401250033415e-01       4.550594892184e-01      -2.316508606553e-07      -2.200762297371e-01      -2.289258639653e-04      -2.200625016708e-01      -5.862781990562e-04 
       2.949702230981e-02      -3.925413633524e-01      -6.942087834807e+02      -7.110514776295e+02      -3.537705617718e-01      -7.070732499598e+02       2.678221190820e-01       2.678221190820e-01       1.422102955259e+03       4.509138962105e-01       4.472005094558e-01      -2.280450146967e-07      -2.254704385164e-01      -2.398612471983e-04      -2.254569481052e-01      -6.014842678451e-04 
       3.010138268639e-02      -3.858293780521e-01      -7.101676070636e+02      -7.279105293397e+02      -3.477219625885e-01      -7.237593055271e+02       2.632447034648e-01       2.632447034648e-01       1.455821058679e+03       4.615563944533e-01       4.395578877635e-01      -2.243617650500e-07      -2.307914565422e-01      -2.507667246757e-04      -2.307781972267e-01      -6.165026009755e-04 
       3.070286630818e-02      -3.792990665845e-01      -7.259117645746e+02      -7.445581788749e+02      -3.418370436676e-01      -7.402338435466e+02       2.587911673822e-01       2.587911673822e-01       1.489116357750e+03       4.720640887744e-01       4.321221007095e-01      -2.208503799377e-07      -2.360450788900e-01      -2.616268086520e-04      -2.360320443872e-01      -6.313452609153e-04 
       3.130193957039e-02      -3.729439122796e-01      -7.414627336805e+02      -7.610141042041e+02      -3.361099410529e-01      -7.565167876089e+02       2.544570062895e-01       2.544570062895e-01       1.522028208408e+03       4.824496245079e-01       4.248856056285e-01      -2.174066259153e-07      -2.412376279992e-01      -2.723838925135e-04      -2.412248122540e-01      -6.460190182331e-04 
       3.189904385593e-02      -3.667566330038e-01      -7.568391978325e+02      -7.772954763856e+02      -3.305340881335e-01      -7.726255139930e+02       2.502372975281e-01       2.502372975281e-01       1.554590952771e+03       4.927241205250e-01       4.178401992245e-01      -2.141869056088e-07      -2.463746630553e-01      -2.830480690595e-04      -2.463620602625e-01      -6.605393615851e-04 
       3.249459615342e-02      -3.607325878450e-01      -7.720639172477e+02      -7.934225860051e+02      -3.251053549822e-01      -7.885806629472e+02       2.461286384932e-01       2.461286384932e-01       1.586845172010e+03       5.029004588293e-01       4.109801090999e-01      -2.107857508799e-07      -2.514626248763e-01      -2.935793913875e-04      -2.514502294146e-01      -6.749161298233e-04 
       3.308899006411e-02      -3.548661525442e-01      -7.871579788187e+02      -8.094144893229e+02      -3.198185945635e-01      -8.044015737815e+02       2.421275396550e-01       2.421275396550e-01       1.618828978646e+03       5.129913646530e-01       4.042996432427e-01      -2.076968556093e-07      -2.565078759216e-01      -3.039529364294e-04      -2.564956823265e-01      -6.891613232227e-04 
       3.368259703912e-02      -3.491509527166e-01      -8.021363820972e+02      -8.252851401395e+02      -3.146681397063e-01      -8.201023382896e+02       2.382293139357e-01       2.382293139357e-01       1.650570280279e+03       5.230054057539e-01       3.977908445521e-01      -2.044080037519e-07      -2.615146998141e-01      -3.141371817851e-04      -2.615027028769e-01      -7.032807090407e-04 
       3.427576773646e-02      -3.435832949284e-01      -8.170226735915e+02      -8.410553760145e+02      -3.096505936568e-01      -8.357041802423e+02       2.344317718267e-01       2.344317718267e-01       1.682110752029e+03       5.329565117325e-01       3.914501834159e-01      -2.014767370102e-07      -2.664900612580e-01      -3.241533940591e-04      -2.664782558662e-01      -7.172950415594e-04 
       3.486883342232e-02      -3.381597172639e-01      -8.318373174537e+02      -8.567436820831e+02      -3.047629064787e-01      -8.512258607999e+02       2.307322177352e-01       2.307322177352e-01       1.713487364166e+03       5.428562069827e-01       3.852730313439e-01      -1.983159665169e-07      -2.714397222993e-01      -3.339246371682e-04      -2.714281034914e-01      -7.312066594743e-04 
       3.546210736590e-02      -3.328753669499e-01      -8.465986678216e+02      -8.723663672543e+02      -3.000006451532e-01      -8.666839793690e+02       2.271276169705e-01       2.271276169705e-01       1.744732734509e+03       5.527154282370e-01       3.792544273887e-01      -1.953577116915e-07      -2.763691511648e-01      -3.434416907592e-04      -2.763577141185e-01      -7.450277897851e-04 
       3.605588619481e-02      -3.277268369708e-01      -8.613263424018e+02      -8.879410545086e+02      -2.953607641620e-01      -8.820964390387e+02       2.236155324879e-01       2.236155324879e-01       1.775882109017e+03       5.625454305593e-01       3.733902590043e-01      -1.924633116050e-07      -2.812839752577e-01      -3.526644521477e-04      -2.812727152797e-01      -7.587662140577e-04 
       3.665045119063e-02      -3.227111261688e-01      -8.760414415371e+02      -9.034866346597e+02      -2.908405349352e-01      -8.974824420763e+02       2.201940336229e-01       2.201940336229e-01       1.806973269319e+03       5.723586185914e-01       3.676773471470e-01      -1.896115716902e-07      -2.861903968063e-01      -3.615803016724e-04      -2.861793092957e-01      -7.724354622093e-04 
       3.724606951266e-02      -3.178256541676e-01      -8.907642691142e+02      -9.190210170440e+02      -2.864376968549e-01      -9.128602401685e+02       2.168610820809e-01       2.168610820809e-01       1.838042034088e+03       5.821661993534e-01       3.621121805135e-01      -1.868429463585e-07      -2.910940192011e-01      -3.701669731035e-04      -2.910830996767e-01      -7.860460553579e-04 
       3.784299534431e-02      -3.130668222893e-01      -9.055132348731e+02      -9.345610362402e+02      -2.821489475438e-01      -9.282468836021e+02       2.136144907905e-01       2.136144907905e-01       1.869122072480e+03       5.919794357786e-01       3.566912106734e-01      -1.841268086708e-07      -2.960004738126e-01      -3.784056750574e-04      -2.959897178893e-01      -7.996091259320e-04 
       3.844147096019e-02      -3.084313868164e-01      -9.203064408990e+02      -9.501223335076e+02      -2.779713746610e-01      -9.436583706466e+02       2.104519780947e-01       2.104519780947e-01       1.900244667015e+03       6.018084203875e-01       3.514106025122e-01      -1.814332535459e-07      -3.009148067851e-01      -3.862169229831e-04      -3.009042101938e-01      -8.131248229438e-04 
       3.904172771505e-02      -3.039182171720e-01      -9.351683274535e+02      -9.657267000084e+02      -2.739039747643e-01      -9.591168674954e+02       2.073727441412e-01       2.073727441412e-01       1.931453400017e+03       6.116672193245e-01       3.462690072740e-01      -1.788343064992e-07      -3.058440511429e-01      -3.936468805553e-04      -3.058336096622e-01      -8.266179786801e-04 
       3.964398695723e-02      -2.995237906405e-01      -9.501149268284e+02      -9.813887691817e+02      -2.699435657055e-01      -9.746371997473e+02       2.043744159625e-01       2.043744159625e-01       1.962777538363e+03       6.215653254210e-01       3.412624746534e-01      -1.762643333140e-07      -3.107929531844e-01      -4.006537575077e-04      -3.107826627105e-01      -8.400939043114e-04 
       4.024846087044e-02      -2.952462469025e-01      -9.651678290469e+02      -9.971276118734e+02      -2.660884724942e-01      -9.902387979858e+02       2.014557049707e-01       2.014557049707e-01       1.994255223747e+03       6.315150848403e-01       3.363888463062e-01      -1.737478738481e-07      -3.157676859265e-01      -4.071728943115e-04      -3.157575424201e-01      -8.535578935474e-04 
       4.085535324819e-02      -2.910825435306e-01      -9.803443683630e+02      -1.012958365198e+03      -2.623359530013e-01      -1.005937115878e+03       1.986145553644e-01       1.986145553644e-01       2.025916730395e+03       6.415263698902e-01       3.316446962350e-01      -1.712856462874e-07      -3.207731854183e-01      -4.132061974422e-04      -3.207631849451e-01      -8.670225882300e-04 
       4.146486020563e-02      -2.870311630716e-01      -9.956664595347e+02      -1.028901011328e+03      -2.586846404942e-01      -1.021752401523e+03       1.958499336078e-01       1.958499336078e-01       2.057802022655e+03       6.516120814463e-01       3.270282991188e-01      -1.688774963660e-07      -3.258159020443e-01      -4.187284332660e-04      -3.258060407231e-01      -8.805001607111e-04 
       4.207717083329e-02      -2.830894584473e-01      -1.011151894287e+03      -1.044971480633e+03      -2.551321532326e-01      -1.037700847638e+03       1.931600347345e-01       1.931600347345e-01       2.089942961267e+03       6.617825288070e-01       3.225366405208e-01      -1.665142900047e-07      -3.309009903603e-01      -4.237451140541e-04      -3.308912644035e-01      -8.940043666813e-04 
       4.269246779746e-02      -2.792553586803e-01      -1.026820807077e+03      -1.061187405777e+03      -2.516766216393e-01      -1.053800446589e+03       1.905434473905e-01       1.905434473905e-01       2.122374811554e+03       6.720491781410e-01       3.181673651890e-01      -1.641904163060e-07      -3.360341833814e-01      -4.281863803540e-04      -3.360245890705e-01      -9.075385821889e-04 
       4.331092789152e-02      -2.755257979879e-01      -1.042687460167e+03      -1.077562843732e+03      -2.483152865407e-01      -1.070065261195e+03       1.879980920392e-01       1.879980920392e-01       2.155125687465e+03       6.824209999771e-01       3.139170038938e-01      -1.619309541427e-07      -3.412199662634e-01      -4.320856505774e-04      -3.412104999885e-01      -9.211192670741e-04 
       4.393272254233e-02      -2.719003537716e-01      -1.058779650543e+03      -1.094121055187e+03      -2.450477672522e-01      -1.086519220725e+03       1.855236690102e-01       1.855236690102e-01       2.188242110375e+03       6.929132188903e-01       3.097850525160e-01      -1.597041760386e-07      -3.464659512799e-01      -4.353782654765e-04      -3.464566094452e-01      -9.347553134553e-04 
       4.455801827569e-02      -2.683751088218e-01      -1.075108009783e+03      -1.110872417734e+03      -2.418705313857e-01      -1.103172723162e+03       1.831175296639e-01       1.831175296639e-01       2.221744835468e+03       7.035324995448e-01       3.057670969201e-01      -1.575300628009e-07      -3.517754706281e-01      -4.380615703127e-04      -3.517662497724e-01      -9.484546365737e-04 
       4.518697714421e-02      -2.649479791931e-01      -1.091690048264e+03      -1.127833882562e+03      -2.387817063277e-01      -1.120042775676e+03       1.807782445659e-01       1.807782445659e-01       2.255667765124e+03       7.142896512521e-01       3.018607464315e-01      -1.554037327953e-07      -3.571539288890e-01      -4.401437493547e-04      -3.571448256261e-01      -9.622320375840e-04 
       4.581975712116e-02      -2.616166392369e-01      -1.108543429067e+03      -1.145021135871e+03      -2.357791899652e-01      -1.137145345411e+03       1.785042421161e-01       1.785042421161e-01       2.290042271742e+03       7.251948810002e-01       2.980633834209e-01      -1.533204263197e-07      -3.626064294800e-01      -4.415498482540e-04      -3.625974405001e-01      -9.760885186013e-04 
       4.645651246315e-02      -2.583782643349e-01      -1.125683067323e+03      -1.162447807309e+03      -2.328604343371e-01      -1.154494238259e+03       1.762936566716e-01       1.762936566716e-01       2.324895614617e+03       7.362571116494e-01       2.943719136233e-01      -1.513779162466e-07      -3.681374337330e-01      -4.423951894956e-04      -3.681285558247e-01      -9.900533311038e-04 
       4.709739404439e-02      -2.552308967866e-01      -1.143125729252e+03      -1.180129442000e+03      -2.300237109031e-01      -1.172105161892e+03       1.741449725474e-01       1.741449725474e-01       2.360258884000e+03       7.474859186614e-01       2.907837378431e-01      -1.492772012839e-07      -3.737517292955e-01      -4.425735026983e-04      -3.737429593307e-01      -1.004121774649e-03 
       4.774254966524e-02      -2.521716065755e-01      -1.160885028877e+03      -1.198079503278e+03      -2.272663392460e-01      -1.189991578024e+03       1.720563809603e-01       1.720563809603e-01       2.396159006555e+03       7.588903297289e-01       2.872959086492e-01      -1.473269395769e-07      -3.794538299311e-01      -4.420960767786e-04      -3.794451648644e-01      -1.018306907202e-03 
       4.839212433710e-02      -2.491974139157e-01      -1.178973671695e+03      -1.216309235957e+03      -2.245856378711e-01      -1.208164939702e+03       1.700258528626e-01       1.700258528626e-01       2.432618471913e+03       7.704776496057e-01       2.839050383486e-01      -1.454940550073e-07      -3.852473879116e-01      -4.409965479323e-04      -3.852388248028e-01      -1.032623140856e-03 
       4.904626054591e-02      -2.463061143456e-01      -1.197404689307e+03      -1.234832165781e+03      -2.219796588229e-01      -1.226638669698e+03       1.680517165884e-01       1.680517165884e-01       2.469664331561e+03       7.822559849379e-01       2.806082706273e-01      -1.435453097989e-07      -3.911364564656e-01      -4.392488393730e-04      -3.911279924689e-01      -1.047076521815e-03 
       4.970509849602e-02      -2.434939925418e-01      -1.216186120736e+03      -1.253656239014e+03      -2.194450158435e-01      -1.245420713916e+03       1.661316221641e-01       1.661316221641e-01       2.507312478027e+03       7.942308713064e-01       2.774017521284e-01      -1.417062736101e-07      -3.971238032727e-01      -4.368836794421e-04      -3.971154356532e-01      -1.061678791471e-03 
       5.036877633628e-02      -2.407575708814e-01      -1.235324347585e+03      -1.272788312296e+03      -2.169785785139e-01      -1.264517841539e+03       1.642631908583e-01       1.642631908583e-01       2.545576624591e+03       8.064066053744e-01       2.742815080196e-01      -1.399750144691e-07      -4.032115765429e-01      -4.339043765525e-04      -4.032033026872e-01      -1.076435841305e-03 
       5.103743036975e-02      -2.380952193888e-01      -1.254833884369e+03      -1.292243145709e+03      -2.145789123549e-01      -1.283944746388e+03       1.624451775999e-01       1.624451775999e-01       2.584486291418e+03       8.187921628187e-01       2.712454067992e-01      -1.381582664859e-07      -4.094042640413e-01      -4.303505115986e-04      -4.093960814094e-01      -1.091365106151e-03 
       5.171119524854e-02      -2.355025732352e-01      -1.274715678650e+03      -1.312022394977e+03      -2.122420548843e-01      -1.303702969887e+03       1.606747332560e-01       1.606747332560e-01       2.624044789955e+03       8.313888791807e-01       2.682887408462e-01      -1.364452834006e-07      -4.157025334018e-01      -4.262060636706e-04      -4.156944395904e-01      -1.106465743205e-03 
       5.239020415505e-02      -2.329761854188e-01      -1.294972626893e+03      -1.332130817826e+03      -2.099648954284e-01      -1.323796968587e+03       1.589495422486e-01       1.589495422486e-01       2.664261635651e+03       8.441997004303e-01       2.654076566927e-01      -1.347838810817e-07      -4.221078574920e-01      -4.215110123770e-04      -4.220998502152e-01      -1.121747705341e-03 
       5.307458897075e-02      -2.305134903296e-01      -1.315610718110e+03      -1.352575479793e+03      -2.077451599282e-01      -1.344233625744e+03       1.572677062610e-01       1.572677062610e-01       2.705150959587e+03       8.572285445637e-01       2.625989262388e-01      -1.331344217268e-07      -4.286221952029e-01      -4.163234586437e-04      -4.286142722818e-01      -1.137225012727e-03 
       5.376448043353e-02      -2.281101090681e-01      -1.336625273608e+03      -1.373354690324e+03      -2.055788686116e-01      -1.365010784801e+03       1.556263919987e-01       1.556263919987e-01       2.746709380649e+03       8.704745035723e-01       2.598578778574e-01      -1.315279513645e-07      -4.352450923950e-01      -4.106540919779e-04      -4.352372517862e-01      -1.152898203301e-03 
       5.446000828457e-02      -2.257619996144e-01      -1.358011207305e+03      -1.394465130166e+03      -2.034623923542e-01      -1.386124855324e+03       1.540227999137e-01       1.540227999137e-01       2.788930260332e+03       8.839351462370e-01       2.571798197509e-01      -1.299537146656e-07      -4.419753333124e-01      -4.045616953374e-04      -4.419675731185e-01      -1.168773461898e-03 
       5.516130140571e-02      -2.234662445673e-01      -1.379767480182e+03      -1.415909532886e+03      -2.013931028366e-01      -1.407577973417e+03       1.524549463943e-01       1.524549463943e-01       2.831819065773e+03       8.976118481157e-01       2.545614417916e-01      -1.284118353522e-07      -4.488136056328e-01      -3.980826213906e-04      -4.488059240579e-01      -1.184858212832e-03 
       5.586848794792e-02      -2.212188267645e-01      -1.401886840251e+03      -1.437682058019e+03      -1.993673820173e-01      -1.429364087945e+03       1.509201030842e-01       1.509201030842e-01       2.875364116038e+03       9.115007813263e-01       2.519981917923e-01      -1.269022894712e-07      -4.557579952747e-01      -3.913067654724e-04      -4.557503906631e-01      -1.201161772908e-03 
       5.658169545170e-02      -2.190157123546e-01      -1.424356621078e+03      -1.459775318027e+03      -1.973815942120e-01      -1.451474996404e+03       1.494155176416e-01       1.494155176416e-01       2.919550636054e+03       9.255967121766e-01       2.494854740063e-01      -1.254254696248e-07      -4.628058852536e-01      -3.842250928483e-04      -4.627983560883e-01      -1.217676182747e-03 
       5.730105096009e-02      -2.168531846799e-01      -1.447165297304e+03      -1.482181999807e+03      -1.954323940080e-01      -1.473902738048e+03       1.479386685819e-01       1.479386685819e-01       2.964363999615e+03       9.398945990757e-01       2.470190818296e-01      -1.239774672927e-07      -4.699547546426e-01      -3.769866413928e-04      -4.699472995378e-01      -1.234418522778e-03 
       5.802668112475e-02      -2.147267562666e-01      -1.470293870919e+03      -1.504887361241e+03      -1.935157355447e-01      -1.496631930210e+03       1.464864975127e-01       1.464864975127e-01       3.009774722482e+03       9.543846488423e-01       2.445939099574e-01      -1.225569072927e-07      -4.771997066979e-01      -3.695777685301e-04      -4.771923244212e-01      -1.251374406717e-03 
       5.875871230577e-02      -2.126324167270e-01      -1.493723784078e+03      -1.527877644789e+03      -1.916280074919e-01      -1.519648087472e+03       1.450562804895e-01       1.450562804895e-01       3.055755289578e+03       9.690576620541e-01       2.422054133446e-01      -1.211643374274e-07      -4.845361415677e-01      -3.621277828982e-04      -4.845288310270e-01      -1.268552620005e-03 
       5.949727066567e-02      -2.105665201606e-01      -1.517435882148e+03      -1.551139416038e+03      -1.897659260801e-01      -1.542936902512e+03       1.436455328220e-01       1.436455328220e-01       3.102278832076e+03       9.839045240927e-01       2.398494435644e-01      -1.197956096707e-07      -4.919595018160e-01      -3.547114677143e-04      -4.919522620464e-01      -1.285953500255e-03 
       6.024248225797e-02      -2.085250972493e-01      -1.541406058750e+03      -1.574654683713e+03      -1.879259136826e-01      -1.566479457690e+03       1.422515574336e-01       1.422515574336e-01       3.149309367426e+03       9.989132166757e-01       2.375215008818e-01      -1.184508890792e-07      -4.994637781648e-01      -3.473977002072e-04      -4.994566083379e-01      -1.303572828201e-03 
       6.099447311085e-02      -2.065036471367e-01      -1.565603553183e+03      -1.598398633189e+03      -1.861039174605e-01      -1.590250051362e+03       1.408712895143e-01       1.408712895143e-01       3.196797266377e+03       1.014067373252e+00       2.352164688961e-01      -1.171295634399e-07      -5.070407871811e-01      -3.403209661107e-04      -5.070336866261e-01      -1.321411238692e-03 
       6.175336930616e-02      -2.044985799879e-01      -1.590000759046e+03      -1.622350679449e+03      -1.842967003377e-01      -1.614227034726e+03       1.395022903310e-01       1.395022903310e-01       3.244701358898e+03       1.029353242155e+00       2.329302794210e-01      -1.158252924779e-07      -5.146836529091e-01      -3.335291279290e-04      -5.146766210777e-01      -1.339459047814e-03 
       6.251929705421e-02      -2.025058170356e-01      -1.614563308582e+03      -1.646483362319e+03      -1.825005912282e-01      -1.638381914589e+03       1.381417671544e-01       1.381417671544e-01       3.292966724638e+03       1.044752617572e+00       2.306582647785e-01      -1.145479794720e-07      -5.223832722987e-01      -3.271197203078e-04      -5.223763087859e-01      -1.357708795174e-03 
       6.329238276460e-02      -2.005214062033e-01      -1.639255002539e+03      -1.670767467992e+03      -1.807120264603e-01      -1.662684435194e+03       1.367870462760e-01       1.367870462760e-01       3.341534935984e+03       1.060246310553e+00       2.283959684783e-01      -1.132866318676e-07      -5.301300507403e-01      -3.212142261749e-04      -5.301231552764e-01      -1.376155547360e-03 
       6.407275311340e-02      -1.985419707607e-01      -1.664039769134e+03      -1.695175383850e+03      -1.789279661535e-01      -1.687105707581e+03       1.354358237499e-01       1.354358237499e-01       3.390350767700e+03       1.075815907900e+00       2.261395426064e-01      -1.120415757111e-07      -5.379147815163e-01      -3.159476831947e-04      -5.379079539502e-01      -1.394797469282e-03 
       6.486053510691e-02      -1.965635317578e-01      -1.688874653241e+03      -1.719671194059e+03      -1.771448214122e-01      -1.711608778090e+03       1.340853956751e-01       1.340853956751e-01       3.439342388118e+03       1.091437916911e+00       2.238844765937e-01      -1.108058440434e-07      -5.457257181396e-01      -3.113630534842e-04      -5.457189584556e-01      -1.413611925412e-03 
       6.565585614227e-02      -1.945829829862e-01      -1.713719122108e+03      -1.744223114541e+03      -1.753597992571e-01      -1.736160548679e+03       1.327336297372e-01       1.327336297372e-01       3.488446229082e+03       1.107091180180e+00       2.216272040627e-01      -1.095946420093e-07      -5.535522817974e-01      -3.076147005130e-04      -5.535455900902e-01      -1.432596683895e-03 
       6.645884406518e-02      -1.925968081761e-01      -1.738527209974e+03      -1.768792833162e+03      -1.735697267924e-01      -1.760721577425e+03       1.313781502742e-01       1.313781502742e-01       3.537585666324e+03       1.122750678834e+00       2.193637669209e-01      -1.083910902604e-07      -5.613819629334e-01      -3.048079961845e-04      -5.613753394169e-01      -1.451736991923e-03 
       6.726962722477e-02      -1.906020600247e-01      -1.763253675267e+03      -1.793343428835e+03      -1.717719501255e-01      -1.785253706147e+03       1.300169344753e-01       1.300169344753e-01       3.586686857670e+03       1.138392049027e+00       2.170907830265e-01      -1.072001230371e-07      -5.692025795227e-01      -3.030062962003e-04      -5.691960245133e-01      -1.471012326776e-03 
       6.808833452604e-02      -1.885959921110e-01      -1.787852201334e+03      -1.817836914929e+03      -1.699639952194e-01      -1.809717711622e+03       1.286481167653e-01       1.286481167653e-01       3.635673829858e+03       1.153990336972e+00       2.148051397440e-01      -1.060161848182e-07      -5.770016545763e-01      -3.023747280882e-04      -5.769951684859e-01      -1.490417396270e-03 
       6.891509547984e-02      -1.865758638209e-01      -1.812273438638e+03      -1.842232015459e+03      -1.681433901282e-01      -1.834071127712e+03       1.272698307719e-01       1.272698307719e-01       3.684464030919e+03       1.169518515237e+00       2.125037223220e-01      -1.048407731936e-07      -5.847656742851e-01      -3.029626272303e-04      -5.847592576185e-01      -1.509926145505e-03 
       6.975004025066e-02      -1.845395422325e-01      -1.836470542934e+03      -1.866490098434e+03      -1.663082149622e-01      -1.858274105534e+03       1.258806176130e-01       1.258806176130e-01       3.732980196868e+03       1.184951180025e+00       2.101840929733e-01      -1.036762949576e-07      -5.924819366755e-01      -3.049071011989e-04      -5.924755900125e-01      -1.529528322755e-03 
       7.059329970233e-02      -1.824850018894e-01      -1.860395935324e+03      -1.890570538045e+03      -1.644566425046e-01      -1.882285003832e+03       1.244790974424e-01       1.244790974424e-01       3.781141076090e+03       1.200261825804e+00       2.078439488157e-01      -1.025163341034e-07      -6.001371889135e-01      -3.082632070225e-04      -6.001309129022e-01      -1.549199424369e-03 
       7.144500544176e-02      -1.804104934168e-01      -1.884001764408e+03      -1.914432580360e+03      -1.625870958365e-01      -1.906062030796e+03       1.230640757597e-01       1.230640757597e-01       3.828865160719e+03       1.215423834273e+00       2.054812950827e-01      -1.013620278666e-07      -6.077181217883e-01      -3.131119952478e-04      -6.077119171366e-01      -1.568918883685e-03 
       7.230528986090e-02      -1.783148434840e-01      -1.907243240989e+03      -1.938038765898e+03      -1.606985194704e-01      -1.929566646422e+03       1.216347453891e-01       1.216347453891e-01       3.876077531797e+03       1.230412624598e+00       2.030947812986e-01      -1.002083231747e-07      -6.152124448418e-01      -3.195726749941e-04      -6.152063122990e-01      -1.588674670334e-03 
       7.317428617696e-02      -1.761968865012e-01      -1.930074633376e+03      -1.961349174553e+03      -1.587898597232e-01      -1.952758093058e+03       1.201903128268e-01       1.201903128268e-01       3.922698349107e+03       1.245202262904e+00       2.006830838819e-01      -9.906175674821e-08      -6.226071910989e-01      -3.276585580977e-04      -6.226011314522e-01      -1.608436444494e-03 
       7.405212847100e-02      -1.740562548455e-01      -1.952457502558e+03      -1.984330123748e+03      -1.568607864391e-01      -1.975602004540e+03       1.187305208647e-01       1.187305208647e-01       3.968660247495e+03       1.259770834901e+00       1.982457709582e-01      -9.791408538382e-08      -6.298914034010e-01      -3.374694411261e-04      -6.298854174506e-01      -1.628192463321e-03 
       7.493895172510e-02      -1.718927010770e-01      -1.974352645028e+03      -2.006947695550e+03      -1.549110741980e-01      -1.998063696716e+03       1.172551986784e-01       1.172551986784e-01       4.013895391100e+03       1.274096259720e+00       1.957825572377e-01      -9.677015652457e-08      -6.370540413071e-01      -3.490186100324e-04      -6.370481298600e-01      -1.647917201216e-03 
       7.583489185804e-02      -1.697064508178e-01      -1.995726114487e+03      -2.029171503928e+03      -1.529409252709e-01      -2.020112281590e+03       1.157644917333e-01       1.157644917333e-01       4.058343007855e+03       1.288158837650e+00       1.932936830874e-01      -9.562605247802e-08      -6.440852549707e-01      -3.623113558611e-04      -6.440794188250e-01      -1.667586856064e-03 
       7.674008575965e-02      -1.674981647484e-01      -2.016549724418e+03      -2.050974822070e+03      -1.509509366161e-01      -2.041720853330e+03       1.142588389318e-01       1.142588389318e-01       4.101949644139e+03       1.301941375417e+00       1.907798770753e-01      -9.447808187052e-08      -6.509764477770e-01      -3.774176992499e-04      -6.509706877085e-01      -1.687190916609e-03 
       7.765467132399e-02      -1.652689091689e-01      -2.036799337747e+03      -2.072335471494e+03      -1.489420635526e-01      -2.062866967563e+03       1.127389669578e-01       1.127389669578e-01       4.144670942988e+03       1.315429616407e+00       1.882423537426e-01      -9.333150007600e-08      -6.577204914596e-01      -3.942307511195e-04      -6.577148082034e-01      -1.706694783163e-03 
       7.857878748124e-02      -1.630202068656e-01      -2.056458079047e+03      -2.093236323192e+03      -1.469156788166e-01      -2.083533567244e+03       1.112059066896e-01       1.112059066896e-01       4.186472646384e+03       1.328612671866e+00       1.856828316645e-01      -9.218501504664e-08      -6.643119416944e-01      -4.128009877032e-04      -6.643063359330e-01      -1.726092760913e-03 
       7.951257422856e-02      -1.607539941148e-01      -2.075516170696e+03      -2.113665462993e+03      -1.448735266240e-01      -2.103709096024e+03       1.096609629973e-01       1.096609629973e-01       4.227330925985e+03       1.341483113827e+00       1.831034845297e-01      -9.103858004629e-08      -6.707470845653e-01      -4.330597436978e-04      -6.707415569134e-01      -1.745364788941e-03 
       8.045617265987e-02      -1.584725319757e-01      -2.093968712238e+03      -2.133616479716e+03      -1.428176410309e-01      -2.123387391954e+03       1.081056751786e-01       1.081056751786e-01       4.267232959433e+03       1.354037041496e+00       1.805068824220e-01      -8.989242245100e-08      -6.770239697564e-01      -4.549288885803e-04      -6.770185207481e-01      -1.764493728729e-03 
       8.140972499466e-02      -1.561786977219e-01      -2.111824530971e+03      -2.153091630947e+03      -1.407506143745e-01      -2.142571739887e+03       1.065419872911e-01       1.065419872911e-01       4.306183261894e+03       1.366276464698e+00       1.778962653749e-01      -8.874372454285e-08      -6.831436022797e-01      -4.782950669727e-04      -6.831382323488e-01      -1.783464307946e-03 
       8.237337460583e-02      -1.538756119335e-01      -2.129096952207e+03      -2.172099413055e+03      -1.386752554845e-01      -2.161271378433e+03       1.049720264090e-01       1.049720264090e-01       4.344198826110e+03       1.378207305470e+00       1.752751853307e-01      -8.759004591291e-08      -6.891089432646e-01      -5.030766159577e-04      -6.891036527350e-01      -1.802271116828e-03 
       8.334726604670e-02      -1.515665585101e-01      -2.145807277003e+03      -2.190652338927e+03      -1.365945228160e-01      -2.179500176817e+03       1.033980111562e-01       1.033980111562e-01       4.381304677853e+03       1.389838294298e+00       1.726473399260e-01      -8.644383865407e-08      -6.949243580684e-01      -5.290904810173e-04      -6.949191471492e-01      -1.820896351200e-03 
       8.433154507717e-02      -1.492559773882e-01      -2.161998922006e+03      -2.208783094095e+03      -1.345124133569e-01      -2.197292444106e+03       1.018229653739e-01       1.018229653739e-01       4.417566188189e+03       1.401191316887e+00       1.700177775977e-01      -8.528740753980e-08      -7.006007896990e-01      -5.561544433871e-04      -7.005956584433e-01      -1.839338781776e-03 
       8.532635868907e-02      -1.469475644887e-01      -2.177708736836e+03      -2.226517879180e+03      -1.324322583891e-01      -2.214676003736e+03       1.002493965809e-01       1.002493965809e-01       4.453035758359e+03       1.412284031468e+00       1.673906805642e-01      -8.413885848906e-08      -7.061470674003e-01      -5.841972302628e-04      -7.061420157339e-01      -1.857609309765e-03 
       8.633185513081e-02      -1.446458073028e-01      -2.192991536009e+03      -2.243898784720e+03      -1.303580997544e-01      -2.231694865027e+03       9.868034486259e-02       9.868034486259e-02       4.487797569439e+03       1.423144374562e+00       1.647711185377e-01      -8.299817044164e-08      -7.115771595898e-01      -6.129274298923e-04      -7.115721872811e-01      -1.875697140917e-03 
       8.734818393131e-02      -1.423552688124e-01      -2.207911897793e+03      -2.260974543174e+03      -1.282940456896e-01      -2.248400156909e+03       9.711891830124e-02       9.711891830124e-02       4.521949086349e+03       1.433804937125e+00       1.621642806249e-01      -8.185148623617e-08      -7.169073619047e-01      -6.421247653457e-04      -7.169024685624e-01      -1.893608464897e-03 
       8.837549592326e-02      -1.400812938206e-01      -2.222554322587e+03      -2.277812179210e+03      -1.262449078989e-01      -2.264861522086e+03       9.556875203661e-02       9.556875203661e-02       4.555624358420e+03       1.444310082495e+00       1.595762341811e-01      -8.070627732899e-08      -7.221598562028e-01      -6.714228191283e-04      -7.221550412477e-01      -1.911341253511e-03 
       8.941394326581e-02      -1.378283326896e-01      -2.236995348803e+03      -2.294471577631e+03      -1.242146988925e-01      -2.281141347746e+03       9.403286929082e-02       9.403286929082e-02       4.588943155262e+03       1.454699475803e+00       1.570120225234e-01      -7.956279742140e-08      -7.273544752013e-01      -7.007490222697e-04      -7.273497379016e-01      -1.928933721784e-03 
       9.046367946662e-02      -1.356017054509e-01      -2.251336605729e+03      -2.311032873270e+03      -1.222082124197e-01      -2.297322993136e+03       9.251487158160e-02       9.251487158160e-02       4.622065746540e+03       1.465026047835e+00       1.544776502516e-01      -7.844126132701e-08      -7.325176844783e-01      -7.297239991746e-04      -7.325130239173e-01      -1.946392533892e-03 
       9.152485940339e-02      -1.334065739831e-01      -2.265685288888e+03      -2.327583224796e+03      -1.202300913387e-01      -2.313496599301e+03       9.101829814526e-02       9.101829814526e-02       4.655166449591e+03       1.475347456438e+00       1.519790351248e-01      -7.730428792120e-08      -7.376783131407e-01      -7.580291529569e-04      -7.376737282188e-01      -1.963739782352e-03 
       9.259763934485e-02      -1.312476944132e-01      -2.280150351162e+03      -2.344209314616e+03      -1.182846280344e-01      -2.329752182621e+03       8.954634881586e-02       8.954634881586e-02       4.688418629231e+03       1.485720678105e+00       1.495215037161e-01      -7.619581401034e-08      -7.428648495963e-01      -7.853832901717e-04      -7.428603390524e-01      -1.981002603202e-03 
       9.368217697132e-02      -1.291300900594e-01      -2.294855629927e+03      -2.361012490423e+03      -1.163763432816e-01      -2.346194431651e+03       8.810246016863e-02       8.810246016863e-02       4.722024980847e+03       1.496212552113e+00       1.471107989834e-01      -7.509275435118e-08      -7.481107136604e-01      -8.114694568067e-04      -7.481062760567e-01      -1.998214829142e-03 
       9.477863139475e-02      -1.270582062242e-01      -2.309924445540e+03      -2.378092397580e+03      -1.145092391323e-01      -2.362926521919e+03       8.668966689152e-02       8.668966689152e-02       4.756184795160e+03       1.506888877237e+00       1.447519897906e-01      -7.399150939428e-08      -7.534488048757e-01      -8.359748388271e-04      -7.534444386185e-01      -2.015409653196e-03 
       9.588716317841e-02      -1.250367293597e-01      -2.325491994169e+03      -2.395561431761e+03      -1.126875424134e-01      -2.380064218024e+03       8.531113453106e-02       8.531113453106e-02       4.791122863522e+03       1.517823137752e+00       1.424503505252e-01      -7.297632860976e-08      -7.589158655402e-01      -8.585586375736e-04      -7.589115688759e-01      -2.032625493844e-03 
       9.700793435611e-02      -1.230694617279e-01      -2.341687207990e+03      -2.413525320910e+03      -1.109146780131e-01      -2.397716692744e+03       8.396945506490e-02       8.396945506490e-02       4.827050641821e+03       1.529084887362e+00       1.402102089215e-01      -7.191339973639e-08      -7.645466726387e-01      -8.789367423966e-04      -7.645424436810e-01      -2.049904737309e-03 
       9.814110845115e-02      -1.211600216590e-01      -2.358643709158e+03      -2.432095141097e+03      -1.091939039891e-01      -2.415998353608e+03       8.266709897719e-02       8.266709897719e-02       4.864190282194e+03       1.540747056624e+00       1.380356914346e-01      -7.078518816575e-08      -7.703776915751e-01      -8.968014990517e-04      -7.703735283119e-01      -2.067290303568e-03 
       9.928685049485e-02      -1.193116047413e-01      -2.376494616136e+03      -2.451382199820e+03      -1.075281005284e-01      -2.435023723713e+03       8.140624220936e-02       8.140624220936e-02       4.902764399640e+03       1.552882573875e+00       1.359304299014e-01      -6.974033757748e-08      -7.764453866285e-01      -9.119297563468e-04      -7.764412869375e-01      -2.084838367773e-03 
       1.004453270449e-01      -1.175265452915e-01      -2.395361078335e+03      -2.471488653838e+03      -1.059193720695e-01      -2.454897750100e+03       8.018846736297e-02       8.018846736297e-02       4.942977307675e+03       1.565558191287e+00       1.338970634169e-01      -6.881423742757e-08      -7.827831339648e-01      -9.240252938349e-04      -7.827790956437e-01      -2.102585919434e-03 
       1.016167062032e-01      -1.158067050074e-01      -2.415361345049e+03      -2.492514966054e+03      -1.043693930491e-01      -2.475723499741e+03       7.901506286460e-02       7.901506286460e-02       4.985029932108e+03       1.578839758045e+00       1.319377502262e-01      -6.772825300542e-08      -7.894238582416e-01      -9.329240143163e-04      -7.894198790224e-01      -2.120589547273e-03 
       1.028011576338e-01      -1.141537939267e-01      -2.436615792588e+03      -2.514564182367e+03      -1.028797082202e-01      -2.497606546149e+03       7.788718196018e-02       7.788718196018e-02       5.029128364734e+03       1.592794369419e+00       1.300544106338e-01      -6.674049152108e-08      -7.964011071515e-01      -9.384444654233e-04      -7.963971847095e-01      -2.138904675341e-03 
       1.039988525803e-01      -1.125678220604e-01      -2.459208170414e+03      -2.537709374683e+03      -1.014503289015e-01      -2.520621500556e+03       7.680482740545e-02       7.680482740545e-02       5.075418749366e+03       1.607469457691e+00       1.282470473232e-01      -6.587535499116e-08      -8.037385968338e-01      -9.404413790333e-04      -8.037347288453e-01      -2.157567822705e-03 
       1.052099638834e-01      -1.110487077964e-01      -2.483223925095e+03      -2.562026791830e+03      -1.000811757929e-01      -2.544845912812e+03       7.576798261487e-02       7.576798261487e-02       5.124053583660e+03       1.622914841845e+00       1.265156469493e-01      -6.485603832959e-08      -8.114612367807e-01      -9.388890813254e-04      -8.114574209227e-01      -2.176637251519e-03 
       1.064346659978e-01      -1.095954405549e-01      -2.508725014740e+03      -2.587572614215e+03      -9.877134790992e-02      -2.570336765021e+03       7.477592596170e-02       7.477592596170e-02       5.175145228430e+03       1.639166367005e+00       1.248589915062e-01      -6.394385574105e-08      -8.195869495130e-01      -9.337221617285e-04      -8.195831835026e-01      -2.196147527018e-03 
       1.076731350094e-01      -1.082061328937e-01      -2.535752049245e+03      -2.614386882166e+03      -9.751914122795e-02      -2.597134111794e+03       7.382741018548e-02       7.382741018548e-02       5.228773764332e+03       1.656249951604e+00       1.232750124803e-01      -6.304847348181e-08      -8.281286941830e-01      -9.251355984266e-04      -8.281249758020e-01      -2.216161642543e-03 
       1.089255486525e-01      -1.068782448349e-01      -2.564324807542e+03      -2.642492476735e+03      -9.632226770567e-02      -2.625260304174e+03       7.292070056918e-02       7.292070056918e-02       5.284984953469e+03       1.674179751089e+00       1.217608124496e-01      -6.217763409459e-08      -8.370935484262e-01      -9.129407887630e-04      -8.370898755446e-01      -2.236667704129e-03 
       1.101920863262e-01      -1.056082780552e-01      -2.594432666375e+03      -2.671888231945e+03      -9.517757936457e-02      -2.654712693497e+03       7.205343448796e-02       7.205343448796e-02       5.343776463890e+03       1.692954235807e+00       1.203124531600e-01      -6.131449940597e-08      -8.464807472912e-01      -8.976771874951e-04      -8.464771179034e-01      -2.257748449546e-03 
       1.114729291118e-01      -1.043923316046e-01      -2.626047130083e+03      -2.702557948087e+03      -9.408156320776e-02      -2.685473179885e+03       7.122295110783e-02       7.122295110783e-02       5.405115896173e+03       1.712561788697e+00       1.189254911945e-01      -6.049443988622e-08      -8.562844821115e-01      -8.793465812292e-04      -8.562808943485e-01      -2.279389625607e-03 
       1.127682597891e-01      -1.032252343521e-01      -2.659093938537e+03      -2.734448052496e+03      -9.302956558808e-02      -2.717485043111e+03       7.042573294096e-02       7.042573294096e-02       5.468896104991e+03       1.732966229978e+00       1.175940549905e-01      -5.969300499628e-08      -8.664866628134e-01      -8.584716343784e-04      -8.664831149889e-01      -2.301628022873e-03 
       1.140782628537e-01      -1.021017702047e-01      -2.693487768638e+03      -2.767496002285e+03      -9.201688228835e-02      -2.750682280977e+03       6.965825657570e-02       6.965825657570e-02       5.534992004569e+03       1.754125883504e+00       1.163122737805e-01      -5.891241822155e-08      -8.770664511456e-01      -8.352483101918e-04      -8.770629417520e-01      -2.324442258594e-03 
       1.154031245340e-01      -1.010157747395e-01      -2.729100316212e+03      -2.801603509339e+03      -9.103796548128e-02      -2.784962077058e+03       6.891632638484e-02       6.891632638484e-02       5.603207018679e+03       1.775975198998e+00       1.150731432682e-01      -5.815382046733e-08      -8.879910717513e-01      -8.103533294368e-04      -8.879875994990e-01      -2.347856558766e-03 
       1.167430328075e-01      -9.996075896525e-02      -2.765778520778e+03      -2.836651668205e+03      -9.008696693198e-02      -2.820200386426e+03       6.819554316857e-02       6.819554316857e-02       5.673303336410e+03       1.798435409831e+00       1.138693271144e-01      -5.739150739517e-08      -8.992211410917e-01      -7.841918606774e-04      -8.992177049154e-01      -2.371836002248e-03 
       1.180981774189e-01      -9.892968453175e-02      -2.803333752463e+03      -2.872491230285e+03      -8.915754950525e-02      -2.856242057409e+03       6.749111238652e-02       6.749111238652e-02       5.744982460569e+03       1.821407600435e+00       1.126928205234e-01      -5.667504380355e-08      -9.107072011365e-01      -7.573440592210e-04      -9.107038002175e-01      -2.396347937786e-03 
       1.194687498966e-01      -9.791556510687e-02      -2.841560274909e+03      -2.908958869091e+03      -8.824341903385e-02      -2.892917411334e+03       6.679829279297e-02       6.679829279297e-02       5.817917738182e+03       1.844783884524e+00       1.115357145471e-01      -5.596042803556e-08      -9.223953084992e-01      -7.304585702717e-04      -9.223919422618e-01      -2.421359241173e-03 
       1.208549435706e-01      -9.691109493434e-02      -2.880220165590e+03      -2.945863466625e+03      -8.733799961585e-02      -2.930028340190e+03       6.611209914526e-02       6.611209914526e-02       5.891726933251e+03       1.868437835792e+00       1.103896826768e-01      -5.525416081261e-08      -9.342222497710e-01      -7.042744324715e-04      -9.342189178962e-01      -2.446827813043e-03 
       1.222569535902e-01      -9.590900215425e-02      -2.919057692760e+03      -2.982997992920e+03      -8.643473241758e-02      -2.967360555968e+03       6.542762334771e-02       6.542762334771e-02       5.965995985840e+03       1.892233646604e+00       1.092465484311e-01      -5.455439064316e-08      -9.461201208842e-01      -6.794487752006e-04      -9.461168233021e-01      -2.472686902045e-03 
       1.236749769417e-01      -9.490223150268e-02      -2.957798090091e+03      -3.020138770455e+03      -8.552726952402e-02      -3.004682779575e+03       6.474003296062e-02       6.474003296062e-02       6.040277540910e+03       1.916023491637e+00       1.080982339105e-01      -5.388941461407e-08      -9.580150089288e-01      -6.566734835747e-04      -9.580117458184e-01      -2.498860262517e-03 
       1.251092124670e-01      -9.388408447185e-02      -2.996159663131e+03      -3.057054953688e+03      -8.460957109926e-02      -3.041756615012e+03       6.404479565157e-02       6.404479565157e-02       6.114109907377e+03       1.939655989620e+00       1.069371844103e-01      -5.320346932175e-08      -9.698312230394e-01      -6.366292694722e-04      -9.698279948098e-01      -2.525265409650e-03 
       1.265598608818e-01      -9.284843023173e-02      -3.033856980114e+03      -3.093511132127e+03      -8.367611796031e-02      -3.078339239844e+03       6.333772555974e-02       6.333772555974e-02       6.187022264255e+03       1.962976264754e+00       1.057564080059e-01      -5.253765632504e-08      -9.814913251016e-01      -6.200329318793e-04      -9.814881323769e-01      -2.551821153548e-03 
       1.280271247951e-01      -9.178945787055e-02      -3.070595164510e+03      -3.129262571406e+03      -8.272167456700e-02      -3.114178506280e+03       6.261486965568e-02       6.261486965568e-02       6.258525142812e+03       1.985823770155e+00       1.045493075243e-01      -5.189360012218e-08      -9.929150414719e-01      -6.075219452270e-04      -9.929118850773e-01      -2.578426769407e-03 
       1.295112087282e-01      -9.070255965904e-02      -3.106105829007e+03      -3.164084737667e+03      -8.174208677718e-02      -3.149043416510e+03       6.187310302251e-02       6.187310302251e-02       6.328169475334e+03       2.008051612913e+00       1.033106716684e-01      -5.121342144961e-08      -1.004028925537e+00      -5.996630381746e-04      -1.004025806456e+00      -2.604987514263e-03 
       1.310123191347e-01      -8.958390780605e-02      -3.140131460945e+03      -3.197760710755e+03      -8.073390897492e-02      -3.182711084131e+03       6.110980658633e-02       6.110980658633e-02       6.395521421511e+03       2.029517614282e+00       1.020361236951e-01      -5.055630957479e-08      -1.014761887791e+00      -5.970211082725e-04      -1.014758807141e+00      -2.631414237171e-03 
       1.325306644210e-01      -8.843061872785e-02      -3.172437618231e+03      -3.230090245797e+03      -7.969454234382e-02      -3.214976270840e+03       6.032300700000e-02       6.032300700000e-02       6.460180491595e+03       2.050090914229e+00       1.007223666151e-01      -4.991359839633e-08      -1.025048498116e+00      -5.997921637122e-04      -1.025045457114e+00      -2.657574067416e-03 
       1.340664549670e-01      -8.724099131041e-02      -3.202826638528e+03      -3.260903077834e+03      -7.862244987284e-02      -3.245664729614e+03       5.951156414183e-02       5.951156414183e-02       6.521806155668e+03       2.069660919568e+00       9.936750443845e-02      -4.924739992804e-08      -1.034833459865e+00      -6.084300003186e-04      -1.034830459784e+00      -2.683399918790e-03 
       1.356199031477e-01      -8.601476623950e-02      -3.231152693296e+03      -3.290069356368e+03      -7.751739760839e-02      -3.274644344974e+03       5.867528921544e-02       5.867528921544e-02       6.580138712736e+03       2.088143330251e+00       9.797121806133e-02      -4.856649003780e-08      -1.044074623004e+00      -6.230018213204e-04      -1.044071665126e+00      -2.708796927279e-03 
       1.371912233555e-01      -8.475263770129e-02      -3.257305556770e+03      -3.317487704690e+03      -7.638001462544e-02      -3.301812541104e+03       5.781462521979e-02       5.781462521979e-02       6.634975409380e+03       2.105472281151e+00       9.653423621344e-02      -4.791218360519e-08      -1.052739054994e+00      -6.435104230917e-04      -1.052736140575e+00      -2.733683180990e-03 
       1.387806320229e-01      -8.345662651844e-02      -3.281238018618e+03      -3.343107326376e+03      -7.521211302662e-02      -3.327119179960e+03       5.693097153150e-02       5.693097153150e-02       6.686214652751e+03       2.121616425817e+00       9.505890462273e-02      -4.722296803672e-08      -1.060811082683e+00      -6.698366146024e-04      -1.060808212909e+00      -2.758000769452e-03 
       1.403883476462e-01      -8.213011072662e-02      -3.302966394368e+03      -3.366929213083e+03      -7.401673899782e-02      -3.350567657319e+03       5.602659457576e-02       5.602659457576e-02       6.733858426167e+03       2.136577334656e+00       9.354899459347e-02      -4.654318897249e-08      -1.068291491392e+00      -7.015513395072e-04      -1.068288667328e+00      -2.781684343891e-03 
       1.420145908098e-01      -8.077748809375e-02      -3.322567560363e+03      -3.389003724733e+03      -7.279785196734e-02      -3.372212401889e+03       5.510448477672e-02       5.510448477672e-02       6.778007449467e+03       2.150389695590e+00       9.200949711707e-02      -4.586025584887e-08      -1.075197625236e+00      -7.382568131226e-04      -1.075194847795e+00      -2.804714857568e-03 
       1.436595842114e-01      -7.940440142723e-02      -3.340193088771e+03      -3.409442678340e+03      -7.156053477703e-02      -3.392171262721e+03       5.416846368448e-02       5.416846368448e-02       6.818885356680e+03       2.163128247017e+00       9.044678458354e-02      -4.518970408052e-08      -1.081566853612e+00      -7.791574821390e-04      -1.081564123509e+00      -2.827060940677e-03 
       1.453235526881e-01      -7.801724849529e-02      -3.356056553250e+03      -3.428408719657e+03      -7.031054330053e-02      -3.410614576419e+03       5.322290665208e-02       5.322290665208e-02       6.856817439315e+03       2.174902059794e+00       8.886816873052e-02      -4.447872016207e-08      -1.087453712174e+00      -8.235623311538e-04      -1.087451029897e+00      -2.848750532828e-03 
       1.470067232437e-01      -7.662341930255e-02      -3.370441770952e+03      -3.446123316729e+03      -6.905454422868e-02      -3.427773184719e+03       5.227278506683e-02       5.227278506683e-02       6.892246633457e+03       2.185856877336e+00       8.728192566007e-02      -4.380603938290e-08      -1.092931072884e+00      -8.704868246432e-04      -1.092928438668e+00      -2.869811415361e-03 
       1.487093250766e-01      -7.523072027535e-02      -3.383691712507e+03      -3.462857716454e+03      -6.779956018108e-02      -3.443929086662e+03       5.132343936134e-02       5.132343936134e-02       6.925715432908e+03       2.196173049997e+00       8.569698058249e-02      -4.312836136182e-08      -1.098089111194e+00      -9.188263759279e-04      -1.098086524998e+00      -2.890295761944e-03 
       1.504315896089e-01      -7.384738963338e-02      -3.396204055093e+03      -3.478930074743e+03      -6.655301086371e-02      -3.459412326549e+03       5.038046782155e-02       5.038046782155e-02       6.957860149486e+03       2.206060684901e+00       8.412267514322e-02      -4.242769818051e-08      -1.103032880955e+00      -9.673195341475e-04      -1.103030342451e+00      -2.910268352427e-03 
       1.521737505165e-01      -7.248173441875e-02      -3.408419147912e+03      -3.494693005127e+03      -6.532238475950e-02      -3.474588631366e+03       4.944949509104e-02       4.944949509104e-02       6.989386010254e+03       2.215752027038e+00       8.256838650861e-02      -4.175874438030e-08      -1.107878504946e+00      -1.014900181632e-03      -1.107876013519e+00      -2.929852321851e-03 
       1.539360437612e-01      -7.114222029947e-02      -3.420823638120e+03      -3.510543687899e+03      -6.411530795980e-02      -3.489868483011e+03       4.853626748453e-02       4.853626748453e-02       7.021087375799e+03       2.225508179218e+00       8.104370078534e-02      -4.106234882091e-08      -1.112756534870e+00      -1.060054560275e-03      -1.112754089609e+00      -2.949136637996e-03 
       1.557187076226e-01      -6.983682311430e-02      -3.433921406415e+03      -3.526896922843e+03      -6.293895957852e-02      -3.505679889233e+03       4.764623973359e-02       4.764623973359e-02       7.053793845685e+03       2.235602441471e+00       7.955773265793e-02      -4.041978404887e-08      -1.117803621020e+00      -1.101760533434e-03      -1.117801220735e+00      -2.968302638948e-03 
       1.575219827324e-01      -6.857271085296e-02      -3.448205899687e+03      -3.544157323376e+03      -6.179981382566e-02      -3.522440651647e+03       4.678421009630e-02       4.678421009630e-02       7.088314646752e+03       2.246298760713e+00       7.811846009013e-02      -3.985751420820e-08      -1.123151737095e+00      -1.138731514313e-03      -1.123149380357e+00      -2.987478436859e-03 
       1.593461121101e-01      -6.735586645878e-02      -3.464163092111e+03      -3.562727976656e+03      -6.070321103148e-02      -3.540566114879e+03       4.595446565273e-02       4.595446565273e-02       7.125455953313e+03       2.257867599956e+00       7.673312215953e-02      -3.910406525389e-08      -1.128936114833e+00      -1.170006795840e-03      -1.128933799978e+00      -3.006851631419e-03 
       1.611913411993e-01      -6.619206642789e-02      -3.482263801394e+03      -3.583006036306e+03      -5.965439837803e-02      -3.560464253022e+03       4.516075220879e-02       4.516075220879e-02       7.166012072611e+03       2.270563739705e+00       7.540789868251e-02      -3.841649103706e-08      -1.135284144667e+00      -1.194581658668e-03      -1.135281869853e+00      -3.026582975277e-03 
       1.630579179063e-01      -6.508439785437e-02      -3.502866541930e+03      -3.605287559269e+03      -5.865616562223e-02      -3.582440373733e+03       4.440512940432e-02       4.440512940432e-02       7.210575118538e+03       2.284580250919e+00       7.414621149977e-02      -3.786380444689e-08      -1.142292362177e+00      -1.211581826241e-03      -1.142290125459e+00      -3.046776847747e-03 
       1.649460926397e-01      -6.403522957583e-02      -3.526312850821e+03      -3.629869465867e+03      -5.771061586224e-02      -3.606797845262e+03       4.368936088141e-02       4.368936088141e-02       7.259738931734e+03       2.300114759259e+00       7.295106212104e-02      -3.718402022094e-08      -1.150059580292e+00      -1.220744033637e-03      -1.150057379629e+00      -3.067638926169e-03 
       1.668561183526e-01      -6.304543220241e-02      -3.552841007743e+03      -3.656961973102e+03      -5.681856569675e-02      -3.633750896169e+03       4.301390118945e-02       4.301390118945e-02       7.313923946204e+03       2.317299424733e+00       7.182315549576e-02      -3.666659465554e-08      -1.158651879031e+00      -1.221636654081e-03      -1.158649712367e+00      -3.089266878091e-03 
       1.687882505850e-01      -6.211342311389e-02      -3.582560456476e+03      -3.686666535878e+03      -5.597857082429e-02      -3.663402045249e+03       4.237777129022e-02       4.237777129022e-02       7.373333071755e+03       2.336202423695e+00       7.076089462312e-02      -3.605546263767e-08      -1.168103346521e+00      -1.214483253709e-03      -1.168101211847e+00      -3.111780926568e-03 
       1.707427475096e-01      -6.123681362756e-02      -3.615509089820e+03      -3.719038090244e+03      -5.518846844295e-02      -3.695803449508e+03       4.177940863817e-02       4.177940863817e-02       7.438076180487e+03       2.356858965555e+00       6.976169511283e-02      -3.546959926328e-08      -1.178431587392e+00      -1.199633920567e-03      -1.178429482777e+00      -3.135279978544e-03 
       1.727198699783e-01      -6.041133363116e-02      -3.651568889242e+03      -3.753996438772e+03      -5.444444852691e-02      -3.730869123832e+03       4.121576470796e-02       4.121576470796e-02       7.507992877545e+03       2.379209439238e+00       6.882041242104e-02      -3.497823482041e-08      -1.189606795938e+00      -1.178019317365e-03      -1.189604719619e+00      -3.159835726065e-03 
       1.747198815714e-01      -5.963043352840e-02      -3.690468438603e+03      -3.791328170252e+03      -5.374058552715e-02      -3.768376950243e+03       4.068250044372e-02       4.068250044372e-02       7.582656340505e+03       2.403116217459e+00       6.792984982384e-02      -3.446909927325e-08      -1.201560158301e+00      -1.150237485323e-03      -1.201558108730e+00      -3.185369722919e-03 
       1.767430486482e-01      -5.888727552743e-02      -3.731854195257e+03      -3.830762929529e+03      -5.307072998250e-02      -3.808044019884e+03       4.017493923168e-02       4.017493923168e-02       7.661525859059e+03       2.428398146547e+00       6.708219145941e-02      -3.397570294462e-08      -1.214201097401e+00      -1.117866058939e-03      -1.214199073274e+00      -3.211903092917e-03 
       1.787896404004e-01      -5.817365659388e-02      -3.775239607637e+03      -3.871913886905e+03      -5.242748937984e-02      -3.849468571892e+03       3.968752611301e-02       3.968752611301e-02       7.743827773810e+03       2.454800212055e+00       6.626817553884e-02      -3.342987696288e-08      -1.227402105732e+00      -1.082389257862e-03      -1.227400106027e+00      -3.239349758890e-03 
       1.808599289070e-01      -5.748147378368e-02      -3.820079334797e+03      -3.914356306468e+03      -5.180357161173e-02      -3.892207731506e+03       3.921473197110e-02       3.921473197110e-02       7.828712612937e+03       2.482039620299e+00       6.547856685624e-02      -3.298748887318e-08      -1.241021786165e+00      -1.045728164421e-03      -1.241019810149e+00      -3.267657733629e-03 
       1.829541891925e-01      -5.680327903272e-02      -3.865837827769e+03      -3.957670215380e+03      -5.119225817364e-02      -3.935824167677e+03       3.875153616673e-02       3.875153616673e-02       7.915340430760e+03       2.509839603900e+00       6.470500375980e-02      -3.247681997791e-08      -1.254921754756e+00      -1.009227544787e-03      -1.254919801950e+00      -3.296691757957e-03 
       1.850726992858e-01      -5.612790129297e-02      -3.911638987912e+03      -4.001121477099e+03      -5.058349998283e-02      -3.979562832466e+03       3.829028499471e-02       3.829028499471e-02       8.002242954198e+03       2.537717208682e+00       6.393469111038e-02      -3.199920318076e-08      -1.268860534021e+00      -9.752167226440e-04      -1.268858604341e+00      -3.326213534515e-03 
       1.872157402839e-01      -5.544596546288e-02      -3.956673422840e+03      -4.044038640592e+03      -4.996885169699e-02      -4.022731877078e+03       3.782459778462e-02       3.782459778462e-02       8.088077281184e+03       2.565231638921e+00       6.315697890330e-02      -3.162074619917e-08      -1.282617725774e+00      -9.453777001378e-04      -1.282615819461e+00      -3.355935867356e-03 
       1.893835964156e-01      -5.474977559911e-02      -4.000209897022e+03      -4.085820170651e+03      -4.934136057589e-02      -4.064710531233e+03       3.734933330202e-02       3.734933330202e-02       8.171640341302e+03       2.591991307470e+00       6.236332285513e-02      -3.112964813835e-08      -1.295997536181e+00      -9.215924261357e-04      -1.295995653735e+00      -3.385664227100e-03 
       1.915765551102e-01      -5.403304736942e-02      -4.041559509788e+03      -4.125893368104e+03      -4.869538622354e-02      -4.104908926006e+03       3.686012104172e-02       3.686012104172e-02       8.251786736207e+03       2.617616791382e+00       6.154639205490e-02      -3.070737068326e-08      -1.308810253542e+00      -9.052811149880e-04      -1.308808395691e+00      -3.415147176826e-03 
       1.937949070674e-01      -5.329060560474e-02      -4.080102063504e+03      -4.163735109380e+03      -4.802625441305e-02      -4.142789678193e+03       3.635349050111e-02       3.635349050111e-02       8.327470218760e+03       2.641767951770e+00       6.070041405442e-02      -3.024196928193e-08      -1.320885808239e+00      -8.976903161021e-04      -1.320883975885e+00      -3.444154935535e-03 
       1.960389463306e-01      -5.251908745925e-02      -4.115329632336e+03      -4.198909540263e+03      -4.733094082866e-02      -4.177906435746e+03       3.582712345102e-02       3.582712345102e-02       8.397819080526e+03       2.664159352616e+00       5.982150847462e-02      -2.979644644181e-08      -1.332081482144e+00      -8.996183737159e-04      -1.332079676308e+00      -3.472455881295e-03 
       1.983089703634e-01      -5.171696482509e-02      -4.146880491809e+03      -4.231095892204e+03      -4.660806564188e-02      -4.209932601715e+03       3.527998349463e-02       3.527998349463e-02       8.462191784408e+03       2.684583237541e+00       5.890794747922e-02      -2.934781980973e-08      -1.342293397017e+00      -9.114011001652e-04      -1.342291618771e+00      -3.499842917789e-03 
       2.006052801287e-01      -5.088471466222e-02      -4.174566095771e+03      -4.260112960402e+03      -4.585805714757e-02      -4.238686158731e+03       3.471238797131e-02       3.471238797131e-02       8.520225920804e+03       2.702923507225e+00       5.796025867340e-02      -2.889540681672e-08      -1.351463503216e+00      -9.328856876322e-04      -1.351461753613e+00      -3.526146896367e-03 
       2.029281801717e-01      -5.002482653805e-02      -4.198393348280e+03      -4.285937946864e+03      -4.508315777149e-02      -4.264149015057e+03       3.412601684173e-02       3.412601684173e-02       8.571875893729e+03       2.719168164589e+00       5.698124137223e-02      -2.843839277077e-08      -1.359585802289e+00      -9.633844224927e-04      -1.359584082295e+00      -3.551244906328e-03 
       2.052779787053e-01      -4.914226464900e-02      -4.218625554542e+03      -4.308770065451e+03      -4.428783557891e-02      -4.286530073543e+03       3.352425214406e-02       3.352425214406e-02       8.617540130903e+03       2.733450607928e+00       5.597654263571e-02      -2.797723786089e-08      -1.366726993558e+00      -1.001806784388e-03      -1.366725303964e+00      -3.575132637595e-03 
       2.076549876996e-01      -4.824356221661e-02      -4.235724939577e+03      -4.328971043105e+03      -4.347797546099e-02      -4.306206161273e+03       3.291152700276e-02       3.291152700276e-02       8.657942086210e+03       2.746010446006e+00       5.495355748997e-02      -2.751374527585e-08      -1.373006881633e+00      -1.046523025599e-03      -1.373005223003e+00      -3.597853975016e-03 
       2.100595229749e-01      -4.733658248882e-02      -4.250344361080e+03      -4.347064286556e+03      -4.266066127341e-02      -4.323720027528e+03       3.229317626591e-02       3.229317626591e-02       8.694128573113e+03       2.757192770551e+00       5.392118466719e-02      -2.704952529909e-08      -1.378598012652e+00      -1.095492432266e-03      -1.378596385275e+00      -3.619520220595e-03 
       2.124919042982e-01      -4.643031808544e-02      -4.263324816458e+03      -4.363735545219e+03      -4.184399252939e-02      -4.339780509921e+03       3.167531454790e-02       3.167531454790e-02       8.727471090438e+03       2.767448963142e+00       5.288962851779e-02      -2.658690370106e-08      -1.383726077718e+00      -1.146478298356e-03      -1.383724481571e+00      -3.640344820298e-03 
       2.149524554836e-01      -4.553373187944e-02      -4.275589317156e+03      -4.379737354172e+03      -4.103604267665e-02      -4.355165497392e+03       3.106402946198e-02       3.106402946198e-02       8.759474708345e+03       2.777274041539e+00       5.186904590625e-02      -2.612504335631e-08      -1.388638586023e+00      -1.196801689828e-03      -1.388637020769e+00      -3.660526408292e-03 
       2.174415044964e-01      -4.465562907582e-02      -4.288129323927e+03      -4.395884493786e+03      -4.024474300698e-02      -4.370715981386e+03       3.046531305179e-02       3.046531305179e-02       8.791768987572e+03       2.787203732583e+00       5.086943809683e-02      -2.567729570114e-08      -1.393603401295e+00      -1.244313947049e-03      -1.393601866291e+00      -3.680397705316e-03 
       2.199593835622e-01      -4.380395992667e-02      -4.301926562912e+03      -4.412985241734e+03      -3.947725608485e-02      -4.387265955466e+03       2.988456385334e-02       2.988456385334e-02       8.825970483468e+03       2.797768678123e+00       4.989981152035e-02      -2.524704187584e-08      -1.398885844733e+00      -1.286500907277e-03      -1.398884339062e+00      -3.700227770199e-03 
       2.225064292787e-01      -4.298518729383e-02      -4.317877892177e+03      -4.431782509142e+03      -3.873939563740e-02      -4.405581107397e+03       2.932621539222e-02       2.932621539222e-02       8.863565018283e+03       2.809458561759e+00       4.896757979618e-02      -2.478830202397e-08      -1.404730758368e+00      -1.321438917248e-03      -1.404729280879e+00      -3.720326978882e-03 
       2.250829827337e-01      -4.220307912790e-02      -4.336638865420e+03      -4.452789178710e+03      -3.803457096374e-02      -4.426195757827e+03       2.879275632315e-02       2.879275632315e-02       8.905578357420e+03       2.822609536953e+00       4.807686790911e-02      -2.439081470768e-08      -1.411306219053e+00      -1.347111455102e-03      -1.411304768477e+00      -3.740799391386e-03 
       2.276893896260e-01      -4.146129800359e-02      -4.358876277412e+03      -4.476584843485e+03      -3.736606391202e-02      -4.449702103411e+03       2.828676606016e-02       2.828676606016e-02       8.953169686970e+03       2.837603639408e+00       4.723201422512e-02      -2.393586786174e-08      -1.418803244775e+00      -1.362655451045e-03      -1.418801819704e+00      -3.761987096975e-03 
       2.303260003924e-01      -4.076114156594e-02      -4.384994362376e+03      -4.503518517910e+03      -3.673505815791e-02      -4.476457173528e+03       2.780906894764e-02       2.780906894764e-02       9.007037035819e+03       2.854664777446e+00       4.643437151412e-02      -2.352251827401e-08      -1.427333789734e+00      -1.367577747180e-03      -1.427332388723e+00      -3.784092854570e-03 
       2.329931703385e-01      -4.010101407998e-02      -4.415066873012e+03      -4.533652872629e+03      -3.614012032726e-02      -4.506525261169e+03       2.735856883445e-02       2.735856883445e-02       9.067305745258e+03       2.873833045134e+00       4.568210581756e-02      -2.317308091164e-08      -1.436917900905e+00      -1.362114423201e-03      -1.436916522567e+00      -3.807203845612e-03 
       2.356912597752e-01      -3.947931886656e-02      -4.449127141303e+03      -4.567073327444e+03      -3.557979416833e-02      -4.539983447606e+03       2.693427319252e-02       2.693427319252e-02       9.134146654888e+03       2.895163103812e+00       4.497359614229e-02      -2.275377226486e-08      -1.447582908909e+00      -1.347070566121e-03      -1.447581551906e+00      -3.831514564061e-03 
       2.384206341604e-01      -3.889175973479e-02      -4.486824095808e+03      -4.603523693307e+03      -3.505022747065e-02      -4.576561127286e+03       2.653319425237e-02       2.653319425237e-02       9.207047386614e+03       2.918478436405e+00       4.430383000213e-02      -2.237688551018e-08      -1.459240555052e+00      -1.324155637393e-03      -1.459239218202e+00      -3.857072697545e-03 
       2.411816642459e-01      -3.833283737333e-02      -4.527599066941e+03      -4.642586221214e+03      -3.454646925052e-02      -4.615819209549e+03       2.615159376587e-02       2.615159376587e-02       9.285172442427e+03       2.943499293407e+00       4.366656864690e-02      -2.206560096032e-08      -1.471750964386e+00      -1.295695815003e-03      -1.471749646704e+00      -3.883893459333e-03 
       2.439747262300e-01      -3.779539473324e-02      -4.570625440111e+03      -4.683608183491e+03      -3.406205549755e-02      -4.657078890069e+03       2.578468692589e-02       2.578468692589e-02       9.367216366981e+03       2.969798809379e+00       4.305385846514e-02      -2.166993966744e-08      -1.484900703952e+00      -1.264143215993e-03      -1.484899404689e+00      -3.911827626414e-03 
       2.468002019165e-01      -3.727134297638e-02      -4.614831255503e+03      -4.725720244644e+03      -3.358972208238e-02      -4.699440651240e+03       2.542688121491e-02       2.542688121491e-02       9.451440489287e+03       2.996797973677e+00       4.245633045440e-02      -2.136840560113e-08      -1.498400268133e+00      -1.232632461634e-03      -1.498398986838e+00      -3.940643360556e-03 
       2.496584788785e-01      -3.675215357754e-02      -4.659025546408e+03      -4.767939647582e+03      -3.312176846439e-02      -4.741890889779e+03       2.507245510124e-02       2.507245510124e-02       9.535879295164e+03       3.023856723112e+00       4.186446668672e-02      -2.100967332423e-08      -1.511929625049e+00      -1.203790696696e-03      -1.511928361556e+00      -3.969952297678e-03 
       2.525499506303e-01      -3.623027853041e-02      -4.702029063375e+03      -4.809287621376e+03      -3.265140927821e-02      -4.783421194913e+03       2.471621665893e-02       2.471621665893e-02       9.618575242752e+03       3.050328809924e+00       4.126957965173e-02      -2.070460565309e-08      -1.525165650550e+00      -1.180658034219e-03      -1.525164404962e+00      -3.999423541818e-03 
       2.554750168040e-01      -3.569774926891e-02      -4.742542408084e+03      -4.848651486765e+03      -3.217145604128e-02      -4.822891659237e+03       2.435278188969e-02       2.435278188969e-02       9.697302973530e+03       3.075490964641e+00       4.066269847377e-02      -2.036931058853e-08      -1.537746709627e+00      -1.165351857554e-03      -1.537745482320e+00      -4.028484836331e-03 
       2.584340833344e-01      -3.515053116014e-02      -4.779745100027e+03      -4.885341416041e+03      -3.167827575930e-02      -4.859593236140e+03       2.397939851308e-02       2.397939851308e-02       9.770682832082e+03       3.098891143553e+00       4.003922684063e-02      -2.003084572594e-08      -1.549446780286e+00      -1.159695195055e-03      -1.549445571776e+00      -4.056857051423e-03 
       2.614275626498e-01      -3.458568291698e-02      -4.812941167779e+03      -4.918752503583e+03      -3.116922396682e-02      -4.892907857200e+03       2.359403585043e-02       2.359403585043e-02       9.837505007167e+03       3.120133595336e+00       3.939576451153e-02      -1.972141579724e-08      -1.560067986759e+00      -1.164631523766e-03      -1.560066797668e+00      -4.084193391199e-03 
       2.644558738710e-01      -3.400291465559e-02      -4.841836291973e+03      -4.948619783232e+03      -3.064402914052e-02      -4.922566444854e+03       2.319653395101e-02       2.319653395101e-02       9.897239566465e+03       3.139049947582e+00       3.873205946587e-02      -1.938025730105e-08      -1.569526142839e+00      -1.180164488506e-03      -1.569524973791e+00      -4.110283839211e-03 
       2.675194430176e-01      -3.340444667357e-02      -4.866537538397e+03      -4.975009157968e+03      -3.010469769161e-02      -4.948641241294e+03       2.278836738161e-02       2.278836738161e-02       9.950018315936e+03       3.155683605156e+00       3.805055923450e-02      -1.905319665605e-08      -1.577842951031e+00      -1.205463939599e-03      -1.577841802578e+00      -4.135052453440e-03 
       2.706187032217e-01      -3.279428478981e-02      -4.887499442588e+03      -4.998274457297e+03      -2.955483570682e-02      -4.971501223637e+03       2.237226106510e-02       2.237226106510e-02       9.996548914595e+03       3.170269710879e+00       3.735581214149e-02      -1.872538653452e-08      -1.585135982889e+00      -1.238653992893e-03      -1.585134855439e+00      -4.158498899713e-03 
       2.737540949511e-01      -3.217766949445e-02      -4.905456524638e+03      -5.018992710614e+03      -2.899916734526e-02      -4.991747065646e+03       2.195175605060e-02       2.195175605060e-02       1.003798542123e+04       3.183188950424e+00       3.665371924528e-02      -1.842231194631e-08      -1.591595581428e+00      -1.277446108228e-03      -1.591594475212e+00      -4.180740142126e-03 
       2.769260662395e-01      -3.156113655009e-02      -4.921466633432e+03      -5.038022528935e+03      -2.844356804724e-02      -5.010267048886e+03       2.153134433432e-02       2.153134433432e-02       1.007604505787e+04       3.195011054687e+00       3.595179567819e-02      -1.809128743465e-08      -1.597506612332e+00      -1.318961960218e-03      -1.597505527344e+00      -4.202036850802e-03 
       2.801350729270e-01      -3.095073995292e-02      -4.936602292507e+03      -5.056214165756e+03      -2.789349505030e-02      -5.027944729319e+03       2.111511582496e-02       2.111511582496e-02       1.011242833151e+04       3.206296617915e+00       3.525685694821e-02      -1.774173005612e-08      -1.603149372931e+00      -1.359656797730e-03      -1.603148308958e+00      -4.222533763687e-03 
       2.833815789091e-01      -3.035322235794e-02      -4.952141073112e+03      -5.074614446323e+03      -2.735503215837e-02      -5.045861196543e+03       2.070761170684e-02       2.070761170684e-02       1.014922889265e+04       3.217730049896e+00       3.457646447298e-02      -1.744928482447e-08      -1.608866068351e+00      -1.396707755522e-03      -1.608865024948e+00      -4.242643974656e-03 
       2.866660563954e-01      -2.977444156242e-02      -4.969323447306e+03      -5.094255316935e+03      -2.683343976153e-02      -5.065079200358e+03       2.031288645935e-02       2.031288645935e-02       1.018851063387e+04       3.229994535345e+00       3.391741211373e-02      -1.711099846354e-08      -1.614998291159e+00      -1.427042471389e-03      -1.614997267673e+00      -4.262739360449e-03 
       2.899889861791e-01      -2.921906625507e-02      -4.989214290838e+03      -5.116036624091e+03      -2.633293507050e-02      -5.086522809380e+03       1.993406790275e-02       1.993406790275e-02       1.023207324818e+04       3.243674152680e+00       3.328490120826e-02      -1.680161772548e-08      -1.621838080723e+00      -1.448694657398e-03      -1.621837076340e+00      -4.283241920192e-03 
       2.933508579160e-01      -2.869052301346e-02      -5.012706160861e+03      -5.140744263721e+03      -2.585660343757e-02      -5.110993191268e+03       1.957350139867e-02       1.957350139867e-02       1.028148852744e+04       3.259280321499e+00       3.268285114177e-02      -1.650068505212e-08      -1.629641146960e+00      -1.460612011196e-03      -1.629640160749e+00      -4.304625970009e-03 
       2.967521704153e-01      -2.818976655165e-02      -5.040249187361e+03      -5.168790138534e+03      -2.540530444752e-02      -5.138907477671e+03       1.923184431338e-02       1.923184431338e-02       1.033758027707e+04       3.277079345017e+00       3.211236175060e-02      -1.620995654858e-08      -1.638540641511e+00      -1.462453913871e-03      -1.638539672508e+00      -4.327171051935e-03 
       3.001934319413e-01      -2.771494987210e-02      -5.071733073725e+03      -5.200103560070e+03      -2.497737518270e-02      -5.170188893993e+03       1.890784278505e-02       1.890784278505e-02       1.040020712014e+04       3.297022455990e+00       3.157134104057e-02      -1.592752558994e-08      -1.648512180689e+00      -1.455155051470e-03      -1.648511227995e+00      -4.350962848465e-03 
       3.036751605276e-01      -2.726256947399e-02      -5.106648908240e+03      -5.234288422741e+03      -2.456966274440e-02      -5.204424366558e+03       1.859910756592e-02       1.859910756592e-02       1.046857684548e+04       3.318845786722e+00       3.105579874095e-02      -1.566896979284e-08      -1.659423830522e+00      -1.440694843848e-03      -1.659422893361e+00      -4.375982050905e-03 
       3.071978843033e-01      -2.682733560225e-02      -5.144046744626e+03      -5.270568094605e+03      -2.417739791150e-02      -5.240811509239e+03       1.830206289337e-02       1.830206289337e-02       1.054113618921e+04       3.342040553259e+00       3.055977563186e-02      -1.540418228684e-08      -1.671021198851e+00      -1.421577582125e-03      -1.671020276629e+00      -4.401985335528e-03 
       3.107621418325e-01      -2.640341391102e-02      -5.182745431638e+03      -5.307973641291e+03      -2.379532513044e-02      -5.278349886370e+03       1.801274522032e-02       1.801274522032e-02       1.061594728258e+04       3.365970120286e+00       3.007665850762e-02      -1.512721268621e-08      -1.682985967815e+00      -1.401042116576e-03      -1.682985060143e+00      -4.428684840842e-03 
       3.143684824675e-01      -2.598508626201e-02      -5.221458087430e+03      -5.345452564026e+03      -2.341830075753e-02      -5.315952174398e+03       1.772723539493e-02       1.772723539493e-02       1.069090512805e+04       3.389938724844e+00       2.959989497562e-02      -1.488607309773e-08      -1.694970255732e+00      -1.382255996533e-03      -1.694969362422e+00      -4.455707735748e-03 
       3.180174667161e-01      -2.556746867979e-02      -5.258998432901e+03      -5.382039012374e+03      -2.304191850234e-02      -5.352619726520e+03       1.744224516439e-02       1.744224516439e-02       1.076407802475e+04       3.413314028284e+00       2.912401010291e-02      -1.463373236710e-08      -1.706657893112e+00      -1.368369711794e-03      -1.706657014142e+00      -4.482757550910e-03 
       3.217096666243e-01      -2.514678852996e-02      -5.294342332736e+03      -5.416892320121e+03      -2.266278193470e-02      -5.387484648112e+03       1.715519930751e-02       1.715519930751e-02       1.083378464024e+04       3.435542368682e+00       2.864470255472e-02      -1.438705933293e-08      -1.717772048859e+00      -1.361680211048e-03      -1.717771184341e+00      -4.509502431131e-03 
       3.254456661739e-01      -2.472053085422e-02      -5.326715389144e+03      -5.449361214187e+03      -2.227862606471e-02      -5.419877556811e+03       1.686438210258e-02       1.686438210258e-02       1.089872242837e+04       3.456196948211e+00       2.815910713519e-02      -1.413794423336e-08      -1.728099323973e+00      -1.363636523989e-03      -1.728098474105e+00      -4.535636097749e-03 
       3.292260616973e-01      -2.428746225171e-02      -5.355640248403e+03      -5.479014809746e+03      -2.188833838524e-02      -5.449361080474e+03       1.656895488381e-02       1.656895488381e-02       1.095802961949e+04       3.474999424615e+00       2.766582463958e-02      -1.389119113197e-08      -1.737500547285e+00      -1.374568828745e-03      -1.737499712307e+00      -4.560862282920e-03 
       3.330514623091e-01      -2.384796260433e-02      -5.381043277139e+03      -5.505743903479e+03      -2.149226099000e-02      -5.475831805506e+03       1.626916836874e-02       1.626916836874e-02       1.101148780696e+04       3.491883191697e+00       2.716527097958e-02      -1.365218979229e-08      -1.745942415709e+00      -1.393632869141e-03      -1.745941595849e+00      -4.584965264416e-03 
       3.369224903559e-01      -2.340405722459e-02      -5.403307761931e+03      -5.529817894881e+03      -2.109221489425e-02      -5.499576506995e+03       1.596640668929e-02       1.596640668929e-02       1.105963578976e+04       3.507031944540e+00       2.665975916524e-02      -1.339656281912e-08      -1.753516776858e+00      -1.418836545535e-03      -1.753515972270e+00      -4.607862076429e-03 
       3.408397818850e-01      -2.295937883734e-02      -5.423284123198e+03      -5.551910937273e+03      -2.069147484347e-02      -5.521295748403e+03       1.566312437604e-02       1.566312437604e-02       1.110382187455e+04       3.520889926164e+00       2.615337957135e-02      -1.314138534741e-08      -1.760445752369e+00      -1.447518796450e-03      -1.760444963082e+00      -4.629690714309e-03 
       3.448039871328e-01      -2.251858590672e-02      -5.442181544833e+03      -5.573017846746e+03      -2.029424021666e-02      -5.542016136251e+03       1.536247435091e-02       1.536247435091e-02       1.114603569349e+04       3.534108852875e+00       2.565138819698e-02      -1.291791378115e-08      -1.767055200556e+00      -1.476778564425e-03      -1.767054426438e+00      -4.650811013685e-03 
       3.488157710346e-01      -2.208646271932e-02      -5.461365908348e+03      -5.594281973849e+03      -1.990481431247e-02      -5.562913814444e+03       1.506773763826e-02       1.506773763826e-02       1.118856394770e+04       3.547441390208e+00       2.515927126617e-02      -1.268417809603e-08      -1.773721454355e+00      -1.503378560878e-03      -1.773720695104e+00      -4.671655960410e-03 
       3.528758137560e-01      -2.166691609665e-02      -5.482054732681e+03      -5.616724503141e+03      -1.952671809471e-02      -5.585038877097e+03       1.478156298122e-02       1.478156298122e-02       1.123344900628e+04       3.561555208535e+00       2.468144602424e-02      -1.245242137559e-08      -1.780778349088e+00      -1.524485167981e-03      -1.780777604268e+00      -4.692615857409e-03 
       3.569848112472e-01      -2.126241559197e-02      -5.505150510019e+03      -5.641102379563e+03      -1.916217351679e-02      -5.609169700627e+03       1.450564502788e-02       1.450564502788e-02       1.128220475913e+04       3.576948136693e+00       2.422074627899e-02      -1.220265785619e-08      -1.788474799259e+00      -1.538685572337e-03      -1.788474068346e+00      -4.714091429674e-03 
       3.611434758224e-01      -2.087384426805e-02      -5.531110680455e+03      -5.667804569159e+03      -1.881198472870e-02      -5.635705272068e+03       1.424054689408e-02       1.424054689408e-02       1.133560913832e+04       3.593868850263e+00       2.377809722462e-02      -1.197870647147e-08      -1.796935142687e+00      -1.545102583394e-03      -1.796934425132e+00      -4.736256157479e-03 
       3.653525367639e-01      -2.050061317775e-02      -5.559970524838e+03      -5.696881498625e+03      -1.847561728412e-02      -5.664693545429e+03       1.398589000719e-02       1.398589000719e-02       1.139376299725e+04       3.612350861531e+00       2.335287532748e-02      -1.177348937484e-08      -1.806176135494e+00      -1.544480753175e-03      -1.806175430765e+00      -4.759268725086e-03 
       3.696127409538e-01      -2.014106307544e-02      -5.591388478955e+03      -5.728089459926e+03      -1.815157309441e-02      -5.695875905863e+03       1.374056512515e-02       1.374056512515e-02       1.145617891985e+04       3.632232339629e+00       2.294323662566e-02      -1.154607770592e-08      -1.816116862192e+00      -1.538230397195e-03      -1.816116169815e+00      -4.783147929585e-03 
       3.739248535338e-01      -1.979266595190e-02      -5.624666677888e+03      -5.760893335208e+03      -1.783758126315e-02      -5.728692687205e+03       1.350283010708e-02       1.350283010708e-02       1.152178667042e+04       3.653153278909e+00       2.254626456152e-02      -1.134102227470e-08      -1.826577319864e+00      -1.528869018469e-03      -1.826576639455e+00      -4.807838770794e-03 
       3.782896585951e-01      -1.945209801465e-02      -5.658793491433e+03      -5.794481898977e+03      -1.753064679974e-02      -5.762302721264e+03       1.327043241674e-02       1.327043241674e-02       1.158896379795e+04       3.674579056980e+00       2.215820281029e-02      -1.115572962013e-08      -1.837290197200e+00      -1.519516728232e-03      -1.837289528490e+00      -4.833162400381e-03 
       3.827079599000e-01      -1.911562928129e-02      -5.692551373957e+03      -5.827839892278e+03      -1.722740605971e-02      -5.795660893864e+03       1.304085058484e-02       1.304085058484e-02       1.165567978456e+04       3.695846688873e+00       2.177484934453e-02      -1.095384590058e-08      -1.847924001587e+00      -1.512721853219e-03      -1.847923344437e+00      -4.858689467666e-03 
       3.871805816365e-01      -1.878001291854e-02      -5.724785380363e+03      -5.859983316490e+03      -1.692493655087e-02      -5.827758213147e+03       1.281186434956e-02       1.281186434956e-02       1.171996663298e+04       3.716311746311e+00       2.139249426373e-02      -1.075764302913e-08      -1.858156518773e+00      -1.510801822217e-03      -1.858155873155e+00      -4.883977910305e-03 
       3.917083692089e-01      -1.844317167010e-02      -5.754679190976e+03      -5.890204718695e+03      -1.662136438260e-02      -5.857871460960e+03       1.258206946883e-02       1.258206946883e-02       1.178040943739e+04       3.735515264589e+00       2.100879755642e-02      -1.054947686014e-08      -1.867758266335e+00      -1.514999291251e-03      -1.867757632294e+00      -4.908648752389e-03 
       3.962921900649e-01      -1.810480722359e-02      -5.781983002328e+03      -5.918283744532e+03      -1.631642491807e-02      -5.885776072756e+03       1.235124255231e-02       1.235124255231e-02       1.183656748906e+04       3.753310804199e+00       2.062337860117e-02      -1.035701524649e-08      -1.876656024506e+00      -1.525485098081e-03      -1.876655402100e+00      -4.932545801055e-03 
       4.009329345627e-01      -1.776605357965e-02      -5.806988226121e+03      -5.944457899917e+03      -1.601113921787e-02      -5.911717572349e+03       1.212015446158e-02       1.212015446158e-02       1.188891579983e+04       3.769854651008e+00       2.023752385600e-02      -1.017893180533e-08      -1.884927936260e+00      -1.541232996327e-03      -1.884927325504e+00      -4.955703446601e-03 
       4.056315168792e-01      -1.742882343962e-02      -5.830352293670e+03      -5.969259898217e+03      -1.570722446101e-02      -5.936247255051e+03       1.189012830007e-02       1.189012830007e-02       1.193851979643e+04       3.785502075319e+00       1.985345023302e-02      -9.982162924327e-09      -1.892751636818e+00      -1.560187216388e-03      -1.892751037659e+00      -4.978243213697e-03 
       4.103888759632e-01      -1.709529421860e-02      -5.852894320710e+03      -5.993338654515e+03      -1.540664831024e-02      -5.960039540962e+03       1.166261455729e-02       1.166261455729e-02       1.198667730903e+04       3.800677086022e+00       1.947356679557e-02      -9.805916402890e-09      -1.900339130697e+00      -1.580056031044e-03      -1.900338543011e+00      -5.000335860794e-03 
       4.152059765344e-01      -1.676753472423e-02      -5.875496959002e+03      -6.017396244071e+03      -1.511126942718e-02      -5.983823539677e+03       1.143903865687e-02       1.143903865687e-02       1.203479248814e+04       3.815847555846e+00       1.910025972549e-02      -9.623530263541e-09      -1.907924354337e+00      -1.598198660329e-03      -1.907923777923e+00      -5.022151930028e-03 
       4.200838101329e-01      -1.644758975906e-02      -5.899070018839e+03      -6.042187922031e+03      -1.482293087769e-02      -6.008377355307e+03       1.122078533956e-02       1.122078533956e-02       1.208437584406e+04       3.831507959268e+00       1.873583773785e-02      -9.436775302169e-09      -1.915754545046e+00      -1.612359116899e-03      -1.915753979634e+00      -5.043955748089e-03 
       4.250233962207e-01      -1.613705832699e-02      -5.924384226594e+03      -6.068387056015e+03      -1.454307426909e-02      -6.034388377825e+03       1.100894053138e-02       1.100894053138e-02       1.213677411203e+04       3.848095615743e+00       1.838211228284e-02      -9.261833535113e-09      -1.924048362607e+00      -1.621791231941e-03      -1.924047807871e+00      -5.066177128368e-03 
       4.300257833389e-01      -1.583655990639e-02      -5.951837738104e+03      -6.096369770564e+03      -1.427225725066e-02      -6.062235484958e+03       1.080392978509e-02       1.080392978509e-02       1.219273954113e+04       3.865852613776e+00       1.803979505369e-02      -9.088391926356e-09      -1.932926851295e+00      -1.626221594201e-03      -1.932926306888e+00      -5.089075826233e-03 
       4.350920503249e-01      -1.554531483068e-02      -5.981244088090e+03      -6.126004993814e+03      -1.400977812805e-02      -6.091779153616e+03       1.060522277449e-02       1.060522277449e-02       1.225200998763e+04       3.884690014023e+00       1.770800082156e-02      -8.921965433551e-09      -1.942345541409e+00      -1.626807630586e-03      -1.942345007012e+00      -5.112722267335e-03 
       4.402233075914e-01      -1.526144897998e-02      -6.011907323949e+03      -6.156714258048e+03      -1.375394830799e-02      -6.122423555660e+03       1.041154661947e-02       1.041154661947e-02       1.231342851610e+04       3.904228755791e+00       1.738460597460e-02      -8.756303147571e-09      -1.952114902539e+00      -1.625153385833e-03      -1.952114377896e+00      -5.136894142145e-03 
       4.454206984736e-01      -1.498285946519e-02      -6.042945021925e+03      -6.187766747828e+03      -1.350287374033e-02      -6.153415443492e+03       1.022147073928e-02       1.022147073928e-02       1.237553349566e+04       3.923989058986e+00       1.706722286388e-02      -8.592764839936e-09      -1.961995044563e+00      -1.623450231583e-03      -1.961994529493e+00      -5.161335386635e-03 
       4.506854006466e-01      -1.470788415816e-02      -6.073586995400e+03      -6.218542012689e+03      -1.325505717667e-02      -6.184112021304e+03       1.003386630311e-02       1.003386630311e-02       1.243708402538e+04       3.943561912158e+00       1.675396813988e-02      -8.430346589470e-09      -1.971781461698e+00      -1.623906374567e-03      -1.971780956079e+00      -5.185881042007e-03 
       4.560186276189e-01      -1.443540536663e-02      -6.103264419717e+03      -6.248582955137e+03      -1.300949213942e-02      -6.214039507404e+03       9.847971551234e-03       9.847971551234e-03       1.249716591027e+04       3.962645267440e+00       1.644356990258e-02      -8.272973300548e-09      -1.981323129973e+00      -1.627876479061e-03      -1.981322633720e+00      -5.210366013077e-03 
       4.614216303071e-01      -1.416469588905e-02      -6.131589327353e+03      -6.277550919501e+03      -1.276552316526e-02      -6.242852139341e+03       9.663291754497e-03       9.663291754497e-03       1.255510183900e+04       3.981019005610e+00       1.613520255951e-02      -8.117804571500e-09      -1.990509989752e+00      -1.635834468394e-03      -1.990509502805e+00      -5.234589410574e-03 
       4.668956986955e-01      -1.389553469039e-02      -6.158430661673e+03      -6.305291953514e+03      -1.252295080108e-02      -6.270399848585e+03       9.479674630358e-03       9.479674630358e-03       1.261058390703e+04       3.998587254587e+00       1.582861140888e-02      -7.964626572265e-09      -1.999294104986e+00      -1.647240654159e-03      -1.999293627294e+00      -5.258346673421e-03 
       4.724421635890e-01      -1.362858687635e-02      -6.184108121223e+03      -6.332040497983e+03      -1.228237388829e-02      -6.296930022107e+03       9.297571121958e-03       9.297571121958e-03       1.266408099597e+04       4.015507348565e+00       1.552454862663e-02      -7.813267962802e-09      -2.007754142796e+00      -1.660733642043e-03      -2.007753674283e+00      -5.281620916637e-03 
       4.780623984623e-01      -1.336533739786e-02      -6.209387673098e+03      -6.358440197191e+03      -1.204513018839e-02      -6.323104301887e+03       9.117990076776e-03       9.117990076776e-03       1.271688039438e+04       4.032200423396e+00       1.522469746735e-02      -7.666164961330e-09      -2.016100671160e+00      -1.674543648432e-03      -2.016100211698e+00      -5.304661049747e-03 
       4.837578214154e-01      -1.310733366978e-02      -6.235135859157e+03      -6.385232891712e+03      -1.181261331304e-02      -6.349682715337e+03       8.941985611862e-03       8.941985611862e-03       1.277046578342e+04       4.049150963706e+00       1.493081776222e-02      -7.519055417443e-09      -2.024575932444e+00      -1.686945007276e-03      -2.024575481853e+00      -5.327802073606e-03 
       4.895298972391e-01      -1.285537399866e-02      -6.261892829617e+03      -6.412864710984e+03      -1.158554294514e-02      -6.377125316636e+03       8.770098098764e-03       8.770098098764e-03       1.282572942197e+04       4.066651293293e+00       1.464381033361e-02      -7.380224467387e-09      -2.033326088575e+00      -1.696853357380e-03      -2.033325646647e+00      -5.351239408412e-03 
       4.953801396020e-01      -1.260948400579e-02      -6.289806249463e+03      -6.441444859505e+03      -1.136394132899e-02      -6.405547143936e+03       8.602347669367e-03       8.602347669367e-03       1.288288971901e+04       4.084775467921e+00       1.436370988424e-02      -7.238881508462e-09      -2.042388167436e+00      -1.703689164485e-03      -2.042387733961e+00      -5.374974669544e-03 
       5.013101133638e-01      -1.236939582427e-02      -6.318823386428e+03      -6.470945028083e+03      -1.114756763977e-02      -6.434916106553e+03       8.438551368098e-03       8.438551368098e-03       1.294189005617e+04       4.103502811928e+00       1.409021070916e-02      -7.100234740901e-09      -2.051751831187e+00      -1.708061134282e-03      -2.051751405964e+00      -5.399077539596e-03 
       5.073214370266e-01      -1.213466775647e-02      -6.348750772659e+03      -6.501248165349e+03      -1.093602391182e-02      -6.465103374787e+03       8.278411054139e-03       8.278411054139e-03       1.300249633070e+04       4.122751886558e+00       1.382281601818e-02      -6.959995767509e-09      -2.061376360434e+00      -1.711073860646e-03      -2.061375943279e+00      -5.423619487152e-03 
       5.134157853330e-01      -1.190441223462e-02      -6.379110771604e+03      -6.531978883164e+03      -1.072851138445e-02      -6.495718211191e+03       8.121321129454e-03       8.121321129454e-03       1.306395776633e+04       4.142273257799e+00       1.356051430539e-02      -6.827289422918e-09      -2.071137038140e+00      -1.714397025491e-03      -2.071136628900e+00      -5.448550652383e-03 
       5.195948920219e-01      -1.167741406273e-02      -6.409211129496e+03      -6.562539539659e+03      -1.052393474348e-02      -6.526149240701e+03       7.966456634503e-03       7.966456634503e-03       1.312507907932e+04       4.161678125934e+00       1.330192948028e-02      -6.694380670795e-09      -2.080839464405e+00      -1.719181565525e-03      -2.080839062967e+00      -5.473565428039e-03 
       5.258605527531e-01      -1.145289025738e-02      -6.438572541994e+03      -6.592509649801e+03      -1.032158886726e-02      -6.555967532338e+03       7.813282880409e-03       7.813282880409e-03       1.318501929960e+04       4.180692760881e+00       1.304616844552e-02      -6.565499055331e-09      -2.090346774160e+00      -1.726149330181e-03      -2.090346380440e+00      -5.498434837064e-03 
       5.322146282141e-01      -1.123091278090e-02      -6.467220876187e+03      -6.621922029231e+03      -1.012153839300e-02      -6.585204749174e+03       7.661849369714e-03       7.661849369714e-03       1.324384405846e+04       4.199337554099e+00       1.279331404689e-02      -6.438498379069e-09      -2.099669163138e+00      -1.735253987400e-03      -2.099668777050e+00      -5.523177091690e-03 
       5.386590474225e-01      -1.101192644115e-02      -6.495452187037e+03      -6.651029113938e+03      -9.924183953675e-03      -6.614119701963e+03       7.512458298540e-03       7.512458298540e-03       1.330205822788e+04       4.217777301145e+00       1.254387051840e-02      -6.313475156739e-09      -2.108889029132e+00      -1.745773424580e-03      -2.108888650573e+00      -5.547884947582e-03 
       5.451958112383e-01      -1.079627048159e-02      -6.523550257978e+03      -6.680039162703e+03      -9.729831098972e-03      -6.642932116616e+03       7.365338898719e-03       7.365338898719e-03       1.336007832541e+04       4.236151560754e+00       1.229821993630e-02      -6.192159330572e-09      -2.118076151522e+00      -1.756594954395e-03      -2.118075780377e+00      -5.572558333570e-03 
       5.518269961031e-01      -1.058435204748e-02      -6.551868245231e+03      -6.709226731418e+03      -9.538846205138e-03      -6.671928374629e+03       7.220768650482e-03       7.220768650482e-03       1.341845346284e+04       4.254643001380e+00       1.205682566700e-02      -6.070890234807e-09      -2.127321864549e+00      -1.766611807310e-03      -2.127321500690e+00      -5.597251966755e-03 
       5.585547580240e-01      -1.037675462110e-02      -6.580878952659e+03      -6.739011287141e+03      -9.351755101587e-03      -6.701535530127e+03       7.079144124249e-03       7.079144124249e-03       1.347802257428e+04       4.273523500755e+00       1.182034939398e-02      -5.951896164649e-09      -2.136762107100e+00      -1.775177428380e-03      -2.136761750377e+00      -5.622204371345e-03 
       5.653813368197e-01      -1.017370203759e-02      -6.610823417076e+03      -6.769623011793e+03      -9.168759515635e-03      -6.731985037333e+03       6.940618066286e-03       6.940618066286e-03       1.353924602359e+04       4.292940629815e+00       1.158904617796e-02      -5.835295434119e-09      -2.146470664650e+00      -1.782254726078e-03      -2.146470314907e+00      -5.647594251637e-03 
       5.723090606529e-01      -9.974714541180e-03      -6.641450199001e+03      -6.800841941593e+03      -8.989427237907e-03      -6.763052403350e+03       6.804864007138e-03       6.804864007138e-03       1.360168388319e+04       4.312751412235e+00       1.136237113237e-02      -5.720905779071e-09      -2.156376049020e+00      -1.788369697557e-03      -2.156375706117e+00      -5.673325362473e-03 
       5.793403508692e-01      -9.779197200240e-03      -6.672379889365e+03      -6.832347022279e+03      -8.813222323095e-03      -6.794408014286e+03       6.671477233297e-03       6.671477233297e-03       1.366469404456e+04       4.332745946957e+00       1.113964881652e-02      -5.608513564533e-09      -2.166373309660e+00      -1.794376879625e-03      -2.166372973479e+00      -5.699269326292e-03 
       5.864777271687e-01      -9.586879370180e-03      -6.703427696485e+03      -6.864013366798e+03      -8.639901039668e-03      -6.825917811960e+03       6.540274086820e-03       6.540274086820e-03       1.372802673360e+04       4.352839019562e+00       1.092057284744e-02      -5.498056386960e-09      -2.176419839352e+00      -1.801103832627e-03      -2.176419509781e+00      -5.725449442194e-03 
       5.937238131390e-01      -9.397493033052e-03      -6.734414578548e+03      -6.895699182097e+03      -8.469221932902e-03      -6.857434421076e+03       6.411072202500e-03       6.411072202500e-03       1.379139836419e+04       4.372936805846e+00       1.070483885838e-02      -5.389404975237e-09      -2.186468725983e+00      -1.809006676569e-03      -2.186468402923e+00      -5.751819960850e-03 
       6.010813421777e-01      -9.210705457569e-03      -6.765126942650e+03      -6.927192222240e+03      -8.300885118727e-03      -6.888745782552e+03       6.283644462981e-03       6.283644462981e-03       1.385438444448e+04       4.392904067962e+00       1.049206758565e-02      -5.282347731871e-09      -2.196452350620e+00      -1.818010722520e-03      -2.196452033981e+00      -5.778200059861e-03 
       6.085531638393e-01      -9.026655072699e-03      -6.795717832272e+03      -6.958614800616e+03      -8.135015234531e-03      -6.919978805097e+03       6.158084670060e-03       6.158084670060e-03       1.391722960123e+04       4.412821568637e+00       1.028241547352e-02      -5.176914685896e-09      -2.206411094630e+00      -1.827622902971e-03      -2.206410784318e+00      -5.804613358856e-03 
       6.161422506428e-01      -8.845791096649e-03      -6.826610735548e+03      -6.990344343712e+03      -7.972016973815e-03      -6.951517438901e+03       6.034698486864e-03       6.034698486864e-03       1.398068868742e+04       4.432933916627e+00       1.007639267485e-02      -5.073296125134e-09      -2.216467262407e+00      -1.837191616289e-03      -2.216466958313e+00      -5.831263476868e-03 
       6.238517053790e-01      -8.668201355678e-03      -6.857970651877e+03      -7.022506509368e+03      -7.811969387356e-03      -6.983493282917e+03       5.913545291247e-03       5.913545291247e-03       1.404501301874e+04       4.453324856225e+00       9.874098182681e-03      -4.971487455435e-09      -2.226662726101e+00      -1.846192773050e-03      -2.226662428112e+00      -5.858172894028e-03 
       6.316847689635e-01      -8.493781749483e-03      -6.889795779576e+03      -7.055084332636e+03      -7.654778639800e-03      -7.015891784792e+03       5.794553963801e-03       5.794553963801e-03       1.411016866527e+04       4.473985057322e+00       9.675413217023e-03      -4.871414849373e-09      -2.236992820653e+00      -1.854465579913e-03      -2.236992528661e+00      -5.885304713818e-03 
       6.396448288827e-01      -8.322607791397e-03      -6.922209484116e+03      -7.088214915070e+03      -7.500512834060e-03      -7.048847632093e+03       5.677776295103e-03       5.677776295103e-03       1.417642983014e+04       4.495000481667e+00       9.480424333311e-03      -4.773149434252e-09      -2.247500526942e+00      -1.862268058085e-03      -2.247500240834e+00      -5.912806909794e-03 
       6.477354282875e-01      -8.154477397848e-03      -6.955090176315e+03      -7.121808943818e+03      -7.348989941765e-03      -7.082266611942e+03       5.563074924334e-03       5.563074924334e-03       1.424361788764e+04       4.516311208871e+00       9.288902317002e-03      -4.676627435068e-09      -2.258155884764e+00      -1.870080160013e-03      -2.258155604436e+00      -5.940679865997e-03 
       6.559602757945e-01      -7.988929614214e-03      -6.988073333960e+03      -7.155534136122e+03      -7.199794628898e-03      -7.115812003347e+03       5.450135840512e-03       5.450135840512e-03       1.431106827224e+04       4.537702672725e+00       9.100322979644e-03      -4.581627823745e-09      -2.268851611000e+00      -1.878328308764e-03      -2.268851336362e+00      -5.968722196291e-03 
       6.643232560598e-01      -7.825926492393e-03      -7.021157952079e+03      -7.189405933432e+03      -7.052892720821e-03      -7.149496636558e+03       5.338933293891e-03       5.338933293891e-03       1.437881186686e+04       4.559183115676e+00       8.914643365403e-03      -4.488138994332e-09      -2.279591826872e+00      -1.887206359253e-03      -2.279591557838e+00      -5.996974624804e-03 
       6.728284411997e-01      -7.665546650980e-03      -7.054471602475e+03      -7.223545802398e+03      -6.908355037896e-03      -7.183442708813e+03       5.229520750237e-03       5.229520750237e-03       1.444709160480e+04       4.580830414401e+00       8.731952700727e-03      -4.396189425828e-09      -2.290415470721e+00      -1.896591032233e-03      -2.290415207201e+00      -6.025515185700e-03 
       6.814801031383e-01      -7.507638479494e-03      -7.087945439265e+03      -7.257862589762e+03      -6.766044891651e-03      -7.217562740372e+03       5.121794477956e-03       5.121794477956e-03       1.451572517952e+04       4.602588678932e+00       8.552077694551e-03      -4.305664243168e-09      -2.301294597558e+00      -1.906134164209e-03      -2.301294339466e+00      -6.054219363329e-03 
       6.902827269736e-01      -7.352345826483e-03      -7.121793028755e+03      -7.292546658787e+03      -6.626091865092e-03      -7.252050380293e+03       5.015852316637e-03       5.015852316637e-03       1.458509331757e+04       4.624581285276e+00       8.375181630302e-03      -4.216617301736e-09      -2.312290895391e+00      -1.915522879912e-03      -2.312290642638e+00      -6.083192335301e-03 
       6.992410254616e-01      -7.199800359069e-03      -7.156224652865e+03      -7.327797635351e+03      -6.488614597190e-03      -7.287106552881e+03       4.911783981607e-03       4.911783981607e-03       1.465559527070e+04       4.646936311723e+00       8.201414278894e-03      -4.129112592645e-09      -2.323468403371e+00      -1.924643997704e-03      -2.323468155862e+00      -6.112576492857e-03 
       7.083599547303e-01      -7.049744139018e-03      -7.191050932829e+03      -7.363432316144e+03      -6.353380656212e-03      -7.322547429065e+03       4.809413642301e-03       4.809413642301e-03       1.472686463229e+04       4.669536577403e+00       8.030482087134e-03      -4.043016167796e-09      -2.334768531052e+00      -1.933602843388e-03      -2.334768288701e+00      -6.142241838350e-03 
       7.176447313498e-01      -6.902131304070e-03      -7.226278195791e+03      -7.399474209568e+03      -6.220348747635e-03      -7.358393775529e+03       4.708710216473e-03       4.708710216473e-03       1.479894841914e+04       4.692395405612e+00       7.862333214164e-03      -3.958322608190e-09      -2.346197940082e+00      -1.942658451501e-03      -2.346197702806e+00      -6.172245676396e-03 
       7.271008508973e-01      -6.756914802327e-03      -7.261913270273e+03      -7.435945851406e+03      -6.089476495309e-03      -7.394665619591e+03       4.609641758428e-03       4.609641758428e-03       1.487189170281e+04       4.715525634440e+00       7.696914362632e-03      -3.875020061711e-09      -2.357763049504e+00      -1.952026321988e-03      -2.357762817220e+00      -6.202637873902e-03 
       7.367341081734e-01      -6.613853340265e-03      -7.297754379218e+03      -7.472649648126e+03      -5.960546449534e-03      -7.431165081716e+03       4.512043692863e-03       4.512043692863e-03       1.494529929625e+04       4.738801098833e+00       7.533950744364e-03      -3.792973627446e-09      -2.369400776783e+00      -1.961731895921e-03      -2.369400549417e+00      -6.233264664605e-03 
       7.465506192458e-01      -6.473051401884e-03      -7.333986101382e+03      -7.509762637774e+03      -5.833652748920e-03      -7.468070051637e+03       4.415987176083e-03       4.415987176083e-03       1.501952527555e+04       4.762335188803e+00       7.373561137314e-03      -3.712230780369e-09      -2.381167816927e+00      -1.971659013636e-03      -2.381167594401e+00      -6.264249606075e-03 
       7.565568455175e-01      -6.334483633425e-03      -7.370661136780e+03      -7.547325249387e+03      -5.708772519577e-03      -7.505422809160e+03       4.321454779577e-03       4.321454779577e-03       1.509465049877e+04       4.786154806859e+00       7.215716402939e-03      -3.632763616265e-09      -2.393077621192e+00      -1.981630762682e-03      -2.393077403429e+00      -6.295598578240e-03 
       7.667596200406e-01      -6.198036951985e-03      -7.407724187036e+03      -7.585274925472e+03      -5.585803840009e-03      -7.543162053937e+03       4.228369305433e-03       4.228369305433e-03       1.517054985094e+04       4.810220835069e+00       7.060287625790e-03      -3.554501981206e-09      -2.405110630606e+00      -1.991548589195e-03      -2.405110417534e+00      -6.327247203538e-03 
       7.771661763261e-01      -6.063786175686e-03      -7.445338846471e+03      -7.623777768861e+03      -5.464814140346e-03      -7.581453183205e+03       4.136781817222e-03       4.136781817222e-03       1.524755553772e+04       4.834638753439e+00       6.907360075480e-03      -3.477490936456e-09      -2.417319585176e+00      -2.001471437880e-03      -2.417319376720e+00      -6.359336624348e-03 
       7.877841799308e-01      -5.931523470680e-03      -7.483317025502e+03      -7.662653941022e+03      -5.345616136742e-03      -7.620115400469e+03       4.046550629721e-03       4.046550629721e-03       1.532530788204e+04       4.859293316692e+00       6.756697202525e-03      -3.401621963575e-09      -2.429646862255e+00      -2.011510671561e-03      -2.429646658346e+00      -6.391740210579e-03 
       7.986217631414e-01      -5.801240021345e-03      -7.521712975252e+03      -7.701964482385e+03      -5.228201892807e-03      -7.659208565621e+03       3.957669777652e-03       3.957669777652e-03       1.540392896477e+04       4.884222723397e+00       6.608289060469e-03      -3.326895067449e-09      -2.442111561129e+00      -2.021762714380e-03      -2.442111361698e+00      -6.424520856032e-03 
       8.096875631153e-01      -5.672883422564e-03      -7.560532451991e+03      -7.741715406963e+03      -5.112524178267e-03      -7.698738640919e+03       3.870103500328e-03       3.870103500328e-03       1.548343081393e+04       4.909430773287e+00       6.462075935510e-03      -3.253279230297e-09      -2.454715581662e+00      -2.032222041485e-03      -2.454715386644e+00      -6.457682445026e-03 
       8.209907638875e-01      -5.546370705396e-03      -7.599742238122e+03      -7.781868247924e+03      -4.998508211622e-03      -7.738668055899e+03       3.783795149050e-03       3.783795149050e-03       1.556373649585e+04       4.934893484525e+00       6.317963225625e-03      -3.180722044940e-09      -2.467446932931e+00      -2.042807153191e-03      -2.467446742262e+00      -6.491182202310e-03 
       8.325411427102e-01      -5.421760923103e-03      -7.639506815419e+03      -7.822583082670e+03      -4.886207202351e-03      -7.779157279053e+03       3.698784960067e-03       3.698784960067e-03       1.564516616534e+04       4.960713159032e+00       6.176018100944e-03      -3.109251868970e-09      -2.480356765902e+00      -2.053465412148e-03      -2.480356579516e+00      -6.525139788044e-03 
       8.443491212515e-01      -5.298905714296e-03      -7.679697503653e+03      -7.863731217268e+03      -4.775487448250e-03      -7.820077860132e+03       3.614971736052e-03       3.614971736052e-03       1.572746243454e+04       4.986807892067e+00       6.036071592364e-03      -3.038785459980e-09      -2.493404128196e+00      -2.064192460887e-03      -2.493403946034e+00      -6.559452103884e-03 
       8.564258222607e-01      -5.177846575968e-03      -7.720454237166e+03      -7.905456780508e+03      -4.666386349901e-03      -7.861572998862e+03       3.532383806869e-03       3.532383806869e-03       1.581091356102e+04       5.013269012508e+00       5.898171009474e-03      -2.969348664471e-09      -2.506634684255e+00      -2.075055573774e-03      -2.506634506254e+00      -6.594243904482e-03 
       8.687831323856e-01      -5.058432128276e-03      -7.761631092370e+03      -7.947617237546e+03      -4.558767488198e-03      -7.903499895847e+03       3.450917934009e-03       3.450917934009e-03       1.589523447509e+04       5.040005478583e+00       5.762143980031e-03      -2.900858569987e-09      -2.520002913187e+00      -2.086089724734e-03      -2.520002739291e+00      -6.629406837929e-03 
       8.814337719335e-01      -4.940699447564e-03      -7.803369899775e+03      -7.990354503482e+03      -4.452664273140e-03      -7.946000186562e+03       3.370599395236e-03       3.370599395236e-03       1.598070900696e+04       5.067107602015e+00       5.628032707063e-03      -2.833334585831e-09      -2.533553970855e+00      -2.097299869443e-03      -2.533553801008e+00      -6.665054608608e-03 
       8.943913724798e-01      -4.824537206551e-03      -7.845584129818e+03      -8.033579464648e+03      -4.347976372744e-03      -7.988985330311e+03       3.291352229769e-03       3.291352229769e-03       1.606715892930e+04       5.094518913413e+00       5.495710352009e-03      -2.766711641768e-09      -2.547259622561e+00      -2.108643649423e-03      -2.547259456707e+00      -6.701109960099e-03 
       9.076705633606e-01      -4.709972690751e-03      -7.888410570428e+03      -8.077427771030e+03      -4.244728373189e-03      -8.032590901160e+03       3.213195034506e-03       3.213195034506e-03       1.615485554206e+04       5.122325856085e+00       5.365207962118e-03      -2.701003336360e-09      -2.561163089959e+00      -2.120115165344e-03      -2.561162928042e+00      -6.737680056417e-03 
       9.212870682466e-01      -4.596893191377e-03      -7.931752867989e+03      -8.121804204474e+03      -4.142818702566e-03      -8.076721681382e+03       3.136050933813e-03       3.136050933813e-03       1.624360840895e+04       5.150467719756e+00       5.236397179105e-03      -2.636146868008e-09      -2.575234017907e+00      -2.131724629710e-03      -2.575233859878e+00      -6.774690587193e-03 
       9.352578131720e-01      -4.485299665291e-03      -7.975712260786e+03      -8.166812106323e+03      -4.042247741466e-03      -8.121480488172e+03       3.059922701653e-03       3.059922701653e-03       1.633362421265e+04       5.179012183151e+00       5.109283455744e-03      -2.568379442192e-09      -2.589506245768e+00      -2.143454822350e-03      -2.589506091575e+00      -6.812223381350e-03 
       9.496010476076e-01      -4.375084913390e-03      -8.020182969740e+03      -8.212346153356e+03      -3.942919857900e-03      -8.166762124408e+03       2.984732923951e-03       2.984732923951e-03       1.642469230671e+04       5.207887957691e+00       4.983735871889e-03      -2.505268947360e-09      -2.603944129249e+00      -2.155398999907e-03      -2.603943978846e+00      -6.850204121751e-03 
       9.643364804132e-01      -4.266266271347e-03      -8.065303474966e+03      -8.258544456204e+03      -3.844850177594e-03      -8.212704499527e+03       2.910495584214e-03       2.910495584214e-03       1.651708891241e+04       5.237185076857e+00       4.859778613118e-03      -2.442964182873e-09      -2.618592685091e+00      -2.167507306992e-03      -2.618592538428e+00      -6.888737469663e-03 
       9.794854327925e-01      -4.158745552233e-03      -8.110992028608e+03      -8.305324716358e+03      -3.747950251832e-03      -8.259225555950e+03       2.837143507597e-03       2.837143507597e-03       1.661064943272e+04       5.266850971844e+00       4.737299441926e-03      -2.381183729241e-09      -2.633425628889e+00      -2.179771340384e-03      -2.633425485922e+00      -6.927756454035e-03 
       9.950710107137e-01      -4.052517775323e-03      -8.157346717413e+03      -8.352786041397e+03      -3.652215499250e-03      -8.306424054923e+03       2.764673760623e-03       2.764673760623e-03       1.670557208279e+04       5.296949205155e+00       4.616293636700e-03      -2.320391303772e-09      -2.648474741893e+00      -2.192204620572e-03      -2.648474602578e+00      -6.967342481737e-03 
       1.011118299649e+00      -3.947522059083e-03      -8.204356591917e+03      -8.400918655842e+03      -3.557591090811e-03      -8.354290055037e+03       2.693044618905e-03       2.693044618905e-03       1.680183731168e+04       5.327473192960e+00       4.496691455925e-03      -2.260115387438e-09      -2.663736732185e+00      -2.204821505903e-03      -2.663736596480e+00      -7.007489671266e-03 
       1.027654584949e+00      -3.843704804173e-03      -8.252024169150e+03      -8.449725537435e+03      -3.464028770764e-03      -8.402826456095e+03       2.622219278955e-03       2.622219278955e-03       1.689945107487e+04       5.358424493877e+00       4.378431356563e-03      -2.200720930844e-09      -2.679212379075e+00      -2.217628437765e-03      -2.679212246939e+00      -7.048201049390e-03 
       1.044709601705e+00      -3.741046536535e-03      -8.300429607830e+03      -8.499287130983e+03      -3.371510950560e-03      -8.452113507007e+03       2.552184628476e-03       2.552184628476e-03       1.699857426197e+04       5.389854496776e+00       4.261491511160e-03      -2.141864348851e-09      -2.694927376995e+00      -2.230627465577e-03      -2.694927248388e+00      -7.089541142814e-03 
       1.062315818564e+00      -3.639478523565e-03      -8.349546374121e+03      -8.549577357377e+03      -3.279975695320e-03      -8.502125106214e+03       2.482893746343e-03       2.482893746343e-03       1.709915471475e+04       5.421746517348e+00       4.145793561186e-03      -2.083755994962e-09      -2.710873383790e+00      -2.243822059098e-03      -2.710873258674e+00      -7.131489635657e-03 
       1.080508760706e+00      -3.538955761824e-03      -8.399399914860e+03      -8.600622296602e+03      -3.189382448904e-03      -8.552887185346e+03       2.414315924463e-03       2.414315924463e-03       1.720124459320e+04       5.454117081176e+00       4.031286229491e-03      -2.026435153776e-09      -2.727058662248e+00      -2.257222904519e-03      -2.727058540588e+00      -7.174068867204e-03 
       1.099327377988e+00      -3.439455769137e-03      -8.450073914238e+03      -8.652506706270e+03      -3.099710934184e-03      -8.604484174402e+03       2.346435888994e-03       2.346435888994e-03       1.730501341254e+04       5.487020115889e+00       3.917944037673e-03      -1.969485870265e-09      -2.743510176184e+00      -2.270840921514e-03      -2.743510057945e+00      -7.217347979064e-03 
       1.118814465254e+00      -3.340925758148e-03      -8.501583436900e+03      -8.705246383141e+03      -3.010913587644e-03      -8.656931725548e+03       2.279217585762e-03       2.279217585762e-03       1.741049276628e+04       5.520465547392e+00       3.805706768265e-03      -1.913072726180e-09      -2.760232888548e+00      -2.284682412437e-03      -2.760232773696e+00      -7.261340374592e-03 
       1.139017142838e+00      -3.243319771054e-03      -8.553961587586e+03      -8.758875759127e+03      -2.922948983781e-03      -8.710263997701e+03       2.212629699128e-03       2.212629699128e-03       1.751775151825e+04       5.554475210145e+00       3.694522146365e-03      -1.857042871464e-09      -2.777237716569e+00      -2.298767708789e-03      -2.777237605072e+00      -7.306076548906e-03 
       1.159987406523e+00      -3.146605296055e-03      -8.607280733321e+03      -8.813468674780e+03      -2.835787837478e-03      -8.764554461472e+03       2.146649974692e-03       2.146649974692e-03       1.762693734956e+04       5.589095852081e+00       3.584352984453e-03      -1.801686491040e-09      -2.794548034213e+00      -2.313100834781e-03      -2.794547926040e+00      -7.351615585490e-03 
       1.181782757508e+00      -3.050749578123e-03      -8.661620734054e+03      -8.869106599823e+03      -2.749400626499e-03      -8.819884180934e+03       2.081256101252e-03       2.081256101252e-03       1.773821319965e+04       5.624379210435e+00       3.475162040684e-03      -1.746800264660e-09      -2.812189710094e+00      -2.327746992391e-03      -2.812189605217e+00      -7.398032407723e-03 
       1.204466924296e+00      -2.955708163404e-03      -8.717034523567e+03      -8.925843908033e+03      -2.663747286945e-03      -8.876307201726e+03       2.016417731842e-03       2.016417731842e-03       1.785168781607e+04       5.660359721771e+00       3.366898637103e-03      -1.692497066496e-09      -2.830179962495e+00      -2.342674201646e-03      -2.830179860885e+00      -7.445365057550e-03 
       1.228110689814e+00      -2.861444339388e-03      -8.773602078676e+03      -8.983762773243e+03      -2.578794724056e-03      -8.933905198510e+03       1.952109867112e-03       1.952109867112e-03       1.796752554649e+04       5.697089538906e+00       3.259521048698e-03      -1.638496400372e-09      -2.848544867822e+00      -2.357923007545e-03      -2.848544769453e+00      -7.493685113030e-03 
       1.252792838276e+00      -2.767909963884e-03      -8.831373104442e+03      -9.042914069783e+03      -2.494499555759e-03      -8.992728766560e+03       1.888299640408e-03       1.888299640408e-03       1.808582813957e+04       5.734600887292e+00       3.152974387682e-03      -1.584913388832e-09      -2.867300538800e+00      -2.373499974065e-03      -2.867300443646e+00      -7.543033898849e-03 
       1.278601237189e+00      -2.675067663737e-03      -8.890432806621e+03      -9.103384910951e+03      -2.410828099293e-03      -9.052864556155e+03       1.824961563337e-03       1.824961563337e-03       1.820676982190e+04       5.772949049767e+00       3.047216097960e-03      -1.531771727542e-09      -2.886474616845e+00      -2.389430101725e-03      -2.886474524883e+00      -7.593484453633e-03 
       1.305634070045e+00      -2.582885129025e-03      -8.950886986624e+03      -9.165283607664e+03      -2.327751236979e-03      -9.114420280938e+03       1.762073589663e-03       1.762073589663e-03       1.833056721533e+04       5.812202699940e+00       2.942209366477e-03      -1.478981804125e-09      -2.906101438763e+00      -2.405744142863e-03      -2.906101349970e+00      -7.645127480980e-03 
       1.334001234132e+00      -2.491332744029e-03      -9.012854775721e+03      -9.228732138782e+03      -2.245242279318e-03      -9.177517243746e+03       1.699615512278e-03       1.699615512278e-03       1.845746427756e+04       5.852439186490e+00       2.837920451397e-03      -1.426533790830e-09      -2.926219678891e+00      -2.422476687068e-03      -2.926219593245e+00      -7.698065125738e-03 
       1.363825914699e+00      -2.400395713530e-03      -9.076509953512e+03      -9.293908224145e+03      -2.163288025761e-03      -9.242332212203e+03       1.637576654683e-03       1.637576654683e-03       1.858781644829e+04       5.893770005438e+00       2.734331299856e-03      -1.374881216118e-09      -2.946885085238e+00      -2.439712201900e-03      -2.946885002719e+00      -7.752450113288e-03 
       1.395246340115e+00      -2.310049883123e-03      -9.142005366049e+03      -9.360968300378e+03      -2.081866435709e-03      -9.309020765627e+03       1.575941729208e-03       1.575941729208e-03       1.872193660076e+04       5.936296824501e+00       2.631416846666e-03      -1.323131129776e-09      -2.968148491664e+00      -2.457418669162e-03      -2.968148412251e+00      -7.808404431859e-03 
       1.428417711027e+00      -2.220277691439e-03      -9.209503999548e+03      -9.430079477035e+03      -2.000961821401e-03      -9.377749052524e+03       1.514698147611e-03       1.514698147611e-03       1.886015895407e+04       5.980124369011e+00       2.529155837284e-03      -1.271710077103e-09      -2.990062260833e+00      -2.475679943170e-03      -2.990062184506e+00      -7.866072246562e-03 
       1.463514277278e+00      -2.131063703613e-03      -9.279167221028e+03      -9.501407393090e+03      -1.920560272696e-03      -9.448681730268e+03       1.453835380256e-03       1.453835380256e-03       1.900281478618e+04       6.025357640353e+00       2.427530689972e-03      -1.220609281288e-09      -3.012678893437e+00      -2.494543544460e-03      -3.012678820176e+00      -7.925592308729e-03 
       1.500731506377e+00      -2.042410608487e-03      -9.351213645327e+03      -9.575175731241e+03      -1.840664112013e-03      -9.522041266072e+03       1.393355700196e-03       1.393355700196e-03       1.915035146248e+04       6.072139630731e+00       2.326545370231e-03      -1.169594525114e-09      -3.036069885579e+00      -2.514022969170e-03      -3.036069815366e+00      -7.987145471999e-03 
       1.540288242703e+00      -1.954331893510e-03      -9.425868653001e+03      -9.651615214297e+03      -1.761285697551e-03      -9.598057110916e+03       1.333267426476e-03       1.333267426476e-03       1.930323042859e+04       6.120614453779e+00       2.226213426606e-03      -1.119108699557e-09      -3.060307294074e+00      -2.534282121375e-03      -3.060307226889e+00      -8.050937782540e-03 
       1.582428693406e+00      -1.866851519382e-03      -9.503358487167e+03      -9.730957338281e+03      -1.682446635189e-03      -9.676959501609e+03       1.273586847274e-03       1.273586847274e-03       1.946191467656e+04       6.170928587164e+00       2.126562033977e-03      -1.069357701745e-09      -3.085464357760e+00      -2.555370208046e-03      -3.085464293582e+00      -8.117160122298e-03 
       1.627423992086e+00      -1.780015586243e-03      -9.583947322977e+03      -9.813472423880e+03      -1.604188240252e-03      -9.759017286631e+03       1.214346426006e-03       1.214346426006e-03       1.962694484776e+04       6.223256278992e+00       2.027645790351e-03      -1.019613995240e-09      -3.111628200688e+00      -2.577283237169e-03      -3.111628139496e+00      -8.186029611377e-03 
       1.675572985692e+00      -1.693898760745e-03      -9.667931516556e+03      -9.899464148385e+03      -1.526577871382e-03      -9.844532423839e+03       1.155596809401e-03       1.155596809401e-03       1.979892829677e+04       6.277789410606e+00       1.929549149523e-03      -9.702921923013e-10      -3.138894763535e+00      -2.600138792598e-03      -3.138894705303e+00      -8.257804658658e-03 
       1.727201772779e+00      -1.608596168301e-03      -9.755572185328e+03      -9.989200344506e+03      -1.449701353586e-03      -9.933771188910e+03       1.097402493181e-03       1.097402493181e-03       1.997840068901e+04       6.334696570665e+00       1.832379646683e-03      -9.214639425960e-10      -3.167348340632e+00      -2.624107741746e-03      -3.167348285333e+00      -8.332722886387e-03 
       1.782661416417e+00      -1.524226781154e-03      -9.847069411305e+03      -1.008288576761e+04      -1.373665868831e-03      -1.002693721919e+04       1.039844757098e-03       1.039844757098e-03       2.016577153521e+04       6.394107903896e+00       1.736273045847e-03      -8.731521002601e-10      -3.197054004347e+00      -2.649096924146e-03      -3.197053951948e+00      -8.410932517070e-03 
       1.842323209855e+00      -1.440954477531e-03      -9.942639860412e+03      -1.018074181624e+04      -1.298619099282e-03      -1.012425075465e+04       9.830354657819e-04       9.830354657819e-04       2.036148363249e+04       6.456164079252e+00       1.641416155734e-03      -8.254673689655e-10      -3.228082089163e+00      -2.675243301764e-03      -3.228082039626e+00      -8.492630863037e-03 
       1.906570961143e+00      -1.358988799981e-03      -1.004249774864e+04      -1.028298799095e+04      -1.224749890314e-03      -1.022593005415e+04       9.271175666375e-04       9.271175666375e-04       2.056597598190e+04       6.521004258700e+00       1.548047659807e-03      -7.785343202056e-10      -3.260502176069e+00      -2.702617502260e-03      -3.260502129350e+00      -8.578003018781e-03 
       1.975790075473e+00      -1.278566273337e-03      -1.014670096410e+04      -1.038968411778e+04      -1.152271399883e-03      -1.033203452718e+04       8.722524336140e-04       8.722524336140e-04       2.077936823555e+04       6.588666390027e+00       1.456437016478e-03      -7.324732322625e-10      -3.294333238968e+00      -2.731242661810e-03      -3.294333195014e+00      -8.667100059345e-03 
       2.050353823144e+00      -1.199959074915e-03      -1.025520073021e+04      -1.050078015131e+04      -1.081428920588e-03      -1.044251442149e+04       8.186257459934e-04       8.186257459934e-04       2.100156030263e+04       6.659118740677e+00       1.366894261161e-03      -6.874395959990e-10      -3.329559411590e+00      -2.761118615599e-03      -3.329559370338e+00      -8.759882283717e-03 
       2.130608069751e+00      -1.123477608658e-03      -1.036792304063e+04      -1.061619983878e+04      -1.012502191565e-03      -1.055729398009e+04       7.664492793855e-04       7.664492793855e-04       2.123239967756e+04       6.732313087185e+00       1.279773010291e-03      -6.435836535386e-10      -3.366156582215e+00      -2.792235149773e-03      -3.366156543592e+00      -8.856287789622e-03 
       2.216856723667e+00      -1.049437693040e-03      -1.048461190240e+04      -1.073568177748e+04      -9.457757796096e-04      -1.067611314029e+04       7.159387301207e-04       7.159387301207e-04       2.147136355497e+04       6.808084935431e+00       1.195433514831e-03      -6.012211328460e-10      -3.404042503793e+00      -2.824547431092e-03      -3.404042467715e+00      -8.956103889331e-03 
       2.309350833013e+00      -9.781550120442e-04      -1.060493020767e+04      -1.085888072699e+04      -8.815343879641e-04      -1.079862858647e+04       6.673085874375e-04       6.673085874375e-04       2.171776145399e+04       6.886210544626e+00       1.114233577448e-03      -5.604046599900e-10      -3.443105305940e+00      -2.857998419286e-03      -3.443105272313e+00      -9.059041764038e-03 
       2.408284166381e+00      -9.099175453565e-04      -1.072847055314e+04      -1.098537928172e+04      -8.200373409733e-04      -1.092442526685e+04       6.207562166248e-04       6.207562166248e-04       2.197075856343e+04       6.966430164924e+00       1.036503097633e-03      -5.213713201689e-10      -3.483215113743e+00      -2.892472408497e-03      -3.483215082462e+00      -9.164758564918e-03 
       2.513796969118e+00      -8.449688071164e-04      -1.085478875631e+04      -1.111472330277e+04      -7.615041629926e-04      -1.105305145813e+04       5.764474675259e-04       5.764474675259e-04       2.222944660554e+04       7.048454234391e+00       9.625188939857e-04      -4.841969570560e-10      -3.524227146244e+00      -2.927870414944e-03      -3.524227117196e+00      -9.272876657061e-03 
       2.625987629569e+00      -7.834889949262e-04      -1.098344071041e+04      -1.124645762435e+04      -7.060972890027e-04      -1.118405458511e+04       5.345051156959e-04       5.345051156959e-04       2.249291524871e+04       7.131992951490e+00       8.924859088708e-04      -4.492207238613e-10      -3.565996502680e+00      -2.964140616138e-03      -3.565996475745e+00      -9.383025533241e-03 
       2.744929960642e+00      -7.255850347827e-04      -1.111401669391e+04      -1.138016330482e+04      -6.539129820899e-04      -1.131701794005e+04       4.950025189238e-04       4.950025189238e-04       2.276032660965e+04       7.216783739684e+00       8.265267920961e-04      -4.159364188743e-10      -3.608391894786e+00      -3.000969488643e-03      -3.608391869842e+00      -9.494827802771e-03 
       2.870692567079e+00      -6.712907564480e-04      -1.124615928616e+04      -1.151547413877e+04      -6.049818075841e-04      -1.145157738407e+04       4.579624630763e-04       4.579624630763e-04       2.303094827755e+04       7.302592353920e+00       7.646794740627e-04      -3.846621969444e-10      -3.651296200037e+00      -3.038575321557e-03      -3.651296176960e+00      -9.608024542363e-03 
       3.003356777944e+00      -6.205699781483e-04      -1.137953962504e+04      -1.165205384898e+04      -5.592711678620e-04      -1.158739843536e+04       4.233601996566e-04       4.233601996566e-04       2.330410769796e+04       7.389204744974e+00       7.069026071841e-04      -3.556194786577e-10      -3.694602393821e+00      -3.076800681978e-03      -3.694602372487e+00      -9.722323573452e-03 
       3.143030673842e+00      -5.733313352366e-04      -1.151391342475e+04      -1.178965218593e+04      -5.166986792243e-04      -1.172423225038e+04       3.911335898286e-04       3.911335898286e-04       2.357930437187e+04       7.476464166534e+00       6.530925097131e-04      -3.284146156483e-10      -3.738232102977e+00      -3.115540783547e-03      -3.738232083267e+00      -9.837512367122e-03 
       3.289858202671e+00      -5.294395804481e-04      -1.164905315035e+04      -1.192803653078e+04      -4.771425006834e-04      -1.186184744509e+04       3.611901639033e-04       3.611901639033e-04       2.385607306155e+04       7.564220885063e+00       6.030947025194e-04      -3.032706411925e-10      -3.782110460733e+00      -3.154858022086e-03      -3.782110442532e+00      -9.953413590229e-03 
       3.444023643325e+00      -4.887304223018e-04      -1.178477386488e+04      -1.206701759499e+04      -4.404545475887e-04      -1.200005576946e+04       3.334179338425e-04       3.334179338425e-04       2.413403518998e+04       7.652355800938e+00       5.567222306899e-04      -2.799626486665e-10      -3.826177917271e+00      -3.194698860450e-03      -3.826177900469e+00      -1.006986988163e-02 
       3.605752430110e+00      -4.510229195068e-04      -1.192092378726e+04      -1.220644013067e+04      -4.064717298047e-04      -1.213870281128e+04       3.076935615462e-04       3.076935615462e-04       2.441288026135e+04       7.740771998930e+00       5.137691905586e-04      -2.583074337448e-10      -3.870386014971e+00      -3.235021791973e-03      -3.870385999465e+00      -1.018675328686e-02 
       3.775309589662e+00      -4.161292424224e-04      -1.205736507895e+04      -1.234616327215e+04      -3.750248315716e-04      -1.227764844449e+04       2.838886249480e-04       2.838886249480e-04       2.469232654429e+04       7.829375773869e+00       4.740210419336e-04      -2.383969263640e-10      -3.914687901240e+00      -3.275910586710e-03      -3.914687886935e+00      -1.030396052594e-02 
       3.952996932004e+00      -3.838635881258e-04      -1.219406555812e+04      -1.248615426691e+04      -3.459463436139e-04      -1.241686006770e+04       2.618766474008e-04       2.618766474008e-04       2.497230853383e+04       7.918150662367e+00       4.372667088396e-04      -2.199258444003e-10      -3.959075344380e+00      -3.317329026643e-03      -3.959075331183e+00      -1.042146458559e-02 
       4.139149865523e+00      -3.540424012334e-04      -1.233092987449e+04      -1.262631569168e+04      -3.190708573079e-04      -1.255624076592e+04       2.415323309602e-04       2.415323309602e-04       2.525263138335e+04       8.007033789843e+00       4.032969475443e-04      -2.028552470932e-10      -4.003516907093e+00      -3.359307766390e-03      -4.003516894921e+00      -1.053919190259e-02 
       4.334134407024e+00      -3.264908346987e-04      -1.246790611556e+04      -1.276659476801e+04      -2.942408026280e-04      -1.269573799575e+04       2.227363717716e-04       2.227363717716e-04       2.553318953603e+04       8.095991304194e+00       3.719125428447e-04      -1.871751301500e-10      -4.047995663321e+00      -3.401999193371e-03      -4.047995652097e+00      -1.065712404398e-02 
       4.538344703503e+00      -3.010457241389e-04      -1.260504135095e+04      -1.290703998047e+04      -2.713091726162e-04      -1.283539992857e+04       2.053772751013e-04       2.053772751013e-04       2.581407996094e+04       8.185049748127e+00       3.429272570138e-04      -1.725759594551e-10      -4.092524884413e+00      -3.445314112763e-03      -4.092524874063e+00      -1.077528019295e-02 
       4.752201195312e+00      -2.775496527111e-04      -1.274227990559e+04      -1.304759461626e+04      -2.501339559457e-04      -1.297517012104e+04       1.893482789039e-04       1.893482789039e-04       2.609518923252e+04       8.274187755968e+00       3.161630687921e-04      -1.593732200619e-10      -4.137093887526e+00      -3.489361643793e-03      -4.137093877984e+00      -1.089365088324e-02 
       4.976149428769e+00      -2.558591447652e-04      -1.287963343330e+04      -1.318827097265e+04      -2.305860483416e-04      -1.311506074611e+04       1.745506301495e-04       1.745506301495e-04       2.637654194530e+04       8.363392193066e+00       2.914547481891e-04      -1.468085834303e-10      -4.181696105329e+00      -3.534054157719e-03      -4.181696096533e+00      -1.101220578924e-02 
       5.210659457381e+00      -2.358370196353e-04      -1.301704623798e+04      -1.332901257916e+04      -2.125416740885e-04      -1.325501556112e+04       1.608913889923e-04       1.608913889923e-04       2.665802515832e+04       8.452643460356e+00       2.686473594417e-04      -1.352443513545e-10      -4.226321738286e+00      -3.579836216168e-03      -4.226321730178e+00      -1.113099022923e-02 
       5.456225739813e+00      -2.173619618217e-04      -1.315474701561e+04      -1.347005091235e+04      -1.958915627419e-04      -1.339526517146e+04       1.482875181133e-04       1.482875181133e-04       2.694010182470e+04       8.542081377232e+00       2.476021455238e-04      -1.247486867117e-10      -4.271040696089e+00      -3.626683148524e-03      -4.271040688616e+00      -1.125017511414e-02 
       5.713367436630e+00      -2.003108790535e-04      -1.329235754298e+04      -1.361100522709e+04      -1.805247792102e-04      -1.353542994269e+04       1.366550499119e-04       1.366550499119e-04       2.722201045419e+04       8.631463564126e+00       2.281789050067e-04      -1.148559567479e-10      -4.315731788949e+00      -3.674634183125e-03      -4.315731782063e+00      -1.136946359564e-02 
       5.982629016144e+00      -1.845786045323e-04      -1.343004711997e+04      -1.375204702505e+04      -1.663465239179e-04      -1.367568070873e+04       1.259223288123e-04       1.259223288123e-04       2.750409405011e+04       8.720902181922e+00       2.102580266328e-04      -1.058485244861e-10      -4.360451097307e+00      -3.723744427460e-03      -4.360451090961e+00      -1.148900450632e-02 
       6.264581095054e+00      -1.700649715917e-04      -1.356780895330e+04      -1.389316913388e+04      -1.532665344561e-04      -1.381601037031e+04       1.160209773543e-04       1.160209773543e-04       2.778633826777e+04       8.810391239178e+00       1.937253210842e-04      -9.754475956318e-11      -4.405195625436e+00      -3.774182178827e-03      -4.405195619589e+00      -1.160881679507e-02 
       6.559821456700e+00      -1.566770814711e-04      -1.370562493754e+04      -1.403435429513e+04      -1.412010909112e-04      -1.395640156847e+04       1.068876077165e-04       1.068876077165e-04       2.806870859026e+04       8.899919092545e+00       1.784749426965e-04      -8.988943333473e-11      -4.449959551659e+00      -3.826061051297e-03      -4.449959546273e+00      -1.172890376352e-02 
       6.868976205922e+00      -1.443298646684e-04      -1.384356863582e+04      -1.417567811229e+04      -1.300735196004e-04      -1.409692944415e+04       9.846421933257e-05       9.846421933257e-05       2.835135622458e+04       8.989535482328e+00       1.644100587578e-04      -8.282142794406e-11      -4.494767746126e+00      -3.879673442374e-03      -4.494767741164e+00      -1.184937336282e-02 
       7.192701032936e+00      -1.329430195043e-04      -1.398156212906e+04      -1.431706220084e+04      -1.198114561901e-04      -1.423751583328e+04       9.069600179266e-05       9.069600179266e-05       2.863412440168e+04       9.079189204838e+00       1.514391395317e-04      -7.632384396837e-11      -4.539594606990e+00      -3.934918430405e-03      -4.539594602419e+00      -1.197014583777e-02 
       7.531682569088e+00      -1.224429443421e-04      -1.411958639187e+04      -1.445848789115e+04      -1.103485720530e-04      -1.437814204539e+04       8.353273365489e-05       8.353273365489e-05       2.891697578231e+04       9.168867687355e+00       1.394783242914e-04      -7.029388080342e-11      -4.584433847887e+00      -3.992108247127e-03      -4.584433843677e+00      -1.209125444134e-02 
       7.886639824861e+00      -1.127617837829e-04      -1.425765593637e+04      -1.459997078461e+04      -1.016237065330e-04      -1.451882348152e+04       7.692816095773e-05       7.692816095773e-05       2.919994156922e+04       9.258583115446e+00       1.284503952779e-04      -6.475736020250e-11      -4.629291561600e+00      -4.051726394123e-03      -4.629291557723e+00      -1.221279029579e-02 
       8.258325705669e+00      -1.038366560089e-04      -1.439575959293e+04      -1.474150082040e+04      -9.358019615989e-05      -1.465954992565e+04       7.083934914204e-05       7.083934914204e-05       2.948300164080e+04       9.348326778988e+00       1.182836492405e-04      -5.964271902141e-11      -4.674163393064e+00      -4.113517180639e-03      -4.674163389494e+00      -1.233470234880e-02 
       8.647528604335e+00      -9.560983922113e-05      -1.453395917751e+04      -1.488314229877e+04      -8.616601995543e-05      -1.480038516730e+04       6.522693072071e-05       6.522693072071e-05       2.976628459755e+04       9.438139955200e+00       1.089123564495e-04      -5.493266590844e-11      -4.719069980887e+00      -4.178464146234e-03      -4.719069977600e+00      -1.245719655993e-02 
       9.055074071264e+00      -8.802676996756e-05      -1.467213688919e+04      -1.502477663362e+04      -7.933200008696e-05      -1.494121096617e+04       6.005369358400e-05       6.005369358400e-05       3.004955326724e+04       9.527948470851e+00       1.002743871437e-04      -5.057692262191e-11      -4.763974238452e+00      -4.246095653946e-03      -4.763974235425e+00      -1.258010595950e-02 
       9.481826564591e+00      -8.103771150166e-05      -1.481025316466e+04      -1.516636467789e+04      -7.303332145619e-05      -1.508198818339e+04       5.528566294510e-05       5.528566294510e-05       3.033272935577e+04       9.617723040681e+00       9.231299552401e-05      -4.662108731162e-11      -4.808861523127e+00      -4.316305233811e-03      -4.808861520341e+00      -1.270337791019e-02 
       9.928691283402e+00      -7.459796769414e-05      -1.494854638231e+04      -1.530815102907e+04      -6.722969107053e-05      -1.522295998090e+04       5.089241162326e-05       5.089241162326e-05       3.061630205814e+04       9.707625121681e+00       8.497740047708e-05      -4.292901563286e-11      -4.853812563405e+00      -4.390637056500e-03      -4.853812560840e+00      -1.282745581534e-02 
       1.039661608762e+01      -6.866399359049e-05      -1.508680677024e+04      -1.544992525828e+04      -6.188187140428e-05      -1.536391642789e+04       4.684420378416e-05       4.684420378416e-05       3.089985051656e+04       9.797518158795e+00       7.821793971572e-05      -3.952223708459e-11      -4.898759081759e+00      -4.469485432760e-03      -4.898759079398e+00      -1.295223116995e-02 
       1.088659350847e+01      -6.319657919747e-05      -1.522501576399e+04      -1.559166796368e+04      -5.695452566309e-05      -1.550483829043e+04       4.311428284384e-05       4.311428284384e-05       3.118333592736e+04       9.887389224881e+00       7.198993427063e-05      -3.639310515679e-11      -4.943694614614e+00      -4.552211775640e-03      -4.943694612440e+00      -1.307758752438e-02 
       1.139966285374e+01      -5.815963498034e-05      -1.536318651194e+04      -1.573339670099e+04      -5.241512927895e-05      -1.564574239932e+04       3.967802992543e-05       3.967802992543e-05       3.146679340198e+04       9.977249069830e+00       6.625227753006e-05      -3.351149194420e-11      -4.988624536915e+00      -4.639644042644e-03      -4.988624534915e+00      -1.320366845020e-02 
       1.193691241231e+01      -5.352075848975e-05      -1.550161735869e+04      -1.587541794515e+04      -4.823447827702e-05      -1.578693337773e+04       3.651335180237e-05       3.651335180237e-05       3.175083589030e+04       1.006729401884e+01       6.096808403459e-05      -3.085467006876e-11      -5.033647011259e+00      -4.732490722248e-03      -5.033647009419e+00      -1.333082999166e-02 
       1.249948176251e+01      -4.924744770295e-05      -1.563986759041e+04      -1.601728589486e+04      -4.438328287633e-05      -1.592796705983e+04       3.359806564705e-05       3.359806564705e-05       3.203457178971e+04       1.015723938818e+01       5.610031057426e-05      -2.840701456063e-11      -5.078619695781e+00      -4.831144362826e-03      -5.078619694088e+00      -1.345877840810e-02 
       1.308856418936e+01      -4.531212833862e-05      -1.577821263650e+04      -1.615928337757e+04      -4.083669426220e-05      -1.606912458073e+04       3.091335514298e-05       3.091335514298e-05       3.231856675514e+04       1.024726360788e+01       5.161753671977e-05      -2.615638803675e-11      -5.123631805496e+00      -4.936788156077e-03      -5.123631803938e+00      -1.358792224110e-02 
       1.370540921568e+01      -4.168805324457e-05      -1.591653018883e+04      -1.630128885038e+04      -3.757060499980e-05      -1.621028450549e+04       2.844098037221e-05       2.844098037221e-05       3.260257770075e+04       1.033729064074e+01       4.748930949394e-05      -2.408325367245e-11      -5.168645321802e+00      -5.049433255251e-03      -5.168645320368e+00      -1.371816817142e-02 
       1.435132525246e+01      -3.835117942627e-05      -1.605492531796e+04      -1.644341243954e+04      -3.456334800817e-05      -1.635155595987e+04       2.616453437434e-05       2.616453437434e-05       3.288682487907e+04       1.042738923723e+01       4.368823174619e-05      -2.217667433255e-11      -5.213694619936e+00      -5.169638192453e-03      -5.213694618617e+00      -1.384968977994e-02 
       1.502768237421e+01      -3.527859230997e-05      -1.619320831574e+04      -1.658546821247e+04      -3.179427137807e-05      -1.649275276746e+04       2.406839189124e-05       2.406839189124e-05       3.317093642493e+04       1.051744228772e+01       4.018821593759e-05      -2.041759732731e-11      -5.258721145071e+00      -5.299404356917e-03      -5.258721143858e+00      -1.398265472760e-02 
       1.573591522508e+01      -3.244984437104e-05      -1.633147989299e+04      -1.672756011360e+04      -2.924494824387e-05      -1.663397816992e+04       2.213859485713e-05       2.213859485713e-05       3.345512022721e+04       1.060751386873e+01       3.696595265298e-05      -1.880335998367e-11      -5.303756935483e+00      -5.438110418601e-03      -5.303756934367e+00      -1.411704557326e-02 
       1.647752606189e+01      -2.985052182899e-05      -1.647237009514e+04      -1.687235721751e+04      -2.690238655811e-05      -1.677789010462e+04       2.036532151571e-05       2.036532151571e-05       3.374471443501e+04       1.069930212064e+01       3.400504639163e-05      -1.731622106796e-11      -5.349651061345e+00      -5.588290229280e-03      -5.349651060318e+00      -1.425538331551e-02 
       1.725408794066e+01      -2.744914474980e-05      -1.660817251301e+04      -1.701206590982e+04      -2.473821838514e-05      -1.691672327610e+04       1.872708452231e-05       1.872708452231e-05       3.402413181964e+04       1.078785216799e+01       3.126961444812e-05      -1.594301286322e-11      -5.393926084939e+00      -5.748782381237e-03      -5.393926083995e+00      -1.439129009375e-02 
       1.806724805324e+01      -2.524331371416e-05      -1.674664840375e+04      -1.715454892634e+04      -2.275028090323e-05      -1.705830973048e+04       1.722225126562e-05       1.722225126562e-05       3.430909785267e+04       1.087815970152e+01       2.875693230524e-05      -1.468109823468e-11      -5.439079851630e+00      -5.923947969117e-03      -5.439079850762e+00      -1.453169684308e-02 
       1.891873122127e+01      -2.321283572829e-05      -1.688484919484e+04      -1.729682134745e+04      -2.092037451509e-05      -1.719967585701e+04       1.583704634922e-05       1.583704634922e-05       3.459364269490e+04       1.096832912209e+01       2.644399906950e-05      -1.352100458178e-11      -5.484164561844e+00      -6.112113673711e-03      -5.484164561045e+00      -1.467397074609e-02 
       1.981034355469e+01      -2.134791975885e-05      -1.702596097210e+04      -1.744211403561e+04      -1.923967697061e-05      -1.734403942419e+04       1.456478833102e-05       1.456478833102e-05       3.488422807122e+04       1.106041152602e+01       2.431965741926e-05      -1.245331087436e-11      -5.530205763746e+00      -6.318196600162e-03      -5.530205763012e+00      -1.482144805940e-02 
       2.074397628281e+01      -1.962461820947e-05      -1.716094573543e+04      -1.758130738824e+04      -1.768660485709e-05      -1.748231075729e+04       1.338914241973e-05       1.338914241973e-05       3.516261477648e+04       1.114861197188e+01       2.235663362507e-05      -1.146928336903e-11      -5.574305986615e+00      -6.539761039606e-03      -5.574305985940e+00      -1.496650052803e-02 
       2.172160976582e+01      -1.804458926657e-05      -1.730099193642e+04      -1.772570956653e+04      -1.626265309624e-05      -1.762575799905e+04       1.231123803407e-05       1.231123803407e-05       3.545141913306e+04       1.124011551064e+01       2.055681279398e-05      -1.056674169064e-11      -5.620057755943e+00      -6.781801056633e-03      -5.620057755322e+00      -1.511889604144e-02 
       2.274531769542e+01      -1.658900482016e-05      -1.743918418268e+04      -1.786834714452e+04      -1.495085352275e-05      -1.776742992292e+04       1.131823055878e-05       1.131823055878e-05       3.573669428905e+04       1.133048961229e+01       1.889874773680e-05      -9.734952915734e-12      -5.665244806717e+00      -7.044945256069e-03      -5.665244806146e+00      -1.527319075092e-02 
       2.381727149336e+01      -1.525135103718e-05      -1.757902576605e+04      -1.801276641390e+04      -1.374533552310e-05      -1.791085941362e+04       1.040567722530e-05       1.040567722530e-05       3.602553282779e+04       1.142198804480e+01       1.737502056975e-05      -8.971508166997e-12      -5.710994022925e+00      -7.332468061363e-03      -5.710994022400e+00      -1.543271658304e-02 
       2.493974491737e+01      -1.401532538513e-05      -1.771194921359e+04      -1.815032681839e+04      -1.263140693205e-05      -1.804743360607e+04       9.562454420348e-06       9.562454420348e-06       3.630065363678e+04       1.150911776621e+01       1.596705710763e-05      -8.265689649394e-12      -5.754558883587e+00      -7.643134151896e-03      -5.754558883105e+00      -1.559041114288e-02 
       2.611511888409e+01      -1.288513360170e-05      -1.785374489820e+04      -1.829699461381e+04      -1.161285809095e-05      -1.819306117571e+04       8.791433698147e-06       8.791433698147e-06       3.659398922763e+04       1.160202529383e+01       1.467965287351e-05      -7.620771570909e-12      -5.801012647357e+00      -7.985933532901e-03      -5.801012646913e+00      -1.576037236587e-02 
       2.734588651927e+01      -1.184142756457e-05      -1.798943572449e+04      -1.843765697150e+04      -1.067225201769e-05      -1.833267896871e+04       8.079413927933e-06       8.079413927933e-06       3.687531394299e+04       1.169110441681e+01       1.349076485140e-05      -7.025149397337e-12      -5.845552208814e+00      -8.358280414858e-03      -5.845552208407e+00      -1.593018280970e-02 
       2.863465844609e+01      -1.088238861992e-05      -1.812627972136e+04      -1.857965402391e+04      -9.807950086906e-06      -1.847360045074e+04       7.425154105294e-06       7.425154105294e-06       3.715930804782e+04       1.178101876091e+01       1.239832068883e-05      -6.477847239598e-12      -5.890509380830e+00      -8.766789627788e-03      -5.890509380455e+00      -1.610671184217e-02 
       2.998416832259e+01      -9.998840985710e-06      -1.826003823451e+04      -1.871872408364e+04      -9.011681679443e-06      -1.861157554905e+04       6.822398210409e-06       6.822398210409e-06       3.743744816728e+04       1.186906235878e+01       1.139187600093e-05      -5.973993522391e-12      -5.934531179735e+00      -9.212365225619e-03      -5.934531179390e+00      -1.628671777379e-02 
       3.139727864015e+01      -9.187366001248e-06      -1.839534232067e+04      -1.885957147079e+04      -8.280366874226e-06      -1.875128825179e+04       6.268808961657e-06       6.268808961657e-06       3.771914294158e+04       1.195821808269e+01       1.046752620473e-05      -5.511162625774e-12      -5.979109041660e+00      -9.699226260188e-03      -5.979109041343e+00      -1.647459240319e-02 
       3.287698679520e+01      -8.442877847549e-06      -1.853402436130e+04      -1.900407351234e+04      -7.609422594648e-06      -1.889460530576e+04       5.760918740035e-06       5.760918740035e-06       3.800814702468e+04       1.204967814015e+01       9.619481831389e-06      -5.086793665439e-12      -6.024839070363e+00      -1.023746838947e-02      -6.024839070073e+00      -1.667341060255e-02 
       3.442643144715e+01      -7.757755394207e-06      -1.867126574784e+04      -1.914737269467e+04      -6.991979953507e-06      -1.903668442229e+04       5.293528255765e-06       5.293528255765e-06       3.829474538934e+04       1.214035553703e+01       8.839061523138e-06      -4.696560709386e-12      -6.070177768781e+00      -1.082736420880e-02      -6.070177768514e+00      -1.687935513370e-02 
       3.604889917583e+01      -7.126500444342e-06      -1.880475191937e+04      -1.928715895050e+04      -6.423083074255e-06      -1.917521916407e+04       4.862887935979e-06       4.862887935979e-06       3.857431790099e+04       1.222878254676e+01       8.120005103381e-06      -4.337279924724e-12      -6.114391273626e+00      -1.146977730720e-02      -6.114391273381e+00      -1.709072624095e-02 
       3.774783145282e+01      -6.548503960148e-06      -1.894455692859e+04      -1.943364742798e+04      -5.902184219193e-06      -1.932038335445e+04       4.468581306742e-06       4.468581306742e-06       3.886729485596e+04       1.232144584714e+01       7.461616558673e-06      -4.008271930736e-12      -6.160722923798e+00      -1.218039302436e-02      -6.160722923572e+00      -1.731809613323e-02 
       3.952683194126e+01      -6.014697823366e-06      -1.907656283139e+04      -1.957260685750e+04      -5.421110537237e-06      -1.945799022592e+04       4.104421045841e-06       4.104421045841e-06       3.914521371500e+04       1.240929865012e+01       6.853564457363e-06      -3.704357612957e-12      -6.204649325267e+00      -1.295614554704e-02      -6.204649325060e+00      -1.754967150651e-02 
       4.138967413970e+01      -5.526239327209e-06      -1.921572831619e+04      -1.971918300196e+04      -4.980905279224e-06      -1.960312774377e+04       3.771197652695e-06       3.771197652695e-06       3.943836600392e+04       1.250196441289e+01       6.297168985576e-06      -3.426726208884e-12      -6.250982206637e+00      -1.381291285046e-02      -6.250982206446e+00      -1.779997710015e-02 
       4.334030938621e+01      -5.074289121032e-06      -1.934347567503e+04      -1.985462500225e+04      -4.573601953290e-06      -1.973710742645e+04       3.462879901456e-06       3.462879901456e-06       3.970925000451e+04       1.258752549633e+01       5.782359314583e-06      -3.169638303012e-12      -6.293762748339e+00      -1.474853986715e-02      -6.293762748164e+00      -1.805377279830e-02 
       4.538287523966e+01      -4.656333828962e-06      -1.945926474975e+04      -1.997840938683e+04      -4.196934914700e-06      -1.985940416493e+04       3.177753012520e-06       3.177753012520e-06       3.995681877366e+04       1.266564846826e+01       5.306272296360e-06      -2.931913806662e-12      -6.332824234293e+00      -1.576327465044e-02      -6.332824234132e+00      -1.831068059134e-02 
       4.752170425608e+01      -4.280616162798e-06      -1.961164051568e+04      -2.013976981096e+04      -3.858334622209e-06      -2.001905108486e+04       2.921442967902e-06       2.921442967902e-06       4.027953962192e+04       1.276760518206e+01       4.878302280247e-06      -2.718785188323e-12      -6.383802591176e+00      -1.691319863686e-02      -6.383802591028e+00      -1.861860289680e-02 
       4.976133317857e+01      -3.930247796763e-06      -1.973963940268e+04      -2.027700978975e+04      -3.542578794127e-06      -2.015458256631e+04       2.682425890644e-06       2.682425890644e-06       4.055401957949e+04       1.285419944086e+01       4.479207082752e-06      -2.519972925859e-12      -6.427099720564e+00      -1.815681672047e-02      -6.427099720428e+00      -1.892201734580e-02 
       5.210651256035e+01      -3.607999851629e-06      -1.986500800376e+04      -2.041218580364e+04      -3.252165561316e-06      -2.028796503949e+04       2.462591704938e-06       2.462591704938e-06       4.082437160729e+04       1.293943782117e+01       4.112142019543e-06      -2.337152514128e-12      -6.469718910710e+00      -1.951783423064e-02      -6.469718910585e+00      -1.924215752172e-02 
       5.456221684132e+01      -3.312745172154e-06      -1.999424785936e+04      -2.055198177239e+04      -2.986079389122e-06      -2.042584124477e+04       2.261173445041e-06       2.261173445041e-06       4.110396354477e+04       1.302756240109e+01       3.775827042798e-06      -2.170082841802e-12      -6.513781200658e+00      -2.102279717918e-02      -6.513781200544e+00      -1.958849309281e-02 
       5.713365489949e+01      -3.043272634622e-06      -2.013471419191e+04      -2.070393516084e+04      -2.743228970319e-06      -2.057570588724e+04       2.077345184991e-06       2.077345184991e-06       4.140787032167e+04       1.312335552637e+01       3.468883127399e-06      -2.017576940462e-12      -6.561677763292e+00      -2.269471382157e-02      -6.561677763186e+00      -1.997061416873e-02 
       5.982628109974e+01      -2.793081135050e-06      -2.025632146997e+04      -2.083756759434e+04      -2.517754508401e-06      -2.070719947334e+04       1.906668937181e-06       1.906668937181e-06       4.167513518869e+04       1.320745250053e+01       3.183899247260e-06      -1.875887501038e-12      -6.603726250362e+00      -2.451044316346e-02      -6.603726250265e+00      -2.036067598771e-02 
       6.264580686326e+01      -2.565186868083e-06      -2.039199884784e+04      -2.098641524757e+04      -2.312375197182e-06      -2.085369993024e+04       1.751205223930e-06       1.751205223930e-06       4.197283049514e+04       1.330114737793e+01       2.924316648563e-06      -1.747403179942e-12      -6.650573689053e+00      -2.652953194887e-02      -6.650573688964e+00      -2.079464819706e-02 
       6.559821278220e+01      -2.355359244170e-06      -2.052332206546e+04      -2.113184460230e+04      -2.123277756638e-06      -2.099664156615e+04       1.608065588100e-06       1.608065588100e-06       4.226368920459e+04       1.339259672124e+01       2.685311737040e-06      -1.629046540945e-12      -6.696298360702e+00      -2.874036021775e-02      -6.696298360621e+00      -2.125589838195e-02 
       6.868976130536e+01      -2.161588924580e-06      -2.064414054886e+04      -2.126770980779e+04      -1.948651191845e-06      -2.112988932322e+04       1.475880334417e-06       1.475880334417e-06       4.253541961557e+04       1.347789530546e+01       2.464597870871e-06      -1.519686838643e-12      -6.738947652806e+00      -3.116241626965e-02      -6.738947652731e+00      -2.174260134062e-02 
       7.192701002165e+01      -1.985696539934e-06      -2.078540907425e+04      -2.142562733503e+04      -1.790137192216e-06      -2.128489644349e+04       1.355893145057e-06       1.355893145057e-06       4.285125467005e+04       1.357710860097e+01       2.264251992060e-06      -1.420872610378e-12      -6.788554300552e+00      -3.386545131704e-02      -6.788554300483e+00      -2.229079179418e-02 
       7.531682556961e+01      -1.818640557927e-06      -2.086335290582e+04      -2.152037235691e+04      -1.639584923722e-06      -2.137682572512e+04       1.241930062883e-06       1.241930062883e-06       4.304074471381e+04       1.363612040673e+01       2.073963894834e-06      -1.326252710348e-12      -6.818060203428e+00      -3.672791976541e-02      -6.818060203365e+00      -2.281373055123e-02 
       7.886639820251e+01      -1.668091229361e-06      -2.097183932443e+04      -2.164767750491e+04      -1.503909627941e-06      -2.150093725428e+04       1.139229742799e-06       1.139229742799e-06       4.329535500983e+04       1.371570020168e+01       1.902482078611e-06      -1.241490345276e-12      -6.857850100899e+00      -3.993150131034e-02      -6.857850100841e+00      -2.341591178705e-02 
       8.258325703979e+01      -1.530619077189e-06      -2.108844599762e+04      -2.178488302146e+04      -1.380020001446e-06      -2.163465107868e+04       1.045451327029e-06       1.045451327029e-06       4.356976604293e+04       1.380144960062e+01       1.745897653696e-06      -1.164329228763e-12      -6.900724800362e+00      -4.347532018678e-02      -6.900724800309e+00      -2.407919417654e-02 
       8.647528603739e+01      -1.406696786516e-06      -2.123845422293e+04      -2.195801948817e+04      -1.268342693321e-06      -2.180383128227e+04       9.609188999499e-07       9.609188999499e-07       4.391603897634e+04       1.390987501228e+01       1.604752126569e-06      -1.095370369909e-12      -6.954937506190e+00      -4.745157705628e-02      -6.954937506141e+00      -2.483868471951e-02 
       9.055074071062e+01      -1.290000436885e-06      -2.134142341439e+04      -2.208506575698e+04      -1.163176279107e-06      -2.192685881465e+04       8.813133373691e-07       8.813133373691e-07       4.417013151396e+04       1.398891123503e+01       1.471832604961e-06      -1.029935156086e-12      -6.994455617562e+00      -5.172418431495e-02      -6.994455617517e+00      -2.560792702191e-02 
       9.481826564525e+01      -1.182231540756e-06      -2.142977067045e+04      -2.219926245638e+04      -1.066055102787e-06      -2.203678261766e+04       8.077967649286e-07       8.077967649286e-07       4.439852491276e+04       1.405964065699e+01       1.349079754160e-06      -9.693993496455e-13      -7.029820328538e+00      -5.638374996266e-02      -7.029820328497e+00      -2.642750002093e-02 
       9.928691283381e+01      -1.083056030937e-06      -2.150882347789e+04      -2.230623269727e+04      -9.766781207575e-07      -2.213916883342e+04       7.401423145314e-07       7.401423145314e-07       4.461246539454e+04       1.412562550675e+01       1.236115098873e-06      -9.136009402936e-13      -7.062812753411e+00      -6.148020685897e-02      -7.062812753373e+00      -2.730969295436e-02 
       1.039661608761e+02      -9.943629834720e-07      -2.163403486501e+04      -2.246317936267e+04      -8.967494326526e-07      -2.229083824569e+04       6.796421760151e-07       6.796421760151e-07       4.492635872534e+04       1.422312879867e+01       1.135096993867e-06      -8.644804364556e-13      -7.111564399371e+00      -6.723155152011e-02      -7.111564399336e+00      -2.833405526936e-02 
       1.088659350846e+02      -9.129013407429e-07      -2.175742382169e+04      -2.262118035661e+04      -8.233378634626e-07      -2.244310833316e+04       6.240752031277e-07       6.240752031277e-07       4.524236071322e+04       1.432109329676e+01       1.042315940390e-06      -8.194783619635e-13      -7.160546648413e+00      -7.356582702849e-02      -7.160546648381e+00      -2.945046192434e-02 
       1.139966285374e+02      -8.390355566192e-07      -2.190378218229e+04      -2.280610968168e+04      -7.567725936951e-07      -2.262163462912e+04       5.736908247278e-07       5.736908247278e-07       4.561221936335e+04       1.443588993706e+01       9.581885010316e-07      -7.791032156443e-13      -7.217944968562e+00      -8.062346175189e-02      -7.217944968532e+00      -3.070141793661e-02 
       1.193691241231e+02      -7.662717830173e-07      -2.190854385320e+04      -2.284828790379e+04      -6.911961413166e-07      -2.265785898829e+04       5.240500775434e-07       5.240500775434e-07       4.569657580757e+04       1.445997241562e+01       8.753011197574e-07      -7.373675437669e-13      -7.229986207835e+00      -8.780917568910e-02      -7.229986207808e+00      -3.185904089235e-02 
       1.249948176251e+02      -7.034551361292e-07      -2.202571587524e+04      -2.301032471214e+04      -6.345875059543e-07      -2.281254755069e+04       4.812023133842e-07       4.812023133842e-07       4.602064942428e+04       1.455975978601e+01       8.037577502797e-07      -7.028812575441e-13      -7.279879893028e+00      -9.619249714423e-02      -7.279879893003e+00      -3.329924254139e-02 
       1.308856418936e+02      -6.439180716980e-07      -2.207635706875e+04      -2.310754484539e+04      -5.809326673448e-07      -2.290227194925e+04       4.405878192119e-07       4.405878192119e-07       4.621508969077e+04       1.461819192773e+01       7.359424715874e-07      -6.693965879380e-13      -7.309095963890e+00      -1.051078387763e-01      -7.309095963867e+00      -3.477121244826e-02 
       1.370540921568e+02      -5.907665654327e-07      -2.217520604411e+04      -2.325931428134e+04      -5.330339826749e-07      -2.304544760250e+04       4.043328862449e-07       4.043328862449e-07       4.651862856269e+04       1.471086919129e+01       6.754072768209e-07      -6.401905538509e-13      -7.355434595668e+00      -1.151620689749e-01      -7.355434595647e+00      -3.646470577175e-02 
       1.435132525246e+02      -5.405979116222e-07      -2.221330404754e+04      -2.335266787491e+04      -4.878216896780e-07      -2.312995041328e+04       3.701081250042e-07       3.701081250042e-07       4.670533574981e+04       1.476620363562e+01       6.182608275887e-07      -6.118042408334e-13      -7.383101817827e+00      -1.258337167161e-01      -7.383101817808e+00      -3.820838412415e-02 
       1.502768237421e+02      -4.948170829572e-07      -2.225386826160e+04      -2.345379164983e+04      -4.465639745579e-07      -2.322137605583e+04       3.388768242233e-07       3.388768242233e-07       4.690758329967e+04       1.482609083137e+01       5.661126548070e-07      -5.859432469526e-13      -7.413045415704e+00      -1.375731232851e-01      -7.413045415687e+00      -4.012529728013e-02 
       1.573591522508e+02      -4.543645801964e-07      -2.236267450524e+04      -2.363235841689e+04      -4.101100015897e-07      -2.338865472020e+04       3.112856915877e-07       3.112856915877e-07       4.726471683379e+04       1.493459223558e+01       5.200438827779e-07      -5.640299585082e-13      -7.467296117804e+00      -1.509334490242e-01      -7.467296117788e+00      -4.235733656567e-02 
       1.647752606189e+02      -4.145294654606e-07      -2.232246947855e+04      -2.366041082458e+04      -3.742080710733e-07      -2.340593750631e+04       2.841057060341e-07       2.841057060341e-07       4.732082164916e+04       1.494745326383e+01       4.746593942997e-07      -5.404781074313e-13      -7.473726631930e+00      -1.644605334142e-01      -7.473726631915e+00      -4.449595207148e-02 
       1.725408794066e+02      -3.823153887823e-07      -2.252211800622e+04      -2.394891443267e+04      -3.451813939639e-07      -2.367994868236e+04       2.621408304898e-07       2.621408304898e-07       4.789782886533e+04       1.512450113932e+01       4.379863124886e-07      -5.247809941912e-13      -7.562250569673e+00      -1.813178027858e-01      -7.562250569659e+00      -4.736240784231e-02 
       1.806724805324e+02      -3.479258773082e-07      -2.241614286633e+04      -2.392114791192e+04      -3.141853404126e-07      -2.363995488341e+04       2.386714966164e-07       2.386714966164e-07       4.784229582383e+04       1.510112932043e+01       3.987966581296e-07      -5.031989854489e-13      -7.550564660226e+00      -1.970834752643e-01      -7.550564660214e+00      -4.980697415566e-02 
       1.891873122127e+02      -3.189076085276e-07      -2.246640845311e+04      -2.406726120519e+04      -2.880345884998e-07      -2.377074508217e+04       2.188752759086e-07       2.188752759086e-07       4.813452241039e+04       1.518703425322e+01       3.657419046921e-07      -4.869841495850e-13      -7.593517126620e+00      -2.158052355376e-01      -7.593517126608e+00      -5.285202087781e-02 
       1.981034355469e+02      -2.903454865145e-07      -2.235967599385e+04      -2.405394972439e+04      -2.622901870012e-07      -2.374279072979e+04       1.993818747291e-07       1.993818747291e-07       4.810789944878e+04       1.517176952880e+01       3.331912027078e-07      -4.688313733942e-13      -7.585884764410e+00      -2.346679670880e-01      -7.585884764400e+00      -5.579268364963e-02 
       2.074397628281e+02      -2.667032593700e-07      -2.244650394356e+04      -2.425787417116e+04      -2.409851385417e-07      -2.392794734946e+04       1.832564855772e-07       1.832564855772e-07       4.851574834232e+04       1.529293970016e+01       3.062666865189e-07      -4.561247293049e-13      -7.646469850088e+00      -2.574740127205e-01      -7.646469850078e+00      -5.952269138532e-02 
       2.172160976582e+02      -2.439357622230e-07      -2.243023959914e+04      -2.436125571586e+04      -2.204656276066e-07      -2.401234948969e+04       1.677214326299e-07       1.677214326299e-07       4.872251143173e+04       1.534997322481e+01       2.803264583581e-07      -4.426099969395e-13      -7.674986612412e+00      -2.812532968417e-01      -7.674986612403e+00      -6.332521285131e-02 
       2.274531769542e+02      -2.221641728921e-07      -2.231175084288e+04      -2.436381571927e+04      -2.008405375934e-07      -2.399589904743e+04       1.528589711526e-07       1.528589711526e-07       4.872763143855e+04       1.534277374047e+01       2.555078079067e-07      -4.281969314791e-13      -7.671386870242e+00      -3.057266759165e-01      -7.671386870234e+00      -6.715632690150e-02 
       2.381727149336e+02      -2.040774561089e-07      -2.237707476276e+04      -2.457932924138e+04      -1.845414455684e-07      -2.418742710516e+04       1.405217590663e-07       1.405217590663e-07       4.915865848276e+04       1.546889390053e+01       2.349081567404e-07      -4.182022615570e-13      -7.734446950273e+00      -3.351795793321e-01      -7.734446950266e+00      -7.193548216960e-02 
       2.493974491737e+02      -1.857299861903e-07      -2.222713910619e+04      -2.457044676295e+04      -1.680012217683e-07      -2.415641479958e+04       1.279930478085e-07       1.279930478085e-07       4.914089352590e+04       1.545295889933e+01       2.139857901749e-07      -4.051458743839e-13      -7.726479449670e+00      -3.638343323078e-01      -7.726479449663e+00      -7.641177250022e-02 
       2.611511888409e+02      -1.695987975841e-07      -2.214333438097e+04      -2.464738149161e+04      -1.534601788471e-07      -2.420796773458e+04       1.169801656441e-07       1.169801656441e-07       4.929476298323e+04       1.549016122740e+01       1.955952865764e-07      -3.942478346624e-13      -7.745080613708e+00      -3.961427913876e-01      -7.745080613701e+00      -8.152780904876e-02 
       2.734588651927e+02      -1.549971776358e-07      -2.206860276888e+04      -2.474860137611e+04      -1.402978296972e-07      -2.428137183267e+04       1.070106784512e-07       1.070106784512e-07       4.949720275223e+04       1.554166232695e+01       1.789468994781e-07      -3.842561143216e-13      -7.770831163482e+00      -4.314522999112e-01      -7.770831163476e+00      -8.713261967845e-02 
       2.863465844609e+02      -1.422400894129e-07      -2.207485323044e+04      -2.495733873078e+04      -1.287999138978e-07      -2.445792533982e+04       9.830452532098e-08       9.830452532098e-08       4.991467746155e+04       1.565961879209e+01       1.644090721675e-07      -3.764110785111e-13      -7.829809396048e+00      -4.716449200744e-01      -7.829809396043e+00      -9.358673500405e-02 
       2.998416832259e+02      -1.301914898054e-07      -2.201268585001e+04      -2.510594222800e+04      -1.179385290917e-07      -2.457315719515e+04       9.007719456795e-08       9.007719456795e-08       5.021188445600e+04       1.573871140673e+01       1.506697568629e-07      -3.679979451282e-13      -7.869355703370e+00      -5.139075761063e-01      -7.869355703365e+00      -1.003170640862e-01 
       3.139727864015e+02      -1.180504239986e-07      -2.173578340232e+04      -2.502325973992e+04      -1.069876726260e-07      -2.446013576943e+04       8.177353135168e-08       8.177353135168e-08       5.004651947983e+04       1.567193560475e+01       1.368001445468e-07      -3.565199809831e-13      -7.835967802381e+00      -5.542293306443e-01      -7.835967802376e+00      -1.065604508483e-01 
       3.287698679520e+02      -1.075714146113e-07      -2.155625423177e+04      -2.506878859749e+04      -9.753731264456e-08      -2.447024323560e+04       7.460916389142e-08       7.460916389142e-08       5.013757719498e+04       1.568441703780e+01       1.248339996217e-07      -3.472417596224e-13      -7.842208518907e+00      -6.002757543444e-01      -7.842208518902e+00      -1.138011994033e-01 
