# Transfer functions T_i(k) for adiabatic (AD) mode (normalized to initial curvature=1) at redshift z=99
# for k=1.03944e-05 to 328.77 h/Mpc,
# number of wavenumbers equal to 605
# d_i   stands for (delta rho_i/rho_i)(k,z) with above normalization 
# d_tot stands for (delta rho_tot/rho_tot)(k,z) with rho_Lambda NOT included in rho_tot
# (note that this differs from the transfer function output from CAMB/CMBFAST, which gives the same
#  quantities divided by -k^2 with k in Mpc^-1; use format=camb to match CAMB)
# t_i   stands for theta_i(k,z) with above normalization 
# t_tot stands for (sum_i [rho_i+p_i] theta_i)/(sum_i [rho_i+p_i]))(k,z)
#
#    1:k (h/Mpc)              2:d_g                    3:d_b                    4:d_cdm                  5:d_ur                   6:d_tot                  7:phi                    8:psi                    9:h                     10:h_prime               11:eta                   12:eta_prime             13:t_g                   14:t_b                   15:t_ur                  16:t_tot              
       1.039441571510e-05      -1.591039940986e-05      -1.193284954707e-05      -1.193284996788e-05      -1.591039170336e-05      -1.204638106685e-05       6.121819724724e-01       5.968387644454e-01       2.386569993577e-05       3.208354826467e-08       9.999995747052e-01      -2.901955578863e-10      -1.512372104193e-13      -1.332281500503e-16      -1.608223168432e-13      -5.870292290555e-15 
       1.088428943559e-05      -1.744539871618e-05      -1.308410913793e-05      -1.308410964386e-05      -1.744538945093e-05      -1.320859379755e-05       6.121819485430e-01       5.968387518301e-01       2.616821928772e-05       3.517890908042e-08       9.999995336737e-01      -3.181928562085e-10      -1.818270605080e-13      -1.601774311449e-16      -1.933508784073e-13      -7.057641495710e-15 
       1.139725019325e-05      -1.912849038932e-05      -1.434644004903e-05      -1.434644065729e-05      -1.912847925005e-05      -1.448293455116e-05       6.121819187643e-01       5.968387337018e-01       2.869288131457e-05       3.857290464211e-08       9.999994886833e-01      -3.488910304671e-10      -2.186041349958e-13      -1.925762592342e-16      -2.324587999447e-13      -8.485148522703e-15 
       1.193438604663e-05      -2.097396184542e-05      -1.573055825611e-05      -1.573055898740e-05      -2.097394845309e-05      -1.588022124523e-05       6.121818839408e-01       5.968387120872e-01       3.146111797480e-05       4.229434651467e-08       9.999994393524e-01      -3.825511315671e-10      -2.628198840691e-13      -2.315283951275e-16      -2.794768153973e-13      -1.020138830468e-14 
       1.249683633289e-05      -2.299747791595e-05      -1.724821288009e-05      -1.724821375930e-05      -2.299746181477e-05      -1.741231476927e-05       6.121818227353e-01       5.968386628537e-01       3.449642751859e-05       4.637482870679e-08       9.999993852629e-01      -4.194576144846e-10      -3.159788752254e-13      -2.783552529476e-16      -3.360049736789e-13      -1.226476215285e-14 
       1.308579408449e-05      -2.521621744911e-05      -1.891228865504e-05      -1.891228971209e-05      -2.521619809127e-05      -1.909222242752e-05       6.121817791601e-01       5.968386353044e-01       3.782457942417e-05       5.084898523675e-08       9.999993259539e-01      -4.599265127050e-10      -3.798899943256e-13      -3.346595197926e-16      -4.039665814162e-13      -1.474548016464e-14 
       1.370250855978e-05      -2.764901373774e-05      -2.073691126947e-05      -2.073691254031e-05      -2.764899046450e-05      -2.093420428123e-05       6.121817312428e-01       5.968386035905e-01       4.147382508062e-05       5.575479985220e-08       9.999992609235e-01      -5.042987994732e-10      -4.567280161879e-13      -4.023474771423e-16      -4.856744374298e-13      -1.772795801976e-14 
       1.434828789286e-05      -3.031651798152e-05      -2.273756998731e-05      -2.273757151520e-05      -3.031649000091e-05      -2.295389693604e-05       6.121816782622e-01       5.968385686881e-01       4.547514303040e-05       6.113391790427e-08       9.999991896189e-01      -5.529510226996e-10      -5.491075498545e-13      -4.837310479462e-16      -5.839087823232e-13      -2.131368223063e-14 
       1.502450186827e-05      -3.324137369307e-05      -2.493124848211e-05      -2.493125031905e-05      -3.324134005291e-05      -2.516844561954e-05       6.121816218801e-01       5.968385317730e-01       4.986250063809e-05       6.703200247974e-08       9.999991114344e-01      -6.062995232355e-10      -6.601720858382e-13      -5.815736720725e-16      -7.020124141236e-13      -2.562466815944e-14 
       1.573258482650e-05      -3.644840874950e-05      -2.733656891097e-05      -2.733657111944e-05      -3.644836830541e-05      -2.759664962515e-05       6.121815572244e-01       5.968384905912e-01       5.467314223887e-05       7.349912233308e-08       9.999990257073e-01      -6.647935715321e-10      -7.937009518282e-13      -6.992040215060e-16      -8.440037189209e-13      -3.080760360084e-14 
       1.647403870647e-05      -3.996484590397e-05      -2.997394984045e-05      -2.997395249562e-05      -3.996479727924e-05      -3.025912173907e-05       6.121814872898e-01       5.968384429019e-01       5.994790499123e-05       8.059017757113e-08       9.999989317102e-01      -7.289318814668e-10      -9.542377289085e-13      -8.406289227748e-16      -1.014715134872e-12      -3.703886268702e-14 
       1.725043623124e-05      -4.382053471858e-05      -3.286578024801e-05      -3.286578344022e-05      -4.382047625886e-05      -3.317846389552e-05       6.121814118257e-01       5.968383936746e-01       6.573156688044e-05       8.836536306360e-08       9.999988286432e-01      -7.992572585392e-10      -1.147245262855e-12      -1.010659122691e-15      -1.219954978351e-12      -4.453047463427e-14 
       1.806342424406e-05      -4.804820366837e-05      -3.603660866064e-05      -3.603661249852e-05      -4.804813338480e-05      -3.637945811287e-05       6.121813230490e-01       5.968383352990e-01       7.207322499703e-05       9.689068302099e-08       9.999987156330e-01      -8.763673719854e-10      -1.379291076549e-12      -1.215079865706e-15      -1.466706676122e-12      -5.353735355267e-14 
       1.891472720151e-05      -5.268374268791e-05      -3.951335513929e-05      -3.951335975341e-05      -5.268365818868e-05      -3.988928049254e-05       6.121812719240e-01       5.968383177750e-01       7.902671950682e-05       1.062384973489e-07       9.999985917176e-01      -9.609194483244e-10      -1.658271052392e-12      -1.460899058275e-15      -1.763367296734e-12      -6.436599879485e-14 
       1.980615083129e-05      -5.776649241657e-05      -4.332552830121e-05      -4.332553384859e-05      -5.776639082593e-05      -4.373772030328e-05       6.121811688475e-01       5.968382484646e-01       8.665106769717e-05       1.164881803935e-07       9.999984558499e-01      -1.053626406243e-09      -1.993678272327e-12      -1.756382951028e-15      -2.120031831827e-12      -7.738487495705e-14 
       2.073958596245e-05      -6.333959996457e-05      -4.750549225163e-05      -4.750549892105e-05      -6.333947782597e-05      -4.795744944896e-05       6.121810544459e-01       5.968381722944e-01       9.501099784210e-05       1.277267311460e-07       9.999983068738e-01      -1.155277071700e-09      -2.396925852334e-12      -2.111637219169e-15      -2.548835713323e-12      -9.303697565881e-14 
       2.171701253604e-05      -6.945037083685e-05      -5.208873065482e-05      -5.208873867321e-05      -6.945022399402e-05      -5.258428904781e-05       6.121809305119e-01       5.968380897933e-01       1.041774773464e-04       1.400495529920e-07       9.999981435246e-01      -1.266734481006e-09      -2.881735230992e-12      -2.538747402326e-15      -3.064370656374e-12      -1.118549098978e-13 
       2.274050380486e-05      -7.615067387849e-05      -5.711415059730e-05      -5.711416023755e-05      -7.615049733475e-05      -5.765751618171e-05       6.121807946801e-01       5.968380003945e-01       1.142283204751e-04       1.535612533239e-07       9.999979644157e-01      -1.388945293432e-09      -3.464603008703e-12      -3.052256016929e-15      -3.684178410030e-12      -1.344789912015e-13 
       2.381223073113e-05      -8.349738081575e-05      -6.262441242979e-05      -6.262442401994e-05      -8.349716856394e-05      -6.322019687017e-05       6.121806444579e-01       5.968379006114e-01       1.252488480399e-04       1.683765331767e-07       9.999977680273e-01      -1.522945901433e-09      -4.165362921972e-12      -3.669623217182e-15      -4.429349435793e-12      -1.616790622773e-13 
       2.493446659134e-05      -9.155285073537e-05      -6.866629334722e-05      -6.866630728242e-05      -9.155259555333e-05      -6.931955310289e-05       6.121804844607e-01       5.968377983405e-01       1.373326145648e-04       1.846211553026e-07       9.999975526901e-01      -1.669874045954e-09      -5.007858708484e-12      -4.412169425299e-15      -5.325237664663e-12      -1.943806537379e-13 
       2.610959179822e-05      -1.003854536172e-04      -7.529108031643e-05      -7.529109706924e-05      -1.003851468237e-04      -7.600735949358e-05       6.121802944346e-01       5.968376672156e-01       1.505821941385e-04       2.024330277830e-07       9.999973165821e-01      -1.830977052713e-09      -6.020761825488e-12      -5.304167044497e-15      -6.402331796611e-12      -2.336965044274e-13 
       2.734009894987e-05      -1.100701622233e-04      -8.255501429523e-05      -8.255503443657e-05      -1.100697933774e-04      -8.334039172209e-05       6.121801048204e-01       5.968375436857e-01       1.651100688731e-04       2.219633403582e-07       9.999970576914e-01      -2.007622921461e-09      -7.238534304432e-12      -6.377078203323e-15      -7.697279474292e-12      -2.809644524680e-13 
       2.862859811694e-05      -1.206891707054e-04      -9.051975459626e-05      -9.051977881150e-05      -1.206887272564e-04      -9.138089529603e-05       6.121798800077e-01       5.968373919477e-01       1.810395576230e-04       2.433778983548e-07       9.999967738249e-01      -2.201308550652e-09      -8.702613765754e-12      -7.666885584044e-15      -9.254143568705e-12      -3.377928105624e-13 
       2.997782237893e-05      -1.323326102454e-04      -9.925291607329e-05      -9.925294518634e-05      -1.323320771026e-04      -1.001971278366e-04       6.121796429631e-01       5.968372336589e-01       1.985058903727e-04       2.668584767400e-07       9.999964625745e-01      -2.413681171950e-09      -1.046281890602e-11      -9.217611532041e-15      -1.112590098989e-11      -4.061153308865e-13 
       3.139063362138e-05      -1.450993000511e-04      -1.088286329299e-04      -1.088286679316e-04      -1.450986590767e-04      -1.098639282324e-04       6.121793801792e-01       5.968370591128e-01       2.176573358631e-04       2.926044023609e-07       9.999961212924e-01      -2.646541639032e-09      -1.257904370173e-11      -1.108201062364e-14      -1.337623500885e-11      -4.882567020802e-13 
       3.287002860635e-05      -1.590975915353e-04      -1.193281925276e-04      -1.193282346088e-04      -1.590968209181e-04      -1.204633564553e-04       6.121790932298e-01       5.968368680915e-01       2.386564692177e-04       3.208342284561e-07       9.999957470856e-01      -2.901866775417e-09      -1.512329531433e-11      -1.332349956873e-14      -1.608172129729e-11      -5.870119636786e-13 
       3.441914532896e-05      -1.744462879835e-04      -1.308407259473e-04      -1.308407765400e-04      -1.744453615014e-04      -1.320853906656e-04       6.121787874141e-01       5.968366663573e-01       2.616815530800e-04       3.517875876530e-07       9.999953367782e-01      -3.181825031127e-09      -1.818214625949e-11      -1.601845714693e-14      -1.933441771237e-11      -7.057414341702e-13 
       3.604126967346e-05      -1.912756460980e-04      -1.434639601193e-04      -1.434640209452e-04      -1.912745322310e-04      -1.448286864663e-04       6.121784471371e-01       5.968364420856e-01       2.869280418904e-04       3.857272432287e-07       9.999948868801e-01      -3.488789466187e-09      -2.185967658682e-11      -1.925853779919e-14      -2.324499231588e-11      -8.484848602634e-13 
       3.773984238309e-05      -2.097284810716e-04      -1.573050477990e-04      -1.573051209277e-04      -2.097271419141e-04      -1.588014147357e-04       6.121780553721e-01       5.968361767904e-01       3.146102418554e-04       4.229413178651e-07       9.999943935876e-01      -3.825365640930e-09      -2.628101435990e-11      -2.315349936435e-14      -2.794651460495e-11      -1.020099203360e-12 
       3.951846635827e-05      -2.299614010730e-04      -1.724814948440e-04      -1.724815827641e-04      -2.299597910627e-04      -1.741221976820e-04       6.121776557766e-01       5.968359150708e-01       3.449631655281e-04       4.637456706709e-07       9.999938526988e-01      -4.194414030497e-09      -3.159660589000e-11      -2.783700022108e-14      -3.359895001313e-11      -1.226423982428e-12 
       4.138091429893e-05      -2.521460823618e-04      -1.891221182350e-04      -1.891222239365e-04      -2.521441467101e-04      -1.909210759209e-04       6.121771908740e-01       5.968356015662e-01       3.782444478730e-04       5.084867305154e-07       9.999932596292e-01      -4.599062569632e-09      -3.798730837647e-11      -3.346654377438e-14      -4.039463320125e-11      -1.474479150488e-12 
       4.333113670686e-05      -2.764707878537e-04      -2.073681870274e-04      -2.073683141110e-04      -2.764684607116e-04      -2.093406602236e-04       6.121766925526e-01       5.968352708305e-01       4.147366282220e-04       5.575442527476e-07       9.999926093412e-01      -5.042744934382e-09      -4.567056954159e-11      -4.023657248113e-14      -4.856475667226e-11      -1.772704841429e-12 
       4.537327026525e-05      -3.031419114959e-04      -2.273745831088e-04      -2.273747358966e-04      -3.031391136733e-04      -2.295373032208e-04       6.121761426644e-01       5.968349036648e-01       4.547494717931e-04       6.113346907132e-07       9.999918963174e-01      -5.529227506363e-09      -5.490781180672e-11      -4.837477813832e-14      -5.838734042477e-11      -2.131248255455e-12 
       4.751164661317e-05      -3.323857601870e-04      -2.493111405416e-04      -2.493113242327e-04      -3.323823964975e-04      -2.516824514092e-04       6.121755467630e-01       5.968345079415e-01       4.986226484654e-04       6.703146349645e-07       9.999911145088e-01      -6.062642973797e-09      -6.601333116427e-11      -5.815926285880e-14      -7.019656511695e-11      -2.562308481752e-12 
       4.975080153356e-05      -3.644504439314e-04      -2.733640667319e-04      -2.733642875774e-04      -3.644463999324e-04      -2.759640797162e-04       6.121748833463e-01       5.968340645766e-01       5.467285751549e-04       7.349847672851e-07       9.999902572729e-01      -6.647510409678e-09      -7.936497967752e-11      -6.992235556366e-14      -8.439422471999e-11      -3.080551729625e-12 
       5.209548457420e-05      -3.996080112812e-04      -2.997375482647e-04      -2.997378137788e-04      -3.996031493773e-04      -3.025883124728e-04       6.121741685415e-01       5.968335904395e-01       5.994756275575e-04       8.058940123312e-07       9.999893173408e-01      -7.288799471028e-09      -9.541703391340e-11      -8.406531773256e-14      -1.014633853454e-10      -3.703610940209e-12 
       5.455066912219e-05      -4.381567144096e-04      -3.286554548081e-04      -3.286557740261e-04      -4.381508691920e-04      -3.317811433657e-04       6.121733809175e-01       5.968330662723e-01       6.573115480521e-04       8.836443090023e-07       9.999882867254e-01      -7.991946121130e-09      -1.147156453849e-10      -1.010690078752e-13      -1.219847732000e-10      -4.452684408026e-12 
       5.712156295313e-05      -4.804235646075e-04      -3.603632618681e-04      -3.603636456535e-04      -4.804165371733e-04      -3.637903762801e-04       6.121725168050e-01       5.968324913629e-01       7.207272913070e-04       9.688956317161e-07       9.999871566826e-01      -8.762920756885e-09      -1.379173852565e-10      -1.215116018577e-13      -1.466566038125e-10      -5.353257489161e-12 
       5.981361927751e-05      -5.267670843641e-04      -3.951301222825e-04      -3.951305836916e-04      -5.267586356878e-04      -3.988877162553e-04       6.121715631444e-01       5.968318562206e-01       7.902611673831e-04       1.062371637754e-06       9.999859176281e-01      -9.608257163597e-09      -1.658116623794e-10      -1.460883459419e-13      -1.763181689807e-10      -6.435968877010e-12 
       6.263254830773e-05      -5.775803557674e-04      -4.332511613172e-04      -4.332517160534e-04      -5.775701983986e-04      -4.373710861368e-04       6.121705215723e-01       5.968311635486e-01       8.665034321069e-04       1.164865767015e-06       9.999845590355e-01      -1.053512992465e-08      -1.993474719384e-10      -1.756351009330e-13      -2.119786506328e-10      -7.737654554111e-12 
       6.558432937020e-05      -6.332943285179e-04      -4.750499684221e-04      -4.750506353628e-04      -6.332821168768e-04      -4.795671416729e-04       6.121693832279e-01       5.968304060626e-01       9.501012707257e-04       1.277248026034e-06       9.999830693874e-01      -1.155140798353e-08      -2.396657555959e-10      -2.111619431886e-13      -2.548512470839e-10      -9.302600235144e-12 
       6.867522358831e-05      -6.943814679355e-04      -5.208813460420e-04      -5.208821478813e-04      -6.943667865842e-04      -5.258340460628e-04       6.121681282601e-01       5.968295691015e-01       1.041764295763e-03       1.400472360822e-06       9.999814360281e-01      -1.266570919432e-08      -2.881381563956e-10      -2.538722364772e-13      -3.063944505610e-10      -1.118404438620e-11 
       7.191178716309e-05      -7.613597743012e-04      -5.711343396150e-04      -5.711353036181e-04      -7.613421238443e-04      -5.765645282576e-04       6.121667612507e-01       5.968286575583e-01       1.142270607236e-03       1.535584679066e-06       9.999796451043e-01      -1.388748194328e-08      -3.464138140655e-10      -3.052120679548e-13      -3.683617316176e-10      -1.344599464899e-11 
       7.530088527984e-05      -8.347971189233e-04      -6.262355077575e-04      -6.262366667642e-04      -8.347758989177e-04      -6.321891837368e-04       6.121652506781e-01       5.968276547242e-01       1.252473333528e-03       1.683731846525e-06       9.999776814178e-01      -1.522708215230e-08      -4.164748614226e-10      -3.669554977939e-13      -4.428608088064e-10      -1.616539139573e-11 
       7.884970667002e-05      -9.153160671750e-04      -6.866525626876e-04      -6.866539561252e-04      -9.152905556616e-04      -6.931801486554e-04       6.121635997426e-01       5.968265535338e-01       1.373307912250e-03       1.846171339366e-06       9.999755282986e-01      -1.669588566414e-08      -5.007050012901e-10      -4.411768986394e-13      -5.324264040691e-10      -1.943475362025e-11 
       8.256577885962e-05      -1.003599138439e-03      -7.528983412547e-04      -7.529000165187e-04      -1.003568467965e-03      -7.600551079217e-04       6.121617872397e-01       5.968253448592e-01       1.505800033037e-03       2.024281905613e-06       9.999731674626e-01      -1.830633755023e-08      -6.019695578314e-10      -5.303998315015e-13      -6.401045983190e-10      -2.336528615282e-11 
       8.645698413597e-05      -1.100394562441e-03      -8.255351542297e-04      -8.255371683545e-04      -1.100357689278e-03      -8.333816848089e-04       6.121598045146e-01       5.968240274171e-01       1.651074336709e-03       2.219575272015e-06       9.999705789136e-01      -2.007209827721e-08      -7.237125792933e-10      -6.376887630914e-13      -7.695585719972e-10      -2.809068792947e-11 
       9.053157626715e-05      -1.206522559244e-03      -9.051795361072e-04      -9.051819576160e-04      -1.206478229341e-03      -9.137822345375e-04       6.121576299355e-01       5.968225794883e-01       1.810363915232e-03       2.433709053971e-06       9.999677406438e-01      -2.200813940336e-08      -8.700757226699e-10      -7.666700088739e-13      -9.251911554485e-10      -3.377169418161e-11 
       9.479819800938e-05      -1.322882295646e-03      -9.925075078738e-04      -9.925104191610e-04      -1.322829001252e-03      -1.001939155715e-03       6.121552453276e-01       5.968209915360e-01       1.985020838322e-03       2.668500695613e-06       9.999646286178e-01      -2.413085506590e-08      -1.046037171435e-09      -9.217355455088e-13      -1.112295738132e-09      -4.060153000629e-11 
       9.926589943941e-05      -1.450459437932e-03      -1.088260298437e-03      -1.088263798513e-03      -1.450395366945e-03      -1.098600664243e-03       6.121526358397e-01       5.968192516574e-01       2.176527597026e-03       2.925942942294e-06       9.999612163663e-01      -2.645827039613e-08      -1.257582380537e-09      -1.108135847764e-12      -1.337235755934e-09      -4.881249707324e-11 
       1.039441571510e-04      -1.590334442877e-03      -1.193250628113e-03      -1.193254836187e-03      -1.590257415574e-03      -1.204587134650e-03       6.121497632490e-01       5.968173417826e-01       2.386509672375e-03       3.208220764195e-06       9.999574750042e-01      -2.901007404151e-08      -1.511904295850e-09      -1.332299974601e-12      -1.607660882831e-09      -5.868381753794e-11 
       1.088428943559e-04      -1.743691658213e-03      -1.308369618782e-03      -1.308374677981e-03      -1.743599055475e-03      -1.320798072766e-03       6.121466199394e-01       5.968152491122e-01       2.616749355962e-03       3.517729830252e-06       9.999533727519e-01      -3.180789868060e-08      -1.817653989025e-09      -1.601765499690e-12      -1.932767631687e-09      -7.055122714107e-11 
       1.139725019325e-04      -1.911829253380e-03      -1.434594335495e-03      -1.434600417903e-03      -1.911717926521e-03      -1.448219726394e-03       6.121431719713e-01       5.968129532254e-01       2.869200835805e-03       3.857096894108e-06       9.999488748151e-01      -3.487545021579e-08      -2.185228679908e-09      -1.925710494184e-12      -2.323610860461e-09      -8.481827759412e-11 
       1.193438604663e-04      -2.096170133200e-03      -1.572996089611e-03      -1.573003402299e-03      -2.096036296321e-03      -1.587933463565e-03       6.121393918316e-01       5.968104360461e-01       3.146006804599e-03       4.229202011856e-06       9.999439430640e-01      -3.823871890228e-08      -2.627127369618e-09      -2.315211108284e-12      -2.793480394922e-09      -1.019701081661e-10 
       1.249683633289e-04      -2.298273867006e-03      -1.724749527938e-03      -1.724758319628e-03      -2.298112971986e-03      -1.741124943049e-03       6.121352454771e-01       5.968076768565e-01       3.449516639256e-03       4.637202954599e-06       9.999385356293e-01      -4.192615413960e-08      -3.158376917188e-09      -2.783455873863e-12      -3.358349029874e-09      -1.225898811838e-10 
       1.308579408449e-04      -2.519849718002e-03      -1.891142569895e-03      -1.891153139956e-03      -2.519656291693e-03      -1.909094141251e-03       6.121307048117e-01       5.968046543275e-01       3.782306279913e-03       5.084562078273e-06       9.999326066504e-01      -4.596899918920e-08      -3.797038130914e-09      -3.346485100732e-12      -4.037425780814e-09      -1.473787029956e-10 
       1.370250855978e-04      -2.762770968419e-03      -2.073587360369e-03      -2.073600068154e-03      -2.762538436346e-03      -2.093266401432e-03       6.121257295778e-01       5.968013394673e-01       4.147200136309e-03       5.575075562438e-06       9.999261059219e-01      -5.040148132224e-08      -4.564827115575e-09      -4.023244309516e-12      -4.853792652493e-09      -1.771792974607e-10 
       1.434828789286e-04      -3.029090543329e-03      -2.273632222776e-03      -2.273647501006e-03      -3.028811000615e-03      -2.295204494248e-03       6.121202653896e-01       5.967977031703e-01       4.547295002011e-03       6.112905661162e-06       9.999189782127e-01      -5.526106265300e-08      -5.487840227064e-09      -4.837041873100e-12      -5.835196467825e-09      -2.130045917440e-10 
       1.502450186827e-04      -3.321058136188e-03      -2.492974806920e-03      -2.492993175345e-03      -3.320722082114e-03      -2.516621878931e-03       6.121142770893e-01       5.967937159917e-01       4.985986350690e-03       6.702615914649e-06       9.999111631637e-01      -6.058888223364e-08      -6.597455800748e-09      -5.815370383550e-12      -7.014993749071e-09      -2.560723537728e-10 
       1.573258482650e-04      -3.641138916806e-03      -2.733476464966e-03      -2.733498548584e-03      -3.640734931448e-03      -2.759397205967e-03       6.121077111489e-01       5.967893438728e-01       5.466997097168e-03       7.349209873025e-06       9.999025944552e-01      -6.642997607582e-08      -7.931387053384e-09      -6.991539104357e-12      -8.433276915809e-09      -3.078462686257e-10 
       1.647403870647e-04      -3.992034023835e-03      -2.997178046531e-03      -2.997204596855e-03      -3.991548379987e-03      -3.025590247994e-03       6.121005123414e-01       5.967845509232e-01       5.994409193710e-03       8.058173428639e-06       9.998931994859e-01      -7.283372448375e-08      -9.534965780941e-09      -8.405622357826e-12      -1.013823685816e-08      -3.700856993461e-10 
       1.725043623124e-04      -4.376702924595e-03      -3.286317180302e-03      -3.286349100630e-03      -4.376119124738e-03      -3.317459328761e-03       6.120926203245e-01       5.967792962469e-01       6.572698201260e-03       8.835521345135e-06       9.998828986027e-01      -7.985421855999e-08      -1.146268331788e-08      -1.010566467449e-11      -1.218779655947e-08      -4.449053991095e-10 
       1.806342424406e-04      -4.798387892525e-03      -3.603347237877e-03      -3.603385614647e-03      -4.797686101503e-03      -3.637480448099e-03       6.120839659097e-01       5.967735335872e-01       7.206771229294e-03       9.687848189521e-06       9.998716045457e-01      -8.755076023015e-08      -1.378003066432e-08      -1.214965103394e-11      -1.465157933453e-08      -5.348471657068e-10 
       1.891472720151e-04      -5.260640769891e-03      -3.950958153346e-03      -3.951004291703e-03      -5.259797152581e-03      -3.988368273462e-03       6.120744807740e-01       5.967672168999e-01       7.902008583407e-03       1.062238404659e-05       9.998592215629e-01      -9.598829491925e-08      -1.656573374802e-08      -1.460674541984e-11      -1.761326225393e-08      -6.429661301329e-10 
       1.980615083129e-04      -5.767352120644e-03      -4.332099155875e-03      -4.332154626367e-03      -5.766338033216e-03      -4.373099063150e-03       6.120640768259e-01       5.967602896139e-01       8.664309252733e-03       1.164705592647e-05       9.998456448707e-01      -1.052379974055e-07      -1.991440333914e-08      -1.756107187917e-11      -2.117340454191e-08      -7.729339944313e-10 
       2.073958596245e-04      -6.322783170413e-03      -4.750003800106e-03      -4.750070490825e-03      -6.321564181527e-03      -4.794935896391e-03       6.120526702320e-01       5.967526945080e-01       9.500140981649e-03       1.277055464935e-05       9.998307593410e-01      -1.153778505622e-07      -2.393975524456e-08      -2.111306452669e-11      -2.545287734138e-08      -9.291638825789e-10 
       2.171701253604e-04      -6.931600599276e-03      -5.208217342726e-03      -5.208297520908e-03      -6.930135336114e-03      -5.257456267259e-03       6.120401691307e-01       5.967443680100e-01       1.041659504182e-02       1.400240840433e-05       9.998144389936e-01      -1.264933402575e-07      -2.877846824463e-08      -2.538260445578e-11      -3.059693775092e-08      -1.116959608383e-09 
       2.274050380486e-04      -7.598914489216e-03      -5.710626705315e-03      -5.710723100528e-03      -7.597153222513e-03      -5.764582290032e-03       6.120264586042e-01       5.967352375878e-01       1.142144620106e-02       1.535306348458e-05       9.997965456056e-01      -1.386779321070e-07      -3.459477148451e-08      -3.051625852540e-11      -3.678013528337e-08      -1.342694655484e-09 
       2.381223073113e-04      -8.330319790776e-03      -6.261493462764e-03      -6.261609354264e-03      -8.328202774477e-03      -6.320613930120e-03       6.120114278194e-01       5.967252272416e-01       1.252321870853e-02       1.683397229876e-05       9.997769278165e-01      -1.520342146325e-07      -4.158606124608e-08      -3.668791580237e-11      -4.421222712068e-08      -1.614028652158e-09 
       2.493446659134e-04      -9.131941386167e-03      -6.865489820217e-03      -6.865629151526e-03      -9.129396808780e-03      -6.930265258070e-03       6.119949500608e-01       5.967142522155e-01       1.373125830305e-02       1.845769041956e-05       9.997554195102e-01      -1.666744092161e-07      -4.998952831607e-08      -4.410771916451e-11      -5.314528205834e-08      -1.940165951680e-09 
       2.610959179822e-04      -1.001048328443e-02      -7.527738193657e-03      -7.527905704720e-03      -1.000742487213e-02      -7.598704314858e-03       6.119768866927e-01       5.967022198712e-01       1.505581140944e-02       2.023798243492e-05       9.997318387984e-01      -1.827214789282e-07      -6.009020680078e-08      -5.302791247641e-11      -6.388215377160e-08      -2.332166536506e-09 
       2.734009894987e-04      -1.097328208829e-02      -8.253854484889e-03      -8.254055875075e-03      -1.096960618752e-02      -8.331596696905e-03       6.119570797964e-01       5.966890261022e-01       1.650811175015e-02       2.218993829315e-05       9.997059864590e-01      -2.003099516190e-07      -7.223057064093e-08      -6.375193459180e-11      -7.678671063021e-08      -2.803318988613e-09 
       2.862859811694e-04      -1.202836516817e-02      -9.049995578687e-03      -9.050237699836e-03      -1.202394722645e-02      -9.135153375477e-03       6.119353683177e-01       5.966745615369e-01       1.810047539967e-02       2.433010050294e-05       9.996776436727e-01      -2.195872529979e-07      -8.682213391810e-08      -7.664441732719e-11      -9.229616584243e-08      -3.369590635712e-09 
       2.997782237893e-04      -1.318451392576e-02      -9.922911369684e-03      -9.923202462184e-03      -1.317920433041e-02      -1.001618307196e-02       6.119115642349e-01       5.966587025704e-01       1.984640492437e-02       2.667660364214e-05       9.996465711913e-01      -2.407146208199e-07      -1.043592809889e-07      -9.214498032529e-11      -1.109356875141e-07      -4.050163118835e-09 
       3.139063362138e-04      -1.445133234259e-02      -1.088000174979e-02      -1.088035172281e-02      -1.444495138073e-02      -1.098214960106e-02       6.118854682173e-01       5.966413156423e-01       2.176070344562e-02       2.924932720590e-05       9.996125062192e-01      -2.638685901811e-07      -1.254359809074e-07      -1.107812813344e-10      -1.333361667043e-07      -4.868080815071e-09 
       3.287002860635e-04      -1.583932143529e-02      -1.192937909540e-02      -1.192979985038e-02      -1.583165315886e-02      -1.204123472216e-02       6.118568639338e-01       5.966222539572e-01       2.385959970077e-02       3.207006308756e-05       9.995751618922e-01      -2.892423784248e-07      -1.507657359365e-07      -1.331843857170e-10      -1.602555203752e-07      -5.851026187271e-09 
       3.441914532896e-04      -1.735995983630e-02      -1.307993669242e-02      -1.308044254078e-02      -1.735074496865e-02      -1.320240697707e-02       6.118255071924e-01       5.966013550522e-01       2.616088508156e-02       3.516269876760e-05       9.995342226364e-01      -3.170472687028e-07      -1.812056458209e-07      -1.601156732662e-10      -1.926038456884e-07      -7.032247984151e-09 
       3.604126967346e-04      -1.902579112793e-02      -1.434142374569e-02      -1.434203190926e-02      -1.901471823879e-02      -1.447549709862e-02       6.117911315776e-01       5.965784432562e-01       2.868406381852e-02       3.855341818578e-05       9.994893434057e-01      -3.475143578800e-07      -2.177850434477e-07      -1.924969870259e-10      -2.314741798170e-07      -8.451678232448e-09 
       3.773984238309e-04      -2.085051775705e-02      -1.572452753963e-02      -1.572525869994e-02      -2.083721291828e-02      -1.587128052886e-02       6.117534503438e-01       5.965533243950e-01       3.145051739987e-02       4.227092175722e-05       9.994401460566e-01      -3.808964207946e-07      -2.617402832286e-07      -2.314217816250e-10      -2.781790918450e-07      -1.015727338878e-08 
       3.951846635827e-04      -2.284910282271e-02      -1.724096338405e-02      -1.724184241585e-02      -2.283311701399e-02      -1.740156782722e-02       6.117121479936e-01       5.965257868684e-01       3.448368483170e-02       4.634666713370e-05       9.993862162300e-01      -4.174697942669e-07      -3.145559512164e-07      -2.782172833652e-10      -3.342945353413e-07      -1.220661827166e-08 
       4.138091429893e-04      -2.503787931507e-02      -1.890357324099e-02      -1.890463005201e-02      -2.501867357941e-02      -1.907930366064e-02       6.116668736665e-01       5.964955968365e-01       3.780926010402e-02       5.081513285368e-05       9.993271007275e-01      -4.575363755138e-07      -3.780146057769e-07      -3.344742213752e-10      -4.017122788004e-07      -1.466884744474e-08 
       4.333113670686e-04      -2.743466749583e-02      -2.072643365231e-02      -2.072770419684e-02      -2.741159458417e-02      -2.091867510201e-02       6.116172536682e-01       5.964625022814e-01       4.145540839369e-02       5.571410684437e-05       9.992623016887e-01      -5.014262185633e-07      -4.542562923377e-07      -4.021048124189e-10      -4.827035615854e-07      -1.762696176707e-08 
       4.537327026525e-04      -3.005890064423e-02      -2.272497399869e-02      -2.272650149495e-02      -3.003118409589e-02      -2.293523023935e-02       6.115628670084e-01       5.964262217638e-01       4.545300298991e-02       6.108500251197e-05       9.991912755071e-01      -5.494995221278e-07      -5.458500180200e-07      -4.834073284087e-10      -5.799935058073e-07      -2.118057830888e-08 
       4.751164661317e-04      -3.293175957921e-02      -2.491610594960e-02      -2.491794233698e-02      -3.289846746185e-02      -2.514600790413e-02       6.115032600759e-01       5.963864499367e-01       4.983588467396e-02       6.697320427951e-05       9.991134264273e-01      -6.021496937057e-07      -6.558790185301e-07      -5.811361633226e-10      -6.968526933543e-07      -2.544925310516e-08 
       4.975080153356e-04      -3.607631590507e-02      -2.731836509091e-02      -2.732057289264e-02      -3.603633021791e-02      -2.756967962584e-02       6.114379319867e-01       5.963428521704e-01       5.464114578528e-02       7.342844588598e-05       9.990281023390e-01      -6.598059182740e-07      -7.880431384970e-07      -6.986416756271e-10      -8.372043199426e-07      -3.057643601650e-08 
       5.209548457420e-04      -3.951768337276e-02      -2.995206632217e-02      -2.995472058883e-02      -3.946966297144e-02      -3.022670490389e-02       6.113663411070e-01       5.962950613785e-01       5.990944117767e-02       8.050522388248e-05       9.989345881750e-01      -7.229365278988e-07      -9.467817543057e-07      -8.398771043251e-10      -1.005754969242e-06      -3.673422741612e-08 
       5.455066912219e-04      -4.328317938763e-02      -3.283947338907e-02      -3.284266443879e-02      -4.322551585254e-02      -3.313950108015e-02       6.112878906083e-01       5.962426766188e-01       6.568532887759e-02       8.826325043082e-05       9.988321033520e-01      -7.920519149654e-07      -1.137419816176e-06      -1.009672159847e-09      -1.208148095078e-06      -4.412904057010e-08 
       5.712156295313e-04      -4.740249310266e-02      -3.600498490349e-02      -3.600882126671e-02      -4.733325818820e-02      -3.633262891554e-02       6.112019250969e-01       5.961852562854e-01       7.201764253342e-02       9.676794769064e-05       9.987197920944e-01      -8.677081038861e-07      -1.366343611037e-06      -1.213780207976e-09      -1.451149670294e-06      -5.300838798894e-08 
       5.981361927751e-04      -5.190786235481e-02      -3.947533762303e-02      -3.947994976034e-02      -5.182474451911e-02      -3.983299562198e-02       6.111077346012e-01       5.961223201785e-01       7.895989952068e-02       1.060909887219e-04       9.985967194067e-01      -9.505107148229e-07      -1.641210374078e-06      -1.459129559844e-09      -1.742869823159e-06      -6.366900781762e-08 
       6.263254830773e-04      -5.683425712828e-02      -4.327982862857e-02      -4.328537348855e-02      -5.673448676291e-02      -4.367007648938e-02       6.110045353192e-01       5.960533396995e-01       8.657074697709e-02       1.163108882143e-04       9.984618611609e-01      -1.041118457178e-06      -1.971198482508e-06      -1.754081133571e-09      -2.093025174957e-06      -7.646652305543e-08 
       6.558432937020e-04      -6.221956775081e-02      -4.745055905537e-02      -4.745722510394e-02      -6.209982698472e-02      -4.787615723602e-02       6.108914772244e-01       5.959777377886e-01       9.491445020788e-02       1.275136479469e-04       9.983140983252e-01      -1.140247721358e-06      -2.367307169629e-06      -2.108593160898e-09      -2.513255808004e-06      -9.182703246815e-08 
       6.867522358831e-04      -6.810479844675e-02      -5.202269935702e-02      -5.203071329586e-02      -6.796111425696e-02      -5.248659841171e-02       6.107676270534e-01       5.958948822347e-01       1.040614265917e-01       1.397934616685e-04       9.981522072271e-01      -1.248676478669e-06      -2.842712489708e-06      -2.534730398661e-09      -3.017498324127e-06      -1.102608719180e-07 
       7.191178716309e-04      -7.453426030899e-02      -5.703478037077e-02      -5.704441474015e-02      -7.436187714638e-02      -5.754012414601e-02       6.106319667427e-01       5.958040813534e-01       1.140888294803e-01       1.532534843841e-04       9.979748507210e-01      -1.367249054272e-06      -3.413193407161e-06      -3.046960631568e-09      -3.622433729630e-06      -1.323790597281e-07 
       7.530088527984e-04      -8.155576361174e-02      -6.252901084509e-02      -6.254059328026e-02      -8.134899127544e-02      -6.307913716405e-02       6.104833850453e-01       5.957045786121e-01       1.250811865605e-01       1.680066716197e-04       9.977805679736e-01      -1.496880725551e-06      -4.097638200490e-06      -3.662669084870e-09      -4.348019194926e-06      -1.589128578279e-07 
       7.884970667002e-04      -8.922080238849e-02      -6.855162429339e-02      -6.856554850600e-02      -8.897283626746e-02      -6.915006209508e-02       6.103206686984e-01       5.955955456377e-01       1.371310970120e-01       1.841766945149e-04       9.975677611524e-01      -1.638562543425e-06      -4.918648461051e-06      -4.402680038679e-09      -5.218119967737e-06      -1.907370527732e-07 
       8.256577885962e-04      -9.758473155200e-02      -7.515325785158e-02      -7.516999717506e-02      -9.728743811555e-02      -7.580372026173e-02       6.101424942139e-01       5.954760774609e-01       1.503399943501e-01       2.018989384653e-04       9.973346893413e-01      -1.793366054783e-06      -5.903254942884e-06      -5.292114608117e-09      -6.261258316734e-06      -2.288975842509e-07 
       8.645698413597e-04      -1.067069230660e-01      -8.238936521446e-02      -8.240948901731e-02      -1.063505850426e-01      -8.309573716081e-02       6.099474183510e-01       5.953451844114e-01       1.648189780346e-01       2.213215887849e-04       9.970794493925e-01      -1.962448286484e-06      -7.083769428483e-06      -6.361227217580e-09      -7.511504204975e-06      -2.746443861268e-07 
       9.053157626715e-04      -1.166508953547e-01      -9.032066924654e-02      -9.034486123983e-02      -1.162239140663e-01      -9.108698689487e-02       6.097338680265e-01       5.952017841021e-01       1.806897224797e-01       2.426068149633e-04       9.967999675746e-01      -2.147056280422e-06      -8.498797045245e-06      -7.646015661586e-09      -9.009526594652e-06      -3.294702447741e-07 
       9.479819800938e-04      -1.274844147616e-01      -9.901365165451e-02      -9.904273417998e-02      -1.269729510729e-01      -9.984407493800e-02       6.095001304074e-01       5.950446945511e-01       1.980854683600e-01       2.659320570739e-04       9.964939805312e-01      -2.348531958818e-06      -1.019442843375e-05      -9.190156941059e-09      -1.080383911813e-05      -3.951568618798e-07 
       9.926589943941e-04      -1.392795405802e-01      -1.085410908079e-01      -1.085760522109e-01      -1.386670972774e-01      -1.094398637263e-01       6.092443413020e-01       5.948726247445e-01       2.171521044217e-01       2.914914259803e-04       9.961590233863e-01      -2.568315956676e-06      -1.222565773098e-05      -1.104586498682e-08      -1.295226694337e-05      -4.738291954386e-07 
       1.039441571510e-03      -1.521126142399e-01      -1.189826451007e-01      -1.190246731498e-01      -1.513795439436e-01      -1.199540431337e-01       6.089644715556e-01       5.946841638924e-01       2.380493462997e-01       3.194972229293e-04       9.957924111803e-01      -2.807951312851e-06      -1.465805124428e-05      -1.327584901440e-08      -1.552367267626e-05      -5.680195461610e-07 
       1.088428943559e-03      -1.660641689709e-01      -1.304254877821e-01      -1.304760106579e-01      -1.651870908880e-01      -1.314737497286e-01       6.086583172546e-01       5.944777731647e-01       2.609520213159e-01       3.501815890483e-04       9.953912206829e-01      -3.069086660773e-06      -1.756971319262e-05      -1.595565732950e-08      -1.859999033028e-05      -6.807430699071e-07 
       1.139725019325e-03      -1.812187371100e-01      -1.429650005080e-01      -1.430257344589e-01      -1.801698689433e-01      -1.440942394877e-01       6.083234839457e-01       5.942517743072e-01       2.860514689178e-01       3.837982966828e-04       9.949522794544e-01      -3.353477107826e-06      -2.105360087690e-05      -1.917581815317e-08      -2.227858879386e-05      -8.155861237679e-07 
       1.193438604663e-03      -1.976645336897e-01      -1.567055202143e-01      -1.567785285693e-01      -1.964108508116e-01      -1.579196115915e-01       6.079573812341e-01       5.940043350027e-01       3.135570571386e-01       4.206246755485e-04       9.944721185548e-01      -3.662988608850e-06      -2.522022936410e-05      -2.304517958835e-08      -2.667511659027e-05      -9.768108904030e-07 
       1.249683633289e-03      -2.154929851045e-01      -1.717611630903e-01      -1.718489244447e-01      -2.139953724888e-01      -1.730636028385e-01       6.075571877714e-01       5.937334596083e-01       3.436978488894e-01       4.609637281515e-04       9.939470022323e-01      -3.999588986537e-06      -3.020085667191e-05      -2.769392199090e-08      -3.192659778276e-05      -1.169474528763e-06 
       1.308579408449e-03      -2.347980767083e-01      -1.882567029029e-01      -1.883621960121e-01      -2.330101949937e-01      -1.896504326078e-01       6.071198651663e-01       5.934369773018e-01       3.767243920242e-01       5.051463757718e-04       9.933728614813e-01      -4.365353126548e-06      -3.615116258436e-05      -3.327875060963e-08      -3.819534105652e-05      -1.399572185346e-06 
       1.370250855978e-03      -2.556754676201e-01      -2.063285288258e-01      -2.064553366656e-01      -2.535425309056e-01      -2.078157227297e-01       6.066421185946e-01       5.931125196973e-01       4.129106733312e-01       5.535339050810e-04       9.927452841149e-01      -4.762451929378e-06      -4.325554682333e-05      -3.998891951107e-08      -4.567318156376e-05      -1.674199056901e-06 
       1.434828789286e-03      -2.782213159899e-01      -2.261256969280e-01      -2.262781201777e-01      -2.756786735730e-01      -2.277074908438e-01       6.061203980251e-01       5.927575148617e-01       4.525562403555e-01       6.065206047338e-04       9.920595049956e-01      -5.193144132648e-06      -5.173210812978e-05      -4.804836120997e-08      -5.458650715929e-05      -2.001739120221e-06 
       1.502450186827e-03      -3.025308245112e-01      -2.478110351699e-01      -2.479942464458e-01      -2.995023163245e-01      -2.494872130446e-01       6.055508754324e-01       5.923691660366e-01       4.959884928916e-01       6.645365879994e-04       9.913103668299e-01      -5.659763275688e-06      -6.183833856342e-05      -5.772963113722e-08      -6.520194926899e-05      -2.392081823118e-06 
       1.573258482650e-03      -3.286963509317e-01      -2.715623711747e-01      -2.717825846930e-01      -3.250924482627e-01      -2.733309727897e-01       6.049294371688e-01       5.919444387331e-01       5.435651693860e-01       7.280508354461e-04       9.904923091421e-01      -6.164698961721e-06      -7.387769101773e-05      -6.935749497264e-08      -7.783288771430e-05      -2.856869199395e-06 
       1.647403870647e-03      -3.568050940436e-01      -2.975738325835e-01      -2.978385147232e-01      -3.525208458856e-01      -2.994306892928e-01       6.042516634542e-01       5.914800393551e-01       5.956770294464e-01       7.975744464872e-04       9.895993397260e-01      -6.710371277705e-06      -8.820703114308e-05      -8.332174602390e-08      -9.284670926804e-05      -3.409775689943e-06 
       1.725043623124e-03      -3.869362664457e-01      -3.260572519202e-01      -3.263753753933e-01      -3.818489333354e-01      -3.279954336357e-01       6.035128221788e-01       5.909723991033e-01       6.527507507866e-01       8.736641163850e-04       9.886250100746e-01      -7.299201358771e-06      -1.052450512692e-04      -1.000907477051e-07      -1.106730459995e-04      -4.066824590852e-06 
       1.806342424406e-03      -4.191576498698e-01      -3.572436817786e-01      -3.576260270418e-01      -4.131241436925e-01      -3.592528387925e-01       6.027078576367e-01       5.904176562550e-01       7.152520540836e-01       9.569258499873e-04       9.875624001183e-01      -7.933569943330e-06      -1.254817161728e-04      -1.202255203265e-07      -1.318127705060e-04      -4.846739215708e-06 
       1.891472720151e-03      -4.535214749968e-01      -3.913850192110e-01      -3.918445319516e-01      -4.463755552512e-01      -3.934506031190e-01       6.018313857370e-01       5.898116387828e-01       7.836890639032e-01       1.048018912913e-03       9.864041008545e-01      -8.615768565133e-06      -1.494887307981e-04      -1.443964752307e-07      -1.568478927023e-04      -5.771331092432e-06 
       1.980615083129e-03      -4.900595766320e-01      -4.287557224446e-01      -4.293079609953e-01      -4.816088628407e-01      -4.308580912735e-01       6.008776892817e-01       5.891498462083e-01       8.586159219905e-01       1.147660024390e-03       9.851421984601e-01      -9.347938564257e-06      -1.779309834347e-04      -1.734118873431e-07      -1.864521147934e-04      -6.865921774981e-06 
       2.073958596245e-03      -5.287776254691e-01      -4.696546834431e-01      -4.703183238962e-01      -5.188004661872e-01      -4.717680342815e-01       5.998407155060e-01       5.884274273354e-01       9.406366477924e-01       1.256627780946e-03       9.837682557126e-01      -1.013199729969e-05      -2.115789277737e-04      -2.082320077620e-07      -2.214020520402e-04      -8.159793611392e-06 
       2.171701253604e-03      -5.696486121358e-01      -5.144071418152e-01      -5.152046429925e-01      -5.578908643840e-01      -5.164983327033e-01       5.987140835894e-01       5.876391648342e-01       1.030409285985e+00       1.375767342023e-03       9.822733061306e-01      -1.096955216022e-05      -2.513215901416e-04      -2.500238036752e-07      -2.625886045799e-04      -9.686662857136e-06 
       2.274050380486e-03      -6.126051089456e-01      -5.633668566137e-01      -5.643251652659e-01      -5.987771345975e-01      -5.653939811200e-01       5.974911049095e-01       5.867794675194e-01       1.128650330532e+00       1.505995365697e-03       9.806478716327e-01      -1.186179326737e-05      -2.981801091415e-04      -3.001621652895e-07      -3.110282783178e-04      -1.148515568860e-05 
       2.381223073113e-03      -6.575308451491e-01      -6.169182205426e-01      -6.180697080264e-01      -6.413046957204e-01      -6.188290733415e-01       5.961647901273e-01       5.858423430745e-01       1.236139416053e+00       1.648305141086e-03       9.788819420535e-01      -1.280937539883e-05      -3.533210116187e-04      -3.603086000795e-07      -3.678736390657e-04      -1.359927662587e-05 
       2.493446659134e-03      -7.042511082799e-01      -6.754786328200e-01      -6.768621664859e-01      -6.852583195110e-01      -6.772089511309e-01       5.947278925206e-01       5.848214003742e-01       1.353724332972e+00       1.803772010029e-03       9.769650163829e-01      -1.381227694329e-05      -4.180688414208e-04      -4.324454691975e-07      -4.344222696014e-04      -1.607883263594e-05 
       2.610959179822e-03      -7.525223426047e-01      -7.395009104549e-01      -7.411631556307e-01      -7.303526498717e-01      -7.409724495102e-01       5.931729428053e-01       5.837098365769e-01       1.482326311261e+00       1.973558969823e-03       9.748861199390e-01      -1.486964121825e-05      -4.939169908911e-04      -5.189449913232e-07      -5.121229629345e-04      -1.897977975567e-05 
       2.734009894987e-03      -8.020209837431e-01      -8.094758169320e-01      -8.114727941971e-01      -7.762226381770e-01      -8.105942625448e-01       5.914922957957e-01       5.825004286413e-01       1.622945588394e+00       2.158922487802e-03       9.726338384107e-01      -1.597959625839e-05      -5.825355303124e-04      -6.226422201551e-07      -6.025776166628e-04      -2.236443707325e-05 
       2.862859811694e-03      -8.523318782752e-01      -8.859347169892e-01      -8.883336521807e-01      -8.224138946321e-01      -8.865874543719e-01       5.896782097510e-01       5.811855479107e-01       1.776667304361e+00       2.361218562218e-03       9.701963892278e-01      -1.713905972264e-05      -6.857743268898e-04      -7.469187624850e-07      -7.075374788117e-04      -2.630151024416e-05 
       2.997782237893e-03      -9.029367542415e-01      -9.694522728514e-01      -9.723338437151e-01      -8.683738227650e-01      -9.695061056638e-01       5.877229355041e-01       5.797571772390e-01       1.944667687430e+00       2.581908983193e-03       9.675617029166e-01      -1.834352837950e-05      -8.056593055513e-04      -8.958209880910e-07      -8.288911732038e-04      -3.086584068401e-05 
       3.139063362138e-03      -9.532031242307e-01      -1.060649163561e+00      -1.064110195948e+00      -9.134448875987e-01      -1.059948058139e+00       5.856187864721e-01       5.782069015163e-01       2.128220391896e+00       2.822567654730e-03       9.647174730507e-01      -1.958684926659e-05      -9.443792284085e-04      -1.074184390358e-06      -9.686413903824e-04      -3.613776978133e-05 
       3.287002860635e-03      -1.002374749894e+00      -1.160195023339e+00      -1.164351650416e+00      -9.568594455345e-01      -1.158557927556e+00       5.833582989213e-01       5.765259799356e-01       2.328703300831e+00       3.084887357130e-03       9.616513297851e-01      -2.086099563613e-05      -1.104259799284e-03      -1.287759463101e-06      -1.128868821742e-03      -4.220202446984e-05 
       3.441914532896e-03      -1.049564663214e+00      -1.268811160314e+00      -1.273802679661e+00      -9.977395637898e-01      -1.266030197090e+00       5.809343391769e-01       5.747053599759e-01       2.547605359321e+00       3.370686470782e-03       9.583509305078e-01      -2.215584129748e-05      -1.287721286945e-03      -1.543413472368e-06      -1.311678004417e-03      -4.914596860777e-05 
       3.604126967345e-03      -1.093752211474e+00      -1.387273431964e+00      -1.393266893034e+00      -1.035101433216e+00      -1.383112611106e+00       5.783402804917e-01       5.727357578894e-01       2.786533786069e+00       3.681916124990e-03       9.548041483234e-01      -2.345895942951e-05      -1.497215578815e-03      -1.849328960652e-06      -1.519123617099e-03      -5.705709485606e-05 
       3.773984238305e-03      -1.133785848001e+00      -1.516415010942e+00      -1.523610675323e+00      -1.067867696465e+00      -1.510609768398e+00       5.755701660154e-01       5.706077252629e-01       3.047221350646e+00       4.020667496139e-03       9.509992365180e-01      -2.475545534527e-05      -1.735138163927e-03      -2.215246252355e-06      -1.753112907301e-03      -6.601959771112e-05 
       3.951846635814e-03      -1.168394086213e+00      -1.657129045059e+00      -1.665767002193e+00      -1.094888997392e+00      -1.649387089306e+00       5.726189199481e-01       5.683117691721e-01       3.331534004385e+00       4.389179674641e-03       9.469250667531e-01      -2.602786501572e-05      -2.003710810799e-03      -2.652772638065e-06      -2.015282856544e-03      -7.610991578298e-05 
       4.138091429848e-03      -1.196206599047e+00      -1.810371340522e+00      -1.820739138689e+00      -1.114977339220e+00      -1.800374999458e+00       5.694825130706e-01       5.658384391135e-01       3.641478277378e+00       4.789847592064e-03       9.425712942658e-01      -2.725613576243e-05      -2.304831014023e-03      -3.175637555483e-06      -2.306850950857e-03      -8.739112071661e-05 
       4.333113670534e-03      -1.215789332596e+00      -1.977162558495e+00      -1.989604666039e+00      -1.126953410811e+00      -1.964573706998e+00       5.661582084211e-01       5.631785142649e-01       3.979209332078e+00       5.225231145422e-03       9.379286589857e-01      -2.841774923892e-05      -2.639886601865e-03      -3.800213385081e-06      -2.628442370366e-03      -9.990620938466e-05 
       4.537327026042e-03      -1.225695406817e+00      -2.158590262879e+00      -2.173519261615e+00      -1.129709872193e+00      -2.143058207018e+00       5.626447159053e-01       5.603231322596e-01       4.347038523230e+00       5.698064423634e-03       9.329891529964e-01      -2.948799779670e-05      -3.009535731112e-03      -4.545952463310e-06      -2.979899119393e-03      -1.136703373542e-04 
       4.751164659838e-03      -1.224535259374e+00      -2.355811084205e+00      -2.373720811897e+00      -1.122291782484e+00      -2.336984100121e+00       5.589424217366e-01       5.572640373442e-01       4.747441623794e+00       6.211266737721e-03       9.277463350113e-01      -3.044047609045e-05      -3.413457681826e-03      -5.435894174296e-06      -3.360084090061e-03      -1.286623384587e-04 
       4.975080148993e-03      -1.211068204033e+00      -2.570052112109e+00      -2.591533270559e+00      -1.103994170340e+00      -2.547593644481e+00       5.550534935403e-01       5.539937644460e-01       5.183066541118e+00       6.767954100677e-03       9.221954734474e-01      -3.124782659240e-05      -3.850085935033e-03      -6.497250931676e-06      -3.766698918747e-03      -1.448160787419e-04 
       5.209548445017e-03      -1.184317215752e+00      -2.802611356655e+00      -2.828370825638e+00      -1.074474811088e+00      -2.776222486206e+00       5.509819843872e-01       5.505058986063e-01       5.656741651276e+00       7.371452804288e-03       9.163337381716e-01      -3.188280297134e-05      -4.316345497518e-03      -7.762493289761e-06      -4.196145957084e-03      -1.620126649159e-04 
       5.455066878190e-03      -1.143703741642e+00      -3.054858748951e+00      -3.085741495942e+00      -1.033877331134e+00      -3.024306461021e+00       5.467337737806e-01       5.467952648223e-01       6.171482991883e+00       8.025313360887e-03       9.101601866545e-01      -3.231961986521e-05      -4.807423197393e-03      -9.269790608260e-06      -4.643473971235e-03      -1.800745835721e-04 
       5.712156205140e-03      -1.089204662456e+00      -3.328236187738e+00      -3.365252308844e+00      -9.829554225796e-01      -3.293389928849e+00       5.423166650635e-01       5.428583850730e-01       6.730504617687e+00       8.733330388557e-03       9.036760962283e-01      -3.253572474772e-05      -5.316630565592e-03      -1.106458756803e-05      -5.102461915600e-03      -1.987642034570e-04 
       5.981361696754e-03      -1.021513663821e+00      -3.624257932253e+00      -3.668612808361e+00      -9.231857783410e-01      -3.585132734452e+00       5.377400383745e-01       5.386936116101e-01       7.337225616722e+00       9.499559872258e-03       8.968846487533e-01      -3.251379057038e-05      -5.835401754937e-03      -1.319997669148e-05      -5.565898609967e-03      -2.177881186405e-04 
       6.263254258196e-03      -9.422040500823e-01      -3.944506679732e+00      -3.997639188896e+00      -8.568496812674e-01      -3.901316676956e+00       5.330144218953e-01       5.343013063170e-01       7.995278377793e+00       1.032833923877e-02       8.897906008511e-01      -3.224405603665e-05      -6.353527861404e-03      -1.573906907145e-05      -6.026126143952e-03      -2.368111122579e-04 
       6.558431562524e-03      -8.538661200692e-01      -4.290631022632e+00      -4.354258749396e+00      -7.870595865190e-01      -4.243851380067e+00       5.281509822805e-01       5.296840605605e-01       8.708517498791e+00       1.122430969619e-02       8.823999398082e-01      -3.172675904290e-05      -6.859709224176e-03      -1.875673625045e-05      -6.475908733516e-03      -2.554820998267e-04 
       6.867519160582e-03      -7.601930216917e-01      -4.664345899919e+00      -4.740514492156e+00      -7.177010918680e-01      -4.614778882300e+00       5.231609044363e-01       5.248468998382e-01       9.481028984312e+00       1.219244004016e-02       8.747194689534e-01      -3.097445168204e-05      -7.342520407967e-03      -2.234004742879e-05      -6.909661604930e-03      -2.734745767334e-04 
       7.191171496729e-03      -6.659810162409e-01      -5.067422193975e+00      -5.158568648524e+00      -6.532604859090e-01      -5.016272914938e+00       5.180543480192e-01       5.197971253507e-01       1.031713729705e+01       1.323804475899e-02       8.667558139987e-01      -3.001402172545e-05      -7.791880177787e-03      -2.659238618188e-05      -7.325028565406e-03      -2.905441875724e-04 
       7.530072704257e-03      -5.770007434294e-01      -5.501680568722e+00      -5.610706229647e+00      -5.985099674552e-01      -5.450635020510e+00       5.128394600564e-01       5.145441912307e-01       1.122141245929e+01       1.436680045297e-02       8.585145909884e-01      -2.888787841917e-05      -8.201055256838e-03      -3.163560642789e-05      -7.724718386797e-03      -3.066018028978e-04 
       7.884936964503e-03      -4.996990254216e-01      -5.968984799188e+00      -6.099337686159e+00      -5.580351049167e-01      -5.920285179753e+00       5.075213498036e-01       5.090994242645e-01       1.219867537232e+01       1.558475525719e-02       8.499995321309e-01      -2.765389923192e-05      -8.569160619631e-03      -3.761190114547e-05      -8.118391422841e-03      -3.217983027766e-04 
       8.256508074902e-03      -4.406927951178e-01      -6.471218531986e+00      -6.626998155628e+00      -5.356112661065e-01      -6.427741866646e+00       5.021008317812e-01       5.034752692912e-01       1.325399631126e+01       1.689831885469e-02       8.412111946753e-01      -2.638369407109e-05      -8.903985996994e-03      -4.469029697557e-05      -8.524235669387e-03      -3.366124650963e-04 
       8.645557666719e-03      -4.060413885553e-01      -7.010281114631e+00      -7.196345418232e+00      -5.334715053806e-01      -6.975598983183e+00       4.965738279497e-01       4.976847756905e-01       1.439269083646e+01       1.831424420781e-02       8.321465666966e-01      -2.515854553837e-05      -9.224772465377e-03      -5.306538698116e-05      -8.969716693409e-03      -3.519238007378e-04 
       9.052881226195e-03      -4.003063253838e-01      -7.588037241144e+00      -7.810147766537e+00      -5.515573966376e-01      -7.566483727708e+00       4.909303901043e-01       4.917401534308e-01       1.562029553307e+01       1.983956231542e-02       8.227978204882e-01      -2.406298987537e-05      -9.564345342325e-03      -6.296900115295e-05      -9.490832346995e-03      -3.690500219275e-04 
       9.479290692733e-03      -4.254810527174e-01      -8.206297431661e+00      -8.471267818338e+00      -5.869027858882e-01      -8.203015237453e+00       4.851550978988e-01       4.856519709095e-01       1.694253563668e+01       2.148150257388e-02       8.131528693619e-01      -2.317575227225e-05      -9.969733796176e-03      -7.466881419960e-05      -1.012919218004e-02      -3.897155091852e-04 
       9.925601939390e-03      -4.799264581714e-01      -8.866756766838e+00      -9.182628071483e+00      -6.333533730928e-01      -8.887745929579e+00       4.792276089712e-01       4.794277159023e-01       1.836525614297e+01       2.324734931371e-02       8.031956759478e-01      -2.255881569215e-05      -1.050021487826e-02      -8.847548388220e-05      -1.092637751539e-02      -4.159222120276e-04 
       1.039261492092e-02      -5.575491545891e-01      -9.570907227056e+00      -9.947157134971e+00      -6.818566663041e-01      -9.623093713147e+00       4.731241600766e-01       4.730705252583e-01       1.989431426994e+01       2.514424007608e-02       7.929075168308e-01      -2.224577064833e-05      -1.122168222367e-02      -1.047515110885e-04      -1.191554596681e-02      -4.496971359440e-04 
       1.088108379590e-02      -6.475386210447e-01      -1.031995991511e+01      -1.076771218415e+01      -7.215295370077e-01      -1.041127466739e+01       4.668204484967e-01       4.665787076594e-01       2.153542436829e+01       2.717891473171e-02       7.822698737425e-01      -2.223145175777e-05      -1.219660800876e-02      -1.239087691436e-04      -1.311115045307e-02      -4.927117304122e-04 
       1.139167407410e-02      -7.350064500615e-01      -1.111469404918e+01      -1.164696193531e+01      -7.415879408854e-01      -1.125421734100e+01       4.602947940063e-01       4.599453846103e-01       2.329392387062e+01       2.935736942507e-02       7.712673336346e-01      -2.246577535698e-05      -1.346968639173e-02      -1.464175584804e-04      -1.449892620948e-02      -5.458117500244e-04 
       1.192490411388e-02      -8.028292648990e-01      -1.195531772744e+01      -1.258723206588e+01      -7.339821046188e-01      -1.215347644186e+01       4.535323208176e-01       4.531596385850e-01       2.517446413177e+01       3.168445884504e-02       7.598919217464e-01      -2.285484885921e-05      -1.505094121728e-02      -1.727995661190e-04      -1.602978987902e-02      -6.085488072142e-04 
       1.248106954268e-02      -8.347738929144e-01      -1.284123127387e+01      -1.359029472172e+01      -6.962149536149e-01      -1.311010942612e+01       4.465283278974e-01       4.462081798125e-01       2.718058944344e+01       3.416338908004e-02       7.481463787767e-01      -2.327205019288e-05      -1.690019900590e-02      -2.036348198425e-04      -1.762218584521e-02      -6.788738866555e-04 
       1.306015192574e-02      -8.195796179869e-01      -1.377086129318e+01      -1.465712802894e+01      -6.334371541891e-01      -1.412454691918e+01       4.392917922835e-01       4.390793381549e-01       2.931425605787e+01       3.679521588268e-02       7.360484264078e-01      -2.357981528677e-05      -1.891929692642e-02      -2.395382158980e-04      -1.917692892044e-02      -7.531887279447e-04 
       1.366171767776e-02      -7.550983701910e-01      -1.474139110164e+01      -1.578762669645e+01      -5.586782651655e-01      -1.519638658624e+01       4.318459922304e-01       4.317669270053e-01       3.157525339289e+01       3.957824859866e-02       7.236317082471e-01      -2.365972476287e-05      -2.095931927342e-02      -2.811539247381e-04      -2.060517351357e-02      -8.269328093048e-04 
       1.428481967396e-02      -6.510466178977e-01      -1.574864444489e+01      -1.698033324727e+01      -4.902856671153e-01      -1.632417173880e+01       4.242279274730e-01       4.242755484309e-01       3.396066649454e+01       4.250756658973e-02       7.109464347717e-01      -2.344393978609e-05      -2.284846581995e-02      -3.291136514428e-04      -2.186397269884e-02      -8.957364876061e-04 
       1.492792100706e-02      -5.287183732817e-01      -1.678691471397e+01      -1.823218780726e+01      -4.465422441361e-01      -1.750509336098e+01       4.164839422702e-01       4.166236251073e-01       3.646437561452e+01       4.557453522163e-02       6.980553887108e-01      -2.293773957029e-05      -2.443944036657e-02      -3.840163538734e-04      -2.298594713376e-02      -9.569182264756e-04 
       1.558886502105e-02      -4.166153156794e-01      -1.784908104744e+01      -1.953842390568e+01      -4.388693343606e-01      -1.873477094582e+01       4.086651348245e-01       4.088456633010e-01       3.907684781135e+01       4.876666031812e-02       6.850303906880e-01      -2.222243779403e-05      -2.566492931348e-02      -4.463747555181e-04      -2.408538022430e-02      -1.010795584242e-03 
       1.626491417422e-02      -3.424300627802e-01      -1.892678127041e+01      -2.089259507447e+01      -4.664183389532e-01      -2.000710422605e+01       4.008211703835e-01       4.009899207249e-01       4.178519014895e+01       5.206763850413e-02       6.719457091669e-01      -2.143325437584e-05      -2.657907169166e-02      -5.165599126526e-04      -2.532747129179e-02      -1.061125247973e-03 
       1.695286934301e-02      -3.238218540646e-01      -2.001080199561e+01      -2.228683529844e+01      -5.150909104575e-01      -2.131438045092e+01       3.929962823471e-01       3.931135677448e-01       4.457367059687e+01       5.545790402497e-02       6.588734157183e-01      -2.071733762181e-05      -2.736083726770e-02      -5.948499439356e-04      -2.686418381552e-02      -1.114210126725e-03 
       1.764926168430e-02      -3.617209839900e-01      -2.109172663425e+01      -2.371230793243e+01      -5.623881933471e-01      -2.264768472032e+01       3.852278475262e-01       3.852758235456e-01       4.742461586485e+01       5.891560275824e-02       6.458804417809e-01      -2.018588139930e-05      -2.826641886924e-02      -6.812353412590e-04      -2.876169630281e-02      -1.176717557596e-03 
       1.835058760363e-02      -4.394277107689e-01      -2.216038299751e+01      -2.515977197090e+01      -5.864734313921e-01      -2.399752094376e+01       3.775464700850e-01       3.775301490934e-01       5.031954394180e+01       6.241783873307e-02       6.330262585451e-01      -1.988162663259e-05      -2.954204756222e-02      -7.756199237564e-04      -3.095682726820e-02      -1.253124784236e-03 
       1.905354355797e-02      -5.283341955297e-01      -2.320848627466e+01      -2.662018889255e+01      -5.752644898653e-01      -2.535460672788e+01       3.699782677286e-01       3.699193502502e-01       5.324037778511e+01       6.594213981598e-02       6.203631362856e-01      -1.977269357846e-05      -3.133103882030e-02      -8.777094238914e-04      -3.327027093464e-02      -1.343851288882e-03 
       1.975521843946e-02      -5.979780362915e-01      -2.422906884729e+01      -2.808526265567e+01      -5.311231879596e-01      -2.671060271766e+01       3.625468494218e-01       3.624736870211e-01       5.617052531134e+01       6.946784315786e-02       6.079365811461e-01      -1.977421814102e-05      -3.361586807272e-02      -9.870688356613e-04      -3.547516172526e-02      -1.445026036769e-03 
       2.045321634933e-02      -6.262165358831e-01      -2.521671979274e+01      -2.954781824937e+01      -4.690701464401e-01      -2.805860855839e+01       3.552739870848e-01       3.552118001847e-01       5.909563649874e+01       7.297713676772e-02       5.957851185309e-01      -1.978503480487e-05      -3.622071727267e-02      -1.103156812857e-03      -3.738896194326e-02      -1.549935492024e-03 
       2.114570368999e-02      -6.055942738781e-01      -2.616735158621e+01      -3.100195221244e+01      -4.098333245386e-01      -2.939327740547e+01       3.481780473486e-01       3.481425022255e-01       6.200390442489e+01       7.645546814186e-02       5.839380621054e-01      -1.972306134504e-05      -3.887188267571e-02      -1.225462152089e-03      -3.894476699499e-02      -1.651449951443e-03 
       2.183139227336e-02      -5.440728499523e-01      -2.707851294741e+01      -3.244310255670e+01      -3.713296727840e-01      -3.071083610040e+01       3.412740298119e-01       3.412693098630e-01       6.488620511340e+01       7.989187562415e-02       5.724168187054e-01      -1.954630327750e-05      -4.128938791765e-02      -1.353360588954e-03      -4.021128448354e-02      -1.744320477403e-03 
       2.250947928866e-02      -4.607042422963e-01      -2.794916060457e+01      -3.386799638043e+01      -3.623064487932e-01      -3.200886295656e+01       3.345725244871e-01       3.345932325889e-01       6.773599276086e+01       8.327884320040e-02       5.612348898726e-01      -1.925651236704e-05      -4.327368048516e-02      -1.486216066608e-03      -4.135716450412e-02      -1.826567114816e-03 
       2.317956563857e-02      -3.785805973030e-01      -2.877874265269e+01      -3.527434393518e+01      -3.802808652721e-01      -3.328575638278e+01       3.280768273658e-01       3.281120333839e-01       7.054868787036e+01       8.661130916368e-02       5.503944760134e-01      -1.888847182458e-05      -4.475841811891e-02      -1.623552941757e-03      -4.257985319401e-02      -1.899599075470e-03 
       2.384156963309e-02      -3.177043447029e-01      -2.956805166800e+01      -3.666082330494e+01      -4.138142935076e-01      -3.454075980010e+01       3.217865968943e-01       3.218242501414e-01       7.332164660987e+01       8.988682032869e-02       5.398930420236e-01      -1.849193283764e-05      -4.581804704734e-02      -1.764758979418e-03      -4.403141838274e-02      -1.967226035725e-03 
       2.449564690182e-02      -2.899265666247e-01      -3.031773794077e+01      -3.802671608360e+01      -4.475196839037e-01      -3.577340867393e+01       3.156954543435e-01       3.157258315248e-01       7.605343216719e+01       9.310422033491e-02       5.297196327274e-01      -1.811469620136e-05      -4.663310823145e-02      -1.909493684807e-03      -4.576767113581e-02      -2.034196638524e-03 
       2.514212195473e-02      -2.969041852333e-01      -3.103032901620e+01      -3.937203942548e+01      -4.676352165784e-01      -3.698397626744e+01       3.097976508582e-01       3.098152318819e-01       7.874407885095e+01       9.626447404422e-02       5.198652007314e-01      -1.778960116393e-05      -4.743081988885e-02      -2.056968761107e-03      -4.773674826396e-02      -2.104615291070e-03 
       2.578143298704e-02      -3.311235993661e-01      -3.170702423827e+01      -4.069696573006e+01      -4.662224933336e-01      -3.817257311173e+01       3.040820328434e-01       3.040857787424e-01       8.139393146011e+01       9.936842851897e-02       5.103125729581e-01      -1.753047775895e-05      -4.841909749570e-02      -2.206957427342e-03      -4.980341329961e-02      -2.181008731927e-03 
       2.641408926964e-02      -3.790380854954e-01      -3.234991546683e+01      -4.200205096359e+01      -4.429532702854e-01      -3.933974546751e+01       2.985389195447e-01       2.985313796449e-01       8.400410192718e+01       1.024179604515e-01       5.010469568461e-01      -1.733246694417e-05      -4.973434925169e-02      -2.359019329574e-03      -5.179935232990e-02      -2.263813712240e-03 
       2.704063940089e-02      -4.252666402223e-01      -3.296138534643e+01      -4.328807979286e+01      -4.043216175382e-01      -4.048631733740e+01       2.931595348746e-01       2.931453289983e-01       8.657615958572e+01       1.054154821566e-01       4.920547351210e-01      -1.717773276446e-05      -5.141268188979e-02      -2.512697303652e-03      -5.357844933547e-02      -2.351597155941e-03 
       2.766164838054e-02      -4.565975319495e-01      -3.354376309275e+01      -4.455592378047e+01      -3.609349024245e-01      -4.161325765551e+01       2.879356071698e-01       2.879198274361e-01       8.911184756094e+01       1.083635511369e-01       4.833226467608e-01      -1.704269930671e-05      -5.338936236116e-02      -2.667578269579e-03      -5.506045645774e-02      -2.441701112191e-03 
       2.827768155684e-02      -4.649138087836e-01      -3.409912131487e+01      -4.580648677563e+01      -3.239525642386e-01      -4.272161299404e+01       2.828593650481e-01       2.828462885331e-01       9.161297355125e+01       1.112647156048e-01       4.748377923762e-01      -1.690486147054e-05      -5.552296449989e-02      -2.823337309307e-03      -5.625140813925e-02      -2.531079036907e-03 
       2.888929376710e-02      -4.485481782909e-01      -3.463011230358e+01      -4.704085669362e+01      -3.017948825876e-01      -4.381274516055e+01       2.779253435854e-01       2.779176593754e-01       9.408171338725e+01       1.141221284040e-01       4.665906712590e-01      -1.674757555566e-05      -5.763623260782e-02      -2.979533909090e-03      -5.723748867162e-02      -2.617066065822e-03 
       2.949702230981e-02      -4.119569029053e-01      -3.513891856927e+01      -4.825998949673e+01      -2.979898086426e-01      -4.488788267775e+01       2.731274743546e-01       2.731260598587e-01       9.651997899346e+01       1.169385328919e-01       4.585705884061e-01      -1.656254010507e-05      -5.956133050571e-02      -3.135816725691e-03      -5.815540988941e-02      -2.697958184505e-03 
       3.010138268639e-02      -3.640491228130e-01      -3.562810950351e+01      -4.946496818315e+01      -3.106165826355e-01      -4.594842998649e+01       2.684611931524e-01       2.684653407003e-01       9.892993636629e+01       1.197171067574e-01       4.507692881488e-01      -1.634974292449e-05      -6.118010149366e-02      -3.291760949510e-03      -5.915111806752e-02      -2.773255592243e-03 
       3.070286630818e-02      -3.156718000930e-01      -3.609998056153e+01      -5.065676549448e+01      -3.333035600433e-01      -4.699564194708e+01       2.639214410164e-01       2.639293682605e-01       1.013135309890e+02       1.224607214921e-01       4.431777975806e-01      -1.611566641881e-05      -6.244919430468e-02      -3.446969266107e-03      -6.033761753293e-02      -2.843603209668e-03 
       3.130193957039e-02      -2.769337217829e-01      -3.655697760073e+01      -5.183646024237e+01      -3.573512031886e-01      -4.803084544352e+01       2.595040219329e-01       2.595134872526e-01       1.036729204847e+02       1.251725591362e-01       4.357887827420e-01      -1.587061446054e-05      -6.340701571299e-02      -3.601090941559e-03      -6.176509787774e-02      -2.910506145386e-03 
       3.189904385593e-02      -2.549449775783e-01      -3.700122327217e+01      -5.300501159520e+01      -3.743037889872e-01      -4.905517371107e+01       2.552041025162e-01       2.552129657818e-01       1.060100231904e+02       1.278554393361e-01       4.285940649836e-01      -1.562567070217e-05      -6.416061864893e-02      -3.753814443913e-03      -6.340931941715e-02      -2.975874584644e-03 
       3.249459615342e-02      -2.524208991667e-01      -3.743557669752e+01      -5.416345346530e+01      -3.782423920814e-01      -5.006988993547e+01       2.510179716629e-01       2.510246220503e-01       1.083269069306e+02       1.305125564546e-01       4.215874359277e-01      -1.539011476630e-05      -6.485839644429e-02      -3.904582078216e-03      -6.518179234195e-02      -3.041540919993e-03 
       3.308899006411e-02      -2.674126106277e-01      -3.786264460122e+01      -5.531283962471e+01      -3.672389785468e-01      -5.107620285492e+01       2.469419726969e-01       2.469455399711e-01       1.106256792494e+02       1.331470795884e-01       4.147629705931e-01      -1.517006659426e-05      -6.565384613596e-02      -4.052993550316e-03      -6.695617836419e-02      -3.108925263811e-03 
       3.368259703912e-02      -2.940692458403e-01      -3.828397731016e+01      -5.645393090191e+01      -3.436298011120e-01      -5.207490317522e+01       2.429708139605e-01       2.429711776837e-01       1.129078618038e+02       1.357611795046e-01       4.081121343130e-01      -1.496787203025e-05      -6.666968737692e-02      -4.198844003979e-03      -6.860500489235e-02      -3.178803758955e-03 
       3.427576773646e-02      -3.242392703793e-01      -3.870273616338e+01      -5.758782441969e+01      -3.131172714971e-01      -5.306730239559e+01       2.391020920560e-01       2.390997743091e-01       1.151756488394e+02       1.383582565486e-01       4.016311019888e-01      -1.478216935576e-05      -6.797141956302e-02      -4.341554788186e-03      -7.003698063005e-02      -3.251198894061e-03 
       3.486883342232e-02      -3.494815561208e-01      -3.912136052733e+01      -5.871547326693e+01      -2.830162306035e-01      -5.405449634446e+01       2.353326305860e-01       2.353285779742e-01       1.174309465339e+02       1.409411615097e-01       3.953147761837e-01      -1.460893697791e-05      -6.955338466349e-02      -4.480731116912e-03      -7.121999302912e-02      -3.325493776285e-03 
       3.546210736590e-02      -3.629955151685e-01      -3.954227082195e+01      -5.983774778933e+01      -2.601924435921e-01      -5.503753148063e+01       2.316593176056e-01       2.316546435744e-01       1.196754955787e+02       1.435125468840e-01       3.891580867859e-01      -1.444262699158e-05      -7.134240533722e-02      -4.615958639585e-03      -7.218999128068e-02      -3.400606334217e-03 
       3.605588619481e-02      -3.611048143380e-01      -3.996791091193e+01      -6.095556512927e+01      -2.491958106311e-01      -5.601752093132e+01       2.280795866212e-01       2.280753420501e-01       1.219111302585e+02       1.460751803295e-01       3.831568074791e-01      -1.427743595449e-05      -7.321676153938e-02      -4.746837700788e-03      -7.304046108296e-02      -3.475243732150e-03 
       3.665045119063e-02      -3.438995271542e-01      -4.040097087515e+01      -6.206992549289e+01      -2.511459135268e-01      -5.699570665850e+01       2.245915808553e-01       2.245885812320e-01       1.241398509858e+02       1.486320902245e-01       3.773078166910e-01      -1.410830614259e-05      -7.503617134531e-02      -4.872929798166e-03      -7.389568141089e-02      -3.548142918148e-03 
       3.724606951266e-02      -3.150715337354e-01      -4.084412451276e+01      -6.318170069147e+01      -2.635490475909e-01      -5.797324162742e+01       2.211932263027e-01       2.211919487348e-01       1.263634013829e+02       1.511860153238e-01       3.716075601996e-01      -1.393157188687e-05      -7.667482946287e-02      -4.993709252808e-03      -7.487589499746e-02      -3.618261048679e-03 
       3.784299534431e-02      -2.808365337099e-01      -4.129965434711e+01      -6.429182877659e+01      -2.811834290792e-01      -5.895128464664e+01       2.178826083382e-01       2.178831612381e-01       1.285836575532e+02       1.537397691872e-01       3.660528046071e-01      -1.374561252200e-05      -7.805195070320e-02      -5.108993387057e-03      -7.606352322447e-02      -3.685000583901e-03 
       3.844147096019e-02      -2.484716616046e-01      -4.177008994277e+01      -6.540106359677e+01      -2.975981929254e-01      -5.993088567855e+01       2.146575576177e-01       2.146597100859e-01       1.308021271935e+02       1.562957709301e-01       3.606397690712e-01      -1.355041620631e-05      -7.914865890473e-02      -5.218233236852e-03      -7.748148090947e-02      -3.748156588961e-03 
       3.904172771505e-02      -2.244560373915e-01      -4.225852160289e+01      -6.651053392119e+01      -3.070547380689e-01      -6.091348346392e+01       2.115173849543e-01       2.115206452024e-01       1.330210678424e+02       1.588574905194e-01       3.553672035067e-01      -1.334768942404e-05      -8.001535245936e-02      -5.320777227882e-03      -7.908651856522e-02      -3.808016863053e-03 
       3.964398695723e-02      -2.130370397126e-01      -4.276709865952e+01      -6.762100470192e+01      -3.060675249333e-01      -6.190006486280e+01       2.084598469291e-01       2.084635696935e-01       1.352420094038e+02       1.614273401140e-01       3.502313516917e-01      -1.314068664102e-05      -8.075603260102e-02      -5.416651652711e-03      -8.078317009285e-02      -3.865366149502e-03 
       4.024846087044e-02      -2.154306932941e-01      -4.329853972317e+01      -6.873346016319e+01      -2.942358988602e-01      -6.289186882579e+01       2.054836808030e-01       2.054871838712e-01       1.374669203264e+02       1.640083224141e-01       3.452300371229e-01      -1.293305266393e-05      -8.150336554355e-02      -5.505199328905e-03      -8.245302084942e-02      -3.921190858021e-03 
       4.085535324819e-02      -2.292728828966e-01      -4.385525393031e+01      -6.984864923790e+01      -2.745160898789e-01      -6.388987461533e+01       2.025867515236e-01       2.025894405314e-01       1.396972984758e+02       1.666029171182e-01       3.403597855688e-01      -1.272868332872e-05      -8.239114085569e-02      -5.585947023759e-03      -8.398683107305e-02      -3.976680404999e-03 
       4.146486020563e-02      -2.498475372226e-01      -4.444001118346e+01      -7.096763065365e+01      -2.518487057745e-01      -6.489535327543e+01       1.997679918491e-01       1.997694522470e-01       1.419352613073e+02       1.692143412592e-01       3.356188657592e-01      -1.253107475297e-05      -8.351337613659e-02      -5.658720988076e-03      -8.532257411560e-02      -4.032970714293e-03 
       4.207717083329e-02      -2.710387972211e-01      -4.505502792775e+01      -7.209123968616e+01      -2.318607976051e-01      -6.590929236632e+01       1.970254444830e-01       1.970255093630e-01       1.441824793723e+02       1.718451569212e-01       3.310041359395e-01      -1.234246743775e-05      -8.490887590151e-02      -5.723065034360e-03      -8.645859935832e-02      -4.090887790883e-03 
       4.269246779746e-02      -2.865619774907e-01      -4.570310452457e+01      -7.322035571253e+01      -2.194410497642e-01      -6.693279286636e+01       1.943574711422e-01       1.943562537395e-01       1.464407114251e+02       1.744982831036e-01       3.265130852133e-01      -1.216374768374e-05      -8.655629187686e-02      -5.778553089905e-03      -8.745467407769e-02      -4.150880646180e-03 
       4.331092789152e-02      -2.928284945581e-01      -4.638554818679e+01      -7.435581969518e+01      -2.162202445152e-01      -6.796670008766e+01       1.917619866785e-01       1.917598290499e-01       1.487116393904e+02       1.771758440980e-01       3.221422218446e-01      -1.199379506886e-05      -8.835742412081e-02      -5.825367426438e-03      -8.841983198991e-02      -4.212635803053e-03 
       4.393272254233e-02      -2.879783943746e-01      -4.710662291814e+01      -7.549868533610e+01      -2.217738925808e-01      -6.901248978906e+01       1.892384796649e-01       1.892358983440e-01       1.509973706722e+02       1.798815529593e-01       3.178908066380e-01      -1.182999525321e-05      -9.020516953278e-02      -5.862391260960e-03      -8.946404881053e-02      -4.275364977690e-03 
       4.455801827569e-02      -2.731683455648e-01      -4.786732328463e+01      -7.664957788174e+01      -2.329266375902e-01      -7.007080437926e+01       1.867842047377e-01       1.867817811001e-01       1.532991557635e+02       1.826171285069e-01       3.137544309586e-01      -1.166881399405e-05      -9.197894751903e-02      -5.889722074223e-03      -9.067803255795e-02      -4.337858205012e-03 
       4.518697714421e-02      -2.563834088833e-01      -4.866932416380e+01      -7.780942565918e+01      -2.408863668856e-01      -7.114268275232e+01       1.843987771217e-01       1.843969340407e-01       1.556188513184e+02       1.853837387590e-01       3.097308772970e-01      -1.150289335493e-05      -9.348705232504e-02      -5.907523181847e-03      -9.211404165516e-02      -4.396991931843e-03 
       4.581975712116e-02      -2.352004188327e-01      -4.951499557812e+01      -7.897915911825e+01      -2.498212272431e-01      -7.222925607053e+01       1.820785130969e-01       1.820776065494e-01       1.579583182365e+02       1.881872705671e-01       3.058175150956e-01      -1.133680913476e-05      -9.495191706039e-02      -5.915377605718e-03      -9.367280272412e-02      -4.455326799382e-03 
       4.645651246315e-02      -2.155804414825e-01      -5.040618460454e+01      -8.015947143190e+01      -2.532986919038e-01      -7.333140001419e+01       1.798227339798e-01       1.798229395882e-01       1.603189428638e+02       1.910281614833e-01       3.020113574713e-01      -1.116437879757e-05      -9.622933351460e-02      -5.913078112113e-03      -9.536873960771e-02      -4.510047713897e-03 
       4.709739404439e-02      -2.014017143767e-01      -5.134470261500e+01      -8.135118648886e+01      -2.497206140266e-01      -7.445011366273e+01       1.776299159471e-01       1.776311582146e-01       1.627023729777e+02       1.939088630452e-01       2.983098681590e-01      -1.098526778287e-05      -9.736296080618e-02      -5.900487892999e-03      -9.711775864181e-02      -4.560682528479e-03 
       4.774254966524e-02      -1.841366916872e-01      -5.233201674784e+01      -8.255542340351e+01      -2.561528571097e-01      -7.558659572705e+01       1.754942393440e-01       1.754962182004e-01       1.651108468070e+02       1.968386343329e-01       2.947101187324e-01      -1.082025701549e-05      -9.896326765048e-02      -5.877801895716e-03      -9.874140623003e-02      -4.617253955808e-03 
       4.839212433710e-02      -1.765008107337e-01      -5.336939311477e+01      -8.377234150650e+01      -2.414150686269e-01      -7.674103791358e+01       1.734221762588e-01       1.734250456112e-01       1.675446830130e+02       1.998048909948e-01       2.912089059729e-01      -1.063137868886e-05      -9.985565347258e-02      -5.844652054588e-03      -1.005852901049e-01      -4.660397162000e-03 
       4.904626054591e-02      -1.815095073609e-01      -5.445770536652e+01      -8.500291933090e+01      -2.207465591942e-01      -7.791459302660e+01       1.714077461036e-01       1.714107892082e-01       1.700058386618e+02       2.028173987282e-01       2.878036268367e-01      -1.043863496757e-05      -1.007903820952e-01      -5.801390811723e-03      -1.022324420756e-01      -4.699863710428e-03 
       4.970509849602e-02      -1.968747939754e-01      -5.559771954698e+01      -8.624772091259e+01      -2.000908640866e-01      -7.910787130561e+01       1.694487878927e-01       1.694512388930e-01       1.724954418252e+02       2.058774830057e-01       2.844905762187e-01      -1.024688453188e-05      -1.019220750975e-01      -5.748111873373e-03      -1.036309520938e-01      -4.738363541218e-03 
       5.036877633628e-02      -2.153103169053e-01      -5.679011479335e+01      -8.750758985015e+01      -2.149536885288e-01      -8.032196403984e+01       1.675349486888e-01       1.675349486888e-01       1.750151797003e+02       2.090004027383e-01       2.812654480973e-01      -1.010128792186e-05      -1.045007747286e-01      -5.685148929932e-03      -1.045002013691e-01      -4.799927541125e-03 
       5.103743036975e-02      -2.130415233115e-01      -5.803527834312e+01      -8.878291837737e+01      -2.126883707898e-01      -8.155621656290e+01       1.656805653704e-01       1.656805653704e-01       1.775658367547e+02       2.121592850260e-01       2.781257701547e-01      -9.942299052400e-06      -1.060802109851e-01      -5.612559386836e-03      -1.060796425130e-01      -4.848479244748e-03 
       5.171119524854e-02      -2.108338590834e-01      -5.933296877478e+01      -9.007396742041e+01      -2.104840712082e-01      -8.281136720136e+01       1.638744098038e-01       1.638744098038e-01       1.801479348408e+02       2.153700976844e-01       2.750671716941e-01      -9.782119875063e-06      -1.076856126187e-01      -5.530619872777e-03      -1.076850488422e-01      -4.896594536323e-03 
       5.239020415505e-02      -2.086853568694e-01      -6.068267115246e+01      -9.138130806589e+01      -2.083388312073e-01      -8.408780467206e+01       1.621143506669e-01       1.621143506669e-01       1.827626161318e+02       2.186334189032e-01       2.720858844982e-01      -9.624753603937e-06      -1.093172687037e-01      -5.439976266208e-03      -1.093167094516e-01      -4.944381930483e-03 
       5.307458897075e-02      -2.065931116390e-01      -6.208428229872e+01      -9.270545398505e+01      -2.062497520048e-01      -8.538593363572e+01       1.603983966231e-01       1.603983966231e-01       1.854109079701e+02       2.219503876408e-01       2.691786556325e-01      -9.468756504482e-06      -1.109757487063e-01      -5.340979388293e-03      -1.109751938204e-01      -4.991916021504e-03 
       5.376448043353e-02      -2.045529104564e-01      -6.353592547073e+01      -9.404664064612e+01      -2.042126297269e-01      -8.670565994561e+01       1.587237463600e-01       1.587237463600e-01       1.880932812922e+02       2.253209996194e-01       2.663409378176e-01      -9.314458655882e-06      -1.126610504685e-01      -5.234418202620e-03      -1.126604998097e-01      -5.039316158649e-03 
       5.446000828457e-02      -2.025607280888e-01      -6.503645195847e+01      -9.540479490388e+01      -2.022234475850e-01      -8.804674806894e+01       1.570875346358e-01       1.570875346358e-01       1.908095898078e+02       2.287447689012e-01       2.635680094730e-01      -9.164190107395e-06      -1.143729310043e-01      -5.120862917971e-03      -1.143723844506e-01      -5.086659509179e-03 
       5.516130140571e-02      -2.006132987242e-01      -6.658373291223e+01      -9.678048379007e+01      -2.002789469471e-01      -8.940933679278e+01       1.554877481180e-01       1.554877481180e-01       1.935609675801e+02       2.322223855112e-01       2.608566623476e-01      -9.013406613300e-06      -1.161117353102e-01      -5.001264739954e-03      -1.161111927556e-01      -5.134103077962e-03 
       5.586848794792e-02      -1.987069620321e-01      -6.817661158988e+01      -9.817345951063e+01      -1.983754747509e-01      -9.079304639198e+01       1.539216149181e-01       1.539216149181e-01       1.963469190213e+02       2.357529016734e-01       2.582022707730e-01      -8.868419886783e-06      -1.178769894845e-01      -4.875968137202e-03      -1.178764508367e-01      -5.181681140333e-03 
       5.658169545170e-02      -1.968374083769e-01      -6.981140196215e+01      -9.958378241026e+01      -1.965087309959e-01      -9.219736286940e+01       1.523863428368e-01       1.523863428368e-01       1.991675648205e+02       2.393353857288e-01       2.556003285778e-01      -8.724522109961e-06      -1.196682276767e-01      -4.746347863782e-03      -1.196676928644e-01      -5.229584231418e-03 
       5.730105096009e-02      -1.950008881117e-01      -7.148509068491e+01      -1.010114061223e+02      -1.946749739657e-01      -9.362178768062e+01       1.508793732749e-01       1.508793732749e-01       2.020228122446e+02       2.429688353017e-01       2.530466576883e-01      -8.586384599938e-06      -1.214849486826e-01      -4.613424414774e-03      -1.214844176509e-01      -5.277947952456e-03 
       5.802668112475e-02      -1.931930388660e-01      -7.319407953337e+01      -1.024558158712e+02      -1.928698502681e-01      -9.506534942621e+01       1.493975966162e-01       1.493975966162e-01       2.049116317423e+02       2.466509911299e-01       2.505361310126e-01      -8.449429299668e-06      -1.233260228531e-01      -4.478218761346e-03      -1.233254955650e-01      -5.326884233542e-03 
       5.875871230577e-02      -1.914098282940e-01      -7.493453909216e+01      -1.039166122675e+02      -1.910893356856e-01      -9.652713584728e+01       1.479382464680e-01       1.479382464680e-01       2.078332245350e+02       2.503798410107e-01       2.480642253272e-01      -8.318082977383e-06      -1.251904440703e-01      -4.341854945840e-03      -1.251899205053e-01      -5.376525328699e-03 
       5.949727066567e-02      -1.896476142249e-01      -7.670205911165e+01      -1.053935162081e+02      -1.893297960856e-01      -9.800624440831e+01       1.464987973006e-01       1.464987973006e-01       2.107870324162e+02       2.541533818598e-01       2.456268012469e-01      -8.188485472755e-06      -1.270772107752e-01      -4.205706738094e-03      -1.270766909299e-01      -5.427041410334e-03 
       6.024248225797e-02      -1.879023091899e-01      -7.849166959080e+01      -1.068859992019e+02      -1.875871521762e-01      -9.950148286382e+01       1.450765104830e-01       1.450765104830e-01       2.137719984037e+02       2.579689990795e-01       2.432194044526e-01      -8.063517757369e-06      -1.289850156524e-01      -4.071192677904e-03      -1.289844995398e-01      -5.478597940843e-03 
       6.099447311085e-02      -1.861696177066e-01      -8.029804133252e+01      -1.083930694509e+02      -1.858571172195e-01      -1.010112247890e+02       1.436682662318e-01       1.436682662318e-01       2.167861389018e+02       2.618228033534e-01       2.408368703613e-01      -7.941478073024e-06      -1.309119140264e-01      -3.939639125405e-03      -1.309114016767e-01      -5.531322369904e-03 
       6.175336930616e-02      -1.844458137300e-01      -8.211540487257e+01      -1.099141355937e+02      -1.841359727049e-01      -1.025341043114e+02       1.422715871281e-01       1.422715871281e-01       2.198282711873e+02       2.657117857703e-01       2.384751765704e-01      -7.823549329680e-06      -1.328564014262e-01      -3.812666146291e-03      -1.328558928852e-01      -5.585403240631e-03 
       6.251929705421e-02      -1.827269468445e-01      -8.393760815141e+01      -1.114481427888e+02      -1.824197762427e-01      -1.040683176614e+02       1.408836292418e-01       1.408836292418e-01       2.228962855777e+02       2.696316711348e-01       2.361296238064e-01      -7.709313185957e-06      -1.348163402381e-01      -3.691793828649e-03      -1.348158355674e-01      -5.640990047502e-03 
       6.329238276460e-02      -1.810091490795e-01      -8.575832811266e+01      -1.129939345868e+02      -1.807046673184e-01      -1.056119517603e+02       1.395016728169e-01       1.395016728169e-01       2.259878691737e+02       2.735779857881e-01       2.337957405852e-01      -7.598561709828e-06      -1.367894936183e-01      -3.578558955080e-03      -1.367889928940e-01      -5.698231114201e-03 
       6.407275311340e-02      -1.792889959551e-01      -8.757042537278e+01      -1.145506132029e+02      -1.789872285207e-01      -1.071631805506e+02       1.381233747087e-01       1.381233747087e-01       2.291012264058e+02       2.775465512710e-01       2.314696974789e-01      -7.491357707649e-06      -1.387737723229e-01      -3.474829004346e-03      -1.387732756355e-01      -5.757330361040e-03 
       6.486053510691e-02      -1.775627256852e-01      -8.936698836905e+01      -1.161166090358e+02      -1.772637050655e-01      -1.087196628011e+02       1.367459791465e-01       1.367459791465e-01       2.322332180716e+02       2.815317453559e-01       2.291469245412e-01      -7.388316434475e-06      -1.407663652248e-01      -3.382079751173e-03      -1.407658726780e-01      -5.818405209754e-03 
       6.565585614227e-02      -1.758272173460e-01      -9.114041293602e+01      -1.176907829599e+02      -1.755309823299e-01      -1.102793038657e+02       1.353673151465e-01       1.353673151465e-01       2.353815659198e+02       2.855287040909e-01       2.268238608533e-01      -7.288695654150e-06      -1.427648403356e-01      -3.302211963878e-03      -1.427643520454e-01      -5.881651711293e-03 
       6.645884406518e-02      -1.740791646418e-01      -9.288322206912e+01      -1.192714798138e+02      -1.737857600228e-01      -1.118396060760e+02       1.339849625067e-01       1.339849625067e-01       2.385429596277e+02       2.895314488286e-01       2.244964937487e-01      -7.192946850167e-06      -1.447662083207e-01      -3.236789449292e-03      -1.447657244143e-01      -5.947193891772e-03 
       6.726962722477e-02      -1.723157398743e-01      -9.458760852271e+01      -1.208572058577e+02      -1.720252158244e-01      -1.133981534584e+02       1.325968606911e-01       1.325968606911e-01       2.417144117154e+02       2.935342321905e-01       2.221614101460e-01      -7.100822473710e-06      -1.467675954807e-01      -3.187550226615e-03      -1.467671160952e-01      -6.015186512139e-03 
       6.808833452604e-02      -1.705343305153e-01      -9.624571924025e+01      -1.224463878561e+02      -1.702467419584e-01      -1.149524579663e+02       1.312011038769e-01       1.312011038769e-01       2.448927757121e+02       2.975311383133e-01       2.198154527034e-01      -7.012252715207e-06      -1.487660438753e-01      -3.156187853016e-03      -1.487655691567e-01      -6.085774431670e-03 
       6.891509547984e-02      -1.687324135599e-01      -9.784956975762e+01      -1.240372332079e+02      -1.684478199174e-01      -1.164998318928e+02       1.297957924030e-01       1.297957924030e-01       2.480744664159e+02       3.015156947960e-01       2.174554540685e-01      -6.927574918881e-06      -1.507583172959e-01      -3.144329259543e-03      -1.507578473980e-01      -6.159081931391e-03 
       6.975004025066e-02      -1.669080166458e-01      -9.939124527752e+01      -1.256281344255e+02      -1.666264807259e-01      -1.180377497341e+02       1.283794371292e-01       1.283794371292e-01       2.512562688510e+02       3.054818592228e-01       2.150789304218e-01      -6.846205318392e-06      -1.527413945290e-01      -3.153574154837e-03      -1.527409296114e-01      -6.235237262797e-03 
       7.059329970233e-02      -1.650593993353e-01      -1.008634486997e+02      -1.272172265889e+02      -1.647809866010e-01      -1.195635696407e+02       1.269506265705e-01       1.269506265705e-01       2.544344531778e+02       3.094231937372e-01       2.126834955338e-01      -6.768629252470e-06      -1.547120566426e-01      -3.185235362572e-03      -1.547115968686e-01      -6.314317826944e-03 
       7.144500544176e-02      -1.631850866705e-01      -1.022587976123e+02      -1.288026526637e+02      -1.629098647709e-01      -1.210746431890e+02       1.255081414338e-01       1.255081414338e-01       2.576053053273e+02       3.133332433742e-01       2.102670811672e-01      -6.694074770978e-06      -1.566670761512e-01      -3.240639270189e-03      -1.566666216871e-01      -6.396402736654e-03 
       7.230528986090e-02      -1.612840944510e-01      -1.035699399724e+02      -1.303827983844e+02      -1.610121322663e-01      -1.225685253517e+02       1.240511540353e-01       1.240511540353e-01       2.607655967688e+02       3.172061103107e-01       2.078282796920e-01      -6.622698306593e-06      -1.586035041422e-01      -3.321117306098e-03      -1.586030551554e-01      -6.481582351702e-03 
       7.317428617696e-02      -1.593556109277e-01      -1.047902675680e+02      -1.319557417509e+02      -1.590869780199e-01      -1.240426328485e+02       1.225788532181e-01       1.225788532181e-01       2.639114835018e+02       3.210354071350e-01       2.053656736303e-01      -6.554639094395e-06      -1.605181469101e-01      -3.427667946811e-03      -1.605177035675e-01      -6.569887431036e-03 
       7.405212847100e-02      -1.573996056366e-01      -1.059142866924e+02      -1.335198414592e+02      -1.571343705966e-01      -1.254947825234e+02       1.210909689067e-01       1.210909689067e-01       2.670396829183e+02       3.248157060854e-01       2.028787326996e-01      -6.489114310537e-06      -1.624082905779e-01      -3.560991516278e-03      -1.624078530427e-01      -6.661321699884e-03 
       7.493895172510e-02      -1.554161220352e-01      -1.069360384185e+02      -1.350735239131e+02      -1.551543524633e-01      -1.269227755591e+02       1.195873238622e-01       1.195873238622e-01       2.701470478262e+02       3.285415812656e-01       2.003670936259e-01      -6.426637390756e-06      -1.642712222012e-01      -3.721899135131e-03      -1.642707906328e-01      -6.755905636734e-03 
       7.583489185804e-02      -1.534057242910e-01      -1.078509135935e+02      -1.366152529977e+02      -1.531474856055e-01      -1.283246501004e+02       1.180680594858e-01       1.180680594858e-01       2.732305059955e+02       3.322081059157e-01       1.978309005362e-01      -6.366598524774e-06      -1.661044784062e-01      -3.910832335052e-03      -1.661040529579e-01      -6.853613220008e-03 
       7.674008575965e-02      -1.513695048837e-01      -1.086559034974e+02      -1.381434991981e+02      -1.511148590019e-01      -1.296986942777e+02       1.165336141172e-01       1.165336141172e-01       2.762869983961e+02       3.358108347039e-01       1.952707597361e-01      -6.308417165649e-06      -1.679058365367e-01      -4.127685471404e-03      -1.679054173520e-01      -6.954344702100e-03 
       7.765467132399e-02      -1.493088595628e-01      -1.093478403739e+02      -1.396571139580e+02      -1.490578645645e-01      -1.310434837970e+02       1.149847237940e-01       1.149847237940e-01       2.793142279160e+02       3.393461299249e-01       1.926877969381e-01      -6.252841946974e-06      -1.696734777493e-01      -4.372509379618e-03      -1.696730649624e-01      -7.058039181818e-03 
       7.857878748124e-02      -1.472257337679e-01      -1.099253684584e+02      -1.411550217347e+02      -1.469784426296e-01      -1.323579310482e+02       1.134224302755e-01       1.134224302755e-01       2.823100434694e+02       3.428110321774e-01       1.900836122299e-01      -6.198858073123e-06      -1.714059223561e-01      -4.644793784403e-03      -1.714055160887e-01      -7.164563631224e-03 
       7.951257422856e-02      -1.451224753985e-01      -1.103886509015e+02      -1.426362874704e+02      -1.448789350554e-01      -1.336412955509e+02       1.118480534818e-01       1.118480534818e-01       2.852725749408e+02       3.462033921619e-01       1.874602615827e-01      -6.146024309835e-06      -1.731020957218e-01      -4.943650561556e-03      -1.731016960809e-01      -7.273743135599e-03 
       8.045617265987e-02      -1.430016666150e-01      -1.107377732340e+02      -1.441004152247e+02      -1.427619177786e-01      -1.348931844504e+02       1.102631572800e-01       1.102631572800e-01       2.882008304494e+02       3.495220107333e-01       1.848202301087e-01      -6.095096737705e-06      -1.747613982882e-01      -5.268325898306e-03      -1.747610053667e-01      -7.385440963594e-03 
       8.140972499466e-02      -1.408667061762e-01      -1.109765668028e+02      -1.455469276635e+02      -1.406307812538e-01      -1.361137925587e+02       1.086697086847e-01       1.086697086847e-01       2.910938553271e+02       3.527668182544e-01       1.821666057781e-01      -6.044998701509e-06      -1.763837952562e-01      -5.616888549601e-03      -1.763834091272e-01      -7.499363455101e-03 
       8.237337460583e-02      -1.387210387230e-01      -1.111082027187e+02      -1.469759394145e+02      -1.384889621367e-01      -1.373036984016e+02       1.070698670296e-01       1.070698670296e-01       2.939518788290e+02       3.559389090729e-01       1.795028493136e-01      -5.995335429740e-06      -1.779698338174e-01      -5.987828754706e-03      -1.779694545364e-01      -7.615302725649e-03 
       8.334726604670e-02      -1.365683751612e-01      -1.111386406983e+02      -1.483874023114e+02      -1.363401624594e-01      -1.384637733791e+02       1.054658848404e-01       1.054658848404e-01       2.967748046227e+02       3.590398966231e-01       1.768325415635e-01      -5.946624245443e-06      -1.795203207095e-01      -6.378819783637e-03      -1.795199483115e-01      -7.732936965647e-03 
       8.433154507717e-02      -1.344135818916e-01      -1.110763312778e+02      -1.497823755004e+02      -1.341892376933e-01      -1.395961760494e+02       1.038608282163e-01       1.038608282163e-01       2.995647510008e+02       3.620745201835e-01       1.741606020505e-01      -5.898053247450e-06      -1.810376255959e-01      -6.787010689458e-03      -1.810372600918e-01      -7.851923942332e-03 
       8.532635868907e-02      -1.322607085707e-01      -1.109294405690e+02      -1.511614788453e+02      -1.320402281934e-01      -1.407026618674e+02       1.022572449150e-01       1.022572449150e-01       3.023229576907e+02       3.650465662337e-01       1.714911172455e-01      -5.849128644510e-06      -1.825236417369e-01      -7.209695254149e-03      -1.825232831169e-01      -7.971925398554e-03 
       8.633185513081e-02      -1.301145475283e-01      -1.107082831858e+02      -1.525261823407e+02      -1.298979155719e-01      -1.417860105838e+02       1.006582239043e-01       1.006582239043e-01       3.050523646814e+02       3.679623371456e-01       1.688290706449e-01      -5.800230724935e-06      -1.839815203421e-01      -7.643679039375e-03      -1.839811685728e-01      -8.092576549665e-03 
       8.734818393131e-02      -1.279800813105e-01      -1.104257884706e+02      -1.538780096292e+02      -1.277672712384e-01      -1.428494454385e+02       9.906691853753e-02       9.906691853753e-02       3.077560192585e+02       3.708290413618e-01       1.661795270661e-01      -5.750845197661e-06      -1.854148656572e-01      -8.085135902694e-03      -1.854145206809e-01      -8.213434098489e-03 
       8.837549592326e-02      -1.258629487964e-01      -1.100969572910e+02      -1.552195357032e+02      -1.256539217361e-01      -1.438973669281e+02       9.748702176907e-02       9.748702176907e-02       3.104390714065e+02       3.736568844849e-01       1.635484666108e-01      -5.700258164687e-06      -1.868287805101e-01      -8.529900658950e-03      -1.868284422425e-01      -8.334059925355e-03 
       8.941394326581e-02      -1.237678630841e-01      -1.097361594326e+02      -1.565528949623e+02      -1.235625698328e-01      -1.449337183969e+02       9.592160704501e-02       9.592160704501e-02       3.131057899245e+02       3.764549497088e-01       1.609408611775e-01      -5.648873069616e-06      -1.882278065199e-01      -8.974037101796e-03      -1.882274748544e-01      -8.454029368477e-03 
       9.046367946662e-02      -1.217004499652e-01      -1.093619429107e+02      -1.578810641198e+02      -1.214988291028e-01      -1.459637712593e+02       9.437433557916e-02       9.437433557916e-02       3.157621282397e+02       3.792354333894e-01       1.583626305209e-01      -5.596240022860e-06      -1.896180418908e-01      -9.412630890574e-03      -1.896177166947e-01      -8.572828413037e-03 
       9.152485940339e-02      -1.196660823297e-01      -1.089924939527e+02      -1.592076048014e+02      -1.194680610504e-01      -1.469932204713e+02       9.284880181864e-02       9.284880181864e-02       3.184152096028e+02       3.820117472221e-01       1.558196236847e-01      -5.541770190464e-06      -1.910061924945e-01      -9.841078247066e-03      -1.910058736111e-01      -8.690012994649e-03 
       9.259763934485e-02      -1.176696853702e-01      -1.086475760645e+02      -1.605357875540e+02      -1.174751802900e-01      -1.480277637162e+02       9.134826241606e-02       9.134826241606e-02       3.210715751079e+02       3.847972112366e-01       1.533171258330e-01      -5.486066467013e-06      -1.923989183682e-01      -1.025443715150e-02      -1.923986056183e-01      -8.805086046267e-03 
       9.368217697132e-02      -1.157164607316e-01      -1.083479698939e+02      -1.618698249517e+02      -1.155253777003e-01      -1.490740253025e+02       8.987621308982e-02       8.987621308982e-02       3.237396499034e+02       3.876074773564e-01       1.508608310731e-01      -5.428382409815e-06      -1.938040454959e-01      -1.064771683035e-02      -1.938037386782e-01      -8.917587107182e-03 
       9.477863139475e-02      -1.138110086911e-01      -1.081153082116e+02      -1.632136529355e+02      -1.136232439505e-01      -1.501385332729e+02       8.843574084904e-02       8.843574084904e-02       3.264273058711e+02       3.904579395248e-01       1.484557661057e-01      -5.368392709384e-06      -1.952292708693e-01      -1.101582479444e-02      -1.952289697624e-01      -9.027035506637e-03 
       9.588716317841e-02      -1.119580130827e-01      -1.079714491791e+02      -1.645721801870e+02      -1.117734533953e-01      -1.512286464435e+02       8.703008506011e-02       8.703008506011e-02       3.291443603739e+02       3.933662173734e-01       1.461072412950e-01      -5.306760265315e-06      -1.966834043233e-01      -1.135384373645e-02      -1.966831086867e-01      -9.133018968063e-03 
       9.700793435611e-02      -1.101613137859e-01      -1.079382619585e+02      -1.659497051134e+02      -1.099798382397e-01      -1.523512256904e+02       8.566185510252e-02       8.566185510252e-02       3.318994102268e+02       3.963485781429e-01       1.438195175461e-01      -5.242868987026e-06      -1.981745794937e-01      -1.165692351708e-02      -1.981742890714e-01      -9.235109903779e-03 
       9.814110845115e-02      -1.084245008098e-01      -1.080375807423e+02      -1.673509988177e+02      -1.082459814627e-01      -1.535135135073e+02       8.433356695822e-02       8.433356695822e-02       3.347019976353e+02       3.994223913860e-01       1.415967311866e-01      -5.176559676286e-06      -1.997114811706e-01      -1.192044712712e-02      -1.997111956930e-01      -9.332936856290e-03 
       9.928685049485e-02      -1.067507205813e-01      -1.082909952583e+02      -1.687809682094e+02      -1.065750234837e-01      -1.547228261960e+02       8.304747256842e-02       8.304747256842e-02       3.375619364188e+02       4.026053067796e-01       1.394426010430e-01      -5.107773387906e-06      -2.013029342040e-01      -1.214004915930e-02      -2.013026533898e-01      -9.426171669309e-03 
       1.004453270449e-01      -1.051421958328e-01      -1.087176374548e+02      -1.702441709004e+02      -1.049691832133e-01      -1.559858184990e+02       8.180518850518e-02       8.180518850518e-02       3.404883418007e+02       4.059133598197e-01       1.373598055097e-01      -5.037884293786e-06      -2.029569563487e-01      -1.231202915773e-02      -2.029566799098e-01      -9.514556413899e-03 
       1.016167062032e-01      -1.036005665017e-01      -1.093359812244e+02      -1.717450329133e+02      -1.034300979889e-01      -1.573089368583e+02       8.060798604275e-02       8.060798604275e-02       3.434900658266e+02       4.093622281582e-01       1.353504777319e-01      -4.965556994467e-06      -2.046813864345e-01      -1.243312841856e-02      -2.046811140791e-01      -9.597893348056e-03 
       1.028011576338e-01      -1.021273738474e-01      -1.101643967540e+02      -1.732884149583e+02      -1.019593067036e-01      -1.586989677193e+02       7.945709317329e-02       7.945709317329e-02       3.465768299166e+02       4.129685062964e-01       1.334166888947e-01      -4.890915936343e-06      -2.064845217155e-01      -1.250014794243e-02      -2.064842531482e-01      -9.676010995593e-03 
       1.039988525803e-01      -1.007223355477e-01      -1.112152335280e+02      -1.748778034252e+02      -1.005565287391e-01      -1.601606523527e+02       7.835252231083e-02       7.835252231083e-02       3.497556068504e+02       4.167439288656e-01       1.315585337951e-01      -4.815141519564e-06      -2.083722295022e-01      -1.251159173378e-02      -2.083719644328e-01      -9.748904067145e-03 
       1.052099638834e-01      -9.938504061411e-02      -1.125001205299e+02      -1.765169315398e+02      -9.922135511866e-02      -1.616988239933e+02       7.729422042762e-02       7.729422042762e-02       3.530338630796e+02       4.207005576091e-01       1.297760084394e-01      -4.737667788667e-06      -2.103505406600e-01      -1.246624575239e-02      -2.103502788046e-01      -9.816616151761e-03 
       1.064346659978e-01      -9.811412443908e-02      -1.140273146547e+02      -1.782088006391e+02      -9.795242518714e-02      -1.633172013920e+02       7.628150863001e-02       7.628150863001e-02       3.564176012781e+02       4.248478684255e-01       1.280680950045e-01      -4.658598892754e-06      -2.124241931282e-01      -1.236377549095e-02      -2.124239342128e-01      -9.879275219303e-03 
       1.076731350094e-01      -9.690732259969e-02      -1.158008418306e+02      -1.799557439310e+02      -9.674748048541e-02      -1.650183097658e+02       7.531311351246e-02       7.531311351246e-02       3.599114878620e+02       4.291925540055e-01       1.264328110630e-01      -4.578804190279e-06      -2.145965332376e-01      -1.220499302958e-02      -2.145962770027e-01      -9.937130330653e-03 
       1.089255486525e-01      -9.576165795540e-02      -1.178210694903e+02      -1.817594454219e+02      -9.560355136378e-02      -1.668035837794e+02       7.438728004539e-02       7.438728004539e-02       3.635188908438e+02       4.337387377076e-01       1.248673887357e-01      -4.498169573145e-06      -2.168696226499e-01      -1.199164256350e-02      -2.168693688538e-01      -9.990523230074e-03 
       1.101920863262e-01      -9.467316704446e-02      -1.200831607730e+02      -1.836206268920e+02      -9.451668388971e-02      -1.686728750622e+02       7.350161413455e-02       7.350161413455e-02       3.672412537841e+02       4.384868769575e-01       1.233680280688e-01      -4.416950084316e-06      -2.192436900560e-01      -1.172678295172e-02      -2.192434384788e-01      -1.003992557212e-02 
       1.114729291118e-01      -9.363746514309e-02      -1.225791926796e+02      -1.855394007171e+02      -9.348250372519e-02      -1.706250647435e+02       7.265342108565e-02       7.265342108565e-02       3.710788014343e+02       4.434351143989e-01       1.219304330399e-01      -4.335910387213e-06      -2.217178067540e-01      -1.141420969796e-02      -2.217175571994e-01      -1.008587688889e-02 
       1.127682597891e-01      -9.264887780995e-02      -1.252936878623e+02      -1.875142920162e+02      -9.249534952349e-02      -1.726565801118e+02       7.183913091951e-02       7.183913091951e-02       3.750285840325e+02       4.485757332626e-01       1.205488787956e-01      -4.254969754130e-06      -2.242881143303e-01      -1.105944000898e-02      -2.242878666313e-01      -1.012906687707e-02 
       1.140782628537e-01      -9.170171706731e-02      -1.282090470290e+02      -1.895435089421e+02      -9.154954633098e-02      -1.747632647118e+02       7.105516848965e-02       7.105516848965e-02       3.790870178842e+02       4.538997070011e-01       1.192176335942e-01      -4.174605114035e-06      -2.269500994819e-01      -1.066853783515e-02      -2.269498535006e-01      -1.017024332093e-02 
       1.154031245340e-01      -9.078931408249e-02      -1.313008690825e+02      -1.916236810938e+02      -9.063844031906e-02      -1.769386303792e+02       7.029727436407e-02       7.029727436407e-02       3.832473621875e+02       4.593923908984e-01       1.179298418576e-01      -4.095352244707e-06      -2.296964398178e-01      -1.024901171387e-02      -2.296961954492e-01      -1.021026678981e-02 
       1.167430328075e-01      -8.990472648093e-02      -1.345405853370e+02      -1.937505724516e+02      -8.975510463701e-02      -1.791748434452e+02       6.956098084648e-02       6.956098084648e-02       3.875011449033e+02       4.650358954983e-01       1.166782997738e-01      -4.017472807646e-06      -2.325181905761e-01      -9.809250215089e-03      -2.325179477491e-01      -1.025006989687e-02 
       1.180981774189e-01      -8.904045470649e-02      -1.378942169801e+02      -1.959185505064e+02      -8.889205621855e-02      -1.814621002577e+02       6.884141785732e-02       6.884141785732e-02       3.918371010129e+02       4.708075633177e-01       1.154551378614e-01      -3.941296155198e-06      -2.354040229796e-01      -9.358636510955e-03      -2.354037816588e-01      -1.029064594808e-02 
       1.194687498966e-01      -8.818910258160e-02      -1.413249264121e+02      -1.981213914082e+02      -8.804191508623e-02      -1.837896762089e+02       6.813376827484e-02       6.813376827484e-02       3.962427828163e+02       4.766825325357e-01       1.142525668273e-01      -3.867234635940e-06      -2.383415060828e-01      -8.907159206595e-03      -2.383412662678e-01      -1.033303833562e-02 
       1.208549435706e-01      -8.734296636677e-02      -1.447910775141e+02      -2.003515632613e+02      -8.719699416656e-02      -1.861450425808e+02       6.743296511624e-02       6.743296511624e-02       4.007031265225e+02       4.826315010528e-01       1.130623744789e-01      -3.795604091021e-06      -2.413159888006e-01      -8.465576147883e-03      -2.413157505264e-01      -1.037832321659e-02 
       1.222569535902e-01      -8.649451449758e-02      -1.482485991838e+02      -2.026007340457e+02      -8.634977800502e-02      -1.885146435453e+02       6.673401850813e-02       6.673401850813e-02       4.052014680914e+02       4.886226017947e-01       1.118764599976e-01      -3.726596862303e-06      -2.443115375614e-01      -8.044902592915e-03      -2.443113008973e-01      -1.042756736310e-02 
       1.236749769417e-01      -8.563637667127e-02      -1.516506450505e+02      -2.048597770833e+02      -8.549291191413e-02      -1.908838486383e+02       6.603201574444e-02       6.603201574444e-02       4.097195541666e+02       4.946213036872e-01       1.106868367549e-01      -3.660582360534e-06      -2.473108867957e-01      -7.656500941334e-03      -2.473106518436e-01      -1.048183988248e-02 
       1.251092124670e-01      -8.476169469318e-02      -1.549498393923e+02      -2.071190947420e+02      -8.461955202715e-02      -1.932375609753e+02       6.532234355504e-02       6.532234355504e-02       4.142381894841e+02       5.005918080291e-01       1.094859893531e-01      -3.597725221273e-06      -2.502961371228e-01      -7.311472157597e-03      -2.502959040145e-01      -1.054214641312e-02 
       1.265598608818e-01      -8.386420151976e-02      -1.580988406965e+02      -2.093687528132e+02      -8.372344417615e-02      -1.955604133797e+02       6.460074445153e-02       6.460074445153e-02       4.187375056264e+02       5.064975151508e-01       1.082669665916e-01      -3.538119270941e-06      -2.532489886818e-01      -7.020490614489e-03      -2.532487575754e-01      -1.060941291964e-02 
       1.280271247951e-01      -8.293802576522e-02      -1.610493946602e+02      -2.115982504323e+02      -8.279872886201e-02      -1.978364353104e+02       6.386319339845e-02       6.386319339845e-02       4.231965008645e+02       5.123002375412e-01       1.070231835460e-01      -3.481963492604e-06      -2.561503476929e-01      -6.794085354362e-03      -2.561501187706e-01      -1.068451344126e-02 
       1.295112087282e-01      -8.197862018852e-02      -1.637582685995e+02      -2.137977719943e+02      -8.184086769270e-02      -2.000509846189e+02       6.310650411220e-02       6.310650411220e-02       4.275955439886e+02       5.179647574460e-01       1.057494025958e-01      -3.429255117535e-06      -2.589826052616e-01      -6.641095265135e-03      -2.589823787230e-01      -1.076812215120e-02 
       1.310123191347e-01      -8.098224555293e-02      -1.661846455606e+02      -2.159576825911e+02      -8.084612845539e-02      -2.021899362617e+02       6.232800621904e-02       6.232800621904e-02       4.319153651822e+02       5.234569555857e-01       1.044412164274e-01      -3.379984467284e-06      -2.617287017350e-01      -6.569487721947e-03      -2.617284777928e-01      -1.086080200204e-02 
       1.325306644210e-01      -7.994619772066e-02      -1.682924369458e+02      -2.180688120326e+02      -7.981181160154e-02      -2.042402682205e+02       6.152568191123e-02       6.152568191123e-02       4.361376240652e+02       5.287451313373e-01       1.030952647442e-01      -3.334098599695e-06      -2.643727867937e-01      -6.585558311894e-03      -2.643725656687e-01      -1.096290847263e-02 
       1.340664549670e-01      -7.886908255826e-02      -1.700519069255e+02      -2.201232105086e+02      -7.873652486195e-02      -2.061909283588e+02       6.069836349294e-02       6.069836349294e-02       4.402464210172e+02       5.338021259420e-01       1.017095606775e-01      -3.291279345262e-06      -2.669012810562e-01      -6.693970739398e-03      -2.669010629710e-01      -1.107463562166e-02 
       1.356199031477e-01      -7.775098308660e-02      -1.714427873518e+02      -2.221143930844e+02      -7.762034970938e-02      -2.080335105828e+02       5.984584470987e-02       5.984584470987e-02       4.442287861689e+02       5.386069265489e-01       1.002836718577e-01      -3.251540428939e-06      -2.693036781027e-01      -6.896628173421e-03      -2.693034632745e-01      -1.119587548310e-02 
       1.371912233555e-01      -7.659297164085e-02      -1.724511663913e+02      -2.240369912291e+02      -7.646435485297e-02      -2.097614940945e+02       5.896856696352e-02       5.896856696352e-02       4.480739824582e+02       5.431428811689e-01       9.881821441994e-02      -3.214522897943e-06      -2.715716519482e-01      -7.193769219828e-03      -2.715714405844e-01      -1.132635030813e-02 
       1.387806320229e-01      -7.539760137386e-02      -1.730741409124e+02      -2.258876099732e+02      -7.527108660227e-02      -2.113716560591e+02       5.806793837075e-02       5.806793837075e-02       4.517752199464e+02       5.474010277607e-01       9.731536855451e-02      -3.179980578613e-06      -2.737007215890e-01      -7.582750533099e-03      -2.737005138803e-01      -1.146549104654e-02 
       1.403883476462e-01      -7.416874394527e-02      -1.733195338843e+02      -2.276650040829e+02      -7.404440698456e-02      -2.128641726398e+02       5.714625227301e-02       5.714625227301e-02       4.553300081657e+02       5.513804598741e-01       9.577875597209e-02      -3.147359482339e-06      -2.756904338226e-01      -8.058350016684e-03      -2.756902299371e-01      -1.161249012782e-02 
       1.420145908098e-01      -7.291137813315e-02      -1.732055944947e+02      -2.293699266885e+02      -7.278928281719e-02      -2.142424492464e+02       5.620653835047e-02       5.620653835047e-02       4.587398533769e+02       5.550878723122e-01       9.421319485714e-02      -3.116465666049e-06      -2.775441360778e-01      -8.612804947031e-03      -2.775439361561e-01      -1.176629866859e-02 
       1.436595842114e-01      -7.163173471649e-02      -1.727628279954e+02      -2.310057449076e+02      -7.151193034608e-02      -2.155139041386e+02       5.525267142803e-02       5.525267142803e-02       4.620114898152e+02       5.585394992045e-01       9.262488131466e-02      -3.086747639922e-06      -2.792699454523e-01      -9.235548688585e-03      -2.792697496023e-01      -1.192562315128e-02 
       1.453235526881e-01      -7.033686349296e-02      -1.720324372072e+02      -2.325778826054e+02      -7.021938312585e-02      -2.166892740770e+02       5.428908895608e-02       5.428908895608e-02       4.651557652108e+02       5.617594829634e-01       9.102093235093e-02      -3.057762512394e-06      -2.808799331885e-01      -9.913591359741e-03      -2.808797414817e-01      -1.208895229935e-02 
       1.470067232437e-01      -6.903469335348e-02      -1.710667514813e+02      -2.340943802639e+02      -6.891955213127e-02      -2.177831382078e+02       5.332083821912e-02       5.332083821912e-02       4.681887605279e+02       5.647811742000e-01       8.940946525182e-02      -3.029100737937e-06      -2.823907746314e-01      -1.063164284135e-02      -2.823905871000e-01      -1.225460021078e-02 
       1.487093250766e-01      -6.773366145678e-02      -1.699275167566e+02      -2.355654762283e+02      -6.762085567048e-02      -2.188133139390e+02       5.235334200977e-02       5.235334200977e-02       4.711309524565e+02       5.676457693782e-01       8.779922144394e-02      -3.000213695821e-06      -2.838230680542e-01      -1.137257092589e-02      -2.838228846891e-01      -1.242075000708e-02 
       1.504315896089e-01      -6.644254877694e-02      -1.686847398426e+02      -2.370035932061e+02      -6.633205538139e-02      -2.198006692768e+02       5.139228796574e-02       5.139228796574e-02       4.740071864121e+02       5.704018709009e-01       8.619938616182e-02      -2.970797637363e-06      -2.852011147003e-01      -1.211781499990e-02      -2.852009354505e-01      -1.258550818955e-02 
       1.521737505165e-01      -6.517014825393e-02      -1.674162934243e+02      -2.384224376532e+02      -6.506192486036e-02      -2.207683251695e+02       5.044338963088e-02       5.044338963088e-02       4.768448753065e+02       5.731034830902e-01       8.461919342720e-02      -2.940339286229e-06      -2.865519167724e-01      -1.284721718543e-02      -2.865517415451e-01      -1.274684130716e-02 
       1.539360437612e-01      -6.392574524931e-02      -1.662044541207e+02      -2.398390942782e+02      -6.381973045512e-02      -2.217428411509e+02       4.951261962903e-02       4.951261962903e-02       4.796781885563e+02       5.758122955635e-01       8.306827215105e-02      -2.908875054322e-06      -2.879063191193e-01      -1.354077894660e-02      -2.879061477818e-01      -1.290288490377e-02 
       1.557187076226e-01      -6.271676335633e-02      -1.651326743402e+02      -2.412696763800e+02      -6.261287837733e-02      -2.227501611277e+02       4.860526632026e-02       4.860526632026e-02       4.825393527599e+02       5.785920403906e-01       8.155534768613e-02      -2.875465783590e-06      -2.892961878130e-01      -1.417911776210e-02      -2.892960201953e-01      -1.305190615402e-02 
       1.575219827324e-01      -6.155096597866e-02      -1.642842018400e+02      -2.427317120237e+02      -6.144911652626e-02      -2.238173559429e+02       4.772635165609e-02       4.772635165609e-02       4.854634240475e+02       5.815059990744e-01       8.008852710522e-02      -2.840059439019e-06      -2.907531636370e-01      -1.474312201819e-02      -2.907529995372e-01      -1.319220485871e-02 
       1.593461121101e-01      -6.043475207790e-02      -1.637387797471e+02      -2.442422446910e+02      -6.033483070838e-02      -2.249705641401e+02       4.688020396543e-02       4.688020396543e-02       4.884844893821e+02       5.846165863092e-01       7.867487069521e-02      -2.802971811982e-06      -2.923084539655e-01      -1.521537537530e-02      -2.923082931546e-01      -1.332232108391e-02 
       1.611913411993e-01      -5.937332854245e-02      -1.635704054331e+02      -2.458185956468e+02      -5.927521707866e-02      -2.262352736049e+02       4.607056638825e-02       4.607056638825e-02       4.916371912935e+02       5.879861420246e-01       7.732056570121e-02      -2.763424753448e-06      -2.939932287847e-01      -1.558127098838e-02      -2.939930710123e-01      -1.344121881827e-02 
       1.630579179063e-01      -5.837030020172e-02      -1.638396797523e+02      -2.474742707235e+02      -5.827387438007e-02      -2.276318015307e+02       4.529973908081e-02       4.529973908081e-02       4.949485414469e+02       5.916620586553e-01       7.602931273568e-02      -2.721920277480e-06      -2.958311843235e-01      -1.582860241898e-02      -2.958310293277e-01      -1.354794342990e-02 
       1.649460926397e-01      -5.742773358305e-02      -1.645965333515e+02      -2.492229042602e+02      -5.733286558125e-02      -2.291789397198e+02       4.456942999490e-02       4.456942999490e-02       4.984458085205e+02       5.956911654302e-01       7.480401185677e-02      -2.678424548041e-06      -2.978457352020e-01      -1.594985660408e-02      -2.978455827151e-01      -1.364224048076e-02 
       1.668561183526e-01      -5.654598577963e-02      -1.658749516715e+02      -2.510747675078e+02      -5.645254827679e-02      -2.308902901131e+02       4.388011046466e-02       4.388011046466e-02       5.021495350156e+02       6.001073221539e-01       7.364551620325e-02      -2.633252919596e-06      -3.000538113193e-01      -1.594138377732e-02      -3.000536610770e-01      -1.372419561419e-02 
       1.687882505850e-01      -5.572373052567e-02      -1.676893751557e+02      -2.530359967712e+02      -5.563160106271e-02      -2.327730828015e+02       4.323092390610e-02       4.323092390610e-02       5.060719935423e+02       6.049276618909e-01       7.255244280848e-02      -2.586659635549e-06      -3.024639791955e-01      -1.580381139873e-02      -3.024638309454e-01      -1.379422675704e-02 
       1.707427475096e-01      -5.495717452499e-02      -1.700355771324e+02      -2.551098925891e+02      -5.486623859618e-02      -2.348293737558e+02       4.262004764659e-02       4.262004764659e-02       5.102197851783e+02       6.101622900504e-01       7.152209244501e-02      -2.538541047305e-06      -3.050812915162e-01      -1.554439297967e-02      -3.050811450252e-01      -1.385362229205e-02 
       1.727198699783e-01      -5.424128089709e-02      -1.728872194725e+02      -2.572946272567e+02      -5.415143602887e-02      -2.370536417720e+02       4.204437708421e-02       4.204437708421e-02       5.145892545134e+02       6.157999757594e-01       7.054951192136e-02      -2.489648170517e-06      -3.079001328174e-01      -1.517426058291e-02      -3.078999878797e-01      -1.390385576558e-02 
       1.747198815714e-01      -5.357006016884e-02      -1.761965187640e+02      -2.595838677319e+02      -5.348121932116e-02      -2.394334002178e+02       4.149978297841e-02       4.149978297841e-02       5.191677354638e+02       6.218097593514e-01       6.962793607990e-02      -2.440478961690e-06      -3.109050232313e-01      -1.470859794590e-02      -3.109048796757e-01      -1.394664194696e-02 
       1.767430486482e-01      -5.293550600249e-02      -1.798958412420e+02      -2.619674906835e+02      -5.284759964755e-02      -2.419500261264e+02       4.098138050351e-02       4.098138050351e-02       5.239349813670e+02       6.281508652477e-01       6.874959226005e-02      -2.391379854417e-06      -3.140755749297e-01      -1.416859244515e-02      -3.140754326239e-01      -1.398441951701e-02 
       1.787896404004e-01      -5.232928484216e-02      -1.838992405156e+02      -2.644314503452e+02      -5.224226293925e-02      -2.445788870072e+02       4.048365424151e-02       4.048365424151e-02       5.288629006904e+02       6.347648953724e-01       6.790552796379e-02      -2.342832310175e-06      -3.173825888317e-01      -1.357822634758e-02      -3.173824476862e-01      -1.401971808179e-02 
       1.808599289070e-01      -5.174122158515e-02      -1.881041904914e+02      -2.669580066653e+02      -5.165505436806e-02      -2.472897924158e+02       4.000062501515e-02       4.000062501515e-02       5.339160133306e+02       6.415869728491e-01       6.708632335008e-02      -2.295366623386e-06      -3.207936264553e-01      -1.296669670495e-02      -3.207934864245e-01      -1.405573433865e-02 
       1.829541891925e-01      -5.116471343758e-02      -1.924110405206e+02      -2.695347067112e+02      -5.107938842672e-02      -2.500573197003e+02       3.952756069190e-02       3.952756069190e-02       5.390694134224e+02       6.485540143952e-01       6.628416042536e-02      -2.249418519645e-06      -3.242771461206e-01      -1.235943960015e-02      -3.242770071976e-01      -1.409512972013e-02 
       1.850726992858e-01      -5.058775561267e-02      -1.966829693020e+02      -2.721277987228e+02      -5.050328490337e-02      -2.528329297100e+02       3.905655608180e-02       3.905655608180e-02       5.442555974456e+02       6.555512843686e-01       6.548622378361e-02      -2.205311272726e-06      -3.277757799555e-01      -1.178892761515e-02      -3.277756421843e-01      -1.414065707935e-02 
       1.872157402839e-01      -5.000068342757e-02      -2.007888167948e+02      -2.747083370153e+02      -4.991709959305e-02      -2.555728829447e+02       3.858113127602e-02       3.858113127602e-02       5.494166740307e+02       6.624743933420e-01       6.468196461758e-02      -2.163385498718e-06      -3.312373332034e-01      -1.128560882942e-02      -3.312371966710e-01      -1.419495786554e-02 
       1.893835964156e-01      -4.939566130017e-02      -2.046065078374e+02      -2.772510967379e+02      -4.931301338071e-02      -2.582378742882e+02       3.809605572001e-02       3.809605572001e-02       5.545021934759e+02       6.692298883774e-01       6.386287659533e-02      -2.123907597713e-06      -3.346150793610e-01      -1.087720716626e-02      -3.346149441887e-01      -1.426046729296e-02 
       1.915765551102e-01      -4.876612082493e-02      -2.080233546489e+02      -2.797314145399e+02      -4.868447130416e-02      -2.607904928477e+02       3.759687354307e-02       3.759687354307e-02       5.594628290798e+02       6.757282026358e-01       6.302168676547e-02      -2.087013767527e-06      -3.378642349812e-01      -1.058775947563e-02      -3.378641013179e-01      -1.433913571316e-02 
       1.937949070674e-01      -4.810698810197e-02      -2.109415497500e+02      -2.821259838666e+02      -4.802640941014e-02      -2.631967124164e+02       3.708005336608e-02       3.708005336608e-02       5.642519677333e+02       6.818871325391e-01       6.215259845647e-02      -2.052754789876e-06      -3.409436982553e-01      -1.043637009800e-02      -3.409435662696e-01      -1.443230560534e-02 
       1.960389463306e-01      -4.741501152966e-02      -2.132840746848e+02      -2.844145439253e+02      -4.733558192509e-02      -2.654281770765e+02       3.654322236191e-02       3.654322236191e-02       5.688290878506e+02       6.876373921790e-01       6.125167759887e-02      -2.021085382632e-06      -3.438188262186e-01      -1.043602825217e-02      -3.438186960895e-01      -1.454063725283e-02 
       1.983089703634e-01      -4.668899020031e-02      -2.150006521870e+02      -2.865811733911e+02      -4.661078922869e-02      -2.674641698582e+02       3.598531963965e-02       3.598531963965e-02       5.731623467823e+02       6.929272705316e-01       6.031710249602e-02      -1.991839726744e-06      -3.464637633587e-01      -1.059236855705e-02      -3.464636352658e-01      -1.466400891855e-02 
       2.006052801287e-01      -4.592980623252e-02      -2.160709843345e+02      -2.886154481130e+02      -4.585291013809e-02      -2.692930553278e+02       3.540665137553e-02       3.540665137553e-02       5.772308962260e+02       6.977263784496e-01       5.934926600472e-02      -1.964755162427e-06      -3.488633151110e-01      -1.090323470139e-02      -3.488631892248e-01      -1.480152140227e-02 
       2.029281801717e-01      -4.514079727947e-02      -2.165087470737e+02      -2.905142119376e+02      -4.506527438319e-02      -2.709143396853e+02       3.480900824014e-02       3.480900824014e-02       5.810284238752e+02       7.020290809253e-01       5.835091726436e-02      -1.939581765288e-06      -3.510146639906e-01      -1.135797585096e-02      -3.510145404627e-01      -1.495145624539e-02 
       2.052779787053e-01      -4.432679247991e-02      -2.163630333311e+02      -2.922826741569e+02      -4.425269839160e-02      -2.723397896807e+02       3.419563833611e-02       3.419563833611e-02       5.845653483138e+02       7.058640129286e-01       5.732734859775e-02      -1.915715975363e-06      -3.529321275116e-01      -1.193898564155e-02      -3.529320064643e-01      -1.511168803459e-02 
       2.076549876996e-01      -4.349486140186e-02      -2.157174944445e+02      -2.939341627879e+02      -4.342223545646e-02      -2.735930994629e+02       3.357103409665e-02       3.357103409665e-02       5.878683255758e+02       7.092855252113e-01       5.628578178073e-02      -1.892768048552e-06      -3.546428810860e-01      -1.262048272982e-02      -3.546427626056e-01      -1.527933862265e-02 
       2.100595229749e-01      -4.265412879847e-02      -2.146856206936e+02      -2.954912094964e+02      -4.258299139030e-02      -2.747100575503e+02       3.294079661406e-02       3.294079661406e-02       5.909824189929e+02       7.123735988927e-01       5.523514276620e-02      -1.870491630356e-06      -3.561869153145e-01      -1.337056091982e-02      -3.561867994464e-01      -1.545108576449e-02 
       2.124919042982e-01      -4.181361033060e-02      -2.134078086699e+02      -2.969812347115e+02      -4.174396094511e-02      -2.757345662451e+02       3.231102227131e-02       3.231102227131e-02       5.939624694231e+02       7.152341030101e-01       5.418537582970e-02      -1.848301647460e-06      -3.576171647610e-01      -1.415288657730e-02      -3.576170515050e-01      -1.562342497395e-02 
       2.149524554836e-01      -4.098312115194e-02      -2.120395451485e+02      -2.984362699155e+02      -4.091493855748e-02      -2.767166086730e+02       3.168798637813e-02       3.168798637813e-02       5.968725398310e+02       7.179831194167e-01       5.314658315991e-02      -1.825856829940e-06      -3.589916703967e-01      -1.492816463341e-02      -3.589915597084e-01      -1.579259600132e-02 
       2.174415044964e-01      -4.017133569962e-02      -2.107450687439e+02      -2.998889600699e+02      -4.010457888021e-02      -2.777080075444e+02       3.107761792684e-02       3.107761792684e-02       5.997779201397e+02       7.207461331211e-01       5.212845922088e-02      -1.802736271905e-06      -3.603731747681e-01      -1.565713347659e-02      -3.603730665606e-01      -1.595502091516e-02 
       2.199593835622e-01      -3.938679563455e-02      -2.096877269242e+02      -3.013741132333e+02      -3.932140587014e-02      -2.787622201926e+02       3.048548464040e-02       3.048548464040e-02       6.027482264667e+02       7.236491096446e-01       5.114000857818e-02      -1.778550451277e-06      -3.618246606732e-01      -1.630215847459e-02      -3.618245548223e-01      -1.610737704510e-02 
       2.225064292787e-01      -3.863579675783e-02      -2.090152679632e+02      -3.029222282404e+02      -3.857170132482e-02      -2.799267923957e+02       2.991599676889e-02       2.991599676889e-02       6.058444564808e+02       7.268082323367e-01       5.018848134583e-02      -1.753000626530e-06      -3.634042198161e-01      -1.683158614711e-02      -3.634041161684e-01      -1.624706278024e-02 
       2.250829827337e-01      -3.792349581209e-02      -2.088534865683e+02      -3.045539105828e+02      -3.786061308630e-02      -2.812378159923e+02       2.937193016988e-02       2.937193016988e-02       6.091078211657e+02       7.303004240512e-01       4.927814235029e-02      -1.726139752404e-06      -3.651503136424e-01      -1.721457234010e-02      -3.651502120256e-01      -1.637085904434e-02 
       2.276893896260e-01      -3.725266424345e-02      -2.092996829906e+02      -3.062951229340e+02      -3.719090614949e-02      -2.827314140183e+02       2.885576029055e-02       2.885576029055e-02       6.125902458679e+02       7.342199632207e-01       4.841325119899e-02      -1.697956540468e-06      -3.671100813807e-01      -1.743719120222e-02      -3.671099816103e-01      -1.647843479889e-02 
       2.303260003924e-01      -3.662439927338e-02      -2.104158688884e+02      -3.081620709977e+02      -3.656367641889e-02      -2.844303294241e+02       2.836834211213e-02       2.836834211213e-02       6.163241419953e+02       7.386225532330e-01       4.759524383913e-02      -1.668432938410e-06      -3.693113747263e-01      -1.749135862251e-02      -3.693112766165e-01      -1.656961632037e-02 
       2.329931703385e-01      -3.603735639228e-02      -2.122169749916e+02      -3.101578306190e+02      -3.597758385186e-02      -2.863393618027e+02       2.790863465229e-02       2.790863465229e-02       6.203156612381e+02       7.435170762156e-01       4.682237326896e-02      -1.637868885924e-06      -3.717586347322e-01      -1.737774763042e-02      -3.717585381078e-01      -1.664467275571e-02 
       2.356912597752e-01      -3.548898714462e-02      -2.146809940413e+02      -3.122918286259e+02      -3.543008623010e-02      -2.884628652852e+02       2.747557616637e-02       2.747557616637e-02       6.245836572517e+02       7.489228998453e-01       4.609315143317e-02      -1.606556189987e-06      -3.744615452209e-01      -1.711401435184e-02      -3.744614499226e-01      -1.670664195598e-02 
       2.384206341604e-01      -3.497448728877e-02      -2.177354211703e+02      -3.145570052022e+02      -3.491639095930e-02      -2.907839805468e+02       2.706615587241e-02       2.706615587241e-02       6.291140104045e+02       7.548025404681e-01       4.540275481566e-02      -1.574849154115e-06      -3.774013643390e-01      -1.672504256529e-02      -3.774012702341e-01      -1.675858410044e-02 
       2.411816642459e-01      -3.448771494117e-02      -2.212677663299e+02      -3.169404854542e+02      -3.443037044783e-02      -2.932749774645e+02       2.667657932466e-02       2.667657932466e-02       6.338809709084e+02       7.610944370389e-01       4.474512631225e-02      -1.543215489786e-06      -3.805473115315e-01      -1.624583356513e-02      -3.805472185195e-01      -1.680463713548e-02 
       2.439747262300e-01      -3.402111608684e-02      -2.251282884430e+02      -3.194178873098e+02      -3.396448771484e-02      -2.958930131324e+02       2.630199340438e-02       2.630199340438e-02       6.388357746196e+02       7.676993647086e-01       4.411244383557e-02      -1.512091534124e-06      -3.838497743365e-01      -1.571763761657e-02      -3.838496823543e-01      -1.684917497468e-02 
       2.468002019165e-01      -3.356597018701e-02      -2.291339826877e+02      -3.219538486558e+02      -3.351004123510e-02      -2.985811727345e+02       2.593671445727e-02       2.593671445727e-02       6.439076973116e+02       7.744837972443e-01       4.349551537933e-02      -1.481853921679e-06      -3.872419895968e-01      -1.518709365154e-02      -3.872418986222e-01      -1.689674079170e-02 
       2.496584788785e-01      -3.311351727402e-02      -2.330894405822e+02      -3.245064374564e+02      -3.305828979478e-02      -3.012752675810e+02       2.557492312971e-02       2.557492312971e-02       6.490128749128e+02       7.812951722601e-01       4.288488748788e-02      -1.452820415784e-06      -3.906476760796e-01      -1.470070921683e-02      -3.906475861301e-01      -1.695149898941e-02 
       2.525499506303e-01      -3.265583653966e-02      -2.368034726271e+02      -3.270332927484e+02      -3.260132922316e-02      -3.039114025853e+02       2.521133563180e-02       2.521133563180e-02       6.540665854968e+02       7.879813087685e-01       4.227196859648e-02      -1.425207311887e-06      -3.939907432565e-01      -1.430210624017e-02      -3.939906543842e-01      -1.701718442084e-02 
       2.554750168040e-01      -3.218537326962e-02      -2.400830538988e+02      -3.294836106683e+02      -3.213162081117e-02      -3.064184904501e+02       2.484056538750e-02       2.484056538750e-02       6.589672213367e+02       7.943667034459e-01       4.164787023944e-02      -1.399339374976e-06      -3.971834394332e-01      -1.402970466766e-02      -3.971833517229e-01      -1.709630481853e-02 
       2.584340833344e-01      -3.169750510364e-02      -2.427966700912e+02      -3.318247797568e+02      -3.164455043266e-02      -3.087497367289e+02       2.445965625442e-02       2.445965625442e-02       6.636495595137e+02       8.003422053804e-01       4.100783369020e-02      -1.375037522815e-06      -4.001711891376e-01      -1.390961843252e-02      -4.001711026902e-01      -1.719075583864e-02 
       2.614275626498e-01      -3.118965818336e-02      -2.448432783672e+02      -3.340289546716e+02      -3.113754926588e-02      -3.108669052301e+02       2.406661627121e-02       2.406661627121e-02       6.680579093432e+02       8.058119929017e-01       4.034851728624e-02      -1.352350767474e-06      -4.029060815251e-01      -1.395730890963e-02      -4.029059964509e-01      -1.730107184375e-02 
       2.644558738710e-01      -3.066178297216e-02      -2.461816842619e+02      -3.360826391268e+02      -3.061056697510e-02      -3.127526522358e+02       2.366125754869e-02       2.366125754869e-02       6.721652782536e+02       8.107322192222e-01       3.966955790544e-02      -1.331089353106e-06      -4.053661932052e-01      -1.417434494889e-02      -4.053661096111e-01      -1.742666387047e-02 
       2.675194430176e-01      -3.011615512773e-02      -2.468369705091e+02      -3.379857979506e+02      -3.006587297567e-02      -3.144107819958e+02       2.324502165981e-02       2.324502165981e-02       6.759715959011e+02       8.151110559511e-01       3.897327143012e-02      -1.311091366328e-06      -4.075556099971e-01      -1.454655170149e-02      -4.075555279756e-01      -1.756554026061e-02 
       2.706187032217e-01      -2.955765247728e-02      -2.468912276464e+02      -3.397533929549e+02      -2.950833481710e-02      -3.158660875895e+02       2.282078536017e-02       2.282078536017e-02       6.795067859099e+02       8.190009309184e-01       3.826419458358e-02      -1.292098045574e-06      -4.095005458387e-01      -1.504644650551e-02      -4.095004654592e-01      -1.771452905720e-02 
       2.737540949511e-01      -2.899182006548e-02      -2.464777433246e+02      -3.414067480574e+02      -2.894348446459e-02      -3.171563940111e+02       2.239212979201e-02       2.239212979201e-02       6.828134961148e+02       8.224901446077e-01       3.754810676230e-02      -1.273814713567e-06      -4.112451510008e-01      -1.563516724182e-02      -4.112450723039e-01      -1.786941186702e-02 
       2.769260662395e-01      -2.842513238325e-02      -2.457747714072e+02      -3.429782541187e+02      -2.837778098418e-02      -3.183354576063e+02       2.196344702871e-02       2.196344702871e-02       6.859565082374e+02       8.257089633650e-01       3.683217744071e-02      -1.255617254684e-06      -4.128545586903e-01      -1.626627636224e-02      -4.128544816825e-01      -1.802561463182e-02 
       2.801350729270e-01      -2.786472776390e-02      -2.449773248793e+02      -3.445028080087e+02      -2.781834799186e-02      -3.194616472967e+02       2.153906728519e-02       2.153906728519e-02       6.890056160175e+02       8.287881032250e-01       3.612328623580e-02      -1.237356258644e-06      -4.143941269565e-01      -1.688831631616e-02      -4.143940516125e-01      -1.817781183919e-02 
       2.833815789091e-01      -2.731741634223e-02      -2.442996012387e+02      -3.460230174964e+02      -2.727198051926e-02      -3.206025761178e+02       2.112354925408e-02       2.112354925408e-02       6.920460349929e+02       8.318893466661e-01       3.542885184207e-02      -1.218723148858e-06      -4.159447470709e-01      -1.745056750441e-02      -4.159446733330e-01      -1.832137525103e-02 
       2.866660563954e-01      -2.678935683284e-02      -2.439423824279e+02      -3.475835801701e+02      -2.674482432088e-02      -3.218255178276e+02       2.072101490113e-02       2.072101490113e-02       6.951671603402e+02       8.351736094115e-01       3.475558179611e-02      -1.199493619689e-06      -4.175868769223e-01      -1.790869447481e-02      -4.175868047057e-01      -1.845262665947e-02 
       2.899889861791e-01      -2.628522261091e-02      -2.440719507021e+02      -3.492250080751e+02      -2.624154329840e-02      -3.231890476618e+02       2.033464940895e-02       2.033464940895e-02       6.984500161501e+02       8.387821688340e-01       3.410868050785e-02      -1.179539128699e-06      -4.193911552161e-01      -1.822921648180e-02      -4.193910844170e-01      -1.856916087165e-02 
       2.933508579160e-01      -2.580825473119e-02      -2.448118735171e+02      -3.509862074485e+02      -2.576537236237e-02      -3.247438988151e+02       1.996683848058e-02       1.996683848058e-02       7.019724148969e+02       8.428412434376e-01       3.349211064883e-02      -1.158970966457e-06      -4.214206912160e-01      -1.839337890226e-02      -4.214206217188e-01      -1.867051792726e-02 
       2.967521704153e-01      -2.535920819544e-02      -2.462182678225e+02      -3.528890514279e+02      -2.531706574393e-02      -3.265165530472e+02       1.961825564143e-02       1.961825564143e-02       7.057781028558e+02       8.474180598140e-01       3.290703069178e-02      -1.137826613401e-06      -4.237090982180e-01      -1.839799307623e-02      -4.237090299070e-01      -1.875748224319e-02 
       3.001934319413e-01      -2.493606736300e-02      -2.482667439972e+02      -3.549324358117e+02      -2.489461284958e-02      -3.285023792864e+02       1.928764056087e-02       1.928764056087e-02       7.098648716233e+02       8.525034996627e-01       3.235142259462e-02      -1.116303481278e-06      -4.262518170601e-01      -1.825679397151e-02      -4.262517498313e-01      -1.883196111407e-02 
       3.036751605276e-01      -2.453499367251e-02      -2.508653312836e+02      -3.571017034075e+02      -2.449418396218e-02      -3.306753240332e+02       1.897257005756e-02       1.897257005756e-02       7.142034068151e+02       8.580385908375e-01       3.182139738395e-02      -1.094644241656e-06      -4.290193616497e-01      -1.799989799032e-02      -4.290192954187e-01      -1.889740179992e-02 
       3.071978843033e-01      -2.415044340579e-02      -2.538578648210e+02      -3.593641592285e+02      -2.411024765460e-02      -3.329847574912e+02       1.866941845442e-02       1.866941845442e-02       7.187283184570e+02       8.639040883526e-01       3.131108652286e-02      -1.073126245202e-06      -4.319521094672e-01      -1.766966797303e-02      -4.319520441763e-01      -1.895796930702e-02 
       3.107621418325e-01      -2.377628817766e-02      -2.570495508974e+02      -3.616788054417e+02      -2.373668894731e-02      -3.353673497679e+02       1.837415620744e-02       1.837415620744e-02       7.233576108834e+02       8.699501234570e-01       3.081395963200e-02      -1.051972996250e-06      -4.349751261083e-01      -1.731551801209e-02      -4.349750617285e-01      -1.901831883515e-02 
       3.143684824675e-01      -2.340646780545e-02      -2.602242648222e+02      -3.640020893565e+02      -2.336746080128e-02      -3.377544197904e+02       1.808280684734e-02       1.808280684734e-02       7.280041787131e+02       8.760143763979e-01       3.032357550197e-02      -1.031492268526e-06      -4.380072516685e-01      -1.699015769082e-02      -4.380071881990e-01      -1.908336969746e-02 
       3.180174667161e-01      -2.303587619979e-02      -2.631785682338e+02      -3.662946434214e+02      -2.299746807129e-02      -3.400826512945e+02       1.779202152626e-02       1.779202152626e-02       7.325892868428e+02       8.819473618986e-01       2.983451020471e-02      -1.011873615227e-06      -4.409737434863e-01      -1.674126083005e-02      -4.409736809493e-01      -1.915752089133e-02 
       3.217096666243e-01      -2.266057465893e-02      -2.657386634942e+02      -3.685217262053e+02      -2.262278029094e-02      -3.422970446972e+02       1.749917852838e-02       1.749917852838e-02       7.370434524105e+02       8.876182977281e-01       2.934250292189e-02      -9.932434832232e-07      -4.438092104288e-01      -1.660656925395e-02      -4.438091488641e-01      -1.924402048238e-02 
       3.254456661739e-01      -2.227803355902e-02      -2.677799393576e+02      -3.706547222960e+02      -2.224087279013e-02      -3.443551318250e+02       1.720252826005e-02       1.720252826005e-02       7.413094445921e+02       8.929245917952e-01       2.884468564714e-02      -9.756318227766e-07      -4.464623564407e-01      -1.660910507824e-02      -4.464622958976e-01      -1.934441970529e-02 
       3.292260616973e-01      -2.188718277012e-02      -2.692398335154e+02      -3.726713496781e+02      -2.185067699264e-02      -3.462291112539e+02       1.690121195890e-02       1.690121195890e-02       7.453426993562e+02       8.977963030926e-01       2.833960802942e-02      -9.589945015795e-07      -4.488982110162e-01      -1.675409793722e-02      -4.488981515463e-01      -1.945819190980e-02 
       3.330514623091e-01      -2.148868277408e-02      -2.701283838012e+02      -3.745616330621e+02      -2.145285116809e-02      -3.479123507137e+02       1.659547991584e-02       1.659547991584e-02       7.491232661241e+02       9.022125659579e-01       2.782760612363e-02      -9.430717563396e-07      -4.511063413303e-01      -1.702840833142e-02      -4.511062829790e-01      -1.958295484310e-02 
       3.369224903559e-01      -2.108490169094e-02      -2.705304587968e+02      -3.763317810878e+02      -2.104975760162e-02      -3.494229019967e+02       1.628673395464e-02       1.628673395464e-02       7.526635621756e+02       9.062116163330e-01       2.731089305158e-02      -9.277421402796e-07      -4.531058653674e-01      -1.740212263342e-02      -4.531058081665e-01      -1.971490106491e-02 
       3.408397818850e-01      -2.067975933503e-02      -2.705978767044e+02      -3.780075275610e+02      -2.064530719904e-02      -3.508050318999e+02       1.597746515241e-02       1.597746515241e-02       7.560150551220e+02       9.098957867521e-01       2.679347328533e-02      -9.127182855558e-07      -4.549479494145e-01      -1.783265697228e-02      -4.549478933761e-01      -1.984951332346e-02 
       3.448039871328e-01      -2.027812930673e-02      -2.705291121025e+02      -3.796311123599e+02      -2.024436289349e-02      -3.521236495616e+02       1.567087479789e-02       1.567087479789e-02       7.592622247198e+02       9.134189465042e-01       2.628053370742e-02      -8.978168451043e-07      -4.567095281389e-01      -1.827062365670e-02      -4.567094732521e-01      -1.998221584841e-02 
       3.488157710346e-01      -1.988499710469e-02      -2.705393621239e+02      -3.812532462975e+02      -1.985189954539e-02      -3.534531542303e+02       1.537029572110e-02       1.537029572110e-02       7.625064925951e+02       9.169594475380e-01       2.577749629264e-02      -8.828454746626e-07      -4.584797775373e-01      -1.866678420578e-02      -4.584797237690e-01      -2.010891690365e-02 
       3.528758137560e-01      -1.950436842423e-02      -2.708210339742e+02      -3.829192288885e+02      -1.947191442938e-02      -3.548600325927e+02       1.507842118093e-02       1.507842118093e-02       7.658384577769e+02       9.206771498407e-01       2.528874826074e-02      -8.676855811757e-07      -4.603386276209e-01      -1.897961087337e-02      -4.603385749204e-01      -2.022634340613e-02 
       3.569848112472e-01      -1.913880116591e-02      -2.715194391747e+02      -3.846622606897e+02      -1.910696021426e-02      -3.563936697041e+02       1.479697878830e-02       1.479697878830e-02       7.693245213793e+02       9.246909578393e-01       2.481710667752e-02      -8.522749028287e-07      -4.623455306139e-01      -1.918031356196e-02      -4.623454789196e-01      -2.033237846785e-02 
       3.611434758224e-01      -1.878910252742e-02      -2.727075954480e+02      -3.864995637254e+02      -1.875784269427e-02      -3.580793223787e+02       1.452654119950e-02       1.452654119950e-02       7.729991274509e+02       9.290624214489e-01       2.436351540779e-02      -8.366214623427e-07      -4.645312614765e-01      -1.925828259053e-02      -4.645312107244e-01      -2.042657618835e-02 
       3.653525367639e-01      -1.845460571521e-02      -2.743844896401e+02      -3.884354043518e+02      -1.842389692766e-02      -3.599203283981e+02       1.426673593512e-02       1.426673593512e-02       7.768708087036e+02       9.338020040043e-01       2.392739571956e-02      -8.208066781086e-07      -4.669010518715e-01      -1.922181661113e-02      -4.669010020022e-01      -2.051038998340e-02 
       3.696127409538e-01      -1.813344656949e-02      -2.764765720536e+02      -3.904634460430e+02      -1.810326324567e-02      -3.619002609661e+02       1.401643301712e-02       1.401643301712e-02       7.809268920859e+02       9.388745343855e-01       2.350695255841e-02      -8.049903795659e-07      -4.694373162284e-01      -1.909706045946e-02      -4.694372671927e-01      -2.058711455230e-02 
       3.739248535338e-01      -1.782280382809e-02      -2.788495169786e+02      -3.925657658652e+02      -1.779312686516e-02      -3.639839207276e+02       1.377387021199e-02       1.377387021199e-02       7.851315317303e+02       9.442004569363e-01       2.309936513547e-02      -7.893612756346e-07      -4.721002767047e-01      -1.892341038933e-02      -4.721002284681e-01      -2.066121393156e-02 
       3.782896585951e-01      -1.751913649508e-02      -2.813254640405e+02      -3.947103704638e+02      -1.748995460172e-02      -3.661179369636e+02       1.353675275395e-02       1.353675275395e-02       7.894207409277e+02       9.496550582256e-01       2.270092720088e-02      -7.740914961597e-07      -4.748275765680e-01      -1.874677717123e-02      -4.748275291128e-01      -2.073728713194e-02 
       3.827079599000e-01      -1.721862757394e-02      -2.837098230805e+02      -3.968529151565e+02      -1.718993755199e-02      -3.682362710738e+02       1.330252180333e-02       1.330252180333e-02       7.937058303129e+02       9.550803674537e-01       2.230747329358e-02      -7.593031719834e-07      -4.775402304015e-01      -1.861169284960e-02      -4.775401837268e-01      -2.081909760758e-02 
       3.871805816365e-01      -1.691799285650e-02      -2.858282992158e+02      -3.989478932483e+02      -1.688979824671e-02      -3.702750345932e+02       1.306891941883e-02       1.306891941883e-02       7.978957864967e+02       9.603213743306e-01       2.191530689831e-02      -7.450685980874e-07      -4.801607330464e-01      -1.855383304106e-02      -4.801606871653e-01      -2.090912399688e-02 
       3.917083692089e-01      -1.661520955166e-02      -2.875622592870e+02      -4.009614519651e+02      -1.658751783041e-02      -3.721883853604e+02       1.283451555148e-02       1.283451555148e-02       8.019229039303e+02       9.652655970561e-01       2.152207263788e-02      -7.313971497770e-07      -4.826328435949e-01      -1.859363496470e-02      -4.826327985280e-01      -2.100833983890e-02 
       3.962921900649e-01      -1.631000645229e-02      -2.888742661099e+02      -4.028830875937e+02      -1.628282534103e-02      -3.739620036644e+02       1.259907901076e-02       1.259907901076e-02       8.057661751873e+02       9.698771931472e-01       2.112737588340e-02      -7.182505322696e-07      -4.849386408056e-01      -1.873324038396e-02      -4.849385965736e-01      -2.111639376786e-02 
       4.009329345627e-01      -1.600360526657e-02      -2.898094860159e+02      -4.047231807719e+02      -1.597693957944e-02      -3.756112896089e+02       1.236338815719e-02       1.236338815719e-02       8.094463615438e+02       9.741920425287e-01       2.073246867138e-02      -7.055452002325e-07      -4.870960646473e-01      -1.895642376200e-02      -4.870960212644e-01      -2.123150595635e-02 
       4.056315168792e-01      -1.569809885896e-02      -2.904779800854e+02      -4.065036735373e+02      -1.567194863683e-02      -3.771710247808e+02       1.212878384922e-02       1.212878384922e-02       8.130073470746e+02       9.782915722130e-01       2.033951071444e-02      -6.931592235330e-07      -4.891458286369e-01      -1.923214797551e-02      -4.891457861065e-01      -2.135051299145e-02 
       4.103888759632e-01      -1.539582406170e-02      -2.910278050172e+02      -4.082490448996e+02      -1.537018404085e-02      -3.786838738898e+02       1.189673955704e-02       1.189673955704e-02       8.164980897993e+02       9.822745472428e-01       1.995086609021e-02      -6.809495698600e-07      -4.911373153074e-01      -1.952078519769e-02      -4.911372736214e-01      -2.146927783899e-02 
       4.152059765344e-01      -1.509906328899e-02      -2.916189014377e+02      -4.099858355447e+02      -1.507392312305e-02      -3.801960054483e+02       1.166870461411e-02       1.166870461411e-02       8.199716710893e+02       9.862483617684e-01       1.956886414889e-02      -6.687894504903e-07      -4.931242217452e-01      -1.978231536775e-02      -4.931241808842e-01      -2.158376674327e-02 
       4.200838101329e-01      -1.480993788507e-02      -2.923999197834e+02      -4.117465298883e+02      -1.478528273781e-02      -3.817567284663e+02       1.144608813117e-02       1.144608813117e-02       8.234930597765e+02       9.903308402239e-01       1.919579390843e-02      -6.566041046885e-07      -4.951654601767e-01      -1.998431082525e-02      -4.951654201120e-01      -2.169129182889e-02 
       4.250233962207e-01      -1.453001076529e-02      -2.934796341571e+02      -4.135639906427e+02      -1.450582272061e-02      -3.834095679866e+02       1.122999415788e-02       1.122999415788e-02       8.271279812853e+02       9.946292032798e-01       1.883347351267e-02      -6.443796128248e-07      -4.973146409431e-01      -2.010832997187e-02      -4.973146016399e-01      -2.179108247398e-02 
       4.300257833389e-01      -1.425980815493e-02      -2.949002151338e+02      -4.154597271656e+02      -1.423606851798e-02      -3.851785767547e+02       1.102085719818e-02       1.102085719818e-02       8.309194543313e+02       9.992053519551e-01       1.848264060640e-02      -6.321633073649e-07      -4.996027145552e-01      -2.015332611662e-02      -4.996026759776e-01      -2.188414697794e-02 
       4.350920503249e-01      -1.399845916606e-02      -2.966218680473e+02      -4.174304886813e+02      -1.397515133986e-02      -3.870550123565e+02       1.081814069215e-02       1.081814069215e-02       8.348609773626e+02       1.004040934808e+00       1.814243926380e-02      -6.200238018071e-07      -5.020205052871e-01      -2.013519864428e-02      -5.020204674040e-01      -2.197254618583e-02 
       4.402233075914e-01      -1.374402470833e-02      -2.985352507922e+02      -4.194507466930e+02      -1.372113633360e-02      -3.890012670472e+02       1.062055372714e-02       1.062055372714e-02       8.389014933861e+02       1.009046421954e+00       1.781077136880e-02      -6.080344889927e-07      -5.045232481875e-01      -2.008266131777e-02      -5.045232109769e-01      -2.205893908917e-02 
       4.454206984736e-01      -1.349432072155e-02      -3.004980441450e+02      -4.214889024657e+02      -1.347184415135e-02      -3.909697243657e+02       1.042664368270e-02       1.042664368270e-02       8.429778049315e+02       1.014108422619e+00       1.748527651366e-02      -5.962826875115e-07      -5.070542478596e-01      -2.003041168869e-02      -5.070542113095e-01      -2.214644072919e-02 
       4.506854006466e-01      -1.324758624464e-02      -3.023745800706e+02      -4.235205522984e+02      -1.322551763337e-02      -3.929196744233e+02       1.023526223086e-02       1.023526223086e-02       8.470411045967e+02       1.019131390094e+00       1.716409732978e-02      -5.848448658775e-07      -5.095657309404e-01      -2.001096408068e-02      -5.095656950469e-01      -2.223817200066e-02 
       4.560186276189e-01      -1.300263849673e-02      -3.040621641861e+02      -4.255281385143e+02      -1.298097647498e-02      -3.948210506214e+02       1.004563275272e-02       1.004563275272e-02       8.510562770285e+02       1.024044706752e+00       1.684597565602e-02      -5.737636274269e-07      -5.120223886115e-01      -2.004696470940e-02      -5.120223533760e-01      -2.233622990750e-02 
       4.614216303071e-01      -1.275878613098e-02      -3.055044177675e+02      -4.274953724290e+02      -1.273753058446e-02      -3.966519028841e+02       9.857250514235e-03       9.857250514235e-03       8.549907448579e+02       1.028794125294e+00       1.653007455209e-02      -5.630282751873e-07      -5.143970972212e-01      -2.014623741883e-02      -5.143970626472e-01      -2.244077629421e-02 
       4.668956986955e-01      -1.251592606291e-02      -3.067025433104e+02      -4.294103857972e+02      -1.249507675947e-02      -3.984026991030e+02       9.669959695944e-03       9.669959695944e-03       8.588207715944e+02       1.033352441113e+00       1.621610818784e-02      -5.525808913763e-07      -5.166762544663e-01      -2.030045206786e-02      -5.166762205567e-01      -2.255003743380e-02 
       4.724421635890e-01      -1.227483687758e-02      -3.077231416406e+02      -4.312798201013e+02      -1.225439166678e-02      -4.000890538117e+02       9.484217302642e-03       9.484217302642e-03       8.625596402026e+02       1.037753818060e+00       1.590479641499e-02      -5.423481751893e-07      -5.188769422769e-01      -2.048814484796e-02      -5.188769090298e-01      -2.266140821345e-02 
       4.780623984623e-01      -1.203705772252e-02      -3.086841799582e+02      -4.331327297326e+02      -1.201701110008e-02      -4.017527792251e+02       9.301046850548e-03       9.301046850548e-03       8.662654594652e+02       1.042098588339e+00       1.559780232491e-02      -5.322678579156e-07      -5.210493267630e-01      -2.068096674481e-02      -5.210492941696e-01      -2.277248845893e-02 
       4.837578214154e-01      -1.180416505182e-02      -3.097131150233e+02      -4.350040431773e+02      -1.178450818585e-02      -4.034419464819e+02       9.121518714137e-03       9.121518714137e-03       8.700080863546e+02       1.046503491290e+00       1.529687339066e-02      -5.222936609823e-07      -5.232517776008e-01      -2.085159067447e-02      -5.232517456452e-01      -2.288134193755e-02 
       4.895298972391e-01      -1.157700098953e-02      -3.109002471516e+02      -4.369125304544e+02      -1.155772325154e-02      -4.051857206672e+02       8.946183066637e-03       8.946183066637e-03       8.738250609087e+02       1.051038090449e+00       1.500289988134e-02      -5.123912136271e-07      -5.255190765620e-01      -2.098087079424e-02      -5.255190452247e-01      -2.298638164275e-02 
       4.953801396020e-01      -1.135563060804e-02      -3.122795562147e+02      -4.388608724302e+02      -1.133672123779e-02      -4.069914890384e+02       8.775062607622e-03       8.775062607622e-03       8.777217448604e+02       1.055719066101e+00       1.471591096345e-02      -5.025511867709e-07      -5.278595637897e-01      -2.106285856901e-02      -5.278595330506e-01      -2.308702151839e-02 
       5.013101133638e-01      -1.113974570222e-02      -3.138364533399e+02      -4.408493897042e+02      -1.112119471180e-02      -4.088572846663e+02       8.607972572454e-03       8.607972572454e-03       8.816987794085e+02       1.060543381737e+00       1.443561396582e-02      -4.928022788725e-07      -5.302717210276e-01      -2.110556370633e-02      -5.302716908686e-01      -2.318441678526e-02 
       5.073214370266e-01      -1.092880961286e-02      -3.155168372119e+02      -4.428782345121e+02      -1.091060834329e-02      -4.107749647522e+02       8.444609935780e-03       8.444609935780e-03       8.857564690241e+02       1.065495726925e+00       1.416153666861e-02      -4.832000099263e-07      -5.327478930562e-01      -2.112784788672e-02      -5.327478634623e-01      -2.328113402296e-02 
       5.134157853330e-01      -1.072186723673e-02      -3.172323618027e+02      -4.449336933484e+02      -1.070400913489e-02      -4.127198023313e+02       8.284359093003e-03       8.284359093003e-03       8.898673866967e+02       1.070519034715e+00       1.389268611102e-02      -4.737924008280e-07      -5.352595463966e-01      -2.115301830035e-02      -5.352595173574e-01      -2.337962569511e-02 
       5.195948920219e-01      -1.051771511638e-02      -3.188835973089e+02      -4.469870966318e+02      -1.050019608609e-02      -4.146531329849e+02       8.126382065732e-03       8.126382065732e-03       8.939741932636e+02       1.075518870704e+00       1.362768658737e-02      -4.645998182855e-07      -5.377594638422e-01      -2.120137956555e-02      -5.377594353522e-01      -2.348118543386e-02 
       5.258605527531e-01      -1.031559147547e-02      -3.204042158534e+02      -4.490176488616e+02      -1.029840890441e-02      -4.165477967938e+02       7.970134967084e-03       7.970134967084e-03       8.980352977232e+02       1.080428166764e+00       1.336564039913e-02      -4.556239612629e-07      -5.402141113254e-01      -2.128422995312e-02      -5.402140833820e-01      -2.358625936464e-02 
       5.322146282141e-01      -1.011556679108e-02      -3.217897560608e+02      -4.510285348180e+02      -1.009871785726e-02      -4.184057192023e+02       7.815666311670e-03       7.815666311670e-03       9.020570696361e+02       1.085252263901e+00       1.310662701123e-02      -4.468576272195e-07      -5.426261593502e-01      -2.140096824725e-02      -5.426261319503e-01      -2.369485715263e-02 
       5.386590474225e-01      -9.918108453664e-03      -3.230823328279e+02      -4.530318150808e+02      -9.901589262362e-03      -4.202432092652e+02       7.663281661364e-03       7.663281661364e-03       9.060636301616e+02       1.090030455304e+00       1.285114097152e-02      -4.382751949082e-07      -5.450152545136e-01      -2.154008123666e-02      -5.450152276518e-01      -2.380597662377e-02 
       5.451958112383e-01      -9.723630193375e-03      -3.243423148563e+02      -4.550332165762e+02      -9.707435820538e-03      -4.220741804570e+02       7.513213957576e-03       7.513213957576e-03       9.100664331523e+02       1.094793329870e+00       1.259954499189e-02      -4.298332202039e-07      -5.473966912669e-01      -2.168385923334e-02      -5.473966649352e-01      -2.391751355534e-02 
       5.518269961031e-01      -9.532599220205e-03      -3.256375191205e+02      -4.570422641068e+02      -9.516723660790e-03      -4.239167935575e+02       7.365745650727e-03       7.365745650727e-03       9.140845282137e+02       1.099582513077e+00       1.235228744445e-02      -4.214968878455e-07      -5.497912823505e-01      -2.181505144159e-02      -5.497912565385e-01      -2.402764121051e-02 
       5.585547580240e-01      -9.345585750102e-03      -3.270301350508e+02      -4.590803564167e+02      -9.330021848961e-03      -4.257980699114e+02       7.221279421138e-03       7.221279421138e-03       9.181607128334e+02       1.104465030418e+00       1.211003142517e-02      -4.132598319066e-07      -5.522325405139e-01      -2.192301251567e-02      -5.522325152091e-01      -2.413601149692e-02 
       5.653813368197e-01      -9.162784886204e-03      -3.285436394573e+02      -4.611610203527e+02      -9.147525159939e-03      -4.277326707641e+02       7.079970533021e-03       7.079970533021e-03       9.223220407055e+02       1.109478719690e+00       1.187303876961e-02      -4.051320188251e-07      -5.547393846560e-01      -2.200696846456e-02      -5.547393598452e-01      -2.424322043847e-02 
       5.723090606529e-01      -8.983724936273e-03      -3.301453144636e+02      -4.632730971339e+02      -8.968762890011e-03      -4.297064613042e+02       6.941488282906e-03       6.941488282906e-03       9.265461942678e+02       1.114588959239e+00       1.164076574763e-02      -3.971228434308e-07      -5.572945039473e-01      -2.207533700318e-02      -5.572944796193e-01      -2.434988968446e-02 
       5.793403508692e-01      -8.807805218388e-03      -3.317781020694e+02      -4.654018109946e+02      -8.793135622279e-03      -4.316986261961e+02       6.805421919126e-03       6.805421919126e-03       9.308036219892e+02       1.119745560852e+00       1.141254071068e-02      -3.892486257757e-07      -5.598728042796e-01      -2.214176000998e-02      -5.598727804259e-01      -2.445713827883e-02 
       5.864777271687e-01      -8.634712292003e-03      -3.333957110773e+02      -4.675453874726e+02      -8.620330625895e-03      -4.337006388604e+02       6.671583887744e-03       6.671583887744e-03       9.350907749452e+02       1.124930710405e+00       1.118806673386e-02      -3.815320603977e-07      -5.624653785891e-01      -2.221929308452e-02      -5.624653552027e-01      -2.456660672548e-02 
       5.937238131390e-01      -8.464171282369e-03      -3.349643295107e+02      -4.696987052221e+02      -8.450073578127e-03      -4.357031398067e+02       6.539788167906e-03       6.539788167906e-03       9.393974104442e+02       1.130122540559e+00       1.096704035729e-02      -3.739789672578e-07      -5.650612932045e-01      -2.231519921970e-02      -5.650612702797e-01      -2.467898228375e-02 
       6.010813421777e-01      -8.295898421807e-03      -3.364680430735e+02      -4.718483627082e+02      -8.282081177508e-03      -4.376927260266e+02       6.409804055341e-03       6.409804055341e-03       9.436967254164e+02       1.135285737186e+00       1.074907099994e-02      -3.665720633144e-07      -5.676428910615e-01      -2.242849569091e-02      -5.676428685931e-01      -2.479345057584e-02 
       6.085531638393e-01      -8.130055305566e-03      -3.379332225281e+02      -4.739992189829e+02      -8.116514609631e-03      -4.396774051650e+02       6.281726301892e-03       6.281726301892e-03       9.479984379659e+02       1.140438841066e+00       1.053430787110e-02      -3.592950847348e-07      -5.702194425509e-01      -2.255135971458e-02      -5.702194205329e-01      -2.490917690664e-02 
       6.161422506428e-01      -7.967085880535e-03      -3.394131995173e+02      -4.761709389750e+02      -7.953816887903e-03      -4.416814255972e+02       6.155864589287e-03       6.155864589287e-03       9.523418779500e+02       1.145641995149e+00       1.032325958247e-02      -3.521383301534e-07      -5.728210191503e-01      -2.267326672929e-02      -5.728209975747e-01      -2.502570174351e-02 
       6.238517053790e-01      -7.807107823214e-03      -3.409414853433e+02      -4.783674835838e+02      -7.794105388876e-03      -4.437131508701e+02       6.032279598663e-03       6.032279598663e-03       9.567349671677e+02       1.150914129896e+00       1.011601815392e-02      -3.450867598774e-07      -5.754570860898e-01      -2.278590821634e-02      -5.754570649479e-01      -2.514212420631e-02 
       6.316847689635e-01      -7.650041208038e-03      -3.425274825123e+02      -4.805860400397e+02      -7.637300315089e-03      -4.457717151543e+02       5.910899639929e-03       5.910899639929e-03       9.611720800794e+02       1.156251846051e+00       9.912460155962e-03      -3.381327589621e-07      -5.781259437423e-01      -2.288678422603e-02      -5.781259230255e-01      -2.525800179571e-02 
       6.396448288827e-01      -7.495929863660e-03      -3.441722663500e+02      -4.828367965851e+02      -7.483445463856e-03      -4.478656233155e+02       5.791776876630e-03       5.791776876630e-03       9.656735931702e+02       1.161678641162e+00       9.712678966820e-03      -3.312886268612e-07      -5.808393408809e-01      -2.297981204474e-02      -5.808393205808e-01      -2.537437037962e-02 
       6.477354282875e-01      -7.344560216764e-03      -3.458500406441e+02      -4.851172936923e+02      -7.332327724142e-03      -4.499889198619e+02       5.674771642370e-03       5.674771642370e-03       9.702345873845e+02       1.167181352492e+00       9.516448532060e-03      -3.245636009872e-07      -5.835906961369e-01      -2.307257680962e-02      -5.835906762459e-01      -2.549213004853e-02 
       6.559602757945e-01      -7.195497860093e-03      -3.475186544053e+02      -4.874094258478e+02      -7.183513531355e-03      -4.521203415781e+02       5.559565270179e-03       5.559565270179e-03       9.748188516955e+02       1.172706510623e+00       9.323239909946e-03      -3.179552130189e-07      -5.863532747993e-01      -2.317203831677e-02      -5.863532553116e-01      -2.561132651034e-02 
       6.643232560598e-01      -7.048694362028e-03      -3.491680461503e+02      -4.897160169463e+02      -7.036954551710e-03      -4.542606626964e+02       5.446130914433e-03       5.446130914433e-03       9.794320338927e+02       1.178257327425e+00       9.133011493468e-03      -3.114667107689e-07      -5.891286828027e-01      -2.328121641177e-02      -5.891286637127e-01      -2.573247743022e-02 
       6.728284411997e-01      -6.904225471195e-03      -3.508092623146e+02      -4.920444027516e+02      -6.892726359317e-03      -4.564175766395e+02       5.334522241040e-03       5.334522241040e-03       9.840888055031e+02       1.183853451938e+00       8.945851721917e-03      -3.050953998313e-07      -5.919267446677e-01      -2.339807634366e-02      -5.919267259692e-01      -2.585564515761e-02 
       6.814801031383e-01      -6.761981306342e-03      -3.524501081413e+02      -4.943864139119e+02      -6.750719210137e-03      -4.585855883627e+02       5.224634173289e-03       5.224634173289e-03       9.887728278237e+02       1.189478620848e+00       8.761577879316e-03      -2.988250057912e-07      -5.947393287367e-01      -2.351724921943e-02      -5.947393104238e-01      -2.597971044336e-02 
       6.902827269736e-01      -6.622106579891e-03      -3.541177167087e+02      -4.967519406532e+02      -6.611077504739e-03      -4.607769407408e+02       5.116565798609e-03       5.116565798609e-03       9.935038813064e+02       1.195163195322e+00       8.580352041328e-03      -2.926510170017e-07      -5.975816155949e-01      -2.363367389711e-02      -5.975815976610e-01      -2.610447942800e-02 
       6.992410254616e-01      -6.484721849099e-03      -3.558322106919e+02      -4.991527351394e+02      -6.473921564628e-03      -4.630043296273e+02       5.010407887491e-03       5.010407887491e-03       9.983054702788e+02       1.200939745014e+00       8.402325669260e-03      -2.865748022638e-07      -6.004698900690e-01      -2.374540580478e-02      -6.004698725071e-01      -2.623027164509e-02 
       7.083599547303e-01      -6.349594672538e-03      -3.575782645692e+02      -5.015775238675e+02      -6.339019384206e-03      -4.652561840873e+02       4.905982303231e-03       4.905982303231e-03       1.003155047735e+03       1.206778305351e+00       8.227200492011e-03      -2.805909190449e-07      -6.033891698718e-01      -2.385425136681e-02      -6.033891526755e-01      -2.635679574922e-02 
       7.176447313498e-01      -6.216667866600e-03      -3.593467458821e+02      -5.040296017064e+02      -6.206313911828e-03      -4.675338058802e+02       4.803257139311e-03       4.803257139311e-03       1.008059203413e+03       1.212683615039e+00       8.054926959977e-03      -2.747045701103e-07      -6.063418243560e-01      -2.396424203240e-02      -6.063418075196e-01      -2.648475131306e-02 
       7.271008508973e-01      -6.085886199226e-03      -3.611290308281e+02      -5.065121000387e+02      -6.075750032804e-03      -4.698384406576e+02       4.702199536544e-03       4.702199536544e-03       1.013024200077e+03       1.218660113431e+00       7.885453134033e-03      -2.689191456975e-07      -6.093300731979e-01      -2.407872910500e-02      -6.093300567156e-01      -2.661472931123e-02 
       7.367341081734e-01      -5.957036674530e-03      -3.629093058910e+02      -5.090127245574e+02      -5.947115129775e-03      -4.721576072387e+02       4.602642525844e-03       4.602642525844e-03       1.018025449115e+03       1.224675214070e+00       7.718498231259e-03      -2.632264575370e-07      -6.123376231684e-01      -2.419828172516e-02      -6.123376070351e-01      -2.674620168865e-02 
       7.465506192458e-01      -5.830215230527e-03      -3.647035167221e+02      -5.115421988166e+02      -5.820504941046e-03      -4.745025211061e+02       4.504657811121e-03       4.504657811121e-03       1.023084397633e+03       1.230757771120e+00       7.554181725531e-03      -2.576263370033e-07      -6.153789013500e-01      -2.432092780406e-02      -6.153788855602e-01      -2.687941378308e-02 
       7.565568455175e-01      -5.705407990742e-03      -3.665219795785e+02      -5.141018721659e+02      -5.695905586743e-03      -4.768758633590e+02       4.408227579607e-03       4.408227579607e-03       1.028203744332e+03       1.236913847305e+00       7.392471462043e-03      -2.521132375745e-07      -6.184569391043e-01      -2.444386345267e-02      -6.184569236525e-01      -2.701405543309e-02 
       7.667596200406e-01      -5.582520127628e-03      -3.683653703815e+02      -5.166869181577e+02      -5.573222394936e-03      -4.792737861438e+02       4.313273524198e-03       4.313273524198e-03       1.033373836315e+03       1.243132751144e+00       7.233234495317e-03      -2.466809207877e-07      -6.215663906908e-01      -2.456560028102e-02      -6.215663755719e-01      -2.714969981607e-02 
       7.771661763261e-01      -5.461612185981e-03      -3.702430903041e+02      -5.193083245746e+02      -5.452515801444e-03      -4.817067211666e+02       4.219847040228e-03       4.219847040228e-03       1.038616649149e+03       1.249442116806e+00       7.076558507500e-03      -2.413330304320e-07      -6.247210731946e-01      -2.468691512869e-02      -6.247210584030e-01      -2.728698538936e-02 
       7.877841799308e-01      -5.342496039800e-03      -3.721383331895e+02      -5.219553051573e+02      -5.333598027711e-03      -4.841632701119e+02       4.127804395177e-03       4.127804395177e-03       1.043910610315e+03       1.255812583465e+00       6.922202978848e-03      -2.360648580143e-07      -6.279063062018e-01      -2.480970558649e-02      -6.279062917327e-01      -2.742564598825e-02 
       7.986217631414e-01      -5.225157792681e-03      -3.740507021431e+02      -5.246325351954e+02      -5.216455204252e-03      -4.866471997249e+02       4.037139175488e-03       4.037139175488e-03       1.049265070391e+03       1.262254555393e+00       6.770158550084e-03      -2.308777039950e-07      -6.311272918480e-01      -2.493542606612e-02      -6.311272776967e-01      -2.756609787807e-02 
       8.096875631153e-01      -5.109550824784e-03      -3.759802770224e+02      -5.273404612285e+02      -5.101040786945e-03      -4.891588877641e+02       3.947814894768e-03       3.947814894768e-03       1.054680922457e+03       1.268768984102e+00       6.620363884998e-03      -2.257691684498e-07      -6.343845058893e-01      -2.506398372538e-02      -6.343844920511e-01      -2.770834493952e-02 
       8.209907638875e-01      -4.995605450047e-03      -3.779278187619e+02      -5.300760613183e+02      -4.987285200847e-03      -4.916959766180e+02       3.859774000304e-03       3.859774000304e-03       1.060152122637e+03       1.275349210126e+00       6.472721272486e-03      -2.207343790244e-07      -6.376746185926e-01      -2.519413567560e-02      -6.376746050630e-01      -2.785207351035e-02 
       8.325411427102e-01      -4.883374222691e-03      -3.799065106873e+02      -5.328492450725e+02      -4.875240893023e-03      -4.942685933153e+02       3.773056993750e-03       3.773056993750e-03       1.065698490145e+03       1.282021479562e+00       6.327298604519e-03      -2.157738875386e-07      -6.410107530065e-01      -2.532491784453e-02      -6.410107397809e-01      -2.799763235656e-02 
       8.443491212515e-01      -4.772726923929e-03      -3.819080797995e+02      -5.356516800822e+02      -4.764777875308e-03      -4.968686523528e+02       3.687561236215e-03       3.687561236215e-03       1.071303360164e+03       1.288764472229e+00       6.183923100901e-03      -2.108824113351e-07      -6.443822490403e-01      -2.545637253708e-02      -6.443822361143e-01      -2.814462602651e-02 
       8.564258222607e-01      -4.663695291734e-03      -3.839392063393e+02      -5.384931443483e+02      -4.655927827009e-03      -4.995051792605e+02       3.603315077917e-03       3.603315077917e-03       1.076986288697e+03       1.295602217333e+00       6.042643542598e-03      -2.060622403897e-07      -6.478011212971e-01      -2.558942533435e-02      -6.478011086664e-01      -2.829364754494e-02 
       8.687831323856e-01      -4.556144885587e-03      -3.859884350840e+02      -5.413647867094e+02      -4.548556548338e-03      -5.021691775751e+02       3.520213768905e-03       3.520213768905e-03       1.082729573419e+03       1.302511239083e+00       5.903283980151e-03      -2.013085987023e-07      -6.512556318809e-01      -2.572474569776e-02      -6.512556195414e-01      -2.844435576517e-02 
       8.814337719335e-01      -4.450106526130e-03      -3.880648463859e+02      -5.442758229374e+02      -4.442694796883e-03      -5.048695793308e+02       3.438282614233e-03       3.438282614233e-03       1.088551645875e+03       1.309514981252e+00       5.765887334624e-03      -1.966223591470e-07      -6.547575026781e-01      -2.586228589114e-02      -6.547574906258e-01      -2.859718534271e-02 
       8.943913724798e-01      -4.345483761623e-03      -3.901642985949e+02      -5.472202221356e+02      -4.338246286031e-03      -5.076008144695e+02       3.357444513177e-03       3.357444513177e-03       1.094440444271e+03       1.316598541180e+00       5.630323476685e-03      -1.919987128514e-07      -6.582992823590e-01      -2.600145878678e-02      -6.582992705900e-01      -2.875176650767e-02 
       9.076705633606e-01      -4.242299531046e-03      -3.922963538009e+02      -5.502066536056e+02      -4.235233906419e-03      -5.103714412767e+02       3.277718062567e-03       3.277718062567e-03       1.100413307211e+03       1.323784273665e+00       5.496623877667e-03      -1.874380976748e-07      -6.618921483221e-01      -2.614205194777e-02      -6.618921368325e-01      -2.890848845822e-02 
       9.212870682466e-01      -4.140454018559e-03      -3.944541208593e+02      -5.532290811271e+02      -4.133558017966e-03      -5.131754651763e+02       3.199025204973e-03       3.199025204973e-03       1.106458162254e+03       1.331056443956e+00       5.364657333140e-03      -1.829366005749e-07      -6.655282331919e-01      -2.628430569240e-02      -6.655282219781e-01      -2.906709099428e-02 
       9.352578131720e-01      -4.039948056579e-03      -3.966429010081e+02      -5.562944244037e+02      -4.033219446718e-03      -5.160193610403e+02       3.121368404797e-03       3.121368404797e-03       1.112588848807e+03       1.338432203781e+00       5.234428565699e-03      -1.784944847636e-07      -6.692161128319e-01      -2.642863544426e-02      -6.692161018904e-01      -2.922796028551e-02 
       9.496010476076e-01      -3.940681610288e-03      -3.988555189861e+02      -5.593959420705e+02      -3.934118331973e-03      -5.188965136137e+02       3.044669115497e-03       3.044669115497e-03       1.118791884141e+03       1.345894145836e+00       5.105805447821e-03      -1.741075334166e-07      -6.729470835907e-01      -2.657504646394e-02      -6.729470729180e-01      -2.939076902533e-02 
       9.643364804132e-01      -3.842671529400e-03      -4.011011018774e+02      -5.625425566168e+02      -3.836271486469e-03      -5.218156219775e+02       2.968941220473e-03       2.968941220473e-03       1.125085113234e+03       1.353465016926e+00       4.978811543403e-03      -1.697760207469e-07      -6.767325188701e-01      -2.672340206608e-02      -6.767325084628e-01      -2.955592526744e-02 
       9.794854327925e-01      -3.745831198770e-03      -4.033746890913e+02      -5.657288865557e+02      -3.739592445209e-03      -5.247715225640e+02       2.894116490232e-03       2.894116490232e-03       1.131457773111e+03       1.361131140798e+00       4.853332010050e-03      -1.654961610469e-07      -6.805655805438e-01      -2.687359387323e-02      -6.805655703988e-01      -2.972315482810e-02 
       9.950710107137e-01      -3.650155129475e-03      -4.056820721714e+02      -5.689614724199e+02      -3.644075724231e-03      -5.277704547644e+02       2.820191719964e-03       2.820191719964e-03       1.137922944840e+03       1.368908925660e+00       4.729361809401e-03      -1.612677216490e-07      -6.844544727158e-01      -2.702584902276e-02      -6.844544628299e-01      -2.989280136077e-02 
       1.011118299649e+00      -3.555588569136e-03      -4.080218267026e+02      -5.722398249711e+02      -3.549666665109e-03      -5.308118003953e+02       2.747124432557e-03       2.747124432557e-03       1.144479649942e+03       1.376796732053e+00       4.606829652126e-03      -1.570884636184e-07      -6.883983756565e-01      -2.718036938750e-02      -6.883983660267e-01      -3.006486452166e-02 
       1.027654584949e+00      -3.462083289097e-03      -4.103937824796e+02      -5.755642130281e+02      -3.456317120229e-03      -5.338957535125e+02       2.674877131761e-03       2.674877131761e-03       1.151128426056e+03       1.384795007964e+00       4.485672582907e-03      -1.529562342257e-07      -6.923975133587e-01      -2.733717232963e-02      -6.923975039822e-01      -3.023935538242e-02 
       1.044709601705e+00      -3.369621254965e-03      -4.128029283233e+02      -5.789398995398e+02      -3.364009081662e-03      -5.370273849542e+02       2.603436300372e-03       2.603436300372e-03       1.157879799080e+03       1.392917009868e+00       4.365868069564e-03      -1.488700734865e-07      -6.964585140603e-01      -2.749626463453e-02      -6.964585049341e-01      -3.041652483530e-02 
       1.062315818564e+00      -3.278141296820e-03      -4.152472693125e+02      -5.823652622353e+02      -3.272681484249e-03      -5.402050618059e+02       2.532754203157e-03       2.532754203157e-03       1.164730524471e+03       1.401158384261e+00       4.247335908179e-03      -1.448273600749e-07      -7.005792010089e-01      -2.765771567479e-02      -7.005791921305e-01      -3.059630132361e-02 
       1.080508760706e+00      -3.187602760268e-03      -4.177280917285e+02      -5.858420720349e+02      -3.182293741361e-03      -5.434304303799e+02       2.462799505640e-03       2.462799505640e-03       1.171684144070e+03       1.409523417309e+00       4.130023576692e-03      -1.408263303471e-07      -7.047617172878e-01      -2.782165031114e-02      -7.047617086545e-01      -3.077878453555e-02 
       1.099327377988e+00      -3.097985038632e-03      -4.202501532332e+02      -5.893759751227e+02      -3.092825278788e-03      -5.467088399234e+02       2.393556556289e-03       2.393556556289e-03       1.178751950245e+03       1.418026057242e+00       4.013904915810e-03      -1.368660087523e-07      -7.090130370113e-01      -2.798821954835e-02      -7.090130286208e-01      -3.096426023239e-02 
       1.118814465254e+00      -3.009240893526e-03      -4.228139514498e+02      -5.929681055685e+02      -3.004228937836e-03      -5.500412948772e+02       2.324988623219e-03       2.324988623219e-03       1.185936211137e+03       1.426668845339e+00       3.898918251655e-03      -1.329443123712e-07      -7.133344308195e-01      -2.815750380491e-02      -7.133344226694e-01      -3.115278848605e-02 
       1.139017142838e+00      -2.921329135339e-03      -4.254207888310e+02      -5.966208813477e+02      -2.916463598262e-03      -5.534299737325e+02       2.257063794326e-03       2.257063794326e-03       1.193241762695e+03       1.435457403039e+00       3.785010040285e-03      -1.290594566993e-07      -7.177287094317e-01      -2.832967908459e-02      -7.177287015196e-01      -3.134450189390e-02 
       1.159987406523e+00      -2.834220138036e-03      -4.280744351622e+02      -6.003392904633e+02      -2.829499682696e-03      -5.568795359593e+02       2.189759329822e-03       2.189759329822e-03       1.200678580927e+03       1.444403857836e+00       3.672142196659e-03      -1.252101280121e-07      -7.222019365940e-01      -2.850495969609e-02      -7.222019289178e-01      -3.153966148128e-02 
       1.181782757508e+00      -2.747884317575e-03      -4.307790690711e+02      -6.041288403666e+02      -2.743307655866e-03      -5.603951287471e+02       2.123052456809e-03       2.123052456809e-03       1.208257680733e+03       1.453521587331e+00       3.560276558981e-03      -1.213950057087e-07      -7.267608011078e-01      -2.868357515828e-02      -7.267607936655e-01      -3.173855413852e-02 
       1.204466924296e+00      -2.662281647194e-03      -4.335372013513e+02      -6.079932566451e+02      -2.657847557893e-03      -5.639801857061e+02       2.056912218910e-03       2.056912218910e-03       1.215986513290e+03       1.462819489451e+00       3.449361204647e-03      -1.176123292847e-07      -7.314097519362e-01      -2.886571690636e-02      -7.314097447256e-01      -3.194137655582e-02 
       1.228110689814e+00      -2.577379204224e-03      -4.363526160718e+02      -6.119381768220e+02      -2.573086521219e-03      -5.676399002145e+02       1.991313129998e-03       1.991313129998e-03       1.223876353644e+03       1.472311018612e+00       3.339353378460e-03      -1.138606507689e-07      -7.361555162865e-01      -2.905166930008e-02      -7.361555093059e-01      -3.214842537237e-02 
       1.252792838276e+00      -2.493133663621e-03      -4.392277894664e+02      -6.159670674454e+02      -2.488981293004e-03      -5.713774885400e+02       1.926221668939e-03       1.926221668939e-03       1.231934134891e+03       1.482004499261e+00       3.230196851524e-03      -1.101380427959e-07      -7.410022563830e-01      -2.924157984227e-02      -7.410022496306e-01      -3.235987981900e-02 
       1.278601237189e+00      -2.409511394605e-03      -4.421670554610e+02      -6.200858478437e+02      -2.405498298441e-03      -5.751984587846e+02       1.861611839753e-03       1.861611839753e-03       1.240171695687e+03       1.491914210819e+00       3.121848025735e-03      -1.064430116141e-07      -7.459571119353e-01      -2.943571555944e-02      -7.459571054094e-01      -3.257604946127e-02 
       1.305634070045e+00      -2.326483261208e-03      -4.451757001396e+02      -6.243018891540e+02      -2.322608450066e-03      -5.791096530661e+02       1.797461147730e-03       1.797461147730e-03       1.248603778308e+03       1.502057903004e+00       3.014269183678e-03      -1.027742739484e-07      -7.510289578032e-01      -2.963442941482e-02      -7.510289515021e-01      -3.279732228310e-02 
       1.334001234132e+00      -2.244022528591e-03      -4.482596736821e+02      -6.286234940589e+02      -2.240285057545e-03      -5.831187775895e+02       1.733748975353e-03       1.733748975353e-03       1.257246988118e+03       1.512455576566e+00       2.907425763036e-03      -9.913066066715e-08      -7.562277943606e-01      -2.983813300691e-02      -7.562277882829e-01      -3.302413757261e-02 
       1.363825914699e+00      -2.162115113311e-03      -4.514278142523e+02      -6.330627433593e+02      -2.158514060830e-03      -5.872370728152e+02       1.670464454333e-03       1.670464454333e-03       1.266125486719e+03       1.523136390581e+00       2.801299542366e-03      -9.551154881908e-08      -7.615682011463e-01      -3.004739756581e-02      -7.615681952903e-01      -3.325713140220e-02 
       1.395246340115e+00      -2.080740735415e-03      -4.546877323056e+02      -6.376302667525e+02      -2.077275213632e-03      -5.914744036563e+02       1.607591934556e-03       1.607591934556e-03       1.275260533505e+03       1.534125939747e+00       2.695864283124e-03      -9.191603928369e-08      -7.670629755093e-01      -3.026271604215e-02      -7.670629698737e-01      -3.349686081185e-02 
       1.428417711027e+00      -1.999882832639e-03      -4.580473854422e+02      -6.423374867305e+02      -1.996551981316e-03      -5.958413370908e+02       1.545118603196e-03       1.545118603196e-03       1.284674973461e+03       1.545451624487e+00       2.591098493430e-03      -8.834339840680e-08      -7.727258176598e-01      -3.048462518286e-02      -7.727258122433e-01      -3.374392350609e-02 
       1.463514277278e+00      -1.919527622401e-03      -4.615145197343e+02      -6.471957458818e+02      -1.916330604613e-03      -6.003483423597e+02       1.483033736697e-03       1.483033736697e-03       1.294391491764e+03       1.557140560894e+00       2.486984166087e-03      -8.479302140600e-08      -7.785702856461e-01      -3.071368462230e-02      -7.785702804472e-01      -3.399891529466e-02 
       1.500731506377e+00      -1.839677966503e-03      -4.651001074297e+02      -6.522202458293e+02      -1.836613940242e-03      -6.050095408817e+02       1.421339619871e-03       1.421339619871e-03       1.304440491659e+03       1.569229408671e+00       2.383525156632e-03      -8.126503395035e-08      -7.846147093182e-01      -3.095059937707e-02      -7.846147043355e-01      -3.426263387697e-02 
       1.540288242703e+00      -1.760344861855e-03      -4.688154569347e+02      -6.574267023488e+02      -1.757412966762e-03      -6.098395263532e+02       1.360044771329e-03       1.360044771329e-03       1.314853404698e+03       1.581756031077e+00       2.280735757729e-03      -7.775992663551e-08      -7.908780203061e-01      -3.119612352161e-02      -7.908780155383e-01      -3.453590706352e-02 
       1.582428693406e+00      -1.681549871663e-03      -4.726719653275e+02      -6.628308630432e+02      -1.678749211574e-03      -6.148529320762e+02       1.299165813284e-03       1.299165813284e-03       1.325661726086e+03       1.594758361578e+00       2.178643832026e-03      -7.427864799929e-08      -7.973791853434e-01      -3.145100280612e-02      -7.973791807890e-01      -3.481956272783e-02 
       1.627423992086e+00      -1.603335847999e-03      -4.766828924272e+02      -6.684511008101e+02      -1.600665455459e-03      -6.200668251856e+02       1.238735828473e-03       1.238735828473e-03       1.336902201620e+03       1.608280649474e+00       2.077304849868e-03      -7.082308866716e-08      -8.041403290793e-01      -3.171610925375e-02      -8.041403247368e-01      -3.511456690145e-02 
       1.675572985692e+00      -1.525769599777e-03      -4.808628357976e+02      -6.743081310851e+02      -1.523228395891e-03      -6.255003949465e+02       1.178806487051e-03       1.178806487051e-03       1.348616262170e+03       1.622372695868e+00       1.976805477253e-03      -6.739620494014e-08      -8.111863520666e-01      -3.199242715045e-02      -8.111863479341e-01      -3.542200725273e-02 
       1.727201772779e+00      -1.448936407083e-03      -4.852245143806e+02      -6.804203192568e+02      -1.446523170970e-03      -6.311706196948e+02       1.119443684815e-03       1.119443684815e-03       1.360840638514e+03       1.637078543711e+00       1.877256221301e-03      -6.400177123961e-08      -8.185392757799e-01      -3.228085048474e-02      -8.185392718555e-01      -3.574284924891e-02 
       1.782661416417e+00      -1.372943374828e-03      -4.897778880860e+02      -6.868014780705e+02      -1.370656707248e-03      -6.370903291572e+02       1.060730133808e-03       1.060730133808e-03       1.373602956141e+03       1.652431443854e+00       1.778795774508e-03      -6.064450726232e-08      -8.262157256457e-01      -3.258200954899e-02      -8.262157219271e-01      -3.607781502630e-02 
       1.842323209855e+00      -1.297938325092e-03      -4.945341602438e+02      -6.934666773204e+02      -1.295776580573e-03      -6.432735721484e+02       1.002780046787e-03       1.002780046787e-03       1.386933354641e+03       1.668467836731e+00       1.681615668471e-03      -5.733094215497e-08      -8.342339218808e-01      -3.289662223070e-02      -8.342339183654e-01      -3.642770009955e-02 
       1.906570961143e+00      -1.224109977601e-03      -4.995039362831e+02      -7.004308778407e+02      -1.222071196406e-03      -6.497342169172e+02       9.457392411975e-04       9.457392411975e-04       1.400861755681e+03       1.685223702298e+00       1.585960436755e-03      -5.406942125822e-08      -8.426118544646e-01      -3.322543875793e-02      -8.426118511492e-01      -3.679329619953e-02 
       1.975790075473e+00      -1.151671404226e-03      -5.046896821769e+02      -7.076982320682e+02      -1.149753271671e-03      -6.564760396693e+02       8.897723321446e-04       8.897723321446e-04       1.415396464136e+03       1.702708833796e+00       1.492106130391e-03      -5.086934898837e-08      -8.513544200172e-01      -3.356863300425e-02      -8.513544168979e-01      -3.717481423349e-02 
       2.050353823144e+00      -1.080867785622e-03      -5.100891046017e+02      -7.152653092534e+02      -1.079067578723e-03      -6.634958813999e+02       8.350687293482e-04       8.350687293482e-04       1.430530618507e+03       1.720915025468e+00       1.400370375790e-03      -4.774155384926e-08      -8.604575156614e-01      -3.392605573301e-02      -8.604575127339e-01      -3.757207694513e-02 
       2.130608069751e+00      -1.011978720489e-03      -5.156989498058e+02      -7.231268346358e+02      -1.010293250541e-03      -6.707889267512e+02       7.818444576308e-04       7.818444576308e-04       1.446253669272e+03       1.739829799020e+00       1.311115439425e-03      -4.469838554051e-08      -8.699149022511e-01      -3.429747336756e-02      -8.699148995102e-01      -3.798481378082e-02 
       2.216856723667e+00      -9.452890318608e-04      -5.215059709691e+02      -7.312651124605e+02      -9.437146357975e-04      -6.783386649220e+02       7.303195589823e-04       7.303195589823e-04       1.462530224921e+03       1.759410325785e+00       1.224710318201e-03      -4.175242243539e-08      -8.797051654526e-01      -3.468205589022e-02      -8.797051628923e-01      -3.841209184406e-02 
       2.309350833013e+00      -8.810818977626e-04      -5.274935627627e+02      -7.396565813817e+02      -8.796144408416e-04      -6.861232700579e+02       6.807128149554e-04       6.807128149554e-04       1.479313162763e+03       1.779600005384e+00       1.141521898755e-03      -3.891616945368e-08      -8.898000050782e-01      -3.507869759345e-02      -8.898000026918e-01      -3.885267693105e-02 
       2.408284166381e+00      -8.196179405600e-04      -5.336416756442e+02      -7.482727856416e+02      -8.182528539854e-04      -6.941163832021e+02       6.332255662637e-04       6.332255662637e-04       1.496545571283e+03       1.800330465950e+00       1.061887815577e-03      -3.620113478332e-08      -9.001652351950e-01      -3.548607022635e-02      -9.001652329751e-01      -3.930507927645e-02 
       2.513796969118e+00      -7.611161306484e-04      -5.399277840321e+02      -7.570828629698e+02      -7.598484809039e-04      -7.022892969488e+02       5.880269869191e-04       5.880269869191e-04       1.514165725940e+03       1.821527264334e+00       9.860917654388e-04      -3.361698829956e-08      -9.107636342283e-01      -3.590273412650e-02      -9.107636321668e-01      -3.976767781601e-02 
       2.625987629569e+00      -7.057386134823e-04      -5.463302286941e+02      -7.660557567893e+02      -7.045631969928e-04      -7.106132772121e+02       5.452423351948e-04       5.452423351948e-04       1.532111513579e+03       1.843115873830e+00       9.143437962205e-04      -3.117088665326e-08      -9.215579388265e-01      -3.632723826093e-02      -9.215579369150e-01      -4.023884818938e-02 
       2.744929960642e+00      -6.535821333202e-04      -5.528281558199e+02      -7.751628574479e+02      -6.524935853760e-04      -7.190617161434e+02       5.049463458739e-04       5.049463458739e-04       1.550325714896e+03       1.865027291637e+00       8.467692319030e-04      -2.886709934261e-08      -9.325136475888e-01      -3.675825268860e-02      -9.325136458185e-01      -4.071708848327e-02 
       2.870692567079e+00      -6.046769908488e-04      -5.594042217858e+02      -7.843793970230e+02      -6.036698962646e-04      -7.276116873027e+02       4.671624174681e-04       4.671624174681e-04       1.568758794046e+03       1.887202061389e+00       7.834073071557e-04      -2.670695973339e-08      -9.436010323323e-01      -3.719462956877e-02      -9.436010306946e-01      -4.120110428506e-02 
       3.003356777944e+00      -5.589904340400e-04      -5.660417434886e+02      -7.936824155516e+02      -5.580594321783e-04      -7.362418452599e+02       4.318652339274e-04       4.318652339274e-04       1.587364831103e+03       1.909584826866e+00       7.242155644444e-04      -2.468901667919e-08      -9.547924149470e-01      -3.763530756353e-02      -9.547924134330e-01      -4.168969155769e-02 
       3.143030673842e+00      -5.164404321603e-04      -5.727287535906e+02      -8.030548301623e+02      -5.155802990029e-04      -7.449363764587e+02       3.989914058477e-04       3.989914058477e-04       1.606109660325e+03       1.932134576859e+00       6.690876986745e-04      -2.280964170277e-08      -9.660672898285e-01      -3.807950148815e-02      -9.660672884297e-01      -4.218195844754e-02 
       3.289858202671e+00      -4.769049217130e-04      -5.794538072099e+02      -8.124808409675e+02      -4.761106365400e-04      -7.536805974868e+02       3.684466165083e-04       3.684466165083e-04       1.624961681935e+03       1.954813232881e+00       6.178655416253e-04      -2.106343902845e-08      -9.774066177322e-01      -3.852649043909e-02      -9.774066164405e-01      -4.267707810866e-02 
       3.444023643325e+00      -4.402360492813e-04      -5.862077531358e+02      -8.219475378339e+02      -4.395028376222e-04      -7.624625411139e+02       3.401166240574e-04       3.401166240574e-04       1.643895075668e+03       1.977589758576e+00       5.703575115393e-04      -1.944387350451e-08      -9.887948804803e-01      -3.897568667903e-02      -9.887948792879e-01      -4.317437658617e-02 
       3.605752430110e+00      -4.062709786199e-04      -5.929830520014e+02      -8.314443428986e+02      -4.055943372118e-04      -7.712723957187e+02       3.138756125913e-04       3.138756125913e-04       1.662888685797e+03       2.000438709132e+00       5.263526180047e-04      -1.794374908535e-08      -1.000219355667e+00      -3.942661928698e-02      -1.000219354566e+00      -4.367330300003e-02 
       3.775309589662e+00      -3.748401679091e-04      -5.997728143513e+02      -8.409616887034e+02      -3.742158758641e-04      -7.801012761565e+02       2.895925867525e-04       2.895925867525e-04       1.681923377407e+03       2.023337042723e+00       4.856311852868e-04      -1.655557391032e-08      -1.011668522377e+00      -3.987886575302e-02      -1.011668521361e+00      -4.417335909080e-02 
       3.952996932004e+00      -3.457766289381e-04      -6.065754436772e+02      -8.504973325374e+02      -3.452007434906e-04      -7.889471024737e+02       2.671385254807e-04       2.671385254807e-04       1.700994665075e+03       2.046279369223e+00       4.479768488899e-04      -1.527196945855e-08      -1.023139685548e+00      -4.033235604598e-02      -1.023139684611e+00      -4.467443266218e-02 
       4.139149865523e+00      -3.189149271328e-04      -6.133861875328e+02      -8.600446201717e+02      -3.183837810520e-04      -7.978037009857e+02       2.463856087207e-04       2.463856087207e-04       1.720089240343e+03       2.069249679627e+00       4.131752585517e-04      -1.408562611162e-08      -1.034624840677e+00      -4.078681273652e-02      -1.034624839814e+00      -4.517617997387e-02 
       4.334134407024e+00      -2.940976405266e-04      -6.202026458031e+02      -8.696002277608e+02      -2.936078287721e-04      -8.066679838735e+02       2.272122080576e-04       2.272122080576e-04       1.739200455522e+03       2.092239969926e+00       3.810224474611e-04      -1.298958861985e-08      -1.046119985760e+00      -4.124212170890e-02      -1.046119984963e+00      -4.567843288863e-02 
       4.538344703503e+00      -2.711773783985e-04      -6.270267764203e+02      -8.791669308162e+02      -2.707257414130e-04      -8.155425224859e+02       2.095044459760e-04       2.095044459760e-04       1.758333861632e+03       2.115256915002e+00       3.513274469603e-04      -1.197734513128e-08      -1.057628458235e+00      -4.169846319936e-02      -1.057628457501e+00      -4.618134450063e-02 
       4.752201195312e+00      -2.500133912789e-04      -6.338562661376e+02      -8.887415158840e+02      -2.495970039273e-04      -8.244243326503e+02       1.931535764780e-04       1.931535764780e-04       1.777483031768e+03       2.138292780087e+00       3.239078938698e-04      -1.104267735424e-08      -1.069146390720e+00      -4.215573773615e-02      -1.069146390043e+00      -4.668475396415e-02 
       4.976149428769e+00      -2.304750460921e-04      -6.406910675848e+02      -8.983239646291e+02      -2.300912008121e-04      -8.333133921143e+02       1.780586701179e-04       1.780586701179e-04       1.796647929258e+03       2.161347513711e+00       2.985945332190e-04      -1.017981406532e-08      -1.080673757480e+00      -4.261400259175e-02      -1.080673756856e+00      -4.718866897860e-02 
       5.210659457381e+00      -2.124398600606e-04      -6.475289897328e+02      -9.079112313672e+02      -2.120860532885e-04      -8.422068727256e+02       1.641250947083e-04       1.641250947083e-04       1.815822462734e+03       2.184413786514e+00       2.752286703663e-04      -9.383344214075e-09      -1.092206893832e+00      -4.307317718197e-02      -1.092206893257e+00      -4.769293919863e-02 
       5.456225739813e+00      -1.957981229887e-04      -6.543836477060e+02      -9.175183846433e+02      -1.954720338871e-04      -8.511191908234e+02       1.512680863026e-04       1.512680863026e-04       1.835036769287e+03       2.207528995211e+00       2.536681593185e-04      -8.648420985721e-09      -1.103764498136e+00      -4.353406835182e-02      -1.103764497606e+00      -4.819839162913e-02 
       5.713367436630e+00      -1.804389456575e-04      -6.612313815759e+02      -9.271202376223e+02      -1.801384380772e-04      -8.600261118076e+02       1.394019716486e-04       1.394019716486e-04       1.854240475245e+03       2.230630296100e+00       2.337693297310e-04      -7.970146131249e-09      -1.115315148539e+00      -4.399552213767e-02      -1.115315148050e+00      -4.870366708458e-02 
       5.982629016144e+00      -1.662677687464e-04      -6.680827087857e+02      -9.367283708794e+02      -1.659908640301e-04      -8.689387232462e+02       1.284536929612e-04       1.284536929612e-04       1.873456741759e+03       2.253746453804e+00       2.154096665139e-04      -7.344342302613e-09      -1.126873227353e+00      -4.445819082608e-02      -1.126873226902e+00      -4.920940647230e-02 
       6.264581095054e+00      -1.531942890098e-04      -6.749378717497e+02      -9.463420732392e+02      -1.529391589033e-04      -8.778564799816e+02       1.183534812534e-04       1.183534812534e-04       1.892684146478e+03       2.276876063496e+00       1.984721699229e-04      -6.767020367105e-09      -1.138438032163e+00      -4.492214254183e-02      -1.138438031748e+00      -4.971559362577e-02 
       6.559821456700e+00      -1.411348188954e-04      -6.817956156215e+02      -9.559602790716e+02      -1.408997745286e-04      -8.867783178828e+02       1.090366791739e-04       1.090366791739e-04       1.911920558143e+03       2.300016376396e+00       1.828484123143e-04      -6.234483562359e-09      -1.150008188580e+00      -4.538743013340e-02      -1.150008188198e+00      -5.022218473471e-02 
       6.868976205922e+00      -1.300127709242e-04      -6.886598199531e+02      -9.655880693557e+02      -1.297962509862e-04      -8.957089893066e+02       1.004441150567e-04       1.004441150567e-04       1.931176138711e+03       2.323179731261e+00       1.684391653493e-04      -5.743348827011e-09      -1.161589865983e+00      -4.585441654862e-02      -1.161589865631e+00      -5.072946730616e-02 
       7.192701032936e+00      -1.197557855584e-04      -6.955262605448e+02      -9.752202397607e+02      -1.195563492552e-04      -9.046435882441e+02       9.251988387616e-05       9.251988387616e-05       1.950440479521e+03       2.346353416920e+00       1.551506787436e-04      -5.290419884160e-09      -1.173176708784e+00      -4.632298131658e-02      -1.173176708460e+00      -5.123718351825e-02 
       7.531682569088e+00      -1.102975468371e-04      -7.023940524175e+02      -9.848554671809e+02      -1.101138638263e-04      -9.135808963048e+02       8.521275000333e-05       8.521275000333e-05       1.969710934362e+03       2.369534288404e+00       1.428970326264e-04      -4.872767469694e-09      -1.184767144500e+00      -4.679320725566e-02      -1.184767144202e+00      -5.174528662980e-02 
       7.886639824861e+00      -1.015769839040e-04      -7.092642090006e+02      -9.944947712269e+02      -1.014078255588e-04      -9.225219030503e+02       7.847553017843e-05       7.847553017843e-05       1.988989542454e+03       2.392724927756e+00       1.315991027713e-04      -4.487694011159e-09      -1.196362464153e+00      -4.726530360304e-02      -1.196362463878e+00      -5.225385698128e-02 
       8.258325705669e+00      -9.353741458307e-05      -7.161359337926e+02      -1.004137595632e+03      -9.338164668270e-05      -9.314660313787e+02       7.226443209165e-05       7.226443209165e-05       2.008275191263e+03       2.415923857556e+00       1.211834515083e-04      -4.132695884663e-09      -1.207961929031e+00      -4.773941900044e-02      -1.207961928778e+00      -5.276288922611e-02 
       8.647528604335e+00      -8.612685707630e-05      -7.230127184622e+02      -1.013788230146e+03      -8.598343197773e-05      -9.404173266396e+02       6.653929487970e-05       6.653929487970e-05       2.027576460293e+03       2.439141589825e+00       1.115827309215e-04      -3.805477081404e-09      -1.219570795146e+00      -4.821595610676e-02      -1.219570794913e+00      -5.327264245148e-02 
       9.055074071264e+00      -7.929618238872e-05      -7.298879807468e+02      -1.023438810874e+03      -7.916413427465e-05      -9.493683452446e+02       6.126216193023e-05       6.126216193023e-05       2.046877621748e+03       2.462358841641e+00       1.027332895835e-04      -3.503867638852e-09      -1.231179421035e+00      -4.869474963591e-02      -1.231179420820e+00      -5.378272818440e-02 
       9.481826564591e+00      -7.300053573546e-05      -7.367596976918e+02      -1.033086776790e+03      -7.287897349585e-05      -9.583166814909e+02       5.639837874498e-05       5.639837874498e-05       2.066173553579e+03       2.485569396016e+00       9.457701352129e-05      -3.225886365349e-09      -1.242784698206e+00      -4.917591190929e-02      -1.242784698008e+00      -5.429304624692e-02 
       9.928691283402e+00      -6.719973115268e-05      -7.436411916150e+02      -1.042748381846e+03      -6.708783060909e-05      -9.672776774014e+02       5.191689812499e-05       5.191689812499e-05       2.085496763692e+03       2.508813073603e+00       8.706183809839e-05      -2.969758383578e-09      -1.254406536983e+00      -4.966049563562e-02      -1.254406536801e+00      -5.480450654864e-02 
       1.039661608762e+01      -6.185451218933e-05      -7.505200842577e+02      -1.052409764691e+03      -6.175151454593e-05      -9.762380939039e+02       4.778739111879e-05       4.778739111879e-05       2.104819529382e+03       2.532055568806e+00       8.013690318191e-05      -2.733749865808e-09      -1.266027784571e+00      -5.014811433381e-02      -1.266027784403e+00      -5.531640397959e-02 
       1.088659350847e+01      -5.692955237404e-05      -7.573969031388e+02      -1.062069412254e+03      -5.683475767259e-05      -9.851967729427e+02       4.398256483376e-05       4.398256483376e-05       2.124138824507e+03       2.555293907936e+00       7.375643989748e-05      -2.516300509654e-09      -1.277646954122e+00      -5.063902556401e-02      -1.277646953968e+00      -5.582872147819e-02 
       1.139966285374e+01      -5.239234287313e-05      -7.642710784886e+02      -1.071728725154e+03      -5.230510529999e-05      -9.941547740579e+02       4.047730349083e-05       4.047730349083e-05       2.143457450308e+03       2.578530877246e+00       6.787833036127e-05      -2.315974552736e-09      -1.289265438765e+00      -5.113363886281e-02      -1.289265438623e+00      -5.634157355410e-02 
       1.193691241231e+01      -4.821371799852e-05      -7.711589013042e+02      -1.081408488983e+03      -4.813344031720e-05      -1.003131602723e+03       3.724907419218e-05       3.724907419218e-05       2.162816977966e+03       2.601817109843e+00       6.246478805713e-05      -2.131483938427e-09      -1.300908555052e+00      -5.163335345761e-02      -1.300908554921e+00      -5.685612636868e-02 
       1.249948176251e+01      -4.436438751440e-05      -7.780364413171e+02      -1.091078756761e+03      -4.429052127152e-05      -1.012099086167e+03       3.427524776074e-05       3.427524776074e-05       2.182157513523e+03       2.625079577285e+00       5.747786499551e-05      -1.961534975528e-09      -1.312539788763e+00      -5.213714654585e-02      -1.312539788643e+00      -5.737084862435e-02 
       1.308856418936e+01      -4.081950262587e-05      -7.849189089836e+02      -1.100758466715e+03      -4.075154075523e-05      -1.021075052411e+03       3.153662653428e-05       3.153662653428e-05       2.201516933430e+03       2.648364571199e+00       5.288536770512e-05      -1.805030289866e-09      -1.324182285710e+00      -5.264641805735e-02      -1.324182285600e+00      -5.788682475866e-02 
       1.370540921568e+01      -3.755498395467e-05      -7.918001404196e+02      -1.110439538744e+03      -3.749245949499e-05      -1.030051944806e+03       2.901460722528e-05       2.901460722528e-05       2.220879077488e+03       2.671652545033e+00       4.865609943026e-05      -1.660906406693e-09      -1.335826272618e+00      -5.316130341093e-02      -1.335826272516e+00      -5.840370684851e-02 
       1.435132525246e+01      -3.454916693136e-05      -7.986859872515e+02      -1.120129406266e+03      -3.449164900475e-05      -1.039036742878e+03       2.669245225626e-05       2.669245225626e-05       2.240258812531e+03       2.694961662017e+00       4.476199213835e-05      -1.528206562348e-09      -1.347480831102e+00      -5.368274644839e-02      -1.347480831008e+00      -5.892198011536e-02 
       1.502768237421e+01      -3.178141822058e-05      -8.055647785923e+02      -1.129815812613e+03      -3.172851031429e-05      -1.048017629319e+03       2.455422080240e-05       2.455422080240e-05       2.259631625227e+03       2.718261339661e+00       4.117631392303e-05      -1.406019498725e-09      -1.359130669916e+00      -5.421077705391e-02      -1.359130669830e+00      -5.944107265071e-02 
       1.573591522508e+01      -2.923331288506e-05      -8.124429344770e+02      -1.139505874809e+03      -2.918464917408e-05      -1.057001411498e+03       2.258567817222e-05       2.258567817222e-05       2.279011749619e+03       2.741569306775e+00       3.787519396433e-05      -1.293531534014e-09      -1.370784653467e+00      -5.474645666158e-02      -1.370784653387e+00      -5.996147928827e-02 
       1.647752606189e+01      -2.689187699642e-05      -8.194763275456e+02      -1.149376681918e+03      -2.684711327058e-05      -1.066156881685e+03       2.077680110264e-05       2.077680110264e-05       2.298753363836e+03       2.765323442606e+00       3.484182381498e-05      -1.190170223233e-09      -1.382661721376e+00      -5.529938288694e-02      -1.382661721303e+00      -6.049290619548e-02 
       1.725408794066e+01      -2.472874296642e-05      -8.262062158838e+02      -1.158911458469e+03      -2.468758224435e-05      -1.074990883006e+03       1.910567334976e-05       1.910567334976e-05       2.317822916939e+03       2.788244734585e+00       3.203945107749e-05      -1.094681304474e-09      -1.394122367360e+00      -5.584466580137e-02      -1.394122367293e+00      -6.100747830000e-02 
       1.806724805324e+01      -2.274175532308e-05      -8.330932480610e+02      -1.168632276996e+03      -2.270390423200e-05      -1.084001200101e+03       1.757062984903e-05       1.757062984903e-05       2.337264553991e+03       2.811624387731e+00       2.946528358893e-05      -1.006971096904e-09      -1.405812193927e+00      -5.640925357030e-02      -1.405812193866e+00      -6.153361204596e-02 
       1.891873122127e+01      -2.091272463497e-05      -8.399670906847e+02      -1.178340270577e+03      -2.087792009067e-05      -1.092999002606e+03       1.615761783532e-05       1.615761783532e-05       2.356680541154e+03       2.834972738244e+00       2.709575560507e-05      -9.262357711531e-10      -1.417486369179e+00      -5.698434303410e-02      -1.417486369122e+00      -6.206074546780e-02 
       1.981034355469e+01      -1.923282920451e-05      -8.470199294531e+02      -1.188249543339e+03      -1.920082282354e-05      -1.102188934053e+03       1.485982216377e-05       1.485982216377e-05       2.376499086678e+03       2.858820707024e+00       2.491943858566e-05      -8.520864773706e-10      -1.429410353564e+00      -5.758191355722e-02      -1.429410353512e+00      -6.260069895713e-02 
       2.074397628281e+01      -1.768049956054e-05      -8.536976828043e+02      -1.197758097740e+03      -1.765107886120e-05      -1.110993501884e+03       1.366057826135e-05       1.366057826135e-05       2.395516195479e+03       2.881670541299e+00       2.290838677722e-05      -7.835686234636e-10      -1.440835270697e+00      -5.817267667911e-02      -1.440835270649e+00      -6.312080870812e-02 
       2.172160976582e+01      -1.625722742803e-05      -8.606849021423e+02      -1.207613045259e+03      -1.623017747257e-05      -1.120128932804e+03       1.256103944264e-05       1.256103944264e-05       2.415226090518e+03       2.905380126414e+00       2.106453449182e-05      -7.207506784809e-10      -1.452690063251e+00      -5.879600941935e-02      -1.452690063207e+00      -6.366205360665e-02 
       2.274531769542e+01      -1.494605421301e-05      -8.675594741181e+02      -1.217353971378e+03      -1.492118829138e-05      -1.129153806810e+03       1.154810346853e-05       1.154810346853e-05       2.434707942757e+03       2.928804670893e+00       1.936590984297e-05      -6.628821408037e-10      -1.464402335487e+00      -5.943004263155e-02      -1.464402335447e+00      -6.419954570576e-02 
       2.381727149336e+01      -1.374111248756e-05      -8.745375022741e+02      -1.227214953417e+03      -1.371825367125e-05      -1.138292773334e+03       1.061723771578e-05       1.061723771578e-05       2.454429906834e+03       2.952527062542e+00       1.780491199593e-05      -6.097047799387e-10      -1.476263531308e+00      -6.008852942435e-02      -1.476263531271e+00      -6.474635339043e-02 
       2.493974491737e+01      -1.262771568418e-05      -8.810938512961e+02      -1.236625798535e+03      -1.260671148385e-05      -1.146998799908e+03       9.757094809304e-06       9.757094809304e-06       2.473251597070e+03       2.975128538478e+00       1.636251173271e-05      -5.605678718946e-10      -1.487564269273e+00      -6.074382431416e-02      -1.487564269239e+00      -6.527155039467e-02 
       2.611511888409e+01      -1.160965434437e-05      -8.881934019627e+02      -1.246641630896e+03      -1.159034599750e-05      -1.156283103954e+03       8.970605127104e-06       8.970605127104e-06       2.493283261793e+03       2.999232349782e+00       1.504362374230e-05      -5.156428303605e-10      -1.499616174922e+00      -6.145272063261e-02      -1.499616174891e+00      -6.583317792608e-02 
       2.734588651927e+01      -1.066949874272e-05      -8.949187009323e+02      -1.256264802592e+03      -1.065175647850e-05      -1.165188768171e+03       8.244301178504e-06       8.244301178504e-06       2.512529605184e+03       3.022356533514e+00       1.382566322687e-05      -4.741561231765e-10      -1.511178266786e+00      -6.216560042818e-02      -1.511178266757e+00      -6.637694400248e-02 
       2.863465844609e+01      -9.805610396717e-06      -9.017201657066e+02      -1.265979455122e+03      -9.789307192327e-06      -1.174180961761e+03       7.576918092375e-06       7.576918092375e-06       2.531958910243e+03       3.045707992913e+00       1.270650937785e-05      -4.360373295581e-10      -1.522853996483e+00      -6.291034484714e-02      -1.522853996456e+00      -6.692981733965e-02 
       2.998416832259e+01      -9.009725509282e-06      -9.083342117979e+02      -1.275504746599e+03      -8.994748094474e-06      -1.182989496051e+03       6.962070955187e-06       6.962070955187e-06       2.551009493198e+03       3.068586124055e+00       1.167545487936e-05      -4.009203845862e-10      -1.534293062052e+00      -6.367478800469e-02      -1.534293062027e+00      -6.747675105197e-02 
       3.139727864015e+01      -8.278762249155e-06      -9.150409409827e+02      -1.285153187086e+03      -8.265002498114e-06      -1.191913008728e+03       6.397379508796e-06       6.397379508796e-06       2.570306374171e+03       3.091765936217e+00       1.072850838687e-05      -3.686704115365e-10      -1.545882968131e+00      -6.447848694200e-02      -1.545882968109e+00      -6.803531327733e-02 
       3.287698679520e+01      -7.608141746253e-06      -9.219565542299e+02      -1.295048643723e+03      -7.595499164486e-06      -1.201070659909e+03       5.879306637152e-06       5.879306637152e-06       2.590097287446e+03       3.115556943311e+00       9.859738477984e-06      -3.390857766211e-10      -1.557778471676e+00      -6.533179063441e-02      -1.557778471656e+00      -6.861290443311e-02 
       3.442643144715e+01      -6.990998968495e-06      -9.287905744842e+02      -1.304870053630e+03      -6.979384483633e-06      -1.210155224716e+03       5.402547971636e-06       5.402547971636e-06       2.609740107259e+03       3.139162543927e+00       9.060249818002e-06      -3.118620733523e-10      -1.569581271982e+00      -6.622131326232e-02      -1.569581271963e+00      -6.919248356488e-02 
       3.604889917583e+01      -6.422377827840e-06      -9.353945437024e+02      -1.314465542574e+03      -6.411710615664e-06      -1.219019685894e+03       4.963274199932e-06       4.963274199932e-06       2.628931085147e+03       3.162201716545e+00       8.323620742291e-06      -2.867797488328e-10      -1.581100858290e+00      -6.714249783813e-02      -1.581100858272e+00      -6.976617920385e-02 
       3.774783145282e+01      -5.901732789576e-06      -9.423908757163e+02      -1.324510685526e+03      -5.891932960672e-06      -1.228312211786e+03       4.561065584898e-06       4.561065584898e-06       2.649021371052e+03       3.186356581847e+00       7.649147926559e-06      -2.638175859539e-10      -1.593178290939e+00      -6.813750611444e-02      -1.593178290923e+00      -7.037207888174e-02 
       3.952683194126e+01      -5.420894135151e-06      -9.489066351982e+02      -1.334067428015e+03      -5.411895370342e-06      -1.237131473831e+03       4.189608105142e-06       4.189608105142e-06       2.668134856030e+03       3.209289153298e+00       7.026242365125e-06      -2.426107994253e-10      -1.604644576664e+00      -6.915868329664e-02      -1.604644576649e+00      -7.095890151769e-02 
       4.138967413970e+01      -4.980904834843e-06      -9.558694424691e+02      -1.344135262897e+03      -4.972639117122e-06      -1.246437453339e+03       3.849710156880e-06       3.849710156880e-06       2.688270525793e+03       3.233490788204e+00       6.456260532321e-06      -2.232097856183e-10      -1.616745394116e+00      -7.026841018168e-02      -1.616745394102e+00      -7.158304812318e-02 
       4.334030938621e+01      -4.573801631783e-06      -9.621410743747e+02      -1.353476022733e+03      -4.566214159736e-06      -1.255042596634e+03       3.535216421222e-06       3.535216421222e-06       2.706952045465e+03       3.255880758429e+00       5.928879300699e-06      -2.052576306161e-10      -1.627940379227e+00      -7.140157289015e-02      -1.627940379214e+00      -7.217659525014e-02 
       4.538287523966e+01      -4.197319869280e-06      -9.676898342803e+02      -1.362055515513e+03      -4.190359612148e-06      -1.262914068976e+03       3.244377179019e-06       3.244377179019e-06       2.724111031026e+03       3.276374305958e+00       5.441164453482e-06      -1.886541696839e-10      -1.638187152990e+00      -7.256093430636e-02      -1.638187152979e+00      -7.273836357126e-02 
       4.752170425608e+01      -3.858888939883e-06      -9.754699996925e+02      -1.373133642541e+03      -3.852492615635e-06      -1.273172021097e+03       2.982940696024e-06       2.982940696024e-06       2.746267285082e+03       3.303069014321e+00       5.002758236863e-06      -1.737412513427e-10      -1.651534507171e+00      -7.394785749091e-02      -1.651534507160e+00      -7.345146097721e-02 
       4.976133317857e+01      -3.543290686607e-06      -9.817665528218e+02      -1.382628564753e+03      -3.537420205272e-06      -1.281907176824e+03       2.739139232394e-06       2.739139232394e-06       2.765257129507e+03       3.325821164987e+00       4.593923412400e-06      -1.598295534931e-10      -1.662910582503e+00      -7.532770325777e-02      -1.662910582494e+00      -7.408917599560e-02 
       5.210651256035e+01      -3.253022764409e-06      -9.879154620823e+02      -1.391999968923e+03      -3.247635932137e-06      -1.290518653360e+03       2.514906315625e-06       2.514906315625e-06       2.783999937846e+03       3.348262344141e+00       4.217903647318e-06      -1.470356604421e-10      -1.674131172079e+00      -7.679588046569e-02      -1.674131172071e+00      -7.473440075425e-02 
       5.456221684132e+01      -2.987071069985e-06      -9.943012768926e+02      -1.401693312725e+03      -2.982127397509e-06      -1.299429886114e+03       2.309459612508e-06       2.309459612508e-06       2.803386625450e+03       3.371492530538e+00       3.873387374885e-06      -1.353165637354e-10      -1.685746265277e+00      -7.838959327306e-02      -1.685746265269e+00      -7.541349986931e-02 
       5.713365489949e+01      -2.744345088802e-06      -1.001371680000e+03      -1.412209623761e+03      -2.739805921889e-06      -1.309119450083e+03       2.121958036680e-06       2.121958036680e-06       2.824419247521e+03       3.396755315663e+00       3.558964592254e-06      -1.246262624336e-10      -1.698377657839e+00      -8.015362633556e-02      -1.698377657832e+00      -7.615669232034e-02 
       5.982628109974e+01      -2.518985852862e-06      -1.007311437162e+03      -1.421529894042e+03      -2.514822220815e-06      -1.317657105061e+03       1.947869774099e-06       1.947869774099e-06       2.843059788084e+03       3.419041552753e+00       3.267033992464e-06      -1.146975299329e-10      -1.709520776383e+00      -8.196921781700e-02      -1.709520776377e+00      -7.685158608783e-02 
       6.264580686326e+01      -2.313712991528e-06      -1.014110138319e+03      -1.431879495979e+03      -2.309891476322e-06      -1.327168674077e+03       1.789301914659e-06       1.789301914659e-06       2.863758991958e+03       3.443871002282e+00       3.001130959791e-06      -1.056598489735e-10      -1.721935501147e+00      -8.399577309153e-02      -1.721935501141e+00      -7.762634982863e-02 
       6.559821278220e+01      -2.124713694732e-06      -1.020656140785e+03      -1.442025462664e+03      -2.121207182947e-06      -1.336474922692e+03       1.643305512456e-06       1.643305512456e-06       2.884050925329e+03       3.468184035824e+00       2.756309228800e-06      -9.733964655411e-11      -1.734092017918e+00      -8.616668047261e-02      -1.734092017912e+00      -7.841323106465e-02 
       6.868976130536e+01      -1.950178427354e-06      -1.026572487200e+03      -1.451562449487e+03      -1.946962803630e-06      -1.345186413976e+03       1.508481412680e-06       1.508481412680e-06       2.903124898975e+03       3.490970839009e+00       2.530222124137e-06      -8.965519738016e-11      -1.745485419510e+00      -8.846696202467e-02      -1.745485419504e+00      -7.919092910679e-02 
       7.192701002165e+01      -1.791748922670e-06      -1.033734447709e+03      -1.462590443538e+03      -1.788797415339e-06      -1.355308855469e+03       1.386103815536e-06       1.386103815536e-06       2.925180887076e+03       3.517441863446e+00       2.325008276972e-06      -8.269096469223e-11      -1.758720931728e+00      -9.106722487303e-02      -1.758720931723e+00      -8.008347828019e-02 
       7.531682556961e+01      -1.641275319893e-06      -1.037082735343e+03      -1.469455229632e+03      -1.638574521467e-06      -1.361440332897e+03       1.269860712569e-06       1.269860712569e-06       2.938910459265e+03       3.533569118032e+00       2.130077794548e-06      -7.605398037060e-11      -1.766784559020e+00      -9.356070221293e-02      -1.766784559016e+00      -8.076489902206e-02 
       7.886639820251e+01      -1.505672295388e-06      -1.042291577804e+03      -1.478513395458e+03      -1.503197517423e-06      -1.369651724529e+03       1.165111835287e-06       1.165111835287e-06       2.957026790917e+03       3.555121826602e+00       1.954424291032e-06      -7.008875504139e-11      -1.777560913305e+00      -9.644377483629e-02      -1.777560913301e+00      -8.160755562183e-02 
       8.258325703979e+01      -1.381849439968e-06      -1.048001371841e+03      -1.488265858110e+03      -1.379581084824e-06      -1.378508050057e+03       1.069465456759e-06       1.069465456759e-06       2.976531716220e+03       3.578376183079e+00       1.794035642156e-06      -6.464272340425e-11      -1.789188091543e+00      -9.963193142780e-02      -1.789188091539e+00      -8.252846735328e-02 
       8.647528603739e+01      -1.270233747005e-06      -1.055735430136e+03      -1.500447596535e+03      -1.268151569598e-06      -1.389662421605e+03       9.832563450368e-07       9.832563450368e-07       3.000895193070e+03       3.607631713067e+00       1.649474797542e-06      -5.974521227612e-11      -1.803815856537e+00      -1.033060285826e-01      -1.803815856534e+00      -8.363605050434e-02 
       9.055074071062e+01      -1.165124333752e-06      -1.060654113763e+03      -1.509608767622e+03      -1.163217383204e-06      -1.397913797961e+03       9.020649806505e-07       9.020649806505e-07       3.019217535245e+03       3.629376064948e+00       1.513325615389e-06      -5.512247292970e-11      -1.814688032477e+00      -1.070309574457e-01      -1.814688032474e+00      -8.460975427717e-02 
       9.481826564525e+01      -1.068055706670e-06      -1.064709052437e+03      -1.517963778808e+03      -1.066310557345e-06      -1.405373224924e+03       8.270829984085e-07       8.270829984085e-07       3.035927557616e+03       3.649096231883e+00       1.387588357387e-06      -5.085104395069e-11      -1.824548115945e+00      -1.110105892862e-01      -1.824548115942e+00      -8.558386069315e-02 
       9.928691283381e+01      -9.787270542456e-07      -1.068230316933e+03      -1.525887624442e+03      -9.771307958188e-07      -1.412398128492e+03       7.580791241414e-07       7.580791241414e-07       3.051775248885e+03       3.667723858734e+00       1.271875549249e-06      -4.691921533970e-11      -1.833861929369e+00      -1.153046813806e-01      -1.833861929367e+00      -8.658497548983e-02 
       1.039661608761e+02      -8.988428801146e-07      -1.074523095884e+03      -1.537201063499e+03      -8.973799006353e-07      -1.422621425931e+03       6.963807111578e-07       6.963807111578e-07       3.074402126999e+03       3.694710681107e+00       1.168416447090e-06      -4.341753070261e-11      -1.847355340556e+00      -1.203296640767e-01      -1.847355340553e+00      -8.785428576192e-02 
       1.088659350846e+02      -8.254722443819e-07      -1.080724923229e+03      -1.548651095669e+03      -8.241316954888e-07      -1.432942645980e+03       6.397144762078e-07       6.397144762078e-07       3.097302191338e+03       3.722001228335e+00       1.073396028487e-06      -4.020373223062e-11      -1.861000614170e+00      -1.258269197241e-01      -1.861000614167e+00      -8.920081052786e-02 
       1.139966285374e+02      -7.589447341948e-07      -1.088295642766e+03      -1.561978295345e+03      -7.577152790391e-07      -1.445009782554e+03       5.883396785580e-07       5.883396785580e-07       3.123956590690e+03       3.753889013173e+00       9.872505373086e-07      -3.729912495973e-11      -1.876944506589e+00      -1.320358170640e-01      -1.876944506587e+00      -9.074170993469e-02 
       1.193691241231e+02      -6.934012343313e-07      -1.087469585728e+03      -1.565838148577e+03      -6.922808888819e-07      -1.448043396079e+03       5.376986032457e-07       5.376986032457e-07       3.131676297155e+03       3.762322726196e+00       9.023269842310e-07      -3.439862070979e-11      -1.881161363100e+00      -1.377027935455e-01      -1.881161363098e+00      -9.175850418980e-02 
       1.249948176251e+02      -6.368233414788e-07      -1.093341423899e+03      -1.577796133849e+03      -6.357974572454e-07      -1.458730022470e+03       4.940060069684e-07       4.940060069684e-07       3.155592267697e+03       3.790738419403e+00       8.290626495915e-07      -3.192647469246e-11      -1.895369209703e+00      -1.448870591095e-01      -1.895369209701e+00      -9.338160532094e-02 
       1.308856418936e+02      -5.831954007761e-07      -1.095275650055e+03      -1.585508665369e+03      -5.822589047367e-07      -1.465339415334e+03       4.525801640788e-07       4.525801640788e-07       3.171017330738e+03       3.808603891255e+00       7.595956019447e-07      -2.956633578948e-11      -1.904301945629e+00      -1.521777627772e-01      -1.904301945628e+00      -9.482196325857e-02 
       1.370540921568e+02      -5.353210058621e-07      -1.100089657667e+03      -1.596975182826e+03      -5.344644423278e-07      -1.475462054451e+03       4.156093430877e-07       4.156093430877e-07       3.193950365652e+03       3.835696955963e+00       6.976025755693e-07      -2.747492385590e-11      -1.917848477983e+00      -1.606609851555e-01      -1.917848477982e+00      -9.661676296341e-02 
       1.435132525246e+02      -4.901293523331e-07      -1.101333628610e+03      -1.604635912963e+03      -4.893481096756e-07      -1.481923560648e+03       3.807001351000e-07       3.807001351000e-07       3.209271825926e+03       3.853329183701e+00       6.390632427605e-07      -2.548573357657e-11      -1.926664591852e+00      -1.693723229382e-01      -1.926664591851e+00      -9.826777144057e-02 
       1.502768237421e+02      -4.488891732941e-07      -1.102747943258e+03      -1.612934827289e+03      -4.481766843747e-07      -1.488933543351e+03       3.488450063289e-07       3.488450063289e-07       3.225869654579e+03       3.872477050540e+00       5.856458415468e-07      -2.367247912811e-11      -1.936238525271e+00      -1.789800404882e-01      -1.936238525270e+00      -1.000830357743e-01 
       1.573591522508e+02      -4.124511181440e-07      -1.108134218082e+03      -1.626582422213e+03      -4.117995585116e-07      -1.500929158626e+03       3.207135853189e-07       3.207135853189e-07       3.253164844425e+03       3.904730935304e+00       5.384772809951e-07      -2.209139861764e-11      -1.952365467653e+00      -1.903441296965e-01      -1.952365467652e+00      -1.024111966336e-01 
       1.647752606189e+02      -3.765614660003e-07      -1.104865213786e+03      -1.630214445126e+03      -3.759695739510e-07      -1.503402946843e+03       2.929763216486e-07       2.929763216486e-07       3.260428890252e+03       3.912223407749e+00       4.919602497969e-07      -2.049596136580e-11      -1.956111703875e+00      -2.010238602895e-01      -1.956111703874e+00      -1.041690499402e-01 
       1.725408794066e+02      -3.475436323878e-07      -1.115444637613e+03      -1.651603152875e+03      -3.470005468588e-07      -1.522529358586e+03       2.705968649029e-07       2.705968649029e-07       3.303206305750e+03       3.963342143994e+00       4.544435930805e-07      -1.927075847404e-11      -1.981671071998e+00      -2.159423866833e-01      -1.981671071997e+00      -1.073908327454e-01 
       1.806724805324e+02      -3.165514880144e-07      -1.108410769435e+03      -1.651770526363e+03      -3.160597670411e-07      -1.521591512461e+03       2.466352331137e-07       2.466352331137e-07       3.303541052726e+03       3.962162348312e+00       4.142555244580e-07      -1.787273631843e-11      -1.981081174157e+00      -2.281143993399e-01      -1.981081174156e+00      -1.092111197113e-01 
       1.891873122127e+02      -2.904048003494e-07      -1.110344085135e+03      -1.663927064393e+03      -2.899567592279e-07      -1.531838826269e+03       2.264488228800e-07       2.264488228800e-07       3.327854128787e+03       3.990364448572e+00       3.804084559452e-07      -1.673211258384e-11      -1.995182224287e+00      -2.438358457303e-01      -1.995182224286e+00      -1.121224996731e-01 
       1.981034355469e+02      -2.646575435666e-07      -1.103306469593e+03      -1.665401352772e+03      -2.642521519598e-07      -1.531970305823e+03       2.065414827916e-07       2.065414827916e-07       3.330802705544e+03       3.992228616018e+00       3.470199275867e-07      -1.556901081531e-11      -1.996114308010e+00      -2.586016412221e-01      -1.996114308009e+00      -1.143927916784e-01 
       2.074397628281e+02      -2.433484494698e-07      -1.107168565454e+03      -1.681895402050e+03      -2.429787901645e-07      -1.546063240187e+03       1.901008866642e-07       1.901008866642e-07       3.363790804100e+03       4.030815725290e+00       3.194570757816e-07      -1.465779100361e-11      -2.015407862646e+00      -2.781913450232e-01      -2.015407862645e+00      -1.180854667863e-01 
       2.172160976582e+02      -2.228209012624e-07      -1.105128469210e+03      -1.691774790162e+03      -2.224854364386e-07      -1.553839190351e+03       1.742460330566e-07       1.742460330566e-07       3.383549580324e+03       4.053039010375e+00       2.928707069987e-07      -1.375302028538e-11      -2.026519505188e+00      -2.979046816612e-01      -2.026519505187e+00      -1.214884243700e-01 
       2.274531769542e+02      -2.031831512142e-07      -1.097332611418e+03      -1.694981732004e+03      -2.028801684552e-07      -1.555273227426e+03       1.590609092277e-07       1.590609092277e-07       3.389963464009e+03       4.058804020103e+00       2.674017763374e-07      -1.286107678549e-11      -2.029402010052e+00      -3.175432360187e-01      -2.029402010052e+00      -1.245698493085e-01 
       2.381727149336e+02      -1.868691027312e-07      -1.099522302590e+03      -1.713095021740e+03      -1.865935091317e-07      -1.570436178393e+03       1.464795468696e-07       1.464795468696e-07       3.426190043480e+03       4.100831807408e+00       2.463107164526e-07      -1.216756970908e-11      -2.050415903704e+00      -3.430840112618e-01      -2.050415903704e+00      -1.292282123314e-01 
       2.493974491737e+02      -1.703086054563e-07      -1.089788258496e+03      -1.716038010332e+03      -1.700603191375e-07      -1.571357951909e+03       1.336693235388e-07       1.336693235388e-07       3.432076020663e+03       4.105657496354e+00       2.248235672901e-07      -1.140631872504e-11      -2.052828748177e+00      -3.662751700066e-01      -2.052828748177e+00      -1.328297040297e-01 
       2.611511888409e+02      -1.557441504023e-07      -1.083466823944e+03      -1.725204453568e+03      -1.555200114203e-07      -1.577896010326e+03       1.224150804285e-07       1.224150804285e-07       3.450408907137e+03       4.125482337792e+00       2.059501579994e-07      -1.075254408184e-11      -2.062741168897e+00      -3.933304126463e-01      -2.062741168896e+00      -1.372988273848e-01 
       2.734588651927e+02      -1.425540422881e-07      -1.077361257312e+03      -1.736388210406e+03      -1.423517933031e-07      -1.586118517875e+03       1.122256413955e-07       1.122256413955e-07       3.472776420811e+03       4.150001953451e+00       1.888633344629e-07      -1.016477536123e-11      -2.075000976726e+00      -4.233035246260e-01      -2.075000976726e+00      -1.422981299937e-01 
       2.863465844609e+02      -1.310238557805e-07      -1.075081834911e+03      -1.755454423536e+03      -1.308409203526e-07      -1.601378635222e+03       1.033357042490e-07       1.033357042490e-07       3.510908847072e+03       4.193409589293e+00       1.739611784078e-07      -9.672309323209e-12      -2.096704794647e+00      -4.586052238175e-01      -2.096704794647e+00      -1.484600498318e-01 
       2.998416832259e+02      -1.201263605686e-07      -1.068729822492e+03      -1.770764564621e+03      -1.199615333645e-07      -1.612941522055e+03       9.492375360961e-08       9.492375360961e-08       3.541529129242e+03       4.227405298095e+00       1.598571238764e-07      -9.188610763720e-12      -2.113702649048e+00      -4.953636601994e-01      -2.113702649047e+00      -1.546650806137e-01 
       3.139727864015e+02      -1.091336439528e-07      -1.051026423142e+03      -1.770174804540e+03      -1.089866111456e-07      -1.609753411340e+03       8.640035679403e-08       8.640035679403e-08       3.540349609080e+03       4.222677579101e+00       1.455540608002e-07      -8.646458480256e-12      -2.111338789551e+00      -5.284423571437e-01      -2.111338789550e+00      -1.595832209432e-01 
       3.287698679520e+02      -9.963714118456e-08      -1.037773837928e+03      -1.778996633613e+03      -9.950563291454e-08      -1.614950183369e+03       7.905242719898e-08       7.905242719898e-08       3.557993267227e+03       4.240461301614e+00       1.332284461681e-07      -8.197240188322e-12      -2.120230650807e+00      -5.678831490453e-01      -2.120230650807e+00      -1.658887208769e-01 
