# Transfer functions T_i(k) for adiabatic (AD) mode (normalized to initial curvature=1) at redshift z=99
# for k=1.03944e-05 to 328.77 h/Mpc,
# number of wavenumbers equal to 605
# d_i   stands for (delta rho_i/rho_i)(k,z) with above normalization 
# d_tot stands for (delta rho_tot/rho_tot)(k,z) with rho_Lambda NOT included in rho_tot
# (note that this differs from the transfer function output from CAMB/CMBFAST, which gives the same
#  quantities divided by -k^2 with k in Mpc^-1; use format=camb to match CAMB)
# t_i   stands for theta_i(k,z) with above normalization 
# t_tot stands for (sum_i [rho_i+p_i] theta_i)/(sum_i [rho_i+p_i]))(k,z)
#
#    1:k (h/Mpc)              2:d_g                    3:d_b                    4:d_cdm                  5:d_ur                   6:d_tot                  7:phi                    8:psi                    9:h                     10:h_prime               11:eta                   12:eta_prime             13:t_g                   14:t_b                   15:t_ur                  16:t_tot              
       1.039441571510e-05      -1.591039317511e-05      -1.193284485763e-05      -1.193284527644e-05      -1.591038523350e-05      -1.204637632889e-05       6.121934884053e-01       5.968443307695e-01       2.386569055288e-05       3.208356622268e-08       9.999995721398e-01      -2.903492359732e-10      -1.512078411210e-13      -1.329970067124e-16      -1.610680301044e-13      -5.873390376271e-15 
       1.088428943559e-05      -1.744539188025e-05      -1.308410399489e-05      -1.308410449841e-05      -1.744538233232e-05      -1.320858860089e-05       6.121934648739e-01       5.968443177987e-01       2.616820899683e-05       3.517892875429e-08       9.999995308607e-01      -3.183607860440e-10      -1.817917467269e-13      -1.598997335605e-16      -1.936463036086e-13      -7.061366350588e-15 
       1.139725019325e-05      -1.912848293468e-05      -1.434643443871e-05      -1.434643504407e-05      -1.912847145557e-05      -1.448292888183e-05       6.121934361495e-01       5.968443008028e-01       2.869287008815e-05       3.857292607874e-08       9.999994855987e-01      -3.490754852618e-10      -2.185616889980e-13      -1.922420340549e-16      -2.328139647038e-13      -8.489626740179e-15 
       1.193438604663e-05      -2.097395369328e-05      -1.573055211875e-05      -1.573055284656e-05      -2.097393989235e-05      -1.588021504269e-05       6.121934025180e-01       5.968442798930e-01       3.146110569312e-05       4.229436994058e-08       9.999994359703e-01      -3.827529879141e-10      -2.627688457062e-13      -2.311269956820e-16      -2.799038461481e-13      -1.020677265840e-14 
       1.249683633289e-05      -2.299746893660e-05      -1.724820611763e-05      -1.724820699265e-05      -2.299745234424e-05      -1.741230793433e-05       6.121933383134e-01       5.968442290847e-01       3.449641398530e-05       4.637485448338e-08       9.999993815543e-01      -4.196799640117e-10      -3.159175190952e-13      -2.778725710437e-16      -3.365183028585e-13      -1.227123452618e-14 
       1.308579408449e-05      -2.521620755030e-05      -1.891228119734e-05      -1.891228224935e-05      -2.521618760191e-05      -1.909221488906e-05       6.121932940646e-01       5.968442000913e-01       3.782456449871e-05       5.084901362835e-08       9.999993218879e-01      -4.601690859929e-10      -3.798162328079e-13      -3.340768404187e-16      -4.045837872039e-13      -1.475326216324e-14 
       1.370250855978e-05      -2.764900284892e-05      -2.073690306245e-05      -2.073690432724e-05      -2.764897886570e-05      -2.093419598437e-05       6.121932444765e-01       5.968441673023e-01       4.147380865449e-05       5.575483104457e-08       9.999992564648e-01      -5.045653800032e-10      -4.566393315656e-13      -4.016489665610e-16      -4.864164233049e-13      -1.773731335650e-14 
       1.434828789286e-05      -3.031650617472e-05      -2.273756108365e-05      -2.273756260427e-05      -3.031647734057e-05      -2.295388793352e-05       6.121931935326e-01       5.968441343952e-01       4.547512520854e-05       6.113395168472e-08       9.999991847301e-01      -5.532452870828e-10      -5.490009420277e-13      -4.828890078603e-16      -5.848008266276e-13      -2.132492951338e-14 
       1.502450186827e-05      -3.324136075244e-05      -2.493123871827e-05      -2.493124054646e-05      -3.324132608619e-05      -2.516843574582e-05       6.121931359091e-01       5.968440969300e-01       4.986248109291e-05       6.703203944542e-08       9.999991060745e-01      -6.066202159922e-10      -6.600439247064e-13      -5.805612485370e-16      -7.030847795435e-13      -2.563818890978e-14 
       1.573258482650e-05      -3.644839723498e-05      -2.733656020487e-05      -2.733656240283e-05      -3.644835555705e-05      -2.759664081582e-05       6.121931189817e-01       5.968441037901e-01       5.467312480567e-05       7.349915504720e-08       9.999990198284e-01      -6.651479555575e-10      -7.935468112588e-13      -6.980199047401e-16      -8.452931604876e-13      -3.082386554986e-14 
       1.647403870647e-05      -3.996483295115e-05      -2.997394004150e-05      -2.997394268403e-05      -3.996478284332e-05      -3.025911182238e-05       6.121930413289e-01       5.968440503600e-01       5.994788536806e-05       8.059021431112e-08       9.999989252636e-01      -7.293190387849e-10      -9.540524486793e-13      -8.391990329157e-16      -1.016265094806e-12      -3.705840926766e-14 
       1.725043623124e-05      -4.382052034413e-05      -3.286576936572e-05      -3.286577254274e-05      -4.382046010134e-05      -3.317845288024e-05       6.121929619092e-01       5.968439973133e-01       6.573154508548e-05       8.836540375795e-08       9.999988215754e-01      -7.996817740054e-10      -1.147022461124e-12      -1.008937601681e-15      -1.221818344104e-12      -4.455397192607e-14 
       1.806342424406e-05      -4.804818796268e-05      -3.603659675940e-05      -3.603660057900e-05      -4.804811553500e-05      -3.637944606300e-05       6.121928760156e-01       5.968439402456e-01       7.207320115800e-05       9.689072736784e-08       9.999987078836e-01      -8.768327258121e-10      -1.379023183618e-12      -1.213006328318e-15      -1.468947382213e-12      -5.356560924635e-14 
       1.891472720151e-05      -5.268372171264e-05      -3.951333926115e-05      -3.951334385330e-05      -5.268363463557e-05      -3.988926442079e-05       6.121927808602e-01       5.968438769557e-01       7.902668770660e-05       1.062385567351e-07       9.999985832230e-01      -9.614268556481e-10      -1.657949019510e-12      -1.458351567775e-15      -1.766061359415e-12      -6.439996454179e-14 
       1.980615083129e-05      -5.776646936335e-05      -4.332551083484e-05      -4.332551635588e-05      -5.776636467378e-05      -4.373770261966e-05       6.121926760249e-01       5.968438067721e-01       8.665103271176e-05       1.164882455113e-07       9.999984465355e-01      -1.054182655026e-09      -1.993291132503e-12      -1.753339171435e-15      -2.123270369607e-12      -7.742570753140e-14 
       2.073958596245e-05      -6.333957568763e-05      -4.750547383185e-05      -4.750548046957e-05      -6.333944982335e-05      -4.795743079249e-05       6.121925711171e-01       5.968437402514e-01       9.501096093915e-05       1.277267994589e-07       9.999982966603e-01      -1.155888445559e-09      -2.396460426098e-12      -2.107991282571e-15      -2.552729265183e-12      -9.308606924360e-14 
       2.171701253604e-05      -6.945034309771e-05      -5.208870959560e-05      -5.208871757584e-05      -6.945019177591e-05      -5.258426771435e-05       6.121924359458e-01       5.968436465998e-01       1.041774351517e-04       1.400496309154e-07       9.999981323266e-01      -1.267402806014e-09      -2.881175797311e-12      -2.534321114714e-15      -3.069051502486e-12      -1.119139262190e-13 
       2.274050380486e-05      -7.615064401375e-05      -5.711412789254e-05      -5.711413748690e-05      -7.615046208543e-05      -5.765749317210e-05       6.121923055009e-01       5.968435616163e-01       1.142282749738e-04       1.535613368973e-07       9.999979521374e-01      -1.389678068257e-09      -3.463930823794e-12      -3.046944410749e-15      -3.689805926138e-12      -1.345499533767e-13 
       2.381223073113e-05      -8.349734911381e-05      -6.262438828541e-05      -6.262439982030e-05      -8.349713038851e-05      -6.322017238920e-05       6.121921626456e-01       5.968434694604e-01       1.252487996406e-04       1.683766214597e-07       9.999977545639e-01      -1.523750131794e-09      -4.164554884200e-12      -3.663244781356e-15      -4.436115152803e-12      -1.617643803812e-13 
       2.493446659134e-05      -9.155281434458e-05      -6.866626561141e-05      -6.866627948024e-05      -9.155255137792e-05      -6.931952497476e-05       6.121919925379e-01       5.968433562033e-01       1.373325589605e-04       1.846212564417e-07       9.999975379284e-01      -1.670755157934e-09      -5.006886606540e-12      -4.404464726710e-15      -5.333373573300e-12      -1.944832358539e-13 
       2.610959179822e-05      -1.003854155399e-04      -7.529105122360e-05      -7.529106789747e-05      -1.003850993851e-04      -7.600732997036e-05       6.121918132607e-01       5.968432382532e-01       1.505821357949e-04       2.024331329171e-07       9.999973003942e-01      -1.831944331234e-09      -6.019590927863e-12      -5.295298761774e-15      -6.412112906273e-12      -2.338198403449e-13 
       2.734009894987e-05      -1.100701169399e-04      -8.255497969210e-05      -8.255499973766e-05      -1.100697368416e-04      -8.334035660428e-05       6.121916016163e-01       5.968430914531e-01       1.651099994753e-04       2.219634653177e-07       9.999970399447e-01      -2.008681640861e-09      -7.237128363638e-12      -6.365960480687e-15      -7.709038740132e-12      -2.811127024110e-13 
       2.862859811694e-05      -1.206891222215e-04      -9.051971746312e-05      -9.051974156323e-05      -1.206886652441e-04      -9.138085758664e-05       6.121913829212e-01       5.968429457093e-01       1.810394831265e-04       2.433780313062e-07       9.999967543664e-01      -2.202470505873e-09      -8.700923730560e-12      -7.653586645493e-15      -9.268281223888e-12      -3.379710611797e-13 
       2.997782237893e-05      -1.323325569742e-04      -9.925287519396e-05      -9.925290416866e-05      -1.323320075685e-04      -1.001970863003e-04       6.121911431755e-01       5.968427858263e-01       1.985058083373e-04       2.668586220182e-07       9.999964412364e-01      -2.414955058439e-09      -1.046078722188e-11      -9.201631793876e-15      -1.114289595096e-11      -4.063296062534e-13 
       3.139063362138e-05      -1.450992415232e-04      -1.088285879208e-04      -1.088286227561e-04      -1.450985809952e-04      -1.098638824729e-04       6.121908802407e-01       5.968426107094e-01       2.176572455122e-04       2.926045610140e-07       9.999960978961e-01      -2.647938547302e-09      -1.257660087882e-11      -1.106280210650e-14      -1.339666913928e-11      -4.885143398528e-13 
       3.287002860635e-05      -1.590975272900e-04      -1.193281430056e-04      -1.193281848867e-04      -1.590967331641e-04      -1.204633060747e-04       6.121905924324e-01       5.968424187368e-01       2.386563697734e-04       3.208344014410e-07       9.999957214329e-01      -2.903398861058e-09      -1.512035856147e-11      -1.330037164096e-14      -1.610628888115e-11      -5.873217164157e-13 
       3.441914532896e-05      -1.744462154802e-04      -1.308406699605e-04      -1.308407203127e-04      -1.744452607349e-04      -1.320853336805e-04       6.121902765425e-01       5.968422081459e-01       2.616814406254e-04       3.517877818792e-07       9.999953086498e-01      -3.183503419983e-09      -1.817861437442e-11      -1.599055140859e-14      -1.936395233359e-11      -7.061137659959e-13 
       3.604126967346e-05      -1.912755648076e-04      -1.434638972163e-04      -1.434639577529e-04      -1.912744169578e-04      -1.448286224048e-04       6.121899299485e-01       5.968419770892e-01       2.869279155057e-04       3.857274596909e-07       9.999948560424e-01      -3.490629904708e-09      -2.185542929808e-11      -1.922487251313e-14      -2.328050362895e-11      -8.489325057289e-13 
       3.773984238309e-05      -2.097283958336e-04      -1.573049815444e-04      -1.573050543256e-04      -2.097270158228e-04      -1.588013471777e-04       6.121895494653e-01       5.968417233477e-01       3.146101086512e-04       4.229415418606e-07       9.999943597689e-01      -3.827384110450e-09      -2.627590994599e-11      -2.311342231168e-14      -2.798920580551e-11      -1.020637452232e-12 
       3.951846635827e-05      -2.299613027318e-04      -1.724814182917e-04      -1.724815057935e-04      -2.299596436045e-04      -1.741221195919e-04       6.121891340649e-01       5.968414464354e-01       3.449630115870e-04       4.637459279583e-07       9.999938156194e-01      -4.196625797951e-09      -3.159046736051e-11      -2.778829442516e-14      -3.365027573217e-11      -1.227070977431e-12 
       4.138091429893e-05      -2.521459799523e-04      -1.891220380704e-04      -1.891221432692e-04      -2.521439852639e-04      -1.909209940205e-04       6.121886829344e-01       5.968411454870e-01       3.782442865384e-04       5.084869939416e-07       9.999932189706e-01      -4.601489153592e-09      -3.797993936286e-11      -3.340848321224e-14      -4.045632921211e-11      -1.475257161866e-12 
       4.333113670686e-05      -2.764706744517e-04      -2.073680979370e-04      -2.073682244153e-04      -2.764682763191e-04      -2.093405691149e-04       6.121881796504e-01       5.968408110928e-01       4.147364488305e-04       5.575445412549e-07       9.999925647616e-01      -5.045406027127e-09      -4.566170107342e-11      -4.016639391722e-14      -4.863894153985e-11      -1.773640113720e-12 
       4.537327026525e-05      -3.031417886379e-04      -2.273744861106e-04      -2.273746381707e-04      -3.031389054750e-04      -2.295372038924e-04       6.121876304192e-01       5.968404446636e-01       4.547492763414e-04       6.113349984620e-07       9.999918474365e-01      -5.532148617578e-09      -5.489715341670e-11      -4.829034929293e-14      -5.847652024245e-11      -2.132372623204e-12 
       4.751164661317e-05      -3.323856262031e-04      -2.493110342168e-04      -2.493112170341e-04      -3.323821599112e-04      -2.516823423817e-04       6.121870357568e-01       5.968400500072e-01       4.986224340682e-04       6.703149651373e-07       9.999910609095e-01      -6.065844175990e-09      -6.600051995993e-11      -5.805835547573e-14      -7.030378390888e-11      -2.563660442982e-12 
       4.975080153356e-05      -3.644502921325e-04      -2.733639458637e-04      -2.733641656580e-04      -3.644461247714e-04      -2.759639556644e-04       6.121863615007e-01       5.968395964101e-01       5.467283313160e-04       7.349851373055e-07       9.999901985065e-01      -6.651017762903e-09      -7.934957085181e-11      -6.980051930126e-14      -8.452313344934e-11      -3.082176976256e-12 
       5.209548457420e-05      -3.996078439063e-04      -2.997374142954e-04      -2.997376785455e-04      -3.996028336917e-04      -3.025881747838e-04       6.121856428800e-01       5.968391190460e-01       5.994753570909e-04       8.058944132971e-07       9.999892529016e-01      -7.292645141488e-09      -9.539850866184e-11      -8.391882252893e-14      -1.016183614888e-10      -3.705564823042e-12 
       5.455066912219e-05      -4.381565297519e-04      -3.286553061633e-04      -3.286556238642e-04      -4.381505062236e-04      -3.317809903695e-04       6.121848512537e-01       5.968385915812e-01       6.573112477284e-04       8.836447430052e-07       9.999882160680e-01      -7.996162761388e-09      -1.146933681770e-10      -1.008938232637e-13      -1.221710881711e-10      -4.455033410835e-12 
       5.712156295313e-05      -4.804233558419e-04      -3.603630931048e-04      -3.603634750600e-04      -4.804161140650e-04      -3.637902023746e-04       6.121839750329e-01       5.968380051987e-01       7.207269501201e-04       9.688961150813e-07       9.999870792207e-01      -8.767539391941e-09      -1.378906144087e-10      -1.212985695283e-13      -1.468805764476e-10      -5.356081099440e-12 
       5.981361927751e-05      -5.267668614942e-04      -3.951299404501e-04      -3.951303996685e-04      -5.267581550806e-04      -3.988875284494e-04       6.121830273472e-01       5.968373760068e-01       7.902607993369e-04       1.062372137346e-06       9.999858326843e-01      -9.613332677575e-09      -1.657794597950e-10      -1.458362653173e-13      -1.765874604715e-10      -6.439364101726e-12 
       6.263254830773e-05      -5.775801035099e-04      -4.332509544927e-04      -4.332515065874e-04      -5.775696362773e-04      -4.373708722360e-04       6.121819747583e-01       5.968366724820e-01       8.665030131748e-04       1.164866322087e-06       9.999844659036e-01      -1.054068742461e-08      -1.993087622940e-10      -1.753297369372e-13      -2.123024173454e-10      -7.741736416273e-12 
       6.558432937020e-05      -6.332940531870e-04      -4.750497407287e-04      -4.750504044932e-04      -6.332814690202e-04      -4.795669056711e-04       6.121808336793e-01       5.968359130414e-01       9.501008089865e-04       1.277248612279e-06       9.999829672678e-01      -1.155750190456e-08      -2.396192192878e-10      -2.107939507972e-13      -2.552404793221e-10      -9.307507323936e-12 
       6.867522358831e-05      -6.943811619418e-04      -5.208810910719e-04      -5.208818890905e-04      -6.943660327471e-04      -5.258337812810e-04       6.121795705302e-01       5.968350689187e-01       1.041763778181e-03       1.400472993011e-06       9.999813240596e-01      -1.267238436684e-08      -2.880822159440e-10      -2.534281841291e-13      -3.068623672725e-10      -1.118994327885e-11 
       7.191178716309e-05      -7.613594371364e-04      -5.711340560026e-04      -5.711350154413e-04      -7.613412482070e-04      -5.765642330945e-04       6.121781949135e-01       5.968341528586e-01       1.142270030883e-03       1.535585350364e-06       9.999795223304e-01      -1.389480346545e-08      -3.463464317942e-10      -3.046918712101e-13      -3.689241983721e-10      -1.345308448477e-11 
       7.530088527984e-05      -8.347967442419e-04      -6.262351899031e-04      -6.262363433944e-04      -8.347748768441e-04      -6.321888521885e-04       6.121766810438e-01       5.968331432283e-01       1.252472686789e-03       1.683732564202e-06       9.999775467974e-01      -1.523511470797e-08      -4.163939802374e-10      -3.663164642694e-13      -4.435371794719e-10      -1.617391820072e-11 
       7.884970667002e-05      -9.153156512640e-04      -6.866522064899e-04      -6.866535932825e-04      -9.152893615495e-04      -6.931797762299e-04       6.121750194102e-01       5.968320332830e-01       1.373307186565e-03       1.846172101897e-06       9.999753806940e-01      -1.670469070023e-08      -5.006077861946e-10      -4.404044633261e-13      -5.332394072200e-10      -1.944500236385e-11 
       8.256577885962e-05      -1.003598677708e-03      -7.528979423444e-04      -7.528996096468e-04      -1.003567071388e-03      -7.600546898057e-04       6.121731978931e-01       5.968308180453e-01       1.505799219294e-03       2.024282708804e-06       9.999730056244e-01      -1.831599541875e-08      -6.018524717309e-10      -5.294830495795e-13      -6.410821276580e-10      -2.337760632433e-11 
       8.645698413597e-05      -1.100394049186e-03      -8.255347052617e-04      -8.255367097959e-04      -1.100356051187e-03      -8.333812130254e-04       6.121712054780e-01       5.968294908317e-01       1.651073419592e-03       2.219576119158e-06       9.999704014437e-01      -2.008267978319e-08      -7.235720111844e-10      -6.365799931260e-13      -7.707335746565e-10      -2.810549971123e-11 
       9.053157626715e-05      -1.206521987683e-03      -9.051790304763e-04      -9.051814404529e-04      -1.206476305563e-03      -9.137817018008e-04       6.121690188129e-01       5.968280326871e-01       1.810362880906e-03       2.433709940399e-06       9.999675460622e-01      -2.201973709490e-08      -8.699067364710e-10      -7.653343120781e-13      -9.266036156006e-10      -3.378949862405e-11 
       9.479819800938e-05      -1.322881659429e-03      -9.925069381958e-04      -9.925098356202e-04      -1.322826739463e-03      -1.001938553815e-03       6.121666218636e-01       5.968264342875e-01       1.985019671240e-03       2.668501613359e-06       9.999644152458e-01      -2.414357603877e-08      -1.045834016195e-09      -9.201310162410e-13      -1.113993637696e-09      -4.062293222752e-11 
       9.926589943941e-05      -1.450458726474e-03      -1.088259653606e-03      -1.088263137012e-03      -1.450392701241e-03      -1.098599981054e-03       6.121639978688e-01       5.968246814623e-01       2.176526274023e-03       2.925943890887e-06       9.999609824324e-01      -2.647221637967e-08      -1.257338135106e-09      -1.106205190166e-12      -1.339276806866e-09      -4.883822376854e-11 
       1.039441571510e-04      -1.590333647317e-03      -1.193249897668e-03      -1.193254085703e-03      -1.590254270442e-03      -1.204586358517e-03       6.121611108164e-01       5.968227583189e-01       2.386508171405e-03       3.208221731369e-06       9.999572185109e-01      -2.902536542981e-08      -1.511610609126e-09      -1.329975746900e-12      -1.610114642914e-09      -5.871474459762e-11 
       1.088428943559e-04      -1.743690767656e-03      -1.308368790048e-03      -1.308373825159e-03      -1.743595340367e-03      -1.320797189580e-03       6.121579511678e-01       5.968206515677e-01       2.616747650319e-03       3.517730801670e-06       9.999530915063e-01      -3.182466318288e-08      -1.817300899870e-09      -1.598977084238e-12      -1.935717237187e-09      -7.058840340226e-11 
       1.139725019325e-04      -1.911828257573e-03      -1.434593395159e-03      -1.434599448653e-03      -1.911713534903e-03      -1.448218721169e-03       6.121544863187e-01       5.968183408388e-01       2.869198897306e-03       3.857097845274e-06       9.999485664489e-01      -3.489382557254e-08      -2.184804069078e-09      -1.922370492313e-12      -2.327156631490e-09      -8.486296614232e-11 
       1.193438604663e-04      -2.096169021013e-03      -1.572995022906e-03      -1.573002300809e-03      -2.096031101942e-03      -1.587932319438e-03       6.121506875651e-01       5.968158077484e-01       3.146004601618e-03       4.229202908465e-06       9.999436049415e-01      -3.825885299930e-08      -2.626616896423e-09      -2.311187195919e-12      -2.797742494245e-09      -1.020238216460e-10 
       1.249683633289e-04      -2.298272611909e-03      -1.724748306779e-03      -1.724757056687e-03      -2.298106807536e-03      -1.741123629415e-03       6.121465236331e-01       5.968130305148e-01       3.449514113373e-03       4.637203795368e-06       9.999381648901e-01      -4.194824330814e-08      -3.157762839457e-09      -2.778632690025e-12      -3.363474444279e-09      -1.226544724876e-10 
       1.308579408449e-04      -2.519848296738e-03      -1.891141167976e-03      -1.891151687666e-03      -2.519648969912e-03      -1.909092628674e-03       6.121419559584e-01       5.968099842271e-01       3.782303375332e-03       5.084562833599e-06       9.999322001677e-01      -4.599321471921e-08      -3.796300390515e-09      -3.340638171383e-12      -4.043585553520e-09      -1.474563277068e-10 
       1.370250855978e-04      -2.762769361176e-03      -2.073585749896e-03      -2.073598397374e-03      -2.762529735752e-03      -2.093264658890e-03       6.121369488089e-01       5.968066453466e-01       4.147196794748e-03       5.575076178924e-06       9.999256601852e-01      -5.042801039924e-08      -4.563938547599e-09      -4.016327712330e-12      -4.861195290780e-09      -1.772725573128e-10 
       1.434828789286e-04      -3.029088727820e-03      -2.273630375166e-03      -2.273645580698e-03      -3.028800658685e-03      -2.295202488522e-03       6.121314597782e-01       5.968029841942e-01       4.547291161395e-03       6.112906061072e-06       9.999184895268e-01      -5.529014649360e-08      -5.486773589488e-09      -4.828622659770e-12      -5.844094766620e-09      -2.131167108312e-10 
       1.502450186827e-04      -3.321056078873e-03      -2.492972679689e-03      -2.492990960790e-03      -3.320709775465e-03      -2.516619562582e-03       6.121254398082e-01       5.967989700287e-01       4.985981921580e-03       6.702616030291e-06       9.999106272757e-01      -6.062076289341e-08      -6.596173337365e-09      -5.805270717182e-12      -7.025688607024e-09      -2.562071020054e-10 
       1.573258482650e-04      -3.641136589284e-03      -2.733474017795e-03      -2.733495996230e-03      -3.640720284109e-03      -2.759394532312e-03       6.121188422216e-01       5.967945693320e-01       5.466991992460e-03       7.349209586110e-06       9.999020068769e-01      -6.646493032642e-08      -7.929846250937e-09      -6.979337412998e-12      -8.446131287319e-09      -3.080082295613e-10 
       1.647403870647e-04      -3.992031367798e-03      -2.997175210552e-03      -2.997201634418e-03      -3.991530913417e-03      -3.025587140765e-03       6.121116035377e-01       5.967897418245e-01       5.994403268836e-03       8.058172673275e-06       9.998925552431e-01      -7.287203238009e-08      -9.533112181116e-09      -8.390952125205e-12      -1.015368678520e-08      -3.702803253042e-10 
       1.725043623124e-04      -4.376699896035e-03      -3.286313893216e-03      -3.286345661682e-03      -4.376098290548e-03      -3.317455716913e-03       6.121036705513e-01       5.967844507510e-01       6.572691323363e-03       8.835519963134e-06       9.998821922377e-01      -7.989621239903e-08      -1.146045367420e-08      -1.008808630594e-11      -1.220636661096e-08      -4.451393001023e-10 
       1.806342424406e-04      -4.798384441459e-03      -3.603343429513e-03      -3.603381623459e-03      -4.797661248499e-03      -3.637476250472e-03       6.120949725228e-01       5.967786494145e-01       7.206763246918e-03       9.687845973949e-06       9.998708300623e-01      -8.759677853275e-08      -1.377735117775e-08      -1.212842994691e-11      -1.467389665521e-08      -5.351282530812e-10 
       1.891472720151e-04      -5.260636814457e-03      -3.950953716805e-03      -3.950999636307e-03      -5.259767470575e-03      -3.988363371219e-03       6.120854351649e-01       5.967722885260e-01       7.901999272614e-03       1.062238083099e-05       9.998583724116e-01      -9.603872056728e-08      -1.656250894024e-08      -1.458161955651e-11      -1.764007980210e-08      -6.433038430187e-10 
       1.980615083129e-04      -5.767347591156e-03      -4.332093993460e-03      -4.332149200311e-03      -5.766302578521e-03      -4.373093342028e-03       6.120749803592e-01       5.967653148053e-01       8.664298400622e-03       1.164705139812e-05       9.998447137741e-01      -1.052932566587e-07      -1.991052855987e-08      -1.753060241337e-11      -2.120563609406e-08      -7.733398683396e-10 
       2.073958596245e-04      -6.322777966420e-03      -4.749997778789e-03      -4.750064151220e-03      -6.321521806697e-03      -4.794929203999e-03       6.120635169043e-01       5.967576677729e-01       9.500128302440e-03       1.277054849406e-05       9.998297384554e-01      -1.154384335450e-07      -2.393510076860e-08      -2.107596309114e-11      -2.549161266123e-08      -9.296516297757e-10 
       2.171701253604e-04      -6.931594597712e-03      -5.208210286161e-03      -5.208290084282e-03      -6.930084649488e-03      -5.257448408131e-03       6.120509476991e-01       5.967492836293e-01       1.041658016856e-02       1.400240028731e-05       9.998133196049e-01      -1.265596818621e-07      -2.877286255777e-08      -2.533894222746e-11      -3.064348122280e-08      -1.117545523972e-09 
       2.274050380486e-04      -7.598907568796e-03      -5.710618445641e-03      -5.710714383023e-03      -7.597092594760e-03      -5.764573066940e-03       6.120371674430e-01       5.967400909694e-01       1.142142876605e-02       1.535305286467e-05       9.997953183129e-01      -1.387506584401e-07      -3.458803471018e-08      -3.046343323045e-11      -3.683606177336e-08      -1.343398612825e-09 
       2.381223073113e-04      -8.330311791382e-03      -6.261483772869e-03      -6.261599113393e-03      -8.328130219526e-03      -6.320603083967e-03       6.120220594292e-01       5.967300119221e-01       1.252319822679e-02       1.683395859785e-05       9.997755820227e-01      -1.521138791989e-07      -4.157796109279e-08      -3.662429305603e-11      -4.427942624404e-08      -1.614874354782e-09 
       2.493446659134e-04      -9.131932111583e-03      -6.865478428694e-03      -6.865617097351e-03      -9.129309946577e-03      -6.930252478935e-03       6.120054964470e-01       5.967189614657e-01       1.373123419470e-02       1.845767296045e-05       9.997539441503e-01      -1.667617050999e-07      -4.997979024198e-08      -4.403112890110e-11      -5.322601814070e-08      -1.941181856464e-09 
       2.610959179822e-04      -1.001047251011e-02      -7.527724778089e-03      -7.527891492857e-03      -1.000732085158e-02      -7.598689234480e-03       6.119873375067e-01       5.967068458012e-01       1.505578298571e-02       2.023796036334e-05       9.997302212078e-01      -1.828170796121e-07      -6.007849440443e-08      -5.293586098111e-11      -6.397914011851e-08      -2.333386593602e-09 
       2.734009894987e-04      -1.097326955423e-02      -8.253838661067e-03      -8.254039097653e-03      -1.096948157574e-02      -8.331578878217e-03       6.119674290425e-01       5.966935620577e-01       1.650807819531e-02       2.218991055450e-05       9.997042126662e-01      -2.004146761550e-07      -7.221648263876e-08      -6.364249848629e-11      -7.690322349381e-08      -2.804784466136e-09 
       2.862859811694e-04      -1.202835056895e-02      -9.049976900860e-03      -9.050217876628e-03      -1.202379793645e-02      -9.135132304374e-03       6.119456039493e-01       5.966789980322e-01       1.810043575326e-02       2.433006581487e-05       9.996756988946e-01      -2.197019340982e-07      -8.680518756379e-08      -7.651332709897e-11      -9.243610914637e-08      -3.371350306486e-09 
       2.997782237893e-04      -1.318449686436e-02      -9.922889295090e-03      -9.923179006156e-03      -1.317902540146e-02      -1.001615812033e-02       6.119216786385e-01       5.966630305387e-01       1.984635801231e-02       2.667656049697e-05       9.996444391029e-01      -2.408402331053e-07      -1.043389164079e-07      -9.198579373595e-11      -1.111037909308e-07      -4.052276436404e-09 
       3.139063362138e-04      -1.445131236974e-02      -1.087997562692e-02      -1.088032393079e-02      -1.444473687915e-02      -1.098212001688e-02       6.118954479660e-01       5.966455237017e-01       2.176064786159e-02       2.924927374965e-05       9.996101684716e-01      -2.640061429519e-07      -1.254114950588e-07      -1.105877463398e-10      -1.335380800695e-07      -4.870618255231e-09 
       3.287002860635e-04      -1.583929803237e-02      -1.192934813899e-02      -1.192976689115e-02      -1.583139601058e-02      -1.204119961361e-02       6.118666950897e-01       5.966263312373e-01       2.385953378230e-02       3.206999709364e-05       9.995725990531e-01      -2.893929677900e-07      -1.507362907568e-07      -1.329523565621e-10      -1.604979718786e-07      -5.854072157877e-09 
       3.441914532896e-04      -1.735993238181e-02      -1.307989997599e-02      -1.308040341877e-02      -1.735043665714e-02      -1.320236527770e-02       6.118351751697e-01       5.966052889259e-01       2.616080683754e-02       3.516261749057e-05       9.995314127844e-01      -3.172120962915e-07      -1.811702280103e-07      -1.598375383235e-10      -1.928949394047e-07      -7.035903671778e-09 
       3.604126967346e-04      -1.902575884365e-02      -1.434138014601e-02      -1.434198541473e-02      -1.901434850139e-02      -1.447544751352e-02       6.118006211352e-01       5.965822195064e-01       2.868397082947e-02       3.855331836996e-05       9.994862624940e-01      -3.476947683111e-07      -2.177424510106e-07      -1.921619785453e-10      -2.318236517863e-07      -8.456065296618e-09 
       3.773984238309e-04      -2.085047975059e-02      -1.572447571992e-02      -1.572520339984e-02      -2.083676944970e-02      -1.587122152193e-02       6.117627456518e-01       5.965569285229e-01       3.145040679969e-02       4.227079948875e-05       9.994367685275e-01      -3.810938477502e-07      -2.616890562221e-07      -2.310188371742e-10      -2.785986268992e-07      -1.016253773555e-08 
       3.951846635827e-04      -2.284905801750e-02      -1.724090173739e-02      -1.724177658686e-02      -2.283258509988e-02      -1.740149755221e-02       6.117212290928e-01       5.965292017429e-01       3.448355317372e-02       4.634651764517e-05       9.993825134268e-01      -4.176857918163e-07      -3.144943397212e-07      -2.777328433692e-10      -3.347980556568e-07      -1.221293345426e-08 
       4.138091429893e-04      -2.503782642275e-02      -1.890349984361e-02      -1.890455162459e-02      -2.501803544357e-02      -1.907921990015e-02       6.116757218328e-01       5.964988050642e-01       3.780910324918e-02       5.081495034478e-05       9.993230407493e-01      -4.577726931654e-07      -3.779404913017e-07      -3.338916538050e-10      -4.023165980115e-07      -1.467642290771e-08 
       4.333113670686e-04      -2.743460496696e-02      -2.072634620107e-02      -2.072761069734e-02      -2.741082917164e-02      -2.091857520718e-02       6.116258429319e-01       5.964654824576e-01       4.145522139469e-02       5.571388445231e-05       9.992578509380e-01      -5.016846066629e-07      -4.541671613820e-07      -4.014045440407e-10      -4.834284976263e-07      -1.763604401625e-08 
       4.537327026525e-04      -3.005882667622e-02      -2.272486973071e-02      -2.272638995519e-02      -3.003026586078e-02      -2.293511102951e-02       6.115711740782e-01       5.964289526522e-01       4.545277991038e-02       6.108473187929e-05       9.991863963777e-01      -5.497820019732e-07      -5.457427761457e-07      -4.825644781658e-10      -5.808631200292e-07      -2.119146551002e-08 
       4.751164661317e-04      -3.293167194608e-02      -2.491598153491e-02      -2.491780919029e-02      -3.289736593426e-02      -2.514586555742e-02       6.115112583915e-01       5.963889079144e-01       4.983561838058e-02       6.697287533586e-05       9.991080775761e-01      -6.024584506170e-07      -6.557500379173e-07      -5.801272571534e-10      -6.978955345577e-07      -2.546230092124e-08 
       4.975080153356e-04      -3.607621194825e-02      -2.731821654899e-02      -2.732041384600e-02      -3.603500861398e-02      -2.756950954536e-02       6.114455928899e-01       5.963450108358e-01       5.464082769201e-02       7.342804643393e-05       9.990222378818e-01      -6.601433334635e-07      -7.878879822646e-07      -6.974249184856e-10      -8.384548308634e-07      -3.059207015814e-08 
       5.209548457420e-04      -3.951755999690e-02      -2.995188891763e-02      -2.995453054124e-02      -3.946807753102e-02      -3.022650162715e-02       6.113736315686e-01       5.962968919307e-01       5.990906108248e-02       8.050473941670e-05       9.989281599535e-01      -7.233050630108e-07      -9.465951098131e-07      -8.384114463159e-10      -1.007253935066e-06      -3.675295195447e-08 
       5.455066912219e-04      -4.328303282524e-02      -3.283926136933e-02      -3.284243721433e-02      -4.322361397482e-02      -3.313925799473e-02       6.112947741374e-01       5.962441471906e-01       6.568487442865e-02       8.826266330173e-05       9.988250565023e-01      -7.924542898938e-07      -1.137195242054e-06      -1.007908831557e-09      -1.209944311207e-06      -4.415145672530e-08 
       5.712156295313e-04      -4.740231893462e-02      -3.600473134146e-02      -3.600854946991e-02      -4.733097673726e-02      -3.633233809721e-02       6.112083638900e-01       5.961863329166e-01       7.201709893983e-02       9.676723672160e-05       9.987120671248e-01      -8.681473029020e-07      -1.366073324535e-06      -1.211674093582e-09      -1.453301519965e-06      -5.303521543018e-08 
       5.981361927751e-04      -5.190765490119e-02      -3.947503436742e-02      -3.947962451332e-02      -5.182200810780e-02      -3.983264758161e-02       6.111136853668e-01       5.961229640088e-01       7.895924902665e-02       1.060901284098e-04       9.985882514324e-01      -9.509898231699e-07      -1.640885370473e-06      -1.456571878831e-09      -1.745446596891e-06      -6.370109747062e-08 
       6.263254830773e-04      -5.683401019554e-02      -4.327946574441e-02      -4.328498415046e-02      -5.673120473314e-02      -4.366965983512e-02       6.110099518822e-01       5.960535101305e-01       8.656996830091e-02       1.163098478315e-04       9.984525789206e-01      -1.041640891757e-06      -1.970807271599e-06      -1.751006159895e-09      -2.096109914162e-06      -7.650488893328e-08 
       6.558432937020e-04      -6.221927355715e-02      -4.745012463934e-02      -4.745675887985e-02      -6.209589130091e-02      -4.787565828223e-02       6.108963076751e-01       5.959773886476e-01       9.491351775971e-02       1.275123906540e-04       9.983039240501e-01      -1.140817009519e-06      -2.366836389745e-06      -2.104890381184e-09      -2.516946676356e-06      -9.187287319250e-08 
       6.867522358831e-04      -6.810444809858e-02      -5.202217900172e-02      -5.203015484708e-02      -6.795639538291e-02      -5.248600073793e-02       6.107718159848e-01       5.958939645592e-01       1.040603096942e-01       1.397919430498e-04       9.981410554921e-01      -1.249296477590e-06      -2.842145620557e-06      -2.530328448898e-09      -3.021912345512e-06      -1.103156123588e-07 
       7.191178716309e-04      -7.453384227861e-02      -5.703415715292e-02      -5.704374561106e-02      -7.435621998182e-02      -5.753940805291e-02       6.106354528313e-01       5.958025396787e-01       1.140874912221e-01       1.532516509595e-04       9.979626279397e-01      -1.367923804064e-06      -3.412511262133e-06      -3.041627778816e-09      -3.627710014119e-06      -1.324443814938e-07 
       7.530088527984e-04      -8.155526463071e-02      -6.252826412031e-02      -6.253979129146e-02      -8.134221043738e-02      -6.307827895239e-02       6.104861010901e-01       5.957023531116e-01       1.250795825829e-01       1.680044589818e-04       9.977671709588e-01      -1.497614501403e-06      -4.096817135105e-06      -3.656231021863e-09      -4.354322577831e-06      -1.589907484021e-07 
       7.884970667002e-04      -8.922020764021e-02      -6.855072911886e-02      -6.856458716748e-02      -8.896471061920e-02      -6.914903343653e-02       6.103225420821e-01       5.955925718832e-01       1.371291743350e-01       1.841740256656e-04       9.975530790683e-01      -1.639359858569e-06      -4.917659373393e-06      -4.395038114213e-09      -5.225645338976e-06      -1.908298527288e-07 
       8.256577885962e-04      -9.758402184396e-02      -7.515218467502e-02      -7.516884452134e-02      -9.727770306248e-02      -7.580248706011e-02       6.101434442030e-01       5.954722830160e-01       1.503376890427e-01       2.018957204182e-04       9.973185990535e-01      -1.794231561005e-06      -5.902063630354e-06      -5.282946567381e-09      -6.270236465281e-06      -2.290080399799e-07 
       8.645698413597e-04      -1.067060746615e-01      -8.238807888068e-02      -8.240810671612e-02      -1.063389250698e-01      -8.309425858064e-02       6.099473574757e-01       5.953404904440e-01       1.648162134322e-01       2.213177100291e-04       9.970618173170e-01      -1.963386809487e-06      -7.082335447712e-06      -6.350050188301e-09      -7.522207201720e-06      -2.747757169330e-07 
       9.053157626715e-04      -1.166498829140e-01      -9.031912639350e-02      -9.034320328615e-02      -1.162099523015e-01      -9.108521382220e-02       6.097327013620e-01       5.951961056246e-01       1.806864065723e-01       2.426021414043e-04       9.967806466041e-01      -2.148072960815e-06      -8.497069102101e-06      -7.632689173587e-09      -9.022275390654e-06      -3.296262334021e-07 
       9.479819800938e-04      -1.274832057030e-01      -9.901180098947e-02      -9.904074528260e-02      -1.269562391378e-01      -9.984194848819e-02       6.094977527863e-01       5.950379370533e-01       1.980814905652e-01       2.659264274524e-04       9.964728098912e-01      -2.349631782119e-06      -1.019234648657e-05      -9.174172780782e-09      -1.081900985604e-05      -3.953418911533e-07 
       9.926589943941e-04      -1.392780956539e-01      -1.085388710741e-01      -1.085736659878e-01      -1.386471014495e-01      -1.094373133041e-01       6.092406379591e-01       5.948646847810e-01       2.171473319756e-01       2.914846467603e-04       9.961358278635e-01      -2.569503969512e-06      -1.222314957769e-05      -1.102652661100e-08      -1.297030018960e-05      -4.740483416567e-07 
       1.039441571510e-03      -1.521108888549e-01      -1.189799816645e-01      -1.190218098851e-01      -1.513556280202e-01      -1.199509838980e-01       6.089593180977e-01       5.946749292446e-01       2.380436197702e-01       3.194890614814e-04       9.957669982043e-01      -2.809232642746e-06      -1.465502771094e-05      -1.325271010090e-08      -1.554508444835e-05      -5.682787082220e-07 
       1.088428943559e-03      -1.660621078362e-01      -1.304222921356e-01      -1.304725746598e-01      -1.651584996375e-01      -1.314700800698e-01       6.086515774634e-01       5.944671204565e-01       2.609451493196e-01       3.501717663126e-04       9.953633809549e-01      -3.070466096598e-06      -1.756606834497e-05      -1.592780961522e-08      -1.862538066424e-05      -6.810489982458e-07 
       1.139725019325e-03      -1.812162752366e-01      -1.429611650168e-01      -1.430216103069e-01      -1.801356949653e-01      -1.440898367834e-01       6.083150108242e-01       5.942395683517e-01       2.860432206138e-01       3.837864754769e-04       9.949217788458e-01      -3.354959915379e-06      -2.104920458055e-05      -1.914239359450e-08      -2.230866590938e-05      -8.159467030311e-07 
       1.193438604663e-03      -1.976615922126e-01      -1.567009188191e-01      -1.567735793754e-01      -1.963700565111e-01      -1.579143310758e-01       6.079470081069e-01       5.939904287941e-01       3.135471587508e-01       4.206104576346e-04       9.944387169593e-01      -3.664577211364e-06      -2.521492965012e-05      -2.300474910687e-08      -2.671065493029e-05      -9.772344543339e-07 
       1.249683633289e-03      -2.154894755592e-01      -1.717556393041e-01      -1.718429840836e-01      -2.139466862413e-01      -1.730572682679e-01       6.075447406238e-01       5.937176921871e-01       3.436859681673e-01       4.609466284796e-04       9.939104202812e-01      -4.001287699099e-06      -3.019446075755e-05      -2.764585628168e-08      -3.196853563173e-05      -1.169971147886e-06 
       1.308579408449e-03      -2.347938869562e-01      -1.882500729559e-01      -1.883550655947e-01      -2.329521333869e-01      -1.896428338765e-01       6.071051501794e-01       5.934191717783e-01       3.767101311893e-01       5.051258151063e-04       9.933328011222e-01      -4.367164015732e-06      -3.614344415732e-05      -3.322105086160e-08      -3.824472730223e-05      -1.400152680235e-06 
       1.370250855978e-03      -2.556698758772e-01      -2.063201163015e-01      -2.064463982593e-01      -2.534737663441e-01      -2.078062229363e-01       6.066235606816e-01       5.930913282111e-01       4.128927965187e-01       5.535080616176e-04       9.926995059874e-01      -4.764312540904e-06      -4.324612077337e-05      -3.992795919820e-08      -4.572983533107e-05      -1.674853021362e-06 
       1.434828789286e-03      -2.782137323723e-01      -2.261148885382e-01      -2.262667983031e-01      -2.755974947482e-01      -2.276954952346e-01       6.060971237711e-01       5.927321322418e-01       4.525335966062e-01       6.064878258784e-04       9.920066883905e-01      -5.195020894474e-06      -5.172054504475e-05      -4.798900723233e-08      -5.465073139686e-05      -2.002462389975e-06 
       1.502450186827e-03      -3.025208757987e-01      -2.477973566896e-01      -2.479800653053e-01      -2.994064864643e-01      -2.494722272435e-01       6.055226842467e-01       5.923393526972e-01       4.959601306106e-01       6.644955324206e-04       9.912501254467e-01      -5.661651954030e-06      -6.182417655123e-05      -5.767133157053e-08      -6.527477424148e-05      -2.392879899992e-06 
       1.573258482650e-03      -3.286835938884e-01      -2.715452574077e-01      -2.717649748812e-01      -3.249793611806e-01      -2.733124063959e-01       6.048960843489e-01       5.919099232307e-01       5.435299497624e-01       7.279998943923e-04       9.904241988427e-01      -6.166591177037e-06      -7.386036364014e-05      -6.929866730510e-08      -7.791539530023e-05      -2.857745894522e-06 
       1.647403870647e-03      -3.567890207069e-01      -2.975525995152e-01      -2.978167931654e-01      -3.523874431855e-01      -2.994078343250e-01       6.042128587950e-01       5.914405133063e-01       5.956335863307e-01       7.975116867183e-04       9.895228476995e-01      -6.712255090568e-06      -8.818582758255e-05      -8.326267132780e-08      -9.294003197333e-05      -3.410732658947e-06 
       1.725043623124e-03      -3.869162753394e-01      -3.260310860315e-01      -3.263487249267e-01      -3.816916709701e-01      -3.279674453079e-01       6.034682322875e-01       5.909275181733e-01       6.526974498535e-01       8.735872260692e-04       9.885395637416e-01      -7.301059129606e-06      -1.052191001932e-04      -1.000301667977e-07      -1.107782957472e-04      -4.067859361328e-06 
       1.806342424406e-03      -4.191330400009e-01      -3.572116080407e-01      -3.575934691206e-01      -4.129389190586e-01      -3.592187073264e-01       6.026571037192e-01       5.903670359072e-01       7.151869382413e-01       9.568320619300e-04       9.874673588464e-01      -7.935378121226e-06      -1.254499398962e-04      -1.201621849151e-07      -1.319309792787e-04      -4.847843485622e-06 
       1.891472720151e-03      -4.534914344659e-01      -3.913458688121e-01      -3.918048963762e-01      -4.461576484407e-01      -3.934091231541e-01       6.017740439581e-01       5.897548534798e-01       7.836097927524e-01       1.047904920989e-03       9.862987559300e-01      -8.617496383215e-06      -1.494497954267e-04      -1.443298331019e-07      -1.569799037316e-04      -5.772488045728e-06 
       1.980615083129e-03      -4.900231471120e-01      -4.287080970347e-01      -4.292598410952e-01      -4.813528464435e-01      -4.308078180624e-01       6.008132802216e-01       5.890864170500e-01       8.585196821903e-01       1.147521862803e-03       9.850257542091e-01      -9.349546748777e-06      -1.778832440180e-04      -1.733386251912e-07      -1.865984576682e-04      -6.867102411109e-06 
       2.073958596245e-03      -5.287337244490e-01      -4.695969034650e-01      -4.702600414784e-01      -5.185001632617e-01      -4.717072469848e-01       5.997687167234e-01       5.883568332941e-01       9.405200829568e-01       1.256460725878e-03       9.836398475660e-01      -1.013343740876e-05      -2.115203393959e-04      -2.081530287544e-07      -2.215627417719e-04      -8.160952723558e-06 
       2.171701253604e-03      -5.695959773447e-01      -5.143371954096e-01      -5.151341850060e-01      -5.575392778547e-01      -5.164249729716e-01       5.986339147463e-01       5.875608271286e-01       1.030268370012e+00       1.375565740610e-03       9.821319766290e-01      -1.097076416173e-05      -2.512496283072e-04      -2.499383252941e-07      -2.627628771316e-04      -9.687732288913e-06 
       2.274050380486e-03      -6.125422716056e-01      -5.632823589735e-01      -5.642401279831e-01      -5.983663972176e-01      -5.653056001523e-01       5.974021382842e-01       5.866927583641e-01       1.128480255966e+00       1.505752487339e-03       9.804925859665e-01      -1.186270388300e-05      -2.980916677100e-04      -3.000632490349e-07      -3.112142659159e-04      -1.148603637934e-05 
       2.381223073113e-03      -6.574561469011e-01      -6.168163069291e-01      -6.179672160925e-01      -6.408260437490e-01      -6.187227492471e-01       5.960663401987e-01       5.857465742325e-01       1.235934432185e+00       1.648012956642e-03       9.787115684549e-01      -1.280989708765e-05      -3.532122391079e-04      -3.601921266708e-07      -3.680679103163e-04      -1.359982923490e-05 
       2.493446659134e-03      -7.041626655752e-01      -6.753558668262e-01      -6.767387767814e-01      -6.847021166822e-01      -6.770811958874e-01       5.946192095726e-01       5.847158156624e-01       1.353477553563e+00       1.803420935565e-03       9.767783151289e-01      -1.381230540929e-05      -4.179349736210e-04      -4.323086714799e-07      -4.346192219858e-04      -1.607886422956e-05 
       2.610959179822e-03      -7.524180364091e-01      -7.393532019801e-01      -7.410147659226e-01      -7.297084471343e-01      -7.408191221716e-01       5.930532266088e-01       5.835936238732e-01       1.482029531845e+00       1.973137625827e-03       9.746817642812e-01      -1.486905362174e-05      -4.937521561768e-04      -5.187832004490e-07      -5.123141010266e-04      -1.897902785528e-05 
       2.734009894987e-03      -8.018984280078e-01      -8.092982775026e-01      -8.112944924612e-01      -7.754792227106e-01      -8.104104238220e-01       5.913606744326e-01       5.823726972250e-01       1.622588984922e+00       2.158417302597e-03       9.724103770102e-01      -1.597824944670e-05      -5.823324837313e-04      -6.224473348664e-07      -6.027506622326e-04      -2.236254978776e-05 
       2.862859811694e-03      -8.521884321448e-01      -8.857215178058e-01      -8.881195812481e-01      -8.215594913476e-01      -8.863672366921e-01       5.895337504402e-01       5.810453379809e-01       1.776239162496e+00       2.360613414942e-03       9.699522622989e-01      -1.713678870917e-05      -6.855241480670e-04      -7.466800419082e-07      -7.076752416652e-04      -2.629802226287e-05 
       2.997782237893e-03      -9.027695572107e-01      -9.691964701791e-01      -9.720770453487e-01      -8.673965099671e-01      -9.692425642858e-01       5.875646544648e-01       5.796034680546e-01       1.944154090697e+00       2.581184801354e-03       9.672952576100e-01      -1.834014529274e-05      -8.053510459994e-04      -8.955327450009e-07      -8.289701210488e-04      -3.086014455113e-05 
       3.139063362138e-03      -9.530090193005e-01      -1.060342465513e+00      -1.063802327532e+00      -9.123328505748e-01      -1.059632905246e+00       5.854456050580e-01       5.780385662812e-01       2.127604655065e+00       2.821701686346e-03       9.644268881845e-01      -1.958214102697e-05      -9.439994410237e-04      -1.073828203873e-06      -9.686300878105e-04      -3.612907867468e-05 
       3.287002860635e-03      -1.002150405524e+00      -1.159827567502e+00      -1.163982804001e+00      -9.556017515604e-01      -1.158181361235e+00       5.831690829768e-01       5.763418232970e-01       2.327965608001e+00       3.083852710851e-03       9.613346790441e-01      -2.085472543122e-05      -1.103792057666e-03      -1.287318968220e-06      -1.128726023213e-03      -4.218933435733e-05 
       3.441914532896e-03      -1.049306641951e+00      -1.268371265093e+00      -1.273361113263e+00      -9.963267354663e-01      -1.265580651208e+00       5.807279048623e-01       5.745041226217e-01       2.546722226527e+00       3.369451433043e-03       9.580061881803e-01      -2.214775084933e-05      -1.287145618253e-03      -1.542866053560e-06      -1.311350795522e-03      -4.912801573066e-05 
       3.604126967345e-03      -1.093456918935e+00      -1.386747109887e+00      -1.392738533677e+00      -1.033526734419e+00      -1.382576288241e+00       5.781153233171e-01       5.725160447473e-01       2.785477067354e+00       3.680442914703e-03       9.544290728723e-01      -2.344876744769e-05      -1.496507662700e-03      -1.848644507963e-06      -1.518544811837e-03      -5.703229760922e-05 
       3.773984238305e-03      -1.133449851919e+00      -1.515785787979e+00      -1.522978946633e+00      -1.066128148684e+00      -1.509970488323e+00       5.753253619295e-01       5.703681055764e-01       3.045957893265e+00       4.018911849027e-03       9.505915324936e-01      -2.474286760985e-05      -1.734268755796e-03      -2.214388666428e-06      -1.752199342651e-03      -6.598601777424e-05 
       3.951846635814e-03      -1.168014066738e+00      -1.656377248217e+00      -1.665012102915e+00      -1.092987106802e+00      -1.648625608784e+00       5.723528215997e-01       5.680506730803e-01       3.330024205830e+00       4.387089042728e-03       9.464822137494e-01      -2.601257619971e-05      -2.002644675918e-03      -2.651695249820e-06      -2.013932971636e-03      -7.606519640912e-05 
       4.138091429848e-03      -1.195779661057e+00      -1.809473784608e+00      -1.819837667905e+00      -1.112922773576e+00      -1.799468682371e+00       5.691936217697e-01       5.655542301002e-01       3.639675335810e+00       4.787360267672e-03       9.420906634649e-01      -2.723784217425e-05      -2.303526209682e-03      -3.174261747215e-06      -2.304943728208e-03      -8.733245122659e-05 
       4.333113670534e-03      -1.215313362852e+00      -1.976091691461e+00      -1.988528928799e+00      -1.124764973304e+00      -1.963495854332e+00       5.658449451859e-01       5.628694622146e-01       3.977057857598e+00       5.222274536117e-03       9.374074640889e-01      -2.839616462106e-05      -2.638293566321e-03      -3.798497754228e-06      -2.625836859296e-03      -9.983030802481e-05 
       4.537327026042e-03      -1.225169124505e+00      -2.157313664178e+00      -2.172236526430e+00      -1.127417613190e+00      -2.141777397809e+00       5.623054273176e-01       5.599874228122e-01       4.344473052861e+00       5.694553308045e-03       9.324244615967e-01      -2.946286499073e-05      -3.007596324516e-03      -4.543780688635e-06      -2.976435810442e-03      -1.135734341482e-04 
       4.751164659838e-03      -1.223958502090e+00      -2.354290466840e+00      -2.372192240096e+00      -1.119939057474e+00      -2.335463191265e+00       5.585753302962e-01       5.568997269595e-01       4.744384480192e+00       6.207100689706e-03       9.271349869076e-01      -3.041158665204e-05      -3.411104170039e-03      -5.433071214597e-06      -3.355588475539e-03      -1.285402068288e-04 
       4.975080148993e-03      -1.210442894778e+00      -2.568242079597e+00      -2.589713350464e+00      -1.101639117229e+00      -2.545789151068e+00       5.546567828439e-01       5.535988728575e-01       5.179426700927e+00       6.763016071850e-03       9.215342248232e-01      -3.121506077558e-05      -3.847241355172e-03      -6.493755012929e-06      -3.760989120269e-03      -1.446641992321e-04 
       5.209548445017e-03      -1.183646730997e+00      -2.800458750223e+00      -2.826205578004e+00      -1.072191582217e+00      -2.774083016313e+00       5.505536810762e-01       5.500782995883e-01       5.652411156008e+00       7.365604973452e-03       9.156190712289e-01      -3.184613379787e-05      -4.312922162166e-03      -7.758041551117e-06      -4.189043947359e-03      -1.618262988221e-04 
       5.455066878190e-03      -1.142993830613e+00      -3.052300965110e+00      -3.083167536791e+00      -1.031755621211e+00      -3.021771701362e+00       5.462718152169e-01       5.463327654446e-01       6.166335073583e+00       8.018394791189e-03       9.093884286271e-01      -3.227915718375e-05      -4.803323754505e-03      -9.264119649766e-06      -4.634822868854e-03      -1.798491051307e-04 
       5.712156205140e-03      -1.088463209479e+00      -3.325199235299e+00      -3.362194540504e+00      -9.810986261390e-01      -3.290388432105e+00       5.418187712160e-01       5.423586108032e-01       6.724389081008e+00       8.725151471594e-03       9.028432160023e-01      -3.249173445997e-05      -5.311747924720e-03      -1.105733818729e-05      -5.092148669118e-03      -1.984954296503e-04 
       5.981361696754e-03      -1.020751570752e+00      -3.620657158441e+00      -3.664985395351e+00      -9.217054692045e-01      -3.581582779643e+00       5.372041307967e-01       5.381544415039e-01       7.329970790702e+00       9.489904922893e-03       8.959869661905e-01      -3.246673589880e-05      -5.829624551571e-03      -1.319074605319e-05      -5.553884223554e-03      -2.174729036831e-04 
       6.263254258196e-03      -9.414333225231e-01      -3.940240171128e+00      -3.993338827037e+00      -8.558591502343e-01      -3.897119643232e+00       5.324378791053e-01       5.337201425320e-01       7.986677654074e+00       1.031694965569e-02       8.888235623863e-01      -3.219458191996e-05      -6.346736593852e-03      -1.572744700273e-05      -6.012476764449e-03      -2.364477446666e-04 
       6.558431562524e-03      -8.530997579621e-01      -4.285581701292e+00      -4.349165200109e+00      -7.866609617683e-01      -4.238892352538e+00       5.275311272828e-01       5.290583314231e-01       8.698330400218e+00       1.121088578421e-02       8.813589426197e-01      -3.167569145205e-05      -6.851781854778e-03      -1.874165169490e-05      -6.460831782179e-03      -2.550708834759e-04 
       6.867519160582e-03      -7.594440351123e-01      -4.658376563921e+00      -4.734488097262e+00      -7.179696644572e-01      -4.608923660600e+00       5.224949434968e-01       5.241740122848e-01       9.468976194525e+00       1.217663416882e-02       8.735997803142e-01      -3.092279458046e-05      -7.333337950987e-03      -2.232074674628e-05      -6.893534428674e-03      -2.730185430850e-04 
       7.191171496729e-03      -6.652597378860e-01      -5.060373419512e+00      -5.151446189863e+00      -6.542249493834e-01      -5.009364027864e+00       5.173392577206e-01       5.190743578327e-01       1.030289237973e+01       1.321945124728e-02       8.655523954833e-01      -2.996287426531e-05      -7.781325938700e-03      -2.656768127570e-05      -7.308412306118e-03      -2.900491770248e-04 
       7.530072704257e-03      -5.763121045617e-01      -5.493366618655e+00      -5.602296979771e+00      -6.001302094328e-01      -5.442487563488e+00       5.120719479889e-01       5.137686530051e-01       1.120459395954e+01       1.434494526788e-02       8.572220455539e-01      -2.883834060848e-05      -8.189014560430e-03      -3.160395122806e-05      -7.708342710185e-03      -3.060762342592e-04 
       7.884936964503e-03      -4.990392938387e-01      -5.959190368454e+00      -6.089420074963e+00      -5.601803689050e-01      -5.910683279833e+00       5.066979330720e-01       5.082681203186e-01       1.217884014993e+01       1.555908712270e-02       8.486122417192e-01      -2.760693741270e-05      -8.555517382506e-03      -3.757135269088e-05      -8.103093269107e-03      -3.212521485195e-04 
       8.256508074902e-03      -4.400455697015e-01      -6.459692220616e+00      -6.615311978325e+00      -5.380428288036e-01      -6.416431037540e+00       5.012176132110e-01       5.025848479549e-01       1.323062395665e+01       1.686818923481e-02       8.397229427873e-01      -2.633995337849e-05      -8.888606644094e-03      -4.463815856651e-05      -8.510831502132e-03      -3.360548752379e-04 
       8.645557666719e-03      -4.053744592337e-01      -6.996735082416e+00      -7.182593154036e+00      -5.358385227867e-01      -6.962287051312e+00       4.956270336397e-01       4.967320204650e-01       1.436518630807e+01       1.827890943274e-02       8.305514253415e-01      -2.511818005569e-05      -9.207492906786e-03      -5.299877239256e-05      -8.958800715973e-03      -3.513597990165e-04 
       9.052881226195e-03      -3.995688669158e-01      -7.572136741097e+00      -7.793980022649e+00      -5.534094161354e-01      -7.550827415188e+00       4.899158103970e-01       4.907213608918e-01       1.558796004530e+01       1.979814702446e-02       8.210891826709e-01      -2.402542868668e-05      -9.544922391627e-03      -6.288354354770e-05      -9.482483951514e-03      -3.684747366660e-04 
       9.479290692733e-03      -4.246040915185e-01      -8.187662709161e+00      -8.452286181925e+00      -5.877333639434e-01      -8.184623302360e+00       4.840687937943e-01       4.845635809537e-01       1.690457236385e+01       2.143300601131e-02       8.113245887069e-01      -2.313958127532e-05      -9.947805689644e-03      -7.455892818344e-05      -1.012263659416e-02      -3.891081277855e-04 
       9.925601939390e-03      -4.788254106120e-01      -8.844941980531e+00      -9.160365144576e+00      -6.326723455625e-01      -8.866160482989e+00       4.780652133512e-01       4.782655348414e-01       1.832073028915e+01       2.319059420461e-02       8.012408469666e-01      -2.252169774675e-05      -1.047521743734e-02      -8.833493123841e-05      -1.091962311809e-02      -4.152386371344e-04 
       1.039261492092e-02      -5.561336325948e-01      -9.545406770623e+00      -9.921076888755e+00      -6.792991185083e-01      -9.597792905914e+00       4.718815683074e-01       4.718303449279e-01       1.984215377751e+01       2.507787562504e-02       7.908195603445e-01      -2.220456571328e-05      -1.119278450568e-02      -1.045713800222e-04      -1.190514812477e-02      -4.488646293511e-04 
       1.088108379590e-02      -6.457270097504e-01      -1.029020204160e+01      -1.073720520965e+01      -7.169838685355e-01      -1.038166955961e+01       4.654940282809e-01       4.652564752072e-01       2.147441041930e+01       2.710140564754e-02       7.800428356763e-01      -2.218255034740e-05      -1.216264289068e-02      -1.236783010710e-04      -1.309223361791e-02      -4.916278353638e-04 
       1.139167407410e-02      -7.327449025341e-01      -1.108002079087e+01      -1.161131551479e+01      -7.353135607262e-01      -1.121962601743e+01       4.588805956288e-01       4.585364258666e-01       2.322263102959e+01       2.926692520577e-02       7.688945115353e-01      -2.240560730345e-05      -1.342909518639e-02      -1.461207650919e-04      -1.446560652810e-02      -5.443490196107e-04 
       1.192490411388e-02      -8.001162446552e-01      -1.191499181133e+01      -1.254565173507e+01      -7.266817086823e-01      -1.211314397148e+01       4.520273396375e-01       4.516599979058e-01       2.509130347014e+01       3.157908802568e-02       7.573679910743e-01      -2.278070918124e-05      -1.500181361884e-02      -1.724205780737e-04      -1.597624549671e-02      -6.065728984199e-04 
       1.248106954268e-02      -8.316787929108e-01      -1.279442532521e+01      -1.354187437417e+01      -6.889947221473e-01      -1.306318159027e+01       4.449296641307e-01       4.446139379735e-01       2.708374874833e+01       3.404083281998e-02       7.454660069301e-01      -2.318283256413e-05      -1.684037837174e-02      -2.031512575857e-04      -1.754421141793e-02      -6.762686882428e-04 
       1.306015192574e-02      -8.162507929803e-01      -1.371664902114e+01      -1.460084776641e+01      -6.276175861260e-01      -1.407006504890e+01       4.375967420036e-01       4.373869184416e-01       2.920169553283e+01       3.665294392335e-02       7.332065220208e-01      -2.347664450788e-05      -1.884661215527e-02      -2.389236544362e-04      -1.907379182866e-02      -7.498902937200e-04 
       1.366171767776e-02      -7.517523139120e-01      -1.467880039446e+01      -1.572237041176e+01      -5.554425557033e-01      -1.513330581703e+01       4.300526931286e-01       4.299739715505e-01       3.144474082353e+01       3.941351640536e-02       7.206246137528e-01      -2.354609186652e-05      -2.087194400207e-02      -2.803686463866e-04      -2.048110339469e-02      -8.229587466992e-04 
       1.428481967396e-02      -6.479257683696e-01      -1.567659109721e+01      -1.690486928879e+01      -4.902356382587e-01      -1.625132920461e+01       4.223343294717e-01       4.223800604058e-01       3.380973857758e+01       4.231735033331e-02       7.077703703025e-01      -2.332512698310e-05      -2.274524233789e-02      -3.281170720621e-04      -2.172822280143e-02      -8.911960119108e-04 
       1.492792100706e-02      -5.260258521627e-01      -1.670425767830e+01      -1.814518807325e+01      -4.493092636967e-01      -1.742122666662e+01       4.144882476963e-01       4.146244477714e-01       3.629037614650e+01       4.535558577822e-02       6.947072688705e-01      -2.281942883960e-05      -2.432012709631e-02      -3.827575673453e-04      -2.285069555070e-02      -9.519842411031e-04 
       1.558886502105e-02      -4.144390552798e-01      -1.775465259006e+01      -1.943848486994e+01      -4.429920192813e-01      -1.863853728834e+01       4.065659818500e-01       4.067425153409e-01       3.887696973988e+01       4.851555163172e-02       6.815081523332e-01      -2.210886693221e-05      -2.553016137642e-02      -4.447889199985e-04      -2.396123415900e-02      -1.005634681049e-03 
       1.626491417422e-02      -3.406840518210e-01      -1.881938530484e+01      -2.077825527378e+01      -4.696514187247e-01      -1.989709702220e+01       3.986176075136e-01       3.987830531258e-01       4.155651054756e+01       5.178079814404e-02       6.682481974828e-01      -2.132556759720e-05      -2.642988577301e-02      -5.145799051501e-04      -2.521772812101e-02      -1.055801333222e-03 
       1.695286934301e-02      -3.222347206305e-01      -1.988927025326e+01      -2.215661291616e+01      -5.151445443956e-01      -2.118917702084e+01       3.906882717140e-01       3.908038783668e-01       4.431322583233e+01       5.513170914791e-02       6.550010566655e-01      -2.061282115324e-05      -2.719784971680e-02      -5.923941826006e-04      -2.676041780596e-02      -1.108596863555e-03 
       1.764926168430e-02      -3.598968223779e-01      -2.095492560718e+01      -2.356471074076e+01      -5.578561583404e-01      -2.250586722143e+01       3.828161116270e-01       3.828643904506e-01       4.712942148152e+01       5.854640363089e-02       6.418347940458e-01      -2.007863099641e-05      -2.808883249558e-02      -6.781962052133e-04      -2.864348899334e-02      -1.170470103119e-03 
       1.835058760363e-02      -4.369591566104e-01      -2.200727629486e+01      -2.499335335085e+01      -5.775380503041e-01      -2.383774181509e+01       3.750331043428e-01       3.750187465955e-01       4.998670670170e+01       6.200211216433e-02       6.288109177018e-01      -1.976471454958e-05      -2.934706720668e-02      -7.718927045217e-04      -3.079723082457e-02      -1.245754023042e-03 
       1.905354355797e-02      -5.249419723149e-01      -2.303814251860e+01      -2.643356087417e+01      -5.637942843836e-01      -2.517560408777e+01       3.673664193444e-01       3.673102795450e-01       5.286712174834e+01       6.547653011530e-02       6.159831757978e-01      -1.964065503859e-05      -3.111380837097e-02      -8.731742346417e-04      -3.304556007231e-02      -1.334867902498e-03 
       1.975521843946e-02      -5.936123424383e-01      -2.404060426698e+01      -2.787710398909e+01      -5.200475314047e-01      -2.651119275213e+01       3.598402035740e-01       3.597696035805e-01       5.575420797818e+01       6.894917169626e-02       6.033977986660e-01      -1.962512410161e-05      -3.337029469645e-02      -9.816204620990e-04      -3.517487007411e-02      -1.434116197031e-03 
       2.045321634933e-02      -6.210872214786e-01      -2.500934937702e+01      -2.931685879226e+01      -4.612655374300e-01      -2.783766827356e+01       3.524763062211e-01       3.524156277567e-01       5.863371758453e+01       7.240238394663e-02       5.910933837827e-01      -1.962099857926e-05      -3.594082117324e-02      -1.096673078815e-03      -3.702138110248e-02      -1.537070362240e-03 
       2.114570368999e-02      -6.001158818139e-01      -2.594056941184e+01      -3.074706949092e+01      -4.069981979530e-01      -2.914983735124e+01       3.452941729522e-01       3.452586981357e-01       6.149413898184e+01       7.582203814743e-02       5.791011191263e-01      -1.954927105521e-05      -3.855344317808e-02      -1.217772151642e-03      -3.853507006218e-02      -1.636890011378e-03 
       2.183139227336e-02      -5.387316542638e-01      -2.683175547441e+01      -3.216321597718e+01      -3.733169076822e-01      -3.044393234069e+01       3.383079203404e-01       3.383019745179e-01       6.432643195437e+01       7.919725789964e-02       5.674411709868e-01      -1.936909557259e-05      -4.093082206829e-02      -1.344345218262e-03      -3.979220406923e-02      -1.728509614029e-03 
       2.250947928866e-02      -4.559209102702e-01      -2.768193998888e+01      -3.356209829590e+01      -3.671756785734e-01      -3.171758107051e+01       3.315278854333e-01       3.315466171113e-01       6.712419659181e+01       8.252070664701e-02       5.561268123112e-01      -1.908104751989e-05      -4.287634663822e-02      -1.475749629342e-03      -4.095637853593e-02      -1.809939421467e-03 
       2.317956563857e-02      -3.745863858699e-01      -2.849074507596e+01      -3.494151794762e+01      -3.850145616321e-01      -3.296926752809e+01       3.249575179380e-01       3.249907127078e-01       6.988303589524e+01       8.578756793805e-02       5.451606241104e-01      -1.871715029614e-05      -4.432601936926e-02      -1.611488939414e-03      -4.220887787373e-02      -1.882394408810e-03 
       2.384156963309e-02      -3.144799731520e-01      -2.925906543604e+01      -3.630019554799e+01      -4.153933872529e-01      -3.419828111671e+01       3.185962450003e-01       3.186324859960e-01       7.260039109598e+01       8.899549867092e-02       5.345397139331e-01      -1.832388743398e-05      -4.535522480432e-02      -1.750926502914e-03      -4.368020785092e-02      -1.949374883722e-03 
       2.449564690182e-02      -2.872176003102e-01      -2.998794818812e+01      -3.763751968982e+01      -4.439568823387e-01      -3.540431322974e+01       3.124385066388e-01       3.124684370264e-01       7.527503937963e+01       9.214368543092e-02       5.242543904620e-01      -1.794635435866e-05      -4.614389612280e-02      -1.893617707797e-03      -4.540710185981e-02      -2.015309518128e-03 
       2.514212195473e-02      -2.943117376600e-01      -3.067905506825e+01      -3.895340934945e+01      -4.586099923549e-01      -3.658744104034e+01       3.064763069970e-01       3.064944281587e-01       7.790681869889e+01       9.523262004964e-02       5.142919224731e-01      -1.761650695106e-05      -4.691699801374e-02      -2.039072443584e-03      -4.732730478756e-02      -2.084136760308e-03 
       2.578143298704e-02      -3.281977642215e-01      -3.133431348991e+01      -4.024818160245e+01      -4.531535380000e-01      -3.774802390367e+01       3.007002567306e-01       3.007052547310e-01       8.049636320490e+01       9.826368204491e-02       5.046378317764e-01      -1.734833713445e-05      -4.787980611018e-02      -2.186840114348e-03      -4.930828754774e-02      -2.158327706326e-03 
       2.641408926964e-02      -3.754101746467e-01      -3.195583421743e+01      -4.152240329520e+01      -4.285059797856e-01      -3.888663571258e+01       2.951004678182e-01       2.950944383850e-01       8.304480659041e+01       1.012387856857e-01       4.952768878757e-01      -1.713869715821e-05      -4.916583780804e-02      -2.336486095663e-03      -5.119604821719e-02      -2.238468721600e-03 
       2.704063940089e-02      -4.207368203336e-01      -3.254593872217e+01      -4.277687630956e+01      -3.915534134459e-01      -4.000411282331e+01       2.896679025169e-01       2.896549898055e-01       8.555375261912e+01       1.041603729685e-01       4.861950066983e-01      -1.697214499482e-05      -5.080911524744e-02      -2.487583574284e-03      -5.286611127912e-02      -2.323410809130e-03 
       2.766164838054e-02      -4.511739236253e-01      -3.310671226538e+01      -4.401243624071e+01      -3.523562670352e-01      -4.110135496805e+01       2.843935159374e-01       2.843784542367e-01       8.802487248141e+01       1.070308603391e-01       4.773776823412e-01      -1.682740791310e-05      -5.274401344334e-02      -2.639797426482e-03      -5.426035955880e-02      -2.410824003742e-03 
       2.827768155684e-02      -4.588166720828e-01      -3.364100124348e+01      -4.523012526439e+01      -3.207908143692e-01      -4.217962928590e+01       2.792708076301e-01       2.792577182568e-01       9.046025052879e+01       1.098533382855e-01       4.688140890684e-01      -1.668331917326e-05      -5.483000313353e-02      -2.792580962947e-03      -5.540106328126e-02      -2.497897854463e-03 
       2.888929376710e-02      -4.421299795079e-01      -3.415063251885e+01      -4.643089032835e+01      -3.036540067965e-01      -4.324003974005e+01       2.742923330647e-01       2.742839741133e-01       9.286178065670e+01       1.126304055566e-01       4.604916108067e-01      -1.652381659576e-05      -5.689155822999e-02      -2.945738721897e-03      -5.637895706174e-02      -2.582117912828e-03 
       2.949702230981e-02      -4.056319248402e-01      -3.463850008008e+01      -4.761581018823e+01      -3.029999597464e-01      -4.428400813630e+01       2.694530916987e-01       2.694505866066e-01       9.523162037646e+01       1.153652836621e-01       4.524013207496e-01      -1.633971040724e-05      -5.876384022135e-02      -3.098698204403e-03      -5.732312465238e-02      -2.661704443591e-03 
       3.010138268639e-02      -3.581793560806e-01      -3.510662638454e+01      -4.878587814448e+01      -3.159929919351e-01      -4.531277025709e+01       2.647472990504e-01       2.647502783250e-01       9.757175628896e+01       1.180607853776e-01       4.445330533053e-01      -1.612955285613e-05      -6.033138787757e-02      -3.251202210001e-03      -5.836091449885e-02      -2.735966498823e-03 
       3.070286630818e-02      -3.104885523263e-01      -3.555696519942e+01      -4.994207230419e+01      -3.361541236086e-01      -4.632752932865e+01       2.601695149499e-01       2.601765245423e-01       9.988414460838e+01       1.207197037843e-01       4.368772917251e-01      -1.589812166206e-05      -6.155324421618e-02      -3.403062575862e-03      -5.958152423425e-02      -2.805275319159e-03 
       3.130193957039e-02      -2.725005403732e-01      -3.599302034160e+01      -5.108558052705e+01      -3.554996783965e-01      -4.732986817470e+01       2.557168771416e-01       2.557259037258e-01       1.021711610541e+02       1.233457436053e-01       4.294287472415e-01      -1.565370245787e-05      -6.246932371642e-02      -3.553475253125e-03      -6.101301808267e-02      -2.870763504639e-03 
       3.189904385593e-02      -2.511254921667e-01      -3.641710007447e+01      -5.221738740402e+01      -3.668913865730e-01      -4.832098067481e+01       2.513846813284e-01       2.513936654418e-01       1.044347748080e+02       1.259418451048e-01       4.221794217384e-01      -1.540638585964e-05      -6.318648503251e-02      -3.702139519300e-03      -6.261668282370e-02      -2.934112962536e-03 
       3.249459615342e-02      -2.489386627690e-01      -3.683047814907e+01      -5.333830582653e+01      -3.659544717486e-01      -4.930172209072e+01       2.471669834589e-01       2.471742325113e-01       1.066766116531e+02       1.285102396430e-01       4.151194884083e-01      -1.516559119790e-05      -6.385108660092e-02      -3.848959480971e-03      -6.430118925519e-02      -2.997127999054e-03 
       3.308899006411e-02      -2.639039008463e-01      -3.723669350637e+01      -5.444944871718e+01      -3.521058737375e-01      -5.027350617843e+01       2.430611723507e-01       2.430656127386e-01       1.088988974344e+02       1.310545033716e-01       4.082446006563e-01      -1.493796942550e-05      -6.461420137181e-02      -3.993222315856e-03      -6.595129783621e-02      -3.061285884927e-03 
       3.368259703912e-02      -2.901795155622e-01      -3.763768370382e+01      -5.555176586339e+01      -3.284522734303e-01      -5.123734690393e+01       2.390629498789e-01       2.390642019446e-01       1.111035317268e+02       1.335773570454e-01       4.015478439169e-01      -1.472725837622e-05      -6.559579801837e-02      -4.134691582089e-03      -6.746107644761e-02      -3.127615896745e-03 
       3.427576773646e-02      -3.197023742547e-01      -3.803596343913e+01      -5.664615807307e+01      -3.006838297060e-01      -5.219429811964e+01       2.351686041183e-01       2.351669448989e-01       1.132923161461e+02       1.360815713177e-01       3.950232353288e-01      -1.453371192936e-05      -6.685834888155e-02      -4.272922528293e-03      -6.876479839246e-02      -3.196478597331e-03 
       3.486883342232e-02      -3.441807902874e-01      -3.843436595756e+01      -5.773369268847e+01      -2.753344545344e-01      -5.314560344359e+01       2.313755834017e-01       2.313717946633e-01       1.154673853769e+02       1.385703834744e-01       3.886667196116e-01      -1.435465459633e-05      -6.839459727984e-02      -4.407445482377e-03      -6.985407193389e-02      -3.267574501448e-03 
       3.546210736590e-02      -3.569908366010e-01      -3.883485632677e+01      -5.881510617447e+01      -2.579316634741e-01      -5.409211810062e+01       2.276798851590e-01       2.276750349635e-01       1.176302123489e+02       1.410460059142e-01       3.824717927737e-01      -1.418533414137e-05      -7.013073458412e-02      -4.537930876053e-03      -7.077890485376e-02      -3.340044148497e-03 
       3.605588619481e-02      -3.546122334583e-01      -3.924035673991e+01      -5.989146571641e+01      -2.515095705624e-01      -5.503513641017e+01       2.240796736944e-01       2.240748912393e-01       1.197829314328e+02       1.435116941585e-01       3.764354751690e-01      -1.401993742917e-05      -7.194636670748e-02      -4.663901726944e-03      -7.163366626000e-02      -3.412640716160e-03 
       3.665045119063e-02      -3.372417174570e-01      -3.965301081804e+01      -6.096354590628e+01      -2.559101945778e-01      -5.597561896438e+01       2.205718994222e-01       2.205681713470e-01       1.219270918126e+02       1.459697991600e-01       3.705527074732e-01      -1.385266232094e-05      -7.370329802183e-02      -4.784993981911e-03      -7.252876812043e-02      -3.483962499119e-03 
       3.724606951266e-02      -3.086015065253e-01      -4.007579610824e+01      -6.203243766720e+01      -2.679652982807e-01      -5.691493669886e+01       2.171553430523e-01       2.171533574961e-01       1.240648753344e+02       1.484236529994e-01       3.648214045151e-01      -1.367866880876e-05      -7.527908495809e-02      -4.900760055744e-03      -7.356030305742e-02      -3.552696772063e-03 
       3.784299534431e-02      -2.748492610668e-01      -4.051087598407e+01      -6.309884217934e+01      -2.825642232047e-01      -5.785403588245e+01       2.138272434542e-01       2.138272997547e-01       1.261976843587e+02       1.508754661156e-01       3.592368722901e-01      -1.349473178215e-05      -7.659574625730e-02      -5.010747107481e-03      -7.478190112343e-02      -3.617831417678e-03 
       3.844147096019e-02      -2.431394533593e-01      -4.096080187783e+01      -6.416364165187e+01      -2.941288774944e-01      -5.879408220950e+01       2.105858641330e-01       2.105878505626e-01       1.283272833037e+02       1.533279610372e-01       3.537960661091e-01      -1.329978986106e-05      -7.763698928912e-02      -5.114545039044e-03      -7.619174990953e-02      -3.678856864080e-03 
       3.904172771505e-02      -2.197858923266e-01      -4.142830009007e+01      -6.522791958079e+01      -2.983058872962e-01      -5.973643447860e+01       2.074302207754e-01       2.074336648512e-01       1.304558391616e+02       1.557844349094e-01       3.484972715870e-01      -1.309516696278e-05      -7.845403045085e-02      -5.211923065686e-03      -7.773319288709e-02      -3.735921210534e-03 
       3.964398695723e-02      -2.088740365388e-01      -4.191586736525e+01      -6.629245127950e+01      -2.931099979137e-01      -6.068215569688e+01       2.043583361022e-01       2.043625129394e-01       1.325849025590e+02       1.582473682259e-01       3.433370593811e-01      -1.288389427898e-05      -7.915035016396e-02      -5.302247455798e-03      -7.931288984427e-02      -3.789707877962e-03 
       4.024846087044e-02      -2.114900853566e-01      -4.242563902626e+01      -6.735810065289e+01      -2.793337352530e-01      -6.163230920450e+01       2.013683661852e-01       2.013724437738e-01       1.347162013058e+02       1.607193647440e-01       3.383123193198e-01      -1.267066899013e-05      -7.985637652171e-02      -5.385430822386e-03      -8.082935910335e-02      -3.841478261474e-03 
       4.085535324819e-02      -2.252231308523e-01      -4.296091194566e+01      -6.842579549872e+01      -2.604464108363e-01      -6.258816236103e+01       1.984591341993e-01       1.984623446013e-01       1.368515909974e+02       1.632035542700e-01       3.334210913071e-01      -1.246045608154e-05      -8.070282820173e-02      -5.460649686023e-03      -8.220279548391e-02      -3.892733458464e-03 
       4.146486020563e-02      -2.453811376883e-01      -4.352365199103e+01      -6.949641796434e+01      -2.410942797649e-01      -6.355071679934e+01       1.956287039463e-01       1.956304865503e-01       1.389928359287e+02       1.657025258806e-01       3.286602383251e-01      -1.225800843692e-05      -8.178010472576e-02      -5.527820822094e-03      -8.340116806505e-02      -3.945003397637e-03 
       4.207717083329e-02      -2.659544333489e-01      -4.411592516601e+01      -7.057072670687e+01      -2.258916623830e-01      -6.452086527159e+01       1.928748671985e-01       1.928749760297e-01       1.411414534137e+02       1.682186412319e-01       3.240262255313e-01      -1.206660278351e-05      -8.312407469481e-02      -5.586711507718e-03      -8.444688212572e-02      -3.999466804198e-03 
       4.269246779746e-02      -2.808146605570e-01      -4.474043738073e+01      -7.164961144490e+01      -2.182436531429e-01      -6.549968873238e+01       1.901959777981e-01       1.901945348227e-01       1.432992228898e+02       1.707548061725e-01       3.195165533259e-01      -1.188746155601e-05      -8.471168639237e-02      -5.636779214903e-03      -8.541124574236e-02      -4.056718625609e-03 
       4.331092789152e-02      -2.865285209666e-01      -4.539972883395e+01      -7.273420421567e+01      -2.184343105670e-01      -6.648844577830e+01       1.875911550475e-01       1.875885870547e-01       1.454684084313e+02       1.733141567778e-01       3.151297090766e-01      -1.171899992934e-05      -8.644600565690e-02      -5.677904267253e-03      -8.639274448623e-02      -4.116309272423e-03 
       4.393272254233e-02      -2.813665663597e-01      -4.609485025209e+01      -7.382497797733e+01      -2.250610138722e-01      -6.748763567302e+01       1.850571505019e-01       1.850541071093e-01       1.476499559547e+02       1.758981903536e-01       3.108605958797e-01      -1.155810812629e-05      -8.822035185583e-02      -5.710038143142e-03      -8.747956296109e-02      -4.177306890071e-03 
       4.455801827569e-02      -2.665535596985e-01      -4.682984847155e+01      -7.492297957793e+01      -2.346986784875e-01      -6.849870940677e+01       1.825935335266e-01       1.825907360306e-01       1.498459591559e+02       1.785104211341e-01       3.067084714653e-01      -1.139972816014e-05      -8.991831788436e-02      -5.732172038874e-03      -8.873212565398e-02      -4.237970230107e-03 
       4.518697714421e-02      -2.500068638086e-01      -4.760540500809e+01      -7.602894000477e+01      -2.398605999671e-01      -6.952240412167e+01       1.801990763366e-01       1.801970202918e-01       1.520578800095e+02       1.811513050325e-01       3.026697824237e-01      -1.123498542890e-05      -9.135539317980e-02      -5.744697023104e-03      -9.014903655927e-02      -4.294571748653e-03 
       4.581975712116e-02      -2.292396504719e-01      -4.842322493329e+01      -7.714361115928e+01      -2.447660612460e-01      -7.055960389371e+01       1.778695757668e-01       1.778686777339e-01       1.542872223186e+02       1.838260859587e-01       2.987409813476e-01      -1.106919271910e-05      -9.274735428361e-02      -5.747458205356e-03      -9.167139818377e-02      -4.350039527977e-03 
       4.645651246315e-02      -2.101554977810e-01      -4.928544797994e+01      -7.826794830442e+01      -2.442261857528e-01      -7.161145730328e+01       1.756050813779e-01       1.756055010536e-01       1.565358966088e+02       1.865359122008e-01       2.949203216166e-01      -1.089528778257e-05      -9.395644569116e-02      -5.740283355098e-03      -9.327650212010e-02      -4.401158246663e-03 
       4.709739404439e-02      -1.964987609151e-01      -5.019335137512e+01      -7.940258025291e+01      -2.378327725736e-01      -7.267873457087e+01       1.734035549810e-01       1.734051397003e-01       1.588051605058e+02       1.892826396449e-01       2.912043948204e-01      -1.071327004854e-05      -9.502681217760e-02      -5.723130254081e-03      -9.488711027270e-02      -4.447562782039e-03 
       4.774254966524e-02      -1.795690037356e-01      -5.114880143235e+01      -8.054860188256e+01      -2.406287418428e-01      -7.376265263262e+01       1.712594250892e-01       1.712619083673e-01       1.610972037651e+02       1.920754445836e-01       2.875905046807e-01      -1.054730865888e-05      -9.654806830800e-02      -5.695966588370e-03      -9.645966461493e-02      -4.500755891413e-03 
       4.839212433710e-02      -1.725090061048e-01      -5.215228624648e+01      -8.170601056774e+01      -2.250861902120e-01      -7.486319906291e+01       1.691784990809e-01       1.691818373583e-01       1.634120211355e+02       1.949014482902e-01       2.840746660177e-01      -1.035344082219e-05      -9.738509749254e-02      -5.658716316141e-03      -9.808134773957e-02      -4.538581080473e-03 
       4.904626054591e-02      -1.777235444042e-01      -5.320505318741e+01      -8.287590782875e+01      -2.071562598246e-01      -7.598168274620e+01       1.671553680306e-01       1.671586894017e-01       1.657518156575e+02       1.977706393013e-01       2.806550147513e-01      -1.015670699617e-05      -9.826860986357e-02      -5.611559271571e-03      -9.951503237254e-02      -4.572992941328e-03 
       4.970509849602e-02      -1.928562830628e-01      -5.430771806250e+01      -8.405875969840e+01      -1.919889524536e-01      -7.711860011629e+01       1.651876874935e-01       1.651901346745e-01       1.681175193968e+02       2.006840981637e-01       2.773275599898e-01      -9.963364375747e-06      -9.934789503596e-02      -5.554640840786e-03      -1.007569643862e-01      -4.607344792463e-03 
       5.036877633628e-02      -2.098615532986e-01      -5.546117476997e+01      -8.525568232216e+01      -2.095138558229e-01      -7.827521900460e+01       1.632658047776e-01       1.632658047776e-01       1.705113646443e+02       2.036574486615e-01       2.740889136776e-01      -9.826646344538e-06      -1.018292835657e-01      -5.488299470167e-03      -1.018287243307e-01      -4.669423019019e-03 
       5.103743036975e-02      -2.075787501403e-01      -5.666471727132e+01      -8.646635378698e+01      -2.072345557501e-01      -7.945017978265e+01       1.614021159619e-01       1.614021159619e-01       1.729327075740e+02       2.066625273541e-01       2.709340718684e-01      -9.667804572480e-06      -1.033318179698e-01      -5.412691363604e-03      -1.033312636771e-01      -4.714618833845e-03 
       5.171119524854e-02      -2.053566750794e-01      -5.791827454002e+01      -8.769144046931e+01      -2.050158743726e-01      -8.064458620415e+01       1.595865347902e-01       1.595865347902e-01       1.753828809386e+02       2.097159166283e-01       2.678601698025e-01      -9.508016544338e-06      -1.048585078513e-01      -5.328249665805e-03      -1.048579583142e-01      -4.759388172345e-03 
       5.239020415505e-02      -2.031934164698e-01      -5.922163921424e+01      -8.893137616810e+01      -2.028559080496e-01      -8.185876160070e+01       1.578168814653e-01       1.578168814653e-01       1.778627523362e+02       2.128179770371e-01       2.648633291319e-01      -9.351088824130e-06      -1.064095334686e-01      -5.235369816594e-03      -1.064089885186e-01      -4.803797541341e-03 
       5.307458897075e-02      -2.010856733157e-01      -6.057371742417e+01      -9.018670488908e+01      -2.007513633867e-01      -8.309298406380e+01       1.560910088758e-01       1.560910088758e-01       1.803734097782e+02       2.159696239603e-01       2.619400834110e-01      -9.195722424008e-06      -1.079853524951e-01      -5.134780016082e-03      -1.079848119802e-01      -4.847974445400e-03 
       5.376448043353e-02      -1.990295728723e-01      -6.197363407794e+01      -9.145745184073e+01      -1.986983752761e-01      -8.434714039437e+01       1.544061740642e-01       1.544061740642e-01       1.829149036815e+02       2.191706804024e-01       2.590859181649e-01      -9.042108959949e-06      -1.095858764178e-01      -5.026841776799e-03      -1.095853402012e-01      -4.891970273702e-03 
       5.446000828457e-02      -1.970213940413e-01      -6.341958668362e+01      -9.274384696412e+01      -1.966932308969e-01      -8.562114328128e+01       1.527598659034e-01       1.527598659034e-01       1.854876939282e+02       2.224211312646e-01       2.562967435162e-01      -8.892594671260e-06      -1.112110976697e-01      -4.912383166957e-03      -1.112105656323e-01      -4.935910100780e-03 
       5.516130140571e-02      -1.950569452727e-01      -6.490949879877e+01      -9.404582292827e+01      -1.947317471882e-01      -8.691462017672e+01       1.511492445235e-01       1.511492445235e-01       1.880916458565e+02       2.257202721662e-01       2.535679297921e-01      -8.742680355158e-06      -1.128606640433e-01      -4.792168322502e-03      -1.128601360831e-01      -4.979896331332e-03 
       5.586848794792e-02      -1.931329686264e-01      -6.644124047076e+01      -9.536359041047e+01      -1.928106735192e-01      -8.822741797196e+01       1.495720475979e-01       1.495720475979e-01       1.907271808209e+02       2.290678924276e-01       2.508957689758e-01      -8.598633940526e-06      -1.145344701831e-01      -4.667034791904e-03      -1.145339462138e-01      -5.024051772955e-03 
       5.658169545170e-02      -1.912452014260e-01      -6.801152748549e+01      -9.669700858387e+01      -1.909257562742e-01      -8.955891938621e+01       1.480253995934e-01       1.480253995934e-01       1.933940171677e+02       2.324627197001e-01       2.482755770864e-01      -8.455821066892e-06      -1.162318798959e-01      -4.538102121256e-03      -1.162313598500e-01      -5.068521907955e-03 
       5.730105096009e-02      -1.893897583045e-01      -6.961791588281e+01      -9.804566450827e+01      -1.890731176403e-01      -9.090841278762e+01       1.465064923112e-01       1.465064923112e-01       1.960913290165e+02       2.359030985218e-01       2.457027114177e-01      -8.318647356476e-06      -1.179520654363e-01      -4.406033766970e-03      -1.179515492609e-01      -5.113375981055e-03 
       5.802668112475e-02      -1.875627572043e-01      -7.125584438919e+01      -9.940958366636e+01      -1.872488845756e-01      -9.227522190261e+01       1.450127933177e-01       1.450127933177e-01       1.988191673327e+02       2.393876986119e-01       2.431730782542e-01      -8.182864047497e-06      -1.196943616439e-01      -4.272425941369e-03      -1.196938493059e-01      -5.158830509572e-03 
       5.875871230577e-02      -1.857601718026e-01      -7.292210798212e+01      -1.007880878208e+02      -1.854490383001e-01      -9.365830161098e+01       1.435414032143e-01       1.435414032143e-01       2.015761756416e+02       2.429140670675e-01       2.406818874872e-01      -8.052643003424e-06      -1.214575420531e-01      -4.138063216231e-03      -1.214570335338e-01      -5.204958053079e-03 
       5.949727066567e-02      -1.839779484127e-01      -7.461158671859e+01      -1.021807398610e+02      -1.836695340174e-01      -9.505651156304e+01       1.420895217193e-01       1.420895217193e-01       2.043614797220e+02       2.464796262828e-01       2.382245528018e-01      -7.924282226392e-06      -1.232403178423e-01      -4.004449527900e-03      -1.232398131414e-01      -5.251937659809e-03 
       6.024248225797e-02      -1.822123338410e-01      -7.631976665049e+01      -1.035870073737e+02      -1.819066259168e-01      -9.646872600306e+01       1.406546081348e-01       1.406546081348e-01       2.071740147475e+02       2.500818927319e-01       2.357969324757e-01      -7.800527007859e-06      -1.250414472338e-01      -3.872869739194e-03      -1.250409463659e-01      -5.299917026971e-03 
       6.099447311085e-02      -1.804590397207e-01      -7.804102723395e+01      -1.050059021390e+02      -1.801560344241e-01      -9.789327691376e+01       1.392335706025e-01       1.392335706025e-01       2.100118042780e+02       2.537168948064e-01       2.333939158865e-01      -7.679758734533e-06      -1.268589444059e-01      -3.744724313058e-03      -1.268584474032e-01      -5.349033270940e-03 
       6.175336930616e-02      -1.787146537545e-01      -7.976968906578e+01      -1.064369494729e+02      -1.784143542438e-01      -9.932890771150e+01       1.378241686279e-01       1.378241686279e-01       2.128738989459e+02       2.573819100045e-01       2.310118760994e-01      -7.563124649742e-06      -1.286914480931e-01      -3.621654525046e-03      -1.286909550022e-01      -5.399483543169e-03 
       6.251929705421e-02      -1.769749048027e-01      -8.149965621502e+01      -1.078787464576e+02      -1.766773225412e-01      -1.007735382442e+02       1.364232522623e-01       1.364232522623e-01       2.157574929153e+02       2.610719011042e-01       2.286455821349e-01      -7.450172959246e-06      -1.305364396687e-01      -3.505005118769e-03      -1.305359505521e-01      -5.451376433437e-03 
       6.329238276460e-02      -1.752366132152e-01      -8.322437533659e+01      -1.093306599790e+02      -1.749417662833e-01      -1.022256486868e+02       1.350287117738e-01       1.350287117738e-01       2.186613199580e+02       2.647834914284e-01       2.262916102880e-01      -7.340784353521e-06      -1.323922307802e-01      -3.396591701654e-03      -1.323917457142e-01      -5.504923147927e-03 
       6.407275311340e-02      -1.734958939904e-01      -8.493748228304e+01      -1.107911041807e+02      -1.732038076176e-01      -1.036829681498e+02       1.336376769513e-01       1.336376769513e-01       2.215822083615e+02       2.685111947735e-01       2.239451926730e-01      -7.234881307491e-06      -1.342560783130e-01      -3.297737601320e-03      -1.342555973867e-01      -5.560220588318e-03 
       6.486053510691e-02      -1.717493180242e-01      -8.663164081649e+01      -1.122588380247e+02      -1.714600242139e-01      -1.051433594914e+02       1.322477330894e-01       1.322477330894e-01       2.245176760494e+02       2.722499984232e-01       2.216023580128e-01      -7.133124689050e-06      -1.361254758954e-01      -3.210196066772e-03      -1.361249992116e-01      -5.617439666909e-03 
       6.565585614227e-02      -1.699942028542e-01      -8.829977919893e+01      -1.137328546407e+02      -1.697077389768e-01      -1.066049177103e+02       1.308570018085e-01       1.308570018085e-01       2.274657092814e+02       2.759954877703e-01       2.192600212421e-01      -7.034792372068e-06      -1.379982162133e-01      -3.135724739912e-03      -1.379977438852e-01      -5.676763238523e-03 
       6.645884406518e-02      -1.682270799299e-01      -8.993414522676e+01      -1.152113983863e+02      -1.679434896995e-01      -1.080650208211e+02       1.294629525982e-01       1.294629525982e-01       2.304227967727e+02       2.797413777376e-01       2.169139895049e-01      -6.940315569436e-06      -1.398711567163e-01      -3.075938502698e-03      -1.398706888688e-01      -5.738317285132e-03 
       6.726962722477e-02      -1.664453273921e-01      -9.152743353970e+01      -1.166929456558e+02      -1.661646593425e-01      -1.095213051014e+02       1.280636318995e-01       1.280636318995e-01       2.333858913116e+02       2.834820032196e-01       2.145610124276e-01      -6.849431402540e-06      -1.417414648430e-01      -3.032393907246e-03      -1.417410016098e-01      -5.802230649038e-03 
       6.808833452604e-02      -1.646464958755e-01      -9.307194724473e+01      -1.181759805165e+02      -1.643688029805e-01      -1.109713532838e+02       1.266572524991e-01       1.266572524991e-01       2.363519610329e+02       2.872116214828e-01       2.121981291324e-01      -6.762069751989e-06      -1.436062692186e-01      -3.006746726125e-03      -1.436058107414e-01      -5.868645733003e-03 
       6.891509547984e-02      -1.628283307371e-01      -9.456026516272e+01      -1.196587521435e+02      -1.625536698145e-01      -1.124125979462e+02       1.252420774538e-01       1.252420774538e-01       2.393175042869e+02       2.909240195838e-01       2.098224308177e-01      -6.678528655298e-06      -1.454624633648e-01      -3.000436811705e-03      -1.454620097919e-01      -5.937663389879e-03 
       6.975004025066e-02      -1.609888313047e-01      -9.598455322896e+01      -1.211395914109e+02      -1.607172626255e-01      -1.138424754616e+02       1.238165925505e-01       1.238165925505e-01       2.422791828217e+02       2.946130455916e-01       2.074313905412e-01      -6.598246506069e-06      -1.473069713105e-01      -3.015040596265e-03      -1.473065227958e-01      -6.009406283724e-03 
       7.059329970233e-02      -1.591265681702e-01      -9.733803783147e+01      -1.226167658294e+02      -1.588581540267e-01      -1.152585323987e+02       1.223796035246e-01       1.223796035246e-01       2.452335316589e+02       2.982727159467e-01       2.050229788926e-01      -6.521677285085e-06      -1.491368012732e-01      -3.051750624624e-03      -1.491363579733e-01      -6.083942170748e-03 
       7.144500544176e-02      -1.572402982061e-01      -9.861348648334e+01      -1.240886106508e+02      -1.569751027178e-01      -1.166583006650e+02       1.209300788123e-01       1.209300788123e-01       2.481772213017e+02       3.018970436547e-01       2.025954451351e-01      -6.448093243991e-06      -1.509489597535e-01      -3.111897333725e-03      -1.509485218273e-01      -6.161359597521e-03 
       7.230528986090e-02      -1.553290741478e-01      -9.980416952652e+01      -1.255533879051e+02      -1.550671624138e-01      -1.180393290729e+02       1.194671706327e-01       1.194671706327e-01       2.511067758101e+02       3.054800459381e-01       2.001473323449e-01      -6.377605437922e-06      -1.527404553623e-01      -3.196578555512e-03      -1.527400229691e-01      -6.241711962830e-03 
       7.317428617696e-02      -1.533924964635e-01      -1.009042472407e+02      -1.270094114666e+02      -1.531339334546e-01      -1.193993448873e+02       1.179903607461e-01       1.179903607461e-01       2.540188229332e+02       3.090160944159e-01       1.976777059935e-01      -6.310340869715e-06      -1.545084739109e-01      -3.306636804908e-03      -1.545080472079e-01      -6.325020723508e-03 
       7.405212847100e-02      -1.514303516626e-01      -1.019076942647e+02      -1.284550703495e+02      -1.511752018979e-01      -1.207361085227e+02       1.164992885010e-01       1.164992885010e-01       2.569101406991e+02       3.124996623939e-01       1.951859001472e-01      -6.245567525863e-06      -1.562502520551e-01      -3.442933300849e-03      -1.562498311969e-01      -6.411312094476e-03 
       7.493895172510e-02      -1.494430972433e-01      -1.028102986585e+02      -1.298887854381e+02      -1.491914231401e-01      -1.220476836179e+02       1.149939920884e-01       1.149939920884e-01       2.597775708763e+02       3.159258542873e-01       1.926718792973e-01      -6.183718204385e-06      -1.579633420086e-01      -3.605778738670e-03      -1.579629271437e-01      -6.500540799956e-03 
       7.583489185804e-02      -1.474313579326e-01      -1.036073334770e+02      -1.313092167471e+02      -1.471832197577e-01      -1.233322508797e+02       1.134746953222e-01       1.134746953222e-01       2.626184334942e+02       3.192901366095e-01       1.901359371293e-01      -6.124226103157e-06      -1.596454770342e-01      -3.795691629050e-03      -1.596450683047e-01      -6.592699883685e-03 
       7.674008575965e-02      -1.453964219517e-01      -1.042964294060e+02      -1.327149821665e+02      -1.451518760983e-01      -1.245883168260e+02       1.119419759829e-01       1.119419759829e-01       2.654299643330e+02       3.225885923987e-01       1.875789099547e-01      -6.066518482449e-06      -1.612946986612e-01      -4.012444920877e-03      -1.612942961994e-01      -6.687681177825e-03 
       7.765467132399e-02      -1.433397970544e-01      -1.048749725306e+02      -1.341050289722e+02      -1.430988958421e-01      -1.258146202527e+02       1.103966443155e-01       1.103966443155e-01       2.682100579445e+02       3.258179654945e-01       1.850020439377e-01      -6.011315095073e-06      -1.629093788193e-01      -4.255953805494e-03      -1.629089827472e-01      -6.785410440930e-03 
       7.857878748124e-02      -1.412635837898e-01      -1.053421401051e+02      -1.354784656111e+02      -1.410263741937e-01      -1.270103056287e+02       1.088398643247e-01       1.088398643247e-01       2.709569312222e+02       3.289758753900e-01       1.824071448842e-01      -5.957630532911e-06      -1.644883272681e-01      -4.525642509204e-03      -1.644879376950e-01      -6.885755642382e-03 
       7.951257422856e-02      -1.391701198818e-01      -1.056986659189e+02      -1.368343405239e+02      -1.389366427641e-01      -1.281747061656e+02       1.072729297127e-01       1.072729297127e-01       2.736686810477e+02       3.320603095280e-01       1.797962189026e-01      -5.905012197680e-06      -1.660305377437e-01      -4.820428109700e-03      -1.660301547640e-01      -6.988514955842e-03 
       8.045617265987e-02      -1.370621692491e-01      -1.059457791302e+02      -1.381722212691e+02      -1.368324587576e-01      -1.293076557586e+02       1.056975007341e-01       1.056975007341e-01       2.763444425383e+02       3.350705598098e-01       1.771718985969e-01      -5.854171063373e-06      -1.675356562124e-01      -5.139226651810e-03      -1.675352799049e-01      -7.093510931506e-03 
       8.140972499466e-02      -1.349432135405e-01      -1.060867813594e+02      -1.394921225523e+02      -1.347172957904e-01      -1.304096710778e+02       1.041157029276e-01       1.041157029276e-01       2.789842451046e+02       3.380075004398e-01       1.745375679767e-01      -5.804117788088e-06      -1.690041197944e-01      -5.480509492105e-03      -1.690037502199e-01      -7.200528643261e-03 
       8.237337460583e-02      -1.328166728987e-01      -1.061262069011e+02      -1.407939451287e+02      -1.325945657810e-01      -1.314813638761e+02       1.025296088547e-01       1.025296088547e-01       2.815878902574e+02       3.408721767464e-01       1.718965205101e-01      -5.754413018898e-06      -1.704364511730e-01      -5.842300303790e-03      -1.704360883732e-01      -7.309288655427e-03 
       8.334726604670e-02      -1.306865665132e-01      -1.060704680427e+02      -1.420781497070e+02      -1.304682786128e-01      -1.325240913082e+02       1.009417311756e-01       1.009417311756e-01       2.841562994141e+02       3.436674606182e-01       1.692527802567e-01      -5.705587085788e-06      -1.718340863132e-01      -6.222282304951e-03      -1.718337303091e-01      -7.419494384996e-03 
       8.433154507717e-02      -1.285571328658e-01      -1.059272127044e+02      -1.433454704031e+02      -1.283426631836e-01      -1.335396231798e+02       9.935471561902e-02       9.935471561902e-02       2.866909408062e+02       3.463971542981e-01       1.666105825693e-01      -5.656856317243e-06      -1.731989263578e-01      -6.617851418109e-03      -1.731985771490e-01      -7.530823307564e-03 
       8.532635868907e-02      -1.264326975084e-01      -1.057056377944e+02      -1.445968174325e+02      -1.262220351256e-01      -1.345301101679e+02       9.777129157519e-02       9.777129157519e-02       2.891936348650e+02       3.490659859274e-01       1.639743083799e-01      -5.607721854200e-06      -1.745333353997e-01      -7.026009721492e-03      -1.745329929637e-01      -7.642910757142e-03 
       8.633185513081e-02      -1.243185366762e-01      -1.054175517686e+02      -1.458340470544e+02      -1.241116593602e-01      -1.354988765262e+02       9.619481340754e-02       9.619481340754e-02       2.916680941089e+02       3.516814451158e-01       1.613493511301e-01      -5.558732406582e-06      -1.758410582679e-01      -7.443351937643e-03      -1.758407225579e-01      -7.755382435091e-03 
       8.734818393131e-02      -1.222188449709e-01      -1.050749640957e+02      -1.470586108637e+02      -1.220157200992e-01      -1.364489459309e+02       9.462815292082e-02       9.462815292082e-02       2.941172217273e+02       3.542507586672e-01       1.587404092487e-01      -5.508867187441e-06      -1.771257083877e-01      -7.866311850435e-03      -1.771253793336e-01      -7.867834668245e-03 
       8.837549592326e-02      -1.201393315907e-01      -1.046929026930e+02      -1.482729664610e+02      -1.199399150228e-01      -1.373846269029e+02       9.307481378639e-02       9.307481378639e-02       2.965459329219e+02       3.567834350861e-01       1.561530664832e-01      -5.457964785478e-06      -1.783920400357e-01      -8.290730692468e-03      -1.783917175431e-01      -7.979817235620e-03 
       8.941394326581e-02      -1.180846282257e-01      -1.042861526710e+02      -1.494794524846e+02      -1.178888653976e-01      -1.383100934532e+02       9.153790458476e-02       9.153790458476e-02       2.989589049693e+02       3.592892969819e-01       1.535923853409e-01      -5.406246037069e-06      -1.796449645391e-01      -8.712649634747e-03      -1.796446484909e-01      -8.090915966588e-03 
       9.046367946662e-02      -1.160603379420e-01      -1.038730342265e+02      -1.506813724899e+02      -1.158681622969e-01      -1.392308497488e+02       9.002111402846e-02       9.002111402846e-02       3.013627449798e+02       3.617811985287e-01       1.510643461260e-01      -5.353294588477e-06      -1.808909090105e-01      -9.127351685413e-03      -1.808905992643e-01      -8.200659118968e-03 
       9.152485940339e-02      -1.140711934908e-01      -1.034711102697e+02      -1.518817600136e+02      -1.138825282907e-01      -1.401520631598e+02       8.852757520930e-02       8.852757520930e-02       3.037635200273e+02       3.642712209639e-01       1.485740349093e-01      -5.298529346356e-06      -1.821359140901e-01      -9.530336573126e-03      -1.821356104820e-01      -8.308593217398e-03 
       9.259763934485e-02      -1.121224134334e-01      -1.031005012686e+02      -1.530844878419e+02      -1.119371709687e-01      -1.410799789455e+02       8.706078318352e-02       8.706078318352e-02       3.061689756839e+02       3.667741043007e-01       1.461271403645e-01      -5.242560050684e-06      -1.833873498075e-01      -9.916732368915e-03      -1.833870521504e-01      -8.414258570590e-03 
       9.368217697132e-02      -1.102182751220e-01      -1.027801493232e+02      -1.542930763942e+02      -1.100363588235e-01      -1.420203738052e+02       8.562360410834e-02       8.562360410834e-02       3.085861527884e+02       3.693034520990e-01       1.437283280302e-01      -5.184676492304e-06      -1.846520179610e-01      -1.028204068849e-02      -1.846517260495e-01      -8.517230644997e-03 
       9.477863139475e-02      -1.083639695959e-01      -1.025328839126e+02      -1.555122774167e+02      -1.081852721031e-01      -1.429806265255e+02       8.421954792652e-02       8.421954792652e-02       3.110245548333e+02       3.718767833175e-01       1.413833230887e-01      -5.124557009431e-06      -1.859386780522e-01      -1.062087504274e-02      -1.859383916588e-01      -8.617024316875e-03 
       9.588716317841e-02      -1.065631123563e-01      -1.023783622672e+02      -1.567460812932e+02      -1.063875190640e-01      -1.439670078015e+02       8.285111847293e-02       8.285111847293e-02       3.134921625864e+02       3.745090708913e-01       1.390962313206e-01      -5.062867687039e-06      -1.872548165631e-01      -1.092895081180e-02      -1.872545354457e-01      -8.713273196743e-03 
       9.700793435611e-02      -1.048195924447e-01      -1.023381644188e+02      -1.579991090066e+02      -1.046469810711e-01      -1.449865984020e+02       8.152098734146e-02       8.152098734146e-02       3.159982180131e+02       3.772172015701e-01       1.368714257428e-01      -4.999025697159e-06      -1.886088768840e-01      -1.120158278262e-02      -1.886086007851e-01      -8.805586340358e-03 
       9.814110845115e-02      -1.031367108795e-01      -1.024330508342e+02      -1.592760669568e+02      -1.029669527485e-01      -1.460464237641e+02       8.023148392116e-02       8.023148392116e-02       3.185521339135e+02       3.800180641241e-01       1.347127415676e-01      -4.932893914583e-06      -1.900093034124e-01      -1.143443258482e-02      -1.900090320621e-01      -8.893625404323e-03 
       9.928685049485e-02      -1.015171594000e-01      -1.026833083963e+02      -1.605815293800e+02      -1.013501207819e-01      -1.471533287432e+02       7.898455084470e-02       7.898455084470e-02       3.211630587600e+02       3.829281875765e-01       1.326233924242e-01      -4.864431643254e-06      -1.914643606693e-01      -1.162349212524e-02      -1.914640937883e-01      -8.977095198474e-03 
       1.004453270449e-01      -9.996243441954e-02      -1.031052920596e+02      -1.619195516510e+02      -9.979797934139e-02      -1.483131325462e+02       7.778133005106e-02       7.778133005106e-02       3.238391033020e+02       3.859616566732e-01       1.306052885822e-01      -4.794982675536e-06      -1.929810910311e-01      -1.176578204327e-02      -1.929808283366e-01      -9.055810180848e-03 
       1.016167062032e-01      -9.847483079846e-02      -1.037197458421e+02      -1.632951537945e+02      -9.831281920903e-02      -1.495331148153e+02       7.662351481571e-02       7.662351481571e-02       3.265903075890e+02       3.891361360830e-01       1.286612438977e-01      -4.723240808900e-06      -1.945683268394e-01      -1.185744862341e-02      -1.945680680415e-01      -9.129519990924e-03 
       1.028011576338e-01      -9.705428148793e-02      -1.045389737219e+02      -1.647118164383e+02      -9.689457445850e-02      -1.508180051560e+02       7.551126919815e-02       7.551126919815e-02       3.294236328767e+02       3.924633406937e-01       1.267916027991e-01      -4.649397478390e-06      -1.962319255340e-01      -1.189684310459e-02      -1.962316703469e-01      -9.198195844509e-03 
       1.039988525803e-01      -9.570098475632e-02      -1.055761075070e+02      -1.661736356293e+02      -9.554344410270e-02      -1.521731634940e+02       7.444494615206e-02       7.444494615206e-02       3.323472712586e+02       3.959565791861e-01       1.249970212752e-01      -4.574576858977e-06      -1.979785414520e-01      -1.188236942016e-02      -1.979782895931e-01      -9.261846973470e-03 
       1.052099638834e-01      -9.441391415422e-02      -1.068406944012e+02      -1.676835401494e+02      -9.425840481800e-02      -1.536024463698e+02       7.342404095075e-02       7.342404095075e-02       3.353670802988e+02       3.996254854582e-01       1.232767455495e-01      -4.498242664080e-06      -1.998129915343e-01      -1.181312329090e-02      -1.998127427291e-01      -9.320518094065e-03 
       1.064346659978e-01      -9.319158494221e-02      -1.083397074917e+02      -1.692444632879e+02      -9.303797611479e-02      -1.551093206411e+02       7.244780336197e-02       7.244780336197e-02       3.384889265758e+02       4.034789890872e-01       1.216296450751e-01      -4.420517452186e-06      -2.017397405587e-01      -1.168914496863e-02      -2.017394945436e-01      -9.374383607593e-03 
       1.076731350094e-01      -9.203146521206e-02      -1.100752025480e+02      -1.708585054101e+02      -9.187963263298e-02      -1.566958198351e+02       7.151478761711e-02       7.151478761711e-02       3.417170108201e+02       4.075226568942e-01       1.200534594161e-01      -4.342248813390e-06      -2.037615719200e-01      -1.151174181388e-02      -2.037613284471e-01      -9.423746327034e-03 
       1.089255486525e-01      -9.093009626477e-02      -1.120452757404e+02      -1.725266385711e+02      -9.077992405359e-02      -1.583624486891e+02       7.062288878089e-02       7.062288878089e-02       3.450532771421e+02       4.117583275807e-01       1.185448410693e-01      -4.263341172265e-06      -2.058794049497e-01      -1.128305258541e-02      -2.058791637904e-01      -9.468964660327e-03 
       1.101920863262e-01      -8.988352885903e-02      -1.142443040669e+02      -1.742494889050e+02      -8.973491060397e-02      -1.601088603998e+02       6.976971628749e-02       6.976971628749e-02       3.484989778099e+02       4.161859962043e-01       1.170999936154e-01      -4.184049310293e-06      -2.080932371547e-01      -1.100630783072e-02      -2.080929981021e-01      -9.510527536173e-03 
       1.114729291118e-01      -8.888706448252e-02      -1.166619758739e+02      -1.760267359852e+02      -8.873990479100e-02      -1.619332167580e+02       6.895236068371e-02       6.895236068371e-02       3.520534719704e+02       4.208020952248e-01       1.157142698048e-01      -4.105113929448e-06      -2.104012847403e-01      -1.068580666640e-02      -2.104010476124e-01      -9.549018485869e-03 
       1.127682597891e-01      -8.793527910260e-02      -1.192830939388e+02      -1.778569970270e+02      -8.778949509597e-02      -1.638320632603e+02       6.816740918197e-02       6.816740918197e-02       3.557139940539e+02       4.255991914652e-01       1.143821967412e-01      -4.026471420052e-06      -2.127998310897e-01      -1.032698388866e-02      -2.127995957326e-01      -9.585120077168e-03 
       1.140782628537e-01      -8.702208631257e-02      -1.220876173028e+02      -1.797377499775e+02      -8.687760884593e-02      -1.658002725424e+02       6.741099127500e-02       6.741099127500e-02       3.594754999549e+02       4.305658589011e-01       1.130975514104e-01      -3.948580594909e-06      -2.152831631607e-01      -9.936263696812e-03      -2.152829294506e-01      -9.619589399901e-03 
       1.154031245340e-01      -8.614070403433e-02      -1.250500415070e+02      -1.816651328509e+02      -8.599747907062e-02      -1.678307853953e+02       6.667874217236e-02       6.667874217236e-02       3.633302657019e+02       4.356860035814e-01       1.118532958325e-01      -3.871939960352e-06      -2.178432339445e-01      -9.521227712529e-03      -2.178430017907e-01      -9.653270769993e-03 
       1.167430328075e-01      -8.528488242779e-02      -1.281429606306e+02      -1.836358467982e+02      -8.514287013115e-02      -1.699167130650e+02       6.596669212575e-02       6.596669212575e-02       3.672716935964e+02       4.409441563531e-01       1.106430492904e-01      -3.796829781218e-06      -2.204723088333e-01      -9.090192288685e-03      -2.204720781765e-01      -9.687131488134e-03 
       1.180981774189e-01      -8.444687688360e-02      -1.313314114498e+02      -1.856434137560e+02      -8.430605417783e-02      -1.720474092535e+02       6.526975096952e-02       6.526975096952e-02       3.712868275121e+02       4.463154573258e-01       1.094585633708e-01      -3.723547172734e-06      -2.231579578463e-01      -8.652428988939e-03      -2.231577286629e-01      -9.722106454162e-03 
       1.194687498966e-01      -8.361927470368e-02      -1.345780108424e+02      -1.876811782052e+02      -8.347963458819e-02      -1.742117126061e+02       6.458305615488e-02       6.458305615488e-02       3.753623564105e+02       4.517738831226e-01       1.082919621191e-01      -3.652467689814e-06      -2.258871692604e-01      -8.217784072491e-03      -2.258869415613e-01      -9.759195619275e-03 
       1.208549435706e-01      -8.279518390282e-02      -1.378432801999e+02      -1.897427323646e+02      -8.265673445582e-02      -1.763983443738e+02       6.390211528383e-02       6.390211528383e-02       3.794854647291e+02       4.572932704833e-01       1.071359799738e-01      -3.583904042705e-06      -2.286468614131e-01      -7.796699591548e-03      -2.286466352416e-01      -9.799486499539e-03 
       1.222569535902e-01      -8.196690594867e-02      -1.410827841838e+02      -1.918189307250e+02      -8.182967145112e-02      -1.785930271058e+02       6.322176777213e-02       6.322176777213e-02       3.836378614501e+02       4.628398020117e-01       1.059822164550e-01      -3.518027210981e-06      -2.314201255725e-01      -7.399864296122e-03      -2.314199010059e-01      -9.843959681945e-03 
       1.236749769417e-01      -8.112765253271e-02      -1.442519440989e+02      -1.939012391795e+02      -8.099167162218e-02      -1.807819619907e+02       6.253748643743e-02       6.253748643743e-02       3.878024783590e+02       4.683809344403e-01       1.048233108179e-01      -3.455159166119e-06      -2.341906900747e-01      -7.038060574528e-03      -2.341904672201e-01      -9.893633942645e-03 
       1.251092124670e-01      -8.027103871517e-02      -1.473055084465e+02      -1.959804970549e+02      -8.013636329837e-02      -1.829507344808e+02       6.184496182912e-02       6.184496182912e-02       3.919609941099e+02       4.738824591871e-01       1.036522372755e-01      -3.395447866275e-06      -2.369414506013e-01      -6.721778019058e-03      -2.369412295935e-01      -9.949452345963e-03 
       1.265598608818e-01      -7.939113946420e-02      -1.501978541670e+02      -1.980470509242e+02      -7.925783354397e-02      -1.850844698725e+02       6.114015264979e-02       6.114015264979e-02       3.960941018483e+02       4.793089064175e-01       1.024623917147e-01      -3.338981866821e-06      -2.396546722103e-01      -6.461185217000e-03      -2.396544532088e-01      -1.001228559253e-02 
       1.280271247951e-01      -7.848269578907e-02      -1.528845807779e+02      -2.000909781664e+02      -7.835083382328e-02      -1.871682599332e+02       6.041941616383e-02       6.041941616383e-02       4.001819563328e+02       4.846245177216e-01       1.012478011038e-01      -3.285892968892e-06      -2.423124756759e-01      -6.265671372917e-03      -2.423122588608e-01      -1.008288096194e-02 
       1.295112087282e-01      -7.754143265995e-02      -1.553244290272e+02      -2.021027025430e+02      -7.741109733968e-02      -1.891879600449e+02       5.967973663182e-02       5.967973663182e-02       4.042054050860e+02       4.897952073116e-01       1.000035010161e-01      -3.236172263535e-06      -2.448978180883e-01      -6.143548685478e-03      -2.448976036558e-01      -1.016185423779e-02 
       1.310123191347e-01      -7.656475370414e-02      -1.574821649296e+02      -2.040747457034e+02      -7.643603251837e-02      -1.911320638016e+02       5.891925259323e-02       5.891925259323e-02       4.081494914067e+02       4.947933372676e-01       9.872641679727e-02      -3.189802183116e-06      -2.473968804785e-01      -6.101807861455e-03      -2.473966686338e-01      -1.024974269466e-02 
       1.325306644210e-01      -7.554973759153e-02      -1.593233118337e+02      -2.059969544529e+02      -7.542272274750e-02      -1.929869907755e+02       5.813572391307e-02       5.813572391307e-02       4.119939089058e+02       4.995854995431e-01       9.741279779659e-02      -3.146685617407e-06      -2.497929588158e-01      -6.145796475987e-03      -2.497927497715e-01      -1.034672612569e-02 
       1.340664549670e-01      -7.449575428964e-02      -1.608230005703e+02      -2.078628268394e+02      -7.437053831613e-02      -1.947436178230e+02       5.732851006659e-02       5.732851006659e-02       4.157256536788e+02       5.041492204477e-01       9.606152084481e-02      -3.106513054120e-06      -2.520748162561e-01      -6.279149009458e-03      -2.520746102239e-01      -1.045293109810e-02 
       1.356199031477e-01      -7.340369474867e-02      -1.619657735733e+02      -2.096678142687e+02      -7.328036713651e-02      -1.963958591680e+02       5.649799416314e-02       5.649799416314e-02       4.193356285374e+02       5.084692810959e-01       9.467313066497e-02      -3.069265739652e-06      -2.542348433647e-01      -6.503098563216e-03      -2.542346405479e-01      -1.056825742467e-02 
       1.371912233555e-01      -7.227459787449e-02      -1.627411603626e+02      -2.114060287259e+02      -7.215324426074e-02      -1.979372946244e+02       5.564452521743e-02       5.564452521743e-02       4.228120574519e+02       5.125289096053e-01       9.324806706321e-02      -3.034555733213e-06      -2.562646542114e-01      -6.816542754824e-03      -2.562644548027e-01      -1.069222210598e-02 
       1.387806320229e-01      -7.111169388902e-02      -1.631502473090e+02      -2.130761579879e+02      -7.099239193677e-02      -1.993670160533e+02       5.477002971462e-02       5.477002971462e-02       4.261523159757e+02       5.163250125275e-01       9.178937794098e-02      -3.002168123344e-06      -2.581627020904e-01      -7.216507138764e-03      -2.581625062637e-01      -1.082431658491e-02 
       1.403883476462e-01      -6.991870316372e-02      -1.632033646809e+02      -2.146765345785e+02      -6.980152102185e-02      -2.006852370969e+02       5.387665503960e-02       5.387665503960e-02       4.293530691570e+02       5.198565264156e-01       9.030043089836e-02      -2.971488918695e-06      -2.599284553012e-01      -7.696848860331e-03      -2.599282632078e-01      -1.096359095469e-02 
       1.420145908098e-01      -6.870128824446e-02      -1.629238228026e+02      -2.162100268513e+02      -6.858628090131e-02      -2.018978682081e+02       5.296793813687e-02       5.296793813687e-02       4.324200537026e+02       5.231364086622e-01       8.878688797672e-02      -2.942388150935e-06      -2.615683925695e-01      -8.249161598117e-03      -2.615682043311e-01      -1.110901694879e-02 
       1.436595842114e-01      -6.746553611027e-02      -1.623436712418e+02      -2.176801420854e+02      -6.735274431435e-02      -2.030126783771e+02       5.204765547229e-02       5.204765547229e-02       4.353602841707e+02       5.261817152559e-01       8.725478442316e-02      -2.914279316583e-06      -2.630910419217e-01      -8.862578875450e-03      -2.630908576279e-01      -1.125927115182e-02 
       1.453235526881e-01      -6.621870166058e-02      -1.615066429612e+02      -2.190935848303e+02      -6.610814965696e-02      -2.040418394344e+02       5.112041796741e-02       5.112041796741e-02       4.381871696606e+02       5.290202327505e-01       8.571153294569e-02      -2.886769937451e-06      -2.645102966713e-01      -9.523941211650e-03      -2.645101163752e-01      -1.141288529762e-02 
       1.470067232437e-01      -6.496842391249e-02      -1.604657074053e+02      -2.204582855979e+02      -6.486011863032e-02      -2.049999383062e+02       5.019107250154e-02       5.019107250154e-02       4.409165711957e+02       5.316852963864e-01       8.416492232182e-02      -2.859393219995e-06      -2.658428244768e-01      -1.021786932383e-02      -2.658426481932e-01      -1.156815970697e-02 
       1.487093250766e-01      -6.372285449422e-02      -1.592823665903e+02      -2.217846211708e+02      -6.361678468782e-02      -2.059048684492e+02       4.926486675513e-02       4.926486675513e-02       4.435692423416e+02       5.342183821647e-01       8.262341494047e-02      -2.831751812033e-06      -2.671093633783e-01      -1.092753227620e-02      -2.671091910824e-01      -1.172332835901e-02 
       1.504315896089e-01      -6.249095198169e-02      -1.580286885231e+02      -2.230864691234e+02      -6.238708690349e-02      -2.067790038704e+02       4.834765471730e-02       4.834765471730e-02       4.461729382468e+02       5.366720082647e-01       8.109648434871e-02      -2.803471018954e-06      -2.683361725075e-01      -1.163449445814e-02      -2.683360041323e-01      -1.187659050462e-02 
       1.521737505165e-01      -6.128085751584e-02      -1.567785508221e+02      -2.243771447299e+02      -6.117914859117e-02      -2.076445347606e+02       4.744473597515e-02       4.744473597515e-02       4.487542894597e+02       5.390981099225e-01       7.959269918802e-02      -2.774085660789e-06      -2.695492195208e-01      -1.231987885771e-02      -2.695490549613e-01      -1.202606756645e-02 
       1.539360437612e-01      -6.010106668153e-02      -1.556110315630e+02      -2.256723058188e+02      -6.000144785730e-02      -2.085263637449e+02       4.656153568768e-02       4.656153568768e-02       4.513446116376e+02       5.415543143455e-01       7.812079048977e-02      -2.743700465695e-06      -2.707773180587e-01      -1.296430882601e-02      -2.707771571727e-01      -1.216991265274e-02 
       1.557187076226e-01      -5.895877352117e-02      -1.546070551913e+02      -2.269887467694e+02      -5.886116210500e-02      -2.094506059786e+02       4.570323562509e-02       4.570323562509e-02       4.539774935389e+02       5.441051050263e-01       7.668932759204e-02      -2.711232695972e-06      -2.720527099029e-01      -1.354964115090e-02      -2.720525525131e-01      -1.230659470250e-02 
       1.575219827324e-01      -5.786116745641e-02      -1.538456113878e+02      -2.283434297061e+02      -5.776546655241e-02      -2.104432182926e+02       4.487448049048e-02       4.487448049048e-02       4.566868594121e+02       5.468111876830e-01       7.530580621938e-02      -2.677049836588e-06      -2.734057479416e-01      -1.405798790303e-02      -2.734055938415e-01      -1.243455022178e-02 
       1.593461121101e-01      -5.681394566052e-02      -1.534001387012e+02      -2.297527826753e+02      -5.672004679823e-02      -2.115288719639e+02       4.407917604346e-02       4.407917604346e-02       4.595055653507e+02       5.497318354086e-01       7.397661653920e-02      -2.640956068752e-06      -2.748660687447e-01      -1.447393193516e-02      -2.748659177043e-01      -1.255256268522e-02 
       1.611913411993e-01      -5.582101673785e-02      -1.533361220245e+02      -2.312304092656e+02      -5.572880321599e-02      -2.127287105675e+02       4.332009046605e-02       4.332009046605e-02       4.624608185312e+02       5.529182952242e-01       7.270631983850e-02      -2.602657395394e-06      -2.764592958396e-01      -1.478387812718e-02      -2.764591476121e-01      -1.265954006515e-02 
       1.630579179063e-01      -5.488586721579e-02      -1.537095633773e+02      -2.327910905478e+02      -5.479521675950e-02      -2.140633924974e+02       4.259956643805e-02       4.259956643805e-02       4.655821810956e+02       5.564196875620e-01       7.149873117984e-02      -2.562553311891e-06      -2.782099894521e-01      -1.497791159015e-02      -2.782098437810e-01      -1.275490729781e-02 
       1.649460926397e-01      -5.400973602658e-02      -1.545626351167e+02      -2.344463778396e+02      -5.392052450927e-02      -2.155488187079e+02       4.191872128471e-02       4.191872128471e-02       4.688927556792e+02       5.602757292220e-01       7.035577583771e-02      -2.520692256138e-06      -2.801380079844e-01      -1.505007011730e-02      -2.801378646110e-01      -1.283851057758e-02 
       1.668561183526e-01      -5.319307944002e-02      -1.559239319042e+02      -2.362068729030e+02      -5.310518394104e-02      -2.171980379240e+02       4.127793291068e-02       4.127793291068e-02       4.724137458060e+02       5.645178344250e-01       6.927809511409e-02      -2.477235458431e-06      -2.822590585422e-01      -1.499802123395e-02      -2.822589172125e-01      -1.291058883770e-02 
       1.687882505850e-01      -5.243222554680e-02      -1.577977844386e+02      -2.380746690468e+02      -5.234552988768e-02      -2.190134254971e+02       4.067546183922e-02       4.067546183922e-02       4.761493380936e+02       5.691567753029e-01       6.826312616849e-02      -2.432188535829e-06      -2.845785271758e-01      -1.482563519411e-02      -2.845783876514e-01      -1.297193099189e-02 
       1.707427475096e-01      -5.172438572318e-02      -1.601743192523e+02      -2.400523903139e+02      -5.163878269691e-02      -2.209956207178e+02       4.010930809632e-02       4.010930809632e-02       4.801047806278e+02       5.741929232847e-01       6.730756379227e-02      -2.386339832654e-06      -2.870965995783e-01      -1.453955630706e-02      -2.870964616423e-01      -1.302354988855e-02 
       1.727198699783e-01      -5.106452261670e-02      -1.630240483922e+02      -2.421387075794e+02      -5.097991693885e-02      -2.231390291930e+02       3.957644841834e-02       3.957644841834e-02       4.842774151589e+02       5.796154659844e-01       6.640661760831e-02      -2.339809378379e-06      -2.898078695295e-01      -1.415204723852e-02      -2.898077329922e-01      -1.306709786351e-02 
       1.747198815714e-01      -5.044522422046e-02      -1.662915082248e+02      -2.443237463654e+02      -5.036153721576e-02      -2.254270914407e+02       3.907213882364e-02       3.907213882364e-02       4.886474927308e+02       5.853864114057e-01       6.555264831533e-02      -2.293027513258e-06      -2.926933409945e-01      -1.368002714998e-02      -2.926932057028e-01      -1.310441995041e-02 
       1.767430486482e-01      -4.985896232167e-02      -1.699082304639e+02      -2.465983576853e+02      -4.977613221568e-02      -2.278418546224e+02       3.859174361554e-02       3.859174361554e-02       4.931967153706e+02       5.914661573129e-01       6.473826213983e-02      -2.246648226137e-06      -2.957332128182e-01      -1.314485169546e-02      -2.957330786564e-01      -1.313800245023e-02 
       1.787896404004e-01      -4.929758913270e-02      -1.737870208160e+02      -2.489478176203e+02      -4.921557346033e-02      -2.303579403920e+02       3.812974593008e-02       3.812974593008e-02       4.978956352405e+02       5.977935581442e-01       6.395445731511e-02      -2.201111373573e-06      -2.988969121770e-01      -1.257010729478e-02      -2.988967790721e-01      -1.317026317886e-02 
       1.808599289070e-01      -4.875089156373e-02      -1.778243736315e+02      -2.513530045265e+02      -4.866966800237e-02      -2.329438775820e+02       3.768008460803e-02       3.768008460803e-02       5.027060090530e+02       6.043002167427e-01       6.319165958739e-02      -2.156331823814e-06      -3.021502404495e-01      -1.198439762932e-02      -3.021501083713e-01      -1.320424276435e-02 
       1.829541891925e-01      -4.821364073431e-02      -1.819289732648e+02      -2.538070920656e+02      -4.813320142804e-02      -2.355801234561e+02       3.723909083415e-02       3.723909083415e-02       5.076141841311e+02       6.109385082506e-01       6.244383481794e-02      -2.113376069195e-06      -3.054693851734e-01      -1.141225683543e-02      -3.054692541253e-01      -1.324275739275e-02 
       1.850726992858e-01      -4.767436326786e-02      -1.859687528859e+02      -2.562774831336e+02      -4.759472376065e-02      -2.382198106773e+02       3.679918216444e-02       3.679918216444e-02       5.125549662671e+02       6.175975281802e-01       6.169868055145e-02      -2.072434207633e-06      -3.087988940566e-01      -1.088471802615e-02      -3.087987640901e-01      -1.328841425324e-02 
       1.872157402839e-01      -4.712309911288e-02      -1.898146856229e+02      -2.587317883624e+02      -4.704429558977e-02      -2.408167065655e+02       3.635354637891e-02       3.635354637891e-02       5.174635767247e+02       6.241657259283e-01       6.094505719748e-02      -2.033599030184e-06      -3.120829917550e-01      -1.043005506381e-02      -3.120828629641e-01      -1.334339071121e-02 
       1.893835964156e-01      -4.655286492515e-02      -1.933544669661e+02      -2.611469642153e+02      -4.647494826717e-02      -2.433347848352e+02       3.589750451870e-02       3.589750451870e-02       5.222939284305e+02       6.305573639158e-01       6.017534901101e-02      -1.997246251127e-06      -3.152788094484e-01      -1.007377395459e-02      -3.152786819579e-01      -1.340993166062e-02 
       1.915765551102e-01      -4.595697782625e-02      -1.964803897142e+02      -2.634954890743e+02      -4.588001219064e-02      -2.457350557875e+02       3.542640499055e-02       3.542640499055e-02       5.269909781485e+02       6.366779083589e-01       5.938192028604e-02      -1.963346615373e-06      -3.183390802186e-01      -9.837175675131e-03      -3.183389541795e-01      -1.348947970291e-02 
       1.937949070674e-01      -4.533076879431e-02      -1.991028387710e+02      -2.657540215132e+02      -4.525482726558e-02      -2.479847165866e+02       3.493693484113e-02       3.493693484113e-02       5.315080430264e+02       6.424474865942e-01       5.855931025279e-02      -1.931958501158e-06      -3.212238677166e-01      -9.736737916930e-03      -3.212237432971e-01      -1.358302363727e-02 
       1.960389463306e-01      -4.467215478122e-02      -2.011584468802e+02      -2.679067595596e+02      -4.459731395016e-02      -2.500611476190e+02       3.442754329707e-02       3.442754329707e-02       5.358135191191e+02       6.478108928621e-01       5.770493738902e-02      -1.903004065388e-06      -3.239055690568e-01      -9.782860248291e-03      -3.239054464310e-01      -1.369109713715e-02 
       1.983089703634e-01      -4.398078320078e-02      -2.026095126529e+02      -2.699409457642e+02      -4.390711915115e-02      -2.519481437905e+02       3.389775346833e-02       3.389775346833e-02       5.398818915284e+02       6.527273353506e-01       5.681793637025e-02      -1.876294297997e-06      -3.263637883362e-01      -9.978368540978e-03      -3.263636676753e-01      -1.381335910370e-02 
       2.006052801287e-01      -4.325847945644e-02      -2.034465510547e+02      -2.718496055644e+02      -4.318606356683e-02      -2.536385460337e+02       3.334839670391e-02       3.334839670391e-02       5.436992111287e+02       6.571759360553e-01       5.589951492839e-02      -1.851568998113e-06      -3.285880865645e-01      -1.031856602316e-02      -3.285879680276e-01      -1.394870504951e-02 
       2.029281801717e-01      -4.250968371467e-02      -2.037014275978e+02      -2.736396580128e+02      -4.243857598072e-02      -2.551428881888e+02       3.278258001472e-02       3.278258001472e-02       5.472793160257e+02       6.611838253682e-01       5.495478008205e-02      -1.828596218474e-06      -3.305920289633e-01      -1.079201247933e-02      -3.305919126841e-01      -1.409591461208e-02 
       2.052779787053e-01      -4.174004183224e-02      -2.034299445939e+02      -2.753181244793e+02      -4.167028946153e-02      -2.564754457655e+02       3.220367379357e-02       3.220367379357e-02       5.506362489585e+02       6.647810948543e-01       5.398906458320e-02      -1.806798465528e-06      -3.323906613439e-01      -1.137870238142e-02      -3.323905474272e-01      -1.425252665382e-02 
       2.076549876996e-01      -4.095682141833e-02      -2.027229946287e+02      -2.769022917582e+02      -4.088845459057e-02      -2.576642603032e+02       3.161649865470e-02       3.161649865470e-02       5.538045835164e+02       6.680347629514e-01       5.301019722788e-02      -1.785815875935e-06      -3.340174929626e-01      -1.205271304325e-02      -3.340173814757e-01      -1.441588040527e-02 
       2.100595229749e-01      -4.016839781952e-02      -2.016933235223e+02      -2.784121774760e+02      -4.010142895546e-02      -2.587429484345e+02       3.102616309176e-02       3.102616309176e-02       5.568243549520e+02       6.710197974938e-01       5.202630582578e-02      -1.765346559083e-06      -3.355100077756e-01      -1.278201372168e-02      -3.355098987469e-01      -1.458254026177e-02 
       2.124919042982e-01      -3.938423719210e-02      -2.004824739754e+02      -2.798779462360e+02      -3.931865820592e-02      -2.597578341203e+02       3.043884371161e-02       3.043884371161e-02       5.597558924719e+02       6.738452861675e-01       5.104738236218e-02      -1.745016503746e-06      -3.369227496697e-01      -1.353079845971e-02      -3.369226430837e-01      -1.474914229969e-02 
       2.149524554836e-01      -3.861174121545e-02      -1.992350942906e+02      -2.813244371099e+02      -3.854752569769e-02      -2.607513561210e+02       2.985973865725e-02       2.985973865725e-02       5.626488742197e+02       6.766158376960e-01       5.008197744473e-02      -1.724056448045e-06      -3.383080230470e-01      -1.426304734409e-02      -3.383079188480e-01      -1.491220578186e-02 
       2.174415044964e-01      -3.785925250717e-02      -1.981001087327e+02      -2.827765130034e+02      -3.779635781978e-02      -2.617666261788e+02       2.929365788385e-02       2.929365788385e-02       5.655530260067e+02       6.794249195785e-01       4.913762954895e-02      -1.702491071765e-06      -3.397125616921e-01      -1.493948443535e-02      -3.397124597893e-01      -1.506754710360e-02 
       2.199593835622e-01      -3.713438580284e-02      -1.972341483495e+02      -2.842705302037e+02      -3.707275202509e-02      -2.628573426808e+02       2.874612498362e-02       2.874612498362e-02       5.685410604074e+02       6.824062205363e-01       4.822348656416e-02      -1.679747319979e-06      -3.412032100017e-01      -1.552738445795e-02      -3.412031102681e-01      -1.521273233749e-02 
       2.225064292787e-01      -3.644237447436e-02      -1.967681597170e+02      -2.858308494804e+02      -3.638193025516e-02      -2.640634589639e+02       2.822067019991e-02       2.822067019991e-02       5.716616989608e+02       6.856555292622e-01       4.734530355224e-02      -1.655681968673e-06      -3.428278623463e-01      -1.599773419381e-02      -3.428277646311e-01      -1.534517512504e-02 
       2.250829827337e-01      -3.578823856417e-02      -1.968195585510e+02      -2.874800042110e+02      -3.572890410087e-02      -2.654213646903e+02       2.772009100418e-02       2.772009100418e-02       5.749600084220e+02       6.892519894904e-01       4.650742260894e-02      -1.630338459941e-06      -3.446260906106e-01      -1.632313912392e-02      -3.446259947452e-01      -1.546222041891e-02 
       2.276893896260e-01      -3.517417753947e-02      -1.974702074315e+02      -2.892427337720e+02      -3.511586795420e-02      -2.669638223549e+02       2.724650924462e-02       2.724650924462e-02       5.784854675440e+02       6.932822748381e-01       4.571353877983e-02      -1.603723510614e-06      -3.466412316119e-01      -1.649369330096e-02      -3.466411374191e-01      -1.556400236066e-02 
       2.303260003924e-01      -3.460160753038e-02      -1.987759969838e+02      -2.911402703531e+02      -3.454423631035e-02      -2.687167544367e+02       2.680111090809e-02       2.680111090809e-02       5.822805407063e+02       6.978115060553e-01       4.496567035641e-02      -1.575941008298e-06      -3.489058457267e-01      -1.650476407071e-02      -3.489057530276e-01      -1.565104718883e-02 
       2.329931703385e-01      -3.406859572857e-02      -2.007388606689e+02      -2.931735554845e+02      -3.401208193550e-02      -2.706812271135e+02       2.638248327424e-02       2.638248327424e-02       5.863471109690e+02       7.028401329863e-01       4.426147365587e-02      -1.547262245623e-06      -3.514201578642e-01      -1.635986772680e-02      -3.514200664931e-01      -1.572389551667e-02 
       2.356912597752e-01      -3.357248464387e-02      -2.033278965518e+02      -2.953527067080e+02      -3.351675398075e-02      -2.728608007365e+02       2.598950691806e-02       2.598950691806e-02       5.907054134159e+02       7.083860924529e-01       4.359937241465e-02      -1.518009640126e-06      -3.541931364185e-01      -1.607937979938e-02      -3.541930462265e-01      -1.578596985995e-02 
       2.384206341604e-01      -3.310753671097e-02      -2.064586276924e+02      -2.976629495295e+02      -3.305252811298e-02      -2.752304708853e+02       2.561843575918e-02       2.561843575918e-02       5.953258990591e+02       7.143909083025e-01       4.297330546985e-02      -1.488529067227e-06      -3.571955432838e-01      -1.568873771510e-02      -3.571954541512e-01      -1.584001852877e-02 
       2.411816642459e-01      -3.266668502252e-02      -2.100054694043e+02      -3.000830528709e+02      -3.261235331778e-02      -2.777536656383e+02       2.526474521328e-02       2.526474521328e-02       6.001661057419e+02       7.207701997177e-01       4.237598630905e-02      -1.459222351266e-06      -3.603851880169e-01      -1.522366666115e-02      -3.603850998588e-01      -1.588985892861e-02 
       2.439747262300e-01      -3.224228812016e-02      -2.138173952360e+02      -3.025854851531e+02      -3.218860520871e-02      -2.803847673403e+02       2.492346173305e-02       2.492346173305e-02       6.051709703061e+02       7.274171346817e-01       4.179937384891e-02      -1.430461109339e-06      -3.637086545720e-01      -1.472463506534e-02      -3.637085673408e-01      -1.593960325347e-02 
       2.468002019165e-01      -3.182555907547e-02      -2.177124943693e+02      -3.051309829285e+02      -3.177251571594e-02      -2.830638345501e+02       2.458877657854e-02       2.458877657854e-02       6.102619658570e+02       7.341895776259e-01       4.123404256240e-02      -1.402616304604e-06      -3.670948751249e-01      -1.423587481398e-02      -3.670947888130e-01      -1.599326802215e-02 
       2.496584788785e-01      -3.140836842651e-02      -2.215051635120e+02      -3.076802214145e+02      -3.135597265368e-02      -2.857303113777e+02       2.425532874369e-02       2.425532874369e-02       6.153604428289e+02       7.409442014418e-01       4.067129843638e-02      -1.375938509396e-06      -3.704721860848e-01      -1.380145593531e-02      -3.704721007209e-01      -1.605482276113e-02 
       2.525499506303e-01      -3.098420000748e-02      -2.250233182611e+02      -3.101986686338e+02      -3.093247398597e-02      -2.883296314228e+02       2.391873087239e-02       2.391873087239e-02       6.203973372676e+02       7.475504198622e-01       4.010399224424e-02      -1.350717051209e-06      -3.737752942882e-01      -1.346077131388e-02      -3.737752099311e-01      -1.612776913187e-02 
       2.554750168040e-01      -3.054704807708e-02      -2.281047734233e+02      -3.126470230294e+02      -3.049602641211e-02      -2.908048364690e+02       2.357480616536e-02       2.357480616536e-02       6.252940460587e+02       7.538696069685e-01       3.952526872342e-02      -1.327162043653e-06      -3.769348867506e-01      -1.324661917581e-02      -3.769348034843e-01      -1.621445902370e-02 
       2.584340833344e-01      -3.009289973048e-02      -2.306287193985e+02      -3.149969461186e+02      -3.004262415456e-02      -2.931142659492e+02       2.322098879574e-02       2.322098879574e-02       6.299938922372e+02       7.598047095641e-01       3.893099769199e-02      -1.305120800453e-06      -3.799024368597e-01      -1.318271954639e-02      -3.799023547821e-01      -1.631665373643e-02 
       2.614275626498e-01      -2.962081455453e-02      -2.325259782895e+02      -3.172338632144e+02      -2.957132867049e-02      -2.952354170478e+02       2.285646167344e-02       2.285646167344e-02       6.344677264287e+02       7.652992787401e-01       3.831977965791e-02      -1.284644930388e-06      -3.826497201577e-01      -1.327964211720e-02      -3.826496393700e-01      -1.643488927021e-02 
       2.644558738710e-01      -2.913039202938e-02      -2.337646639345e+02      -3.193388716842e+02      -2.908173897950e-02      -2.971479425999e+02       2.248068556102e-02       2.248068556102e-02       6.386777433685e+02       7.703002215504e-01       3.769063647757e-02      -1.265483796834e-06      -3.851501901750e-01      -1.353428062993e-02      -3.851501107752e-01      -1.656769470060e-02 
       2.675194430176e-01      -2.862352388085e-02      -2.343730986669e+02      -3.213074151969e+02      -2.857574123941e-02      -2.988524406791e+02       2.209476234355e-02       2.209476234355e-02       6.426148303938e+02       7.748064260215e-01       3.704530047575e-02      -1.247413460047e-06      -3.874032909384e-01      -1.393051004597e-02      -3.874032130108e-01      -1.671260818468e-02 
       2.706187032217e-01      -2.810555322715e-02      -2.344462852522e+02      -3.231574056592e+02      -2.805866774249e-02      -3.003780926205e+02       2.170180435794e-02       2.170180435794e-02       6.463148113185e+02       7.788792681535e-01       3.638866335052e-02      -1.230330667763e-06      -3.894397104716e-01      -1.443860844702e-02      -3.894396340768e-01      -1.686628742735e-02 
       2.737540949511e-01      -2.758087523653e-02      -2.341148090595e+02      -3.249038773584e+02      -2.753490148391e-02      -3.017571614671e+02       2.130490104001e-02       2.130490104001e-02       6.498077547167e+02       7.825991180997e-01       3.572580832357e-02      -1.213488341203e-06      -3.912996338793e-01      -1.502043473935e-02      -3.912995590498e-01      -1.702447374299e-02 
       2.769260662395e-01      -2.705649605649e-02      -2.335508505296e+02      -3.265790481326e+02      -2.701143420255e-02      -3.030423338427e+02       2.090830332673e-02       2.090830332673e-02       6.531580962652e+02       7.860835328057e-01       3.506348942758e-02      -1.196888632236e-06      -3.930418396654e-01      -1.562936118615e-02      -3.930417664029e-01      -1.718232471447e-02 
       2.801350729270e-01      -2.654025177247e-02      -2.329644126339e+02      -3.282343338322e+02      -2.649608504236e-02      -3.043077925145e+02       2.051734887819e-02       2.051734887819e-02       6.564686676644e+02       7.895121566838e-01       3.441042726191e-02      -1.180054029972e-06      -3.947561500716e-01      -1.621748854609e-02      -3.947560783419e-01      -1.733597569479e-02 
       2.833815789091e-01      -2.603837364183e-02      -2.325519488228e+02      -3.299097172851e+02      -2.599507171154e-02      -3.056162900824e+02       2.013614760657e-02       2.013614760657e-02       6.598194345702e+02       7.930339958556e-01       3.377328728434e-02      -1.162828660965e-06      -3.965170681878e-01      -1.673807624140e-02      -3.965169979278e-01      -1.748115994537e-02 
       2.866660563954e-01      -2.555680216088e-02      -2.325009098887e+02      -3.316529620711e+02      -2.551432247757e-02      -3.070355730729e+02       1.976875156075e-02       1.976875156075e-02       6.633059241421e+02       7.968129428495e-01       3.315869155662e-02      -1.145058040449e-06      -3.984065403030e-01      -1.715238919813e-02      -3.984064714248e-01      -1.761510311732e-02 
       2.899889861791e-01      -2.509918622570e-02      -2.329565859247e+02      -3.334960738515e+02      -2.505747877207e-02      -3.086140451091e+02       1.941760855100e-02       1.941760855100e-02       6.669921477030e+02       8.009649384554e-01       3.257062536118e-02      -1.126585778935e-06      -4.004825368277e-01      -1.743063499512e-02      -4.004824692277e-01      -1.773548078286e-02 
       2.933508579160e-01      -2.466745349889e-02      -2.340092738951e+02      -3.354665525649e+02      -2.462646482667e-02      -3.103880174764e+02       1.908416885752e-02       1.908416885752e-02       6.709331051298e+02       8.055804425761e-01       3.201150819014e-02      -1.107558909978e-06      -4.027902877192e-01      -1.756078538765e-02      -4.027902212881e-01      -1.784217716495e-02 
       2.967521704153e-01      -2.426122032596e-02      -2.356902445638e+02      -3.375732046023e+02      -2.422089837006e-02      -3.123694780603e+02       1.876824985999e-02       1.876824985999e-02       6.751464092046e+02       8.106897438590e-01       3.148107035413e-02      -1.087980301460e-06      -4.053449372975e-01      -1.754276228323e-02      -4.053448719295e-01      -1.793575132101e-02 
       3.001934319413e-01      -2.387761678918e-02      -2.379518679464e+02      -3.398047228779e+02      -2.383791614327e-02      -3.145418917974e+02       1.846796644548e-02       1.846796644548e-02       6.796094457557e+02       8.162538039100e-01       3.097625741417e-02      -1.068055617624e-06      -4.081269663511e-01      -1.739356978649e-02      -4.081269019550e-01      -1.801804145441e-02 
       3.036751605276e-01      -2.351315605088e-02      -2.406994619044e+02      -3.421505506878e+02      -2.347403954221e-02      -3.168821477020e+02       1.818118339849e-02       1.818118339849e-02       6.843011013755e+02       8.222219108966e-01       3.049366854661e-02      -1.048050477857e-06      -4.111110189447e-01      -1.714490949678e-02      -4.111109554483e-01      -1.809289047325e-02 
       3.071978843033e-01      -2.316296500795e-02      -2.437829744550e+02      -3.445859362944e+02      -2.312440645638e-02      -3.193470528188e+02       1.790479471589e-02       1.790479471589e-02       6.891718725888e+02       8.284944614366e-01       3.002830723072e-02      -1.028221847375e-06      -4.142472933632e-01      -1.683894130287e-02      -4.142472307183e-01      -1.816480289390e-02 
       3.107621418325e-01      -2.282152391324e-02      -2.470172401210e+02      -3.470765675173e+02      -2.278350928067e-02      -3.218802217629e+02       1.763522134287e-02       1.763522134287e-02       6.941531350345e+02       8.349394910211e-01       2.957439222258e-02      -1.008837998643e-06      -4.174698073258e-01      -1.652329417242e-02      -4.174697455105e-01      -1.823850114735e-02 
       3.143684824675e-01      -2.248348422757e-02      -2.502045229480e+02      -3.495856752081e+02      -2.244601113492e-02      -3.244213368325e+02       1.736897581157e-02       1.736897581157e-02       6.991713504163e+02       8.414152893490e-01       2.912628277885e-02      -9.901597630715e-07      -4.207077056569e-01      -1.624675114522e-02      -4.207076446745e-01      -1.831869864213e-02 
       3.180174667161e-01      -2.214369717028e-02      -2.531509703552e+02      -3.520692123344e+02      -2.210677403102e-02      -3.269047157702e+02       1.710259463009e-02       1.710259463009e-02       7.041384246688e+02       8.477645419492e-01       2.867833640246e-02      -9.723327880091e-07      -4.238823310985e-01      -1.605215862648e-02      -4.238822709746e-01      -1.840891605653e-02 
       3.217096666243e-01      -2.179796736038e-02      -2.556914840967e+02      -3.544835578886e+02      -2.176161103517e-02      -3.292694191627e+02       1.683317000450e-02       1.683317000450e-02       7.089671157772e+02       8.538390501627e-01       2.822578424503e-02      -9.554210206196e-07      -4.269195843042e-01      -1.597163639547e-02      -4.269195250814e-01      -1.851122215933e-02 
       3.254456661739e-01      -2.144405724363e-02      -2.577185380555e+02      -3.567997411065e+02      -2.140828884794e-02      -3.314752987746e+02       1.655910620495e-02       1.655910620495e-02       7.135994822129e+02       8.595404319276e-01       2.776599318882e-02      -9.394226355107e-07      -4.297702742348e-01      -1.602312528727e-02      -4.297702159638e-01      -1.862647836198e-02 
       3.292260616973e-01      -2.108163574092e-02      -2.591942770282e+02      -3.590031514860e+02      -2.104647646588e-02      -3.335046090184e+02       1.628006402845e-02       1.628006402845e-02       7.180063029720e+02       8.648233696279e-01       2.729836760790e-02      -9.242715377950e-07      -4.324117420832e-01      -1.620705420606e-02      -4.324116848139e-01      -1.875389542752e-02 
       3.330514623091e-01      -2.071218414464e-02      -2.601526919633e+02      -3.610954635146e+02      -2.067765137445e-02      -3.353639150205e+02       1.599691739571e-02       1.599691739571e-02       7.221909270292e+02       8.697007012280e-01       2.682428600930e-02      -9.097580819064e-07      -4.348504068407e-01      -1.650699800203e-02      -4.348503506140e-01      -1.889122900094e-02 
       3.369224903559e-01      -2.033901763923e-02      -2.607018517610e+02      -3.630991832422e+02      -2.030512124326e-02      -3.370881556936e+02       1.571180681227e-02       1.571180681227e-02       7.261983664844e+02       8.742543604316e-01       2.634720252571e-02      -8.957677639319e-07      -4.371272353755e-01      -1.689186038868e-02      -4.371271802158e-01      -1.903531626492e-02 
       3.408397818850e-01      -1.996606206801e-02      -2.609967866707e+02      -3.650427034275e+02      -1.993280307113e-02      -3.387242654141e+02       1.542724497519e-02       1.542724497519e-02       7.300854068549e+02       8.785937676984e-01       2.587116334285e-02      -8.820190417584e-07      -4.392969379371e-01      -1.731964870477e-02      -4.392968838492e-01      -1.918186305535e-02 
       3.448039871328e-01      -1.959733280115e-02      -2.612180830755e+02      -3.669569218109e+02      -1.956470323802e-02      -3.403251345699e+02       1.514579493382e-02       1.514579493382e-02       7.339138436218e+02       8.828420322399e-01       2.540029300294e-02      -8.683369170065e-07      -4.414210691508e-01      -1.774349120499e-02      -4.414210161199e-01      -1.932609466803e-02 
       3.488157710346e-01      -1.923683494459e-02      -2.615552097260e+02      -3.688788366788e+02      -1.920481817384e-02      -3.419500050619e+02       1.487006876080e-02       1.487006876080e-02       7.377576733577e+02       8.871389929992e-01       2.493881657284e-02      -8.545250158907e-07      -4.435695485068e-01      -1.811843971158e-02      -4.435694964996e-01      -1.946384287924e-02 
       3.528758137560e-01      -1.888796824284e-02      -2.621776895098e+02      -3.708463661364e+02      -1.885654049899e-02      -3.436558237862e+02       1.460234114165e-02       1.460234114165e-02       7.416927322727e+02       8.916210284289e-01       2.449043528600e-02      -8.404802354470e-07      -4.458105652462e-01      -1.840805789847e-02      -4.458105142144e-01      -1.959216273228e-02 
       3.569848112472e-01      -1.855301865505e-02      -2.632107470296e+02      -3.728918980775e+02      -1.852215159261e-02      -3.454882409561e+02       1.434420025708e-02       1.434420025708e-02       7.457837961549e+02       8.963993757082e-01       2.405775516543e-02      -8.261722651291e-07      -4.481997379679e-01      -1.858920443031e-02      -4.481996878541e-01      -1.970964789159e-02 
       3.611434758224e-01      -1.823311233795e-02      -2.647204411079e+02      -3.750424737603e+02      -1.820277577865e-02      -3.474794884353e+02       1.409652772510e-02       1.409652772510e-02       7.500849475207e+02       9.015556429220e-01       2.364225836073e-02      -8.116535876108e-07      -4.507778707172e-01      -1.865626752137e-02      -4.507778214610e-01      -1.981698707519e-02 
       3.653525367639e-01      -1.792770506591e-02      -2.666981294161e+02      -3.773076165923e+02      -1.789787054405e-02      -3.496360418200e+02       1.385908123563e-02       1.385908123563e-02       7.546152331845e+02       9.071097368983e-01       2.324359586846e-02      -7.970318639162e-07      -4.535549169034e-01      -1.862095836538e-02      -4.535548684492e-01      -1.991632826344e-02 
       3.696127409538e-01      -1.763422034450e-02      -2.690492929458e+02      -3.796676950630e+02      -1.760486515517e-02      -3.519273860458e+02       1.363018254364e-02       1.363018254364e-02       7.593353901261e+02       9.129902967501e-01       2.285905386948e-02      -7.824438481867e-07      -4.564951960706e-01      -1.851089863756e-02      -4.564951483750e-01      -2.001050758491e-02 
       3.739248535338e-01      -1.734924782101e-02      -2.716226411135e+02      -3.820914274041e+02      -1.732035679624e-02      -3.543047931544e+02       1.340759287885e-02       1.340759287885e-02       7.641828548081e+02       9.190822804983e-01       2.248500551280e-02      -7.680492182271e-07      -4.595411872131e-01      -1.836590053057e-02      -4.595411402492e-01      -2.010338317554e-02 
       3.782896585951e-01      -1.706915839216e-02      -2.742451956199e+02      -3.845396402364e+02      -1.704072416341e-02      -3.567097605894e+02       1.318889717464e-02       1.318889717464e-02       7.690792804728e+02       9.252461905626e-01       2.211752598075e-02      -7.539834363870e-07      -4.626231415240e-01      -1.822754947037e-02      -4.626230952813e-01      -2.019862064034e-02 
       3.827079599000e-01      -1.679068656686e-02      -2.767393972652e+02      -3.869756236070e+02      -1.676270873917e-02      -3.590851024495e+02       1.297193615831e-02       1.297193615831e-02       7.739512472140e+02       9.313462743196e-01       2.175311134965e-02      -7.403666049524e-07      -4.656731826769e-01      -1.813699031841e-02      -4.656731371598e-01      -2.029988948746e-02 
       3.871805816365e-01      -1.651163097669e-02      -2.789673145386e+02      -3.893729802968e+02      -1.648411377357e-02      -3.613881309650e+02       1.275525466369e-02       1.275525466369e-02       7.787459605936e+02       9.372814366790e-01       2.138940047331e-02      -7.272780253118e-07      -4.686407631172e-01      -1.812446827120e-02      -4.686407183395e-01      -2.040986255690e-02 
       3.917083692089e-01      -1.623078154906e-02      -2.808421476310e+02      -3.917129241499e+02      -1.620373155262e-02      -3.635902027538e+02       1.253801649296e-02       1.253801649296e-02       7.834258482998e+02       9.429826145794e-01       2.102502289065e-02      -7.147307026668e-07      -4.714913513092e-01      -1.820570308467e-02      -4.714913072897e-01      -2.052961766800e-02 
       3.962921900649e-01      -1.594762616304e-02      -2.823336456385e+02      -3.939767421214e+02      -1.592105051289e-02      -3.656713757415e+02       1.231976113633e-02       1.231976113633e-02       7.879534842429e+02       9.483977400796e-01       2.065918548782e-02      -7.026521290870e-07      -4.741989132823e-01      -1.837822345979e-02      -4.741988700398e-01      -2.065779933284e-02 
       4.009329345627e-01      -1.566299037847e-02      -2.834857102469e+02      -3.961634552054e+02      -1.563689399938e-02      -3.676375572646e+02       1.210092974370e-02       1.210092974370e-02       7.923269104109e+02       9.535367259461e-01       2.029256474612e-02      -6.909327791986e-07      -4.767684054250e-01      -1.862341525903e-02      -4.767683629730e-01      -2.079177670776e-02 
       4.056315168792e-01      -1.537892235576e-02      -2.844101445890e+02      -3.982933779706e+02      -1.535330552035e-02      -3.695224628006e+02       1.188282712312e-02       1.188282712312e-02       7.965867559412e+02       9.584779092509e-01       1.992725942214e-02      -6.794522650263e-07      -4.792389962838e-01      -1.891010388971e-02      -4.792389546255e-01      -2.092830732780e-02 
       4.103888759632e-01      -1.509801896565e-02      -2.852587228342e+02      -4.003992942334e+02      -1.507287623201e-02      -3.713761238237e+02       1.166715915483e-02       1.166715915483e-02       8.007985884667e+02       9.633401200731e-01       1.956603350328e-02      -6.680926718136e-07      -4.816701009104e-01      -1.920051148478e-02      -4.816700600365e-01      -2.106391239186e-02 
       4.152059765344e-01      -1.482294238113e-02      -2.861942267601e+02      -4.025213147674e+02      -1.479826265317e-02      -3.732562520897e+02       1.145571465580e-02       1.145571465580e-02       8.050426295348e+02       9.682623401473e-01       1.921180050570e-02      -6.567661694131e-07      -4.841312101839e-01      -1.945845494892e-02      -4.841311700736e-01      -2.119573434032e-02 
       4.200838101329e-01      -1.455554671626e-02      -2.873486671618e+02      -4.046896508432e+02      -1.453131501725e-02      -3.752077529435e+02       1.124973231664e-02       1.124973231664e-02       8.093793016865e+02       9.733523674883e-01       1.886657526053e-02      -6.454138007052e-07      -4.866762231200e-01      -1.965622640789e-02      -4.866761837442e-01      -2.132161076499e-02 
       4.250233962207e-01      -1.429647513742e-02      -2.887941789115e+02      -4.069163263953e+02      -1.427267517392e-02      -3.772514929004e+02       1.104962528381e-02       1.104962528381e-02       8.138326527906e+02       9.786594917442e-01       1.853102360275e-02      -6.340087391812e-07      -4.893297845454e-01      -1.977994197564e-02      -4.893297458721e-01      -2.144036904500e-02 
       4.300257833389e-01      -1.404553746469e-02      -2.905417950168e+02      -4.092047699389e+02      -1.402215352050e-02      -3.793919646784e+02       1.085528871866e-02       1.085528871866e-02       8.184095398777e+02       9.841955609757e-01       1.820498325513e-02      -6.225861478228e-07      -4.920978184889e-01      -1.983207561155e-02      -4.920977804878e-01      -2.155260698759e-02 
       4.350920503249e-01      -1.380216086864e-02      -2.925519968858e+02      -4.115599424926e+02      -1.377917883001e-02      -3.816271905934e+02       1.066643371669e-02       1.066643371669e-02       8.231198849851e+02       9.899606591205e-01       1.788801920990e-02      -6.112339708144e-07      -4.949803669154e-01      -1.983068460955e-02      -4.949803295603e-01      -2.166105956775e-02 
       4.402233075914e-01      -1.356488123108e-02      -2.947266613643e+02      -4.139691494665e+02      -1.354229031763e-02      -3.839317837181e+02       1.048214614430e-02       1.048214614430e-02       8.279382989329e+02       9.958975834706e-01       1.757866839076e-02      -6.000407544335e-07      -4.979488284635e-01      -1.980413285157e-02      -4.979487917353e-01      -2.176894213825e-02 
       4.454206984736e-01      -1.333167847688e-02      -2.969316002925e+02      -4.164035860293e+02      -1.330947225220e-02      -3.862616573438e+02       1.030108577296e-02       1.030108577296e-02       8.328071720586e+02       1.001901660235e+00       1.727475427007e-02      -5.890871681385e-07      -5.009508662285e-01      -1.978490246038e-02      -5.009508301176e-01      -2.187919868670e-02 
       4.506854006466e-01      -1.310064081860e-02      -2.990347090388e+02      -4.188303227469e+02      -1.307881685056e-02      -3.885696665760e+02       1.012194778836e-02       1.012194778836e-02       8.376606454939e+02       1.007858941813e+00       1.697414416441e-02      -5.784241176724e-07      -5.039295064018e-01      -1.980172919868e-02      -5.039294709067e-01      -2.199403130145e-02 
       4.560186276189e-01      -1.287032612317e-02      -3.009342184939e+02      -4.212191554453e+02      -1.284888483094e-02      -3.908155332280e+02       9.943718333772e-03       9.943718333772e-03       8.424383108907e+02       1.013670593811e+00       1.667517018339e-02      -5.680642327276e-07      -5.068353317804e-01      -1.987297016696e-02      -5.068352969054e-01      -2.211435588195e-02 
       4.614216303071e-01      -1.264045684716e-02      -3.025952165297e+02      -4.235627915578e+02      -1.261939908361e-02      -3.929879522357e+02       9.766197177386e-03       9.766197177386e-03       8.471255831156e+02       1.019309161808e+00       1.637750114521e-02      -5.579979046917e-07      -5.096546151543e-01      -2.000273064284e-02      -5.096545809041e-01      -2.224027638806e-02 
       4.668956986955e-01      -1.241170482712e-02      -3.040520423970e+02      -4.258722738191e+02      -1.239102989945e-02      -3.951012111840e+02       9.589826567391e-03       9.589826567391e-03       8.517445476381e+02       1.024809073119e+00       1.608185397967e-02      -5.481890991992e-07      -5.124045701831e-01      -2.018023304928e-02      -5.124045365594e-01      -2.237081028801e-02 
       4.724421635890e-01      -1.218495295236e-02      -3.053777412383e+02      -4.281583796333e+02      -1.216465808451e-02      -3.971752952340e+02       9.415145880871e-03       9.415145880871e-03       8.563167592666e+02       1.030215790050e+00       1.578908724754e-02      -5.385705465203e-07      -5.151079280254e-01      -2.038397754734e-02      -5.151078950249e-01      -2.250355997355e-02 
       4.780623984623e-01      -1.196107053661e-02      -3.066656458375e+02      -4.304287930023e+02      -1.194115084045e-02      -3.992307573767e+02       9.242659091213e-03       9.242659091213e-03       8.608575860046e+02       1.035574260207e+00       1.549999210374e-02      -5.290607913774e-07      -5.177871624890e-01      -2.058688674028e-02      -5.177871301035e-01      -2.263527383988e-02 
       4.837578214154e-01      -1.174122375112e-02      -3.080215390749e+02      -4.327056008906e+02      -1.172167181137e-02      -4.013018440479e+02       9.073132604311e-03       9.073132604311e-03       8.654112017812e+02       1.040965927668e+00       1.521581045467e-02      -5.196104958492e-07      -5.204829956181e-01      -2.076455120451e-02      -5.204829638340e-01      -2.276379204595e-02 
       4.895298972391e-01      -1.152672373930e-02      -3.095429219513e+02      -4.350262912741e+02      -1.150752959460e-02      -4.034341440443e+02       8.907509621696e-03       8.907509621696e-03       8.700525825481e+02       1.046504569777e+00       1.493810155586e-02      -5.102200192626e-07      -5.232523160898e-01      -2.090191356415e-02      -5.232522848887e-01      -2.288897983649e-02 
       4.953801396020e-01      -1.131768045259e-02      -3.112570768466e+02      -4.373979778033e+02      -1.129883395183e-02      -4.056376500288e+02       8.745872745951e-03       8.745872745951e-03       8.747959556066e+02       1.052215088566e+00       1.466700317361e-02      -5.008927254238e-07      -5.261075749198e-01      -2.099585878185e-02      -5.261075442828e-01      -2.301083504290e-02 
       5.013101133638e-01      -1.111342170926e-02      -3.131296545044e+02      -4.398084636975e+02      -1.109491415381e-02      -4.078971281352e+02       8.587757683463e-03       8.587757683463e-03       8.796169273950e+02       1.058060254545e+00       1.440175440343e-02      -4.916483960672e-07      -5.290301573611e-01      -2.105615749254e-02      -5.290301272725e-01      -2.313013495574e-02 
       5.073214370266e-01      -1.091325440669e-02      -3.150983730926e+02      -4.422503719782e+02      -1.089507873796e-02      -4.101970217230e+02       8.432728718489e-03       8.432728718489e-03       8.845007439565e+02       1.064004949531e+00       1.414165667813e-02      -4.825357741753e-07      -5.320025043177e-01      -2.110207557412e-02      -5.320024747654e-01      -2.324913398861e-02 
       5.134157853330e-01      -1.071586143268e-02      -3.170614688732e+02      -4.446933300893e+02      -1.069801323153e-02      -4.124969155855e+02       8.279885170937e-03       8.279885170937e-03       8.893866601787e+02       1.069951177635e+00       1.388523725616e-02      -4.735788009422e-07      -5.349756178402e-01      -2.115410857482e-02      -5.349755888175e-01      -2.336908755260e-02 
       5.195948920219e-01      -1.052112242685e-02      -3.189682655154e+02      -4.471482992228e+02      -1.050359780300e-02      -4.147980390025e+02       8.129221932856e-03       8.129221932856e-03       8.942965984455e+02       1.075907806899e+00       1.363251587806e-02      -4.648332905953e-07      -5.379539319479e-01      -2.123090455209e-02      -5.379539034496e-01      -2.349298561760e-02 
       5.258605527531e-01      -1.032810318036e-02      -3.207527627789e+02      -4.495852912574e+02      -1.031089996759e-02      -4.170657566373e+02       7.980045494108e-03       7.980045494108e-03       8.991705825149e+02       1.081787379393e+00       1.338233864787e-02      -4.562831736099e-07      -5.408937176723e-01      -2.134041705345e-02      -5.408936896964e-01      -2.362038368990e-02 
       5.322146282141e-01      -1.013665925272e-02      -3.224070975600e+02      -4.519957273506e+02      -1.011977545223e-02      -4.192918438825e+02       7.832218794158e-03       7.832218794158e-03       9.039914547012e+02       1.087567598655e+00       1.313446751610e-02      -4.479063024750e-07      -5.437838267829e-01      -2.148000477227e-02      -5.437837993274e-01      -2.375046169018e-02 
       5.386590474225e-01      -9.947334450988e-03      -3.239784944700e+02      -4.543934652413e+02      -9.930766846548e-03      -4.214948618613e+02       7.686105980255e-03       7.686105980255e-03       9.087869304825e+02       1.093293457272e+00       1.288949513308e-02      -4.396787295751e-07      -5.466467555756e-01      -2.163739959202e-02      -5.466467286361e-01      -2.388221059740e-02 
       5.451958112383e-01      -9.760850556831e-03      -3.255395740097e+02      -4.567982961045e+02      -9.744594357953e-03      -4.237021099054e+02       7.542192229988e-03       7.542192229988e-03       9.135965922090e+02       1.099031134481e+00       1.264821180534e-02      -4.315730068736e-07      -5.495155936716e-01      -2.179570344091e-02      -5.495155672403e-01      -2.401431987394e-02 
       5.518269961031e-01      -9.577550116660e-03      -3.271481838804e+02      -4.592156144264e+02      -9.561599713708e-03      -4.259268440942e+02       7.400671181020e-03       7.400671181020e-03       9.184312288529e+02       1.104810012009e+00       1.241091937971e-02      -4.235563381638e-07      -5.524050319375e-01      -2.193970370874e-02      -5.524050060045e-01      -2.414504053318e-02 
       5.585547580240e-01      -9.397643386840e-03      -3.288434727829e+02      -4.616509975426e+02      -9.381992714856e-03      -4.281796127322e+02       7.261668950800e-03       7.261668950800e-03       9.233019950852e+02       1.110654478703e+00       1.217781764288e-02      -4.156154289348e-07      -5.553272647970e-01      -2.206118170484e-02      -5.553272393515e-01      -2.427358817341e-02 
       5.653813368197e-01      -9.221352252238e-03      -3.306438943570e+02      -4.641195009017e+02      -9.205994887172e-03      -4.304755608381e+02       7.125371737776e-03       7.125371737776e-03       9.282390018034e+02       1.116604381579e+00       1.194922361071e-02      -4.077663908287e-07      -5.583022157588e-01      -2.216112437738e-02      -5.583021907896e-01      -2.440086325010e-02 
       5.723090606529e-01      -9.048435152260e-03      -3.325245209617e+02      -4.666210596375e+02      -9.033365239276e-03      -4.328108260230e+02       6.991636258152e-03       6.991636258152e-03       9.332421192749e+02       1.122652527258e+00       1.172491096374e-02      -4.000291266666e-07      -5.613262881321e-01      -2.224852878277e-02      -5.613262636290e-01      -2.452809209487e-02 
       5.793403508692e-01      -8.878155628757e-03      -3.344218474516e+02      -4.691326966963e+02      -8.863368814060e-03      -4.351568938047e+02       6.859939044030e-03       6.859939044030e-03       9.382653933926e+02       1.128728246857e+00       1.150401650632e-02      -3.924119741703e-07      -5.643641474721e-01      -2.233631052236e-02      -5.643641234283e-01      -2.465589778108e-02 
       5.864777271687e-01      -8.710088204335e-03      -3.362861566663e+02      -4.716440538554e+02      -8.695581033903e-03      -4.374976870254e+02       6.729993585937e-03       6.729993585937e-03       9.432881077108e+02       1.134793207637e+00       1.128607336458e-02      -3.849284526593e-07      -5.673966274082e-01      -2.243596874880e-02      -5.673966038184e-01      -2.478529846013e-02 
       5.937238131390e-01      -8.544192044719e-03      -3.380991486671e+02      -4.741597147395e+02      -8.529961161448e-03      -4.398341615631e+02       6.601793701086e-03       6.601793701086e-03       9.483194294791e+02       1.140852212464e+00       1.107107935809e-02      -3.775885983691e-07      -5.704261293726e-01      -2.255277237855e-02      -5.704261062319e-01      -2.491718223754e-02 
       6.010813421777e-01      -8.380438032303e-03      -3.398618024820e+02      -4.766783603969e+02      -8.366480084907e-03      -4.421653872740e+02       6.475304071056e-03       6.475304071056e-03       9.533567207938e+02       1.146902171691e+00       1.085897112971e-02      -3.703826759641e-07      -5.734511085418e-01      -2.268469452616e-02      -5.734510858453e-01      -2.505118406113e-02 
       6.085531638393e-01      -8.218823886769e-03      -3.415924656016e+02      -4.791950054079e+02      -8.205135425912e-03      -4.444900866194e+02       6.350485682112e-03       6.350485682112e-03       9.583900108158e+02       1.152936897161e+00       1.064967124877e-02      -3.632879758976e-07      -5.764684708381e-01      -2.282385948180e-02      -5.764684485805e-01      -2.518599511710e-02 
       6.161422506428e-01      -8.059328821412e-03      -3.433151756181e+02      -4.817028866798e+02      -8.045906250472e-03      -4.468063963054e+02       6.227293049036e-03       6.227293049036e-03       9.634057733596e+02       1.158949077985e+00       1.044309398064e-02      -3.562767765775e-07      -5.794745608173e-01      -2.295926003820e-02      -5.794745389925e-01      -2.531981141306e-02 
       6.238517053790e-01      -7.902879660477e-03      -3.451060429655e+02      -4.842519744302e+02      -7.889717722693e-03      -4.491668548578e+02       6.106422691639e-03       6.106422691639e-03       9.685039488605e+02       1.165073146346e+00       1.024040107390e-02      -3.493725654197e-07      -5.825365945740e-01      -2.308567788001e-02      -5.825365731732e-01      -2.545437687600e-02 
       6.316847689635e-01      -7.748950021831e-03      -3.469446555471e+02      -4.868142523787e+02      -7.736044372232e-03      -4.515454076681e+02       5.987458366896e-03       5.987458366896e-03       9.736285047574e+02       1.171240424133e+00       1.004089141206e-02      -3.425516930236e-07      -5.856202330508e-01      -2.320108442502e-02      -5.856202120665e-01      -2.558808995098e-02 
       6.396448288827e-01      -7.597469815456e-03      -3.488219221533e+02      -4.893919815006e+02      -7.584816290235e-03      -4.539425164082e+02       5.870362964123e-03       5.870362964123e-03       9.787839630012e+02       1.177453449736e+00       9.844508251526e-03      -3.358229767516e-07      -5.887267454426e-01      -2.330991633368e-02      -5.887267248679e-01      -2.572167007529e-02 
       6.477354282875e-01      -7.448422664131e-03      -3.507234959001e+02      -4.919935845454e+02      -7.436017195884e-03      -4.563628839110e+02       5.755153151949e-03       5.755153151949e-03       9.839871690908e+02       1.183727115573e+00       9.651289000026e-03      -3.292025169505e-07      -5.918635779582e-01      -2.341934562218e-02      -5.918635577864e-01      -2.585648360458e-02 
       6.559602757945e-01      -7.301533540202e-03      -3.526189984230e+02      -4.946094327573e+02      -7.289372633387e-03      -4.587939854246e+02       5.641628724127e-03       5.641628724127e-03       9.892188655146e+02       1.190030195403e+00       9.460901859845e-03      -3.226926984269e-07      -5.950151174757e-01      -2.353590927238e-02      -5.950150977013e-01      -2.599293149217e-02 
       6.643232560598e-01      -7.156431442913e-03      -3.544788047924e+02      -4.972197102585e+02      -7.144512243111e-03      -4.612150717084e+02       5.529507317944e-03       5.529507317944e-03       9.944394205170e+02       1.196309439354e+00       9.272874696843e-03      -3.162807560080e-07      -5.981547390584e-01      -2.366085881562e-02      -5.981547196771e-01      -2.613019950851e-02 
       6.728284411997e-01      -7.013526846999e-03      -3.563369592143e+02      -4.998524841219e+02      -7.001845737643e-03      -4.636543221185e+02       5.419103948883e-03       5.419103948883e-03       9.997049682438e+02       1.202637889221e+00       9.087735114287e-03      -3.099771182778e-07      -6.013189636043e-01      -2.379212628911e-02      -6.013189446104e-01      -2.626935134989e-02 
       6.814801031383e-01      -6.872591359566e-03      -3.581924370977e+02      -5.024910597958e+02      -6.861145068916e-03      -4.660979131884e+02       5.310221571522e-03       5.310221571522e-03       1.004982119592e+03       1.208977621178e+00       8.905146034926e-03      -3.037610318464e-07      -6.044888292012e-01      -2.392425398203e-02      -6.044888105892e-01      -2.640884605453e-02 
       6.902827269736e-01      -6.733703798320e-03      -3.600651072202e+02      -5.051399416135e+02      -6.722488875456e-03      -4.685525685807e+02       5.202908031396e-03       5.202908031396e-03       1.010279883227e+03       1.215344623967e+00       8.725183491137e-03      -2.976269752148e-07      -6.076723302190e-01      -2.405294752366e-02      -6.076723119833e-01      -2.654833493133e-02 
       6.992410254616e-01      -6.597120468156e-03      -3.619821616167e+02      -5.078203977840e+02      -6.586132988734e-03      -4.710398546966e+02       5.097364431976e-03       5.097364431976e-03       1.015640795568e+03       1.221795077224e+00       8.548185732421e-03      -2.915832858343e-07      -6.108975564779e-01      -2.417703572480e-02      -6.108975386120e-01      -2.668869959833e-02 
       7.083599547303e-01      -6.462540981454e-03      -3.639213806907e+02      -5.105154615105e+02      -6.451777585820e-03      -4.735424863128e+02       4.993358789342e-03       4.993358789342e-03       1.021030923021e+03       1.228284060438e+00       8.373763747630e-03      -2.856224105812e-07      -6.141420477209e-01      -2.429867512012e-02      -6.141420302192e-01      -2.682941980915e-02 
       7.176447313498e-01      -6.329920344920e-03      -3.658738538577e+02      -5.132281033867e+02      -6.319377783830e-03      -4.760615336281e+02       4.890867633322e-03       4.890867633322e-03       1.026456206773e+03       1.234815607858e+00       8.201881817637e-03      -2.797496215178e-07      -6.174078210718e-01      -2.442171057537e-02      -6.174078039290e-01      -2.697115361440e-02 
       7.271008508973e-01      -6.199255507459e-03      -3.678354100618e+02      -5.159643640284e+02      -6.188930542135e-03      -4.786013043614e+02       4.789899325675e-03       4.789899325675e-03       1.031928728057e+03       1.241402220655e+00       8.032557426639e-03      -2.739691820752e-07      -6.207011271163e-01      -2.454872468018e-02      -6.207011103273e-01      -2.711452758123e-02 
       7.367341081734e-01      -6.070204219989e-03      -3.697798453913e+02      -5.186998796223e+02      -6.060094218407e-03      -4.811378489107e+02       4.690182872909e-03       4.690182872909e-03       1.037399759245e+03       1.247981052048e+00       7.865333999317e-03      -2.682668161488e-07      -6.239905424634e-01      -2.467965399764e-02      -6.239905260240e-01      -2.725834753578e-02 
       7.465506192458e-01      -5.943191247515e-03      -3.717497591996e+02      -5.214712745475e+02      -5.933292815940e-03      -4.837076593581e+02       4.592046169876e-03       4.592046169876e-03       1.042942549095e+03       1.254646770566e+00       7.700761324731e-03      -2.626563906907e-07      -6.273234013785e-01      -2.481334821871e-02      -6.273233852831e-01      -2.740422371253e-02 
       7.565568455175e-01      -5.817955395802e-03      -3.737335489876e+02      -5.242591928464e+02      -5.808265556448e-03      -4.862931170471e+02       4.495280415049e-03       4.495280415049e-03       1.048518385693e+03       1.261352792820e+00       7.538486995458e-03      -2.571221297844e-07      -6.306764121661e-01      -2.494638925736e-02      -6.306763964099e-01      -2.755076067872e-02 
       7.667596200406e-01      -5.694282553962e-03      -3.757187419903e+02      -5.270471360351e+02      -5.684798694298e-03      -4.888788095862e+02       4.399714913664e-03       4.399714913664e-03       1.054094272070e+03       1.268058394666e+00       7.378223059226e-03      -2.516534124790e-07      -6.340292127545e-01      -2.507733028083e-02      -6.340291973332e-01      -2.769697183189e-02 
       7.771661763261e-01      -5.572734124161e-03      -3.777580613339e+02      -5.298896714131e+02      -5.563452673952e-03      -4.915174649669e+02       4.305791111713e-03       4.305791111713e-03       1.059779342826e+03       1.274901345022e+00       7.220712296705e-03      -2.462758420108e-07      -6.374506876034e-01      -2.520884095852e-02      -6.374506725112e-01      -2.784585802571e-02 
       7.877841799308e-01      -5.452849977452e-03      -3.798101733484e+02      -5.327515364142e+02      -5.443768185794e-03      -4.941738993589e+02       4.213151468628e-03       4.213151468628e-03       1.065503072828e+03       1.281790084790e+00       7.065354455147e-03      -2.409730259886e-07      -6.408950571627e-01      -2.534208552262e-02      -6.408950423951e-01      -2.799586973945e-02 
       7.986217631414e-01      -5.334305363491e-03      -3.818443385737e+02      -5.356072572141e+02      -5.325421002894e-03      -4.968225613673e+02       4.121552175127e-03       4.121552175127e-03       1.071214514428e+03       1.288659376129e+00       6.911742973560e-03      -2.357316848190e-07      -6.443297025109e-01      -2.547621148757e-02      -6.443296880643e-01      -2.814564830343e-02 
       8.096875631153e-01      -5.217550081599e-03      -3.839075043366e+02      -5.385023034488e+02      -5.208860185171e-03      -4.995078486147e+02       4.031337409930e-03       4.031337409930e-03       1.077004606898e+03       1.295623923878e+00       6.760453944359e-03      -2.305713121206e-07      -6.478119760696e-01      -2.561352874361e-02      -6.478119619392e-01      -2.829770537860e-02 
       8.209907638875e-01      -5.102351081726e-03      -3.859840650134e+02      -5.414180002720e+02      -5.093853060220e-03      -5.022120883016e+02       3.942324631691e-03       3.942324631691e-03       1.082836000544e+03       1.302637522582e+00       6.611180453726e-03      -2.254797830837e-07      -6.513187751095e-01      -2.575188553777e-02      -6.513187612911e-01      -2.845084434573e-02 
       8.325411427102e-01      -4.988764904998e-03      -3.880864692141e+02      -5.443641187244e+02      -4.980456055839e-03      -5.049451817455e+02       3.854557975327e-03       3.854557975327e-03       1.088728237449e+03       1.309725921140e+00       6.463996664957e-03      -2.204580693964e-07      -6.548629740807e-01      -2.589045802183e-02      -6.548629605699e-01      -2.860542582590e-02 
       8.443491212515e-01      -4.876702280092e-03      -3.902095950563e+02      -5.473359003736e+02      -4.868580071624e-03      -5.077024507899e+02       3.767965370982e-03       3.767965370982e-03       1.094671800747e+03       1.316876464355e+00       6.318780713934e-03      -2.155030546202e-07      -6.584382453849e-01      -2.602984978671e-02      -6.584382321775e-01      -2.876130265086e-02 
       8.564258222607e-01      -4.766159114655e-03      -3.923558170368e+02      -5.503390794147e+02      -4.758221004009e-03      -5.104889525532e+02       3.682549481263e-03       3.682549481263e-03       1.100678158829e+03       1.324103223484e+00       6.175538952157e-03      -2.106151000074e-07      -6.620516246500e-01      -2.617034948668e-02      -6.620516117420e-01      -2.891878374273e-02 
       8.687831323856e-01      -4.657046415168e-03      -3.945181242069e+02      -5.533686844777e+02      -4.649290038400e-03      -5.132995458838e+02       3.598237822392e-03       3.598237822392e-03       1.106737368955e+03       1.331392238639e+00       6.034148616165e-03      -2.057916183896e-07      -6.656961319320e-01      -2.631319989960e-02      -6.656961193195e-01      -2.907779409577e-02 
       8.814337719335e-01      -4.549407793198e-03      -3.967069782008e+02      -5.564354579037e+02      -4.541830684736e-03      -5.161446236117e+02       3.515068361094e-03       3.515068361094e-03       1.112870915807e+03       1.338771227630e+00       5.894674762278e-03      -2.010335427788e-07      -6.693856261362e-01      -2.645774914884e-02      -6.693856138151e-01      -2.923875747817e-02 
       8.943913724798e-01      -4.443079064923e-03      -3.989092960842e+02      -5.595245113123e+02      -4.435679054835e-03      -5.190099982049e+02       3.432908734862e-03       3.432908734862e-03       1.119049022625e+03       1.346202406574e+00       5.756893638038e-03      -1.963335615599e-07      -6.731012153199e-01      -2.660364962893e-02      -6.731012032868e-01      -2.940090909698e-02 
       9.076705633606e-01      -4.338198644519e-03      -4.011478104985e+02      -5.626583492791e+02      -4.330973306105e-03      -5.219175667494e+02       3.351869827363e-03       3.351869827363e-03       1.125316698558e+03       1.353743294743e+00       5.620992471660e-03      -1.916969153836e-07      -6.768716591205e-01      -2.675084027060e-02      -6.768716473714e-01      -2.956532386394e-02 
       9.212870682466e-01      -4.234603151142e-03      -4.034071447812e+02      -5.658226291918e+02      -4.227550354192e-03      -5.248532379903e+02       3.271821921147e-03       3.271821921147e-03       1.131645258384e+03       1.361356673571e+00       5.486752599791e-03      -1.871172625917e-07      -6.806783482542e-01      -2.689973644772e-02      -6.806783367857e-01      -2.973136313683e-02 
       9.352578131720e-01      -4.132296715294e-03      -4.056923710424e+02      -5.690245541369e+02      -4.125414306064e-03      -5.278236837763e+02       3.192772003078e-03       3.192772003078e-03       1.138049108274e+03       1.369060591907e+00       5.354186969730e-03      -1.825947057193e-07      -6.845303071448e-01      -2.705028837043e-02      -6.845302959533e-01      -2.989935957718e-02 
       9.496010476076e-01      -4.031301630874e-03      -4.080121799930e+02      -5.722732217312e+02      -4.024587431528e-03      -5.308376798704e+02       3.114734915342e-03       3.114734915342e-03       1.144546443462e+03       1.376877341387e+00       5.223319698677e-03      -1.781305057859e-07      -6.884386816114e-01      -2.720346216953e-02      -6.884386706935e-01      -3.006987959014e-02 
       9.643364804132e-01      -3.931456479966e-03      -4.103515444841e+02      -5.755535773669e+02      -3.924908574450e-03      -5.338806055595e+02       3.037586590181e-03       3.037586590181e-03       1.151107154734e+03       1.384769130904e+00       5.093942940580e-03      -1.737171490633e-07      -6.923845760994e-01      -2.735804520789e-02      -6.923845654518e-01      -3.024202731278e-02 
       9.794854327925e-01      -3.833043345601e-03      -4.127573415963e+02      -5.789124622017e+02      -3.826659343888e-03      -5.369979705152e+02       2.961545385100e-03       2.961545385100e-03       1.157824924403e+03       1.392854097200e+00       4.966423008245e-03      -1.693668746379e-07      -6.964270589812e-01      -2.751606841114e-02      -6.964270486002e-01      -3.041833686853e-02 
       9.950710107137e-01      -3.735365951117e-03      -4.151351877090e+02      -5.822568696322e+02      -3.729144635645e-03      -5.400992123675e+02       2.886071609713e-03       2.886071609713e-03       1.164513739264e+03       1.400896951565e+00       4.839854297743e-03      -1.650494326589e-07      -7.004484858990e-01      -2.767363927772e-02      -7.004484757825e-01      -3.059378420544e-02 
       1.011118299649e+00      -3.639096561514e-03      -4.175900827956e+02      -5.856925285675e+02      -3.633035579940e-03      -5.432869308418e+02       2.811687305656e-03       2.811687305656e-03       1.171385057135e+03       1.409164418540e+00       4.715113109541e-03      -1.607941382208e-07      -7.045822191258e-01      -2.783531606025e-02      -7.045822092700e-01      -3.077408667033e-02 
       1.027654584949e+00      -3.543829389981e-03      -4.200689741241e+02      -5.891671560090e+02      -3.537927076864e-03      -5.465102176114e+02       2.738076999155e-03       2.738076999155e-03       1.178334312018e+03       1.417524002740e+00       4.591669771612e-03      -1.565833324651e-07      -7.087620109677e-01      -2.799900859668e-02      -7.087620013699e-01      -3.095643053209e-02 
       1.044709601705e+00      -3.449586244423e-03      -4.225823119993e+02      -5.926917181880e+02      -3.443840896903e-03      -5.497796470593e+02       2.665257545143e-03       2.665257545143e-03       1.185383436376e+03       1.426003120845e+00       4.469552551417e-03      -1.524178827971e-07      -7.130015697652e-01      -2.816515279412e-02      -7.130015604226e-01      -3.114139853744e-02 
       1.062315818564e+00      -3.356498639691e-03      -4.251603332683e+02      -5.962976334437e+02      -3.350908327455e-03      -5.531255602096e+02       2.593332024968e-03       2.593332024968e-03       1.192595266887e+03       1.434680846351e+00       4.348934789947e-03      -1.483033919766e-07      -7.173404322658e-01      -2.833486361762e-02      -7.173404231753e-01      -3.133064987828e-02 
       1.080508760706e+00      -3.264262411112e-03      -4.277606550291e+02      -5.999434224298e+02      -3.258825718285e-03      -5.565075235738e+02       2.522064236134e-03       2.522064236134e-03       1.199886844860e+03       1.443452001439e+00       4.229419995177e-03      -1.442266816401e-07      -7.217260095601e-01      -2.850654275917e-02      -7.217260007194e-01      -3.152196017193e-02 
       1.099327377988e+00      -3.172997234761e-03      -4.304118868209e+02      -6.036587502936e+02      -3.167712547591e-03      -5.599541942606e+02       2.451546297436e-03       2.451546297436e-03       1.207317500587e+03       1.452390811345e+00       4.111162535275e-03      -1.401930361575e-07      -7.261954142660e-01      -2.868171728276e-02      -7.261954056725e-01      -3.171695960481e-02 
       1.118814465254e+00      -3.082639784136e-03      -4.331124279920e+02      -6.074433559466e+02      -3.077505588707e-03      -5.634651139292e+02       2.381730228427e-03       2.381730228427e-03       1.214886711893e+03       1.461496348120e+00       3.994082256249e-03      -1.361995085049e-07      -7.307481824089e-01      -2.886003493289e-02      -7.307481740601e-01      -3.191557736677e-02 
       1.139017142838e+00      -2.993150255305e-03      -4.358645797348e+02      -6.113011072192e+02      -2.988165103919e-03      -5.670438006065e+02       2.312585317596e-03       2.312585317596e-03       1.222602214438e+03       1.470777760306e+00       3.878127669722e-03      -1.322443488151e-07      -7.353888882594e-01      -2.904167067561e-02      -7.353888801529e-01      -3.211801237897e-02 
       1.159987406523e+00      -2.904566484118e-03      -4.386867085362e+02      -6.152517223154e+02      -2.899728868949e-03      -5.707092031210e+02       2.244140286870e-03       2.244140286870e-03       1.230503444631e+03       1.480284048682e+00       3.763346775771e-03      -1.283292943728e-07      -7.401420322075e-01      -2.922776245940e-02      -7.401420243409e-01      -3.232536048382e-02 
       1.181782757508e+00      -2.816746818197e-03      -4.415620293238e+02      -6.192801041745e+02      -2.812055468045e-03      -5.744463973717e+02       2.176285574472e-03       2.176285574472e-03       1.238560208349e+03       1.489976461785e+00       3.649555805029e-03      -1.244481084796e-07      -7.449882385215e-01      -2.941760011511e-02      -7.449882308927e-01      -3.253678377535e-02 
       1.204466924296e+00      -2.729644951497e-03      -4.444918947479e+02      -6.233892664736e+02      -2.725098671426e-03      -5.782580571877e+02       2.108985551511e-03       2.108985551511e-03       1.246778532947e+03       1.499861977231e+00       3.536695057346e-03      -1.205987236269e-07      -7.499309960082e-01      -2.961127097155e-02      -7.499309886154e-01      -3.275242699038e-02 
       1.228110689814e+00      -2.643316870623e-03      -4.475007053685e+02      -6.276055038543e+02      -2.638914371773e-03      -5.821694372450e+02       2.042283573332e-03       2.042283573332e-03       1.255211007709e+03       1.510006131409e+00       3.424837270367e-03      -1.167835878960e-07      -7.550030728635e-01      -2.981001573575e-02      -7.550030657044e-01      -3.297371319840e-02 
       1.252792838276e+00      -2.557731357127e-03      -4.505959786514e+02      -6.319382783088e+02      -2.553471402442e-03      -5.861894323121e+02       1.976155534292e-03       1.976155534292e-03       1.263876556618e+03       1.520432001213e+00       3.313942024635e-03      -1.130013099797e-07      -7.602160075336e-01      -3.001426358980e-02      -7.602160006063e-01      -3.320114232985e-02 
       1.278601237189e+00      -2.472719952372e-03      -4.537524005439e+02      -6.363641616104e+02      -2.468601585405e-03      -5.902949946881e+02       1.910471305716e-03       1.910471305716e-03       1.272728323221e+03       1.531079817896e+00       3.203791107519e-03      -1.092444637115e-07      -7.655399156453e-01      -3.022285232974e-02      -7.655399089482e-01      -3.343341191000e-02 
       1.305634070045e+00      -2.388359052763e-03      -4.570018321833e+02      -6.409176202929e+02      -2.384381189849e-03      -5.945192089935e+02       1.845289874966e-03       1.845289874966e-03       1.281835240586e+03       1.542035382601e+00       3.094483426543e-03      -1.055164095018e-07      -7.710176977689e-01      -3.043745530519e-02      -7.710176913003e-01      -3.367239245761e-02 
       1.334001234132e+00      -2.304577586289e-03      -4.603417663894e+02      -6.455986325939e+02      -2.300739262357e-03      -5.988616742795e+02       1.780556301094e-03       1.780556301094e-03       1.291197265188e+03       1.553297644433e+00       2.985926838324e-03      -1.018140170521e-07      -7.766488284580e-01      -3.065807173497e-02      -7.766488222164e-01      -3.391806404665e-02 
       1.363825914699e+00      -2.221397016756e-03      -4.637933877551e+02      -6.504315876380e+02      -2.217697231728e-03      -6.033455938384e+02       1.716287023457e-03       1.716287023457e-03       1.300863175276e+03       1.564926724014e+00       2.878148864482e-03      -9.813824605394e-08      -7.824633680232e-01      -3.088594364977e-02      -7.824633620068e-01      -3.417174786730e-02 
       1.395246340115e+00      -2.138676796638e-03      -4.673332345288e+02      -6.553960602791e+02      -2.135114784945e-03      -6.079506614795e+02       1.652373413913e-03       1.652373413913e-03       1.310792120558e+03       1.576869925525e+00       2.770967327155e-03      -9.448291352418e-08      -7.884349685547e-01      -3.112010086680e-02      -7.884349627623e-01      -3.443230382506e-02 
       1.428417711027e+00      -2.056540197363e-03      -4.710114080481e+02      -6.605463108074e+02      -2.053114985804e-03      -6.127289532050e+02       1.588911082543e-03       1.588911082543e-03       1.321092621615e+03       1.589262484913e+00       2.664542680612e-03      -9.085339212582e-08      -7.946312480265e-01      -3.136297363488e-02      -7.946312424566e-01      -3.470264878402e-02 
       1.463514277278e+00      -1.974860830510e-03      -4.748054705733e+02      -6.658634347260e+02      -1.971571656445e-03      -6.176615641770e+02       1.525802392598e-03       1.525802392598e-03       1.331726869452e+03       1.602055385706e+00       2.558711195963e-03      -8.724411082031e-08      -8.010276982015e-01      -3.161359836886e-02      -8.010276928528e-01      -3.498171299873e-02 
       1.500731506377e+00      -1.893610686996e-03      -4.787176212715e+02      -6.713530399966e+02      -1.890456838219e-03      -6.227534213785e+02       1.463025045166e-03       1.463025045166e-03       1.342706079993e+03       1.615261073348e+00       2.453435265147e-03      -8.365392510401e-08      -8.076305418027e-01      -3.187261542450e-02      -8.076305366740e-01      -3.526982797642e-02 
       1.540288242703e+00      -1.812849829860e-03      -4.827766385437e+02      -6.770484108187e+02      -1.809830488820e-03      -6.280361704361e+02       1.400626349324e-03       1.400626349324e-03       1.354096821637e+03       1.628962093509e+00       2.348794516958e-03      -8.008534973389e-08      -8.144810516642e-01      -3.214106996791e-02      -8.144810467543e-01      -3.556870778919e-02 
       1.582428693406e+00      -1.732724694801e-03      -4.870422447916e+02      -6.830143473099e+02      -1.729838804657e-03      -6.335719859418e+02       1.338718612425e-03       1.338718612425e-03       1.366028694620e+03       1.643319260758e+00       2.244977017037e-03      -7.654495213034e-08      -8.216596350721e-01      -3.242261675842e-02      -8.216596303791e-01      -3.588193677137e-02 
       1.627423992086e+00      -1.653048294949e-03      -4.914480237721e+02      -6.891882587919e+02      -1.650295108244e-03      -6.392994791362e+02       1.277157779563e-03       1.277157779563e-03       1.378376517584e+03       1.658173566853e+00       2.141741325075e-03      -7.302444826648e-08      -8.290867879036e-01      -3.271393866429e-02      -8.290867834265e-01      -3.620601574083e-02 
       1.675572985692e+00      -1.573993013714e-03      -4.960489667309e+02      -6.956311482682e+02      -1.571371495419e-03      -6.452769931456e+02       1.216077098158e-03       1.216077098158e-03       1.391262296536e+03       1.673676379870e+00       2.039310911980e-03      -6.953143255049e-08      -8.368381941980e-01      -3.301794081049e-02      -8.368381899350e-01      -3.654423750977e-02 
       1.727201772779e+00      -1.495541329619e-03      -5.008154422586e+02      -7.023175818422e+02      -1.493050474613e-03      -6.514791785942e+02       1.155462927526e-03       1.155462927526e-03       1.404635163684e+03       1.689761886010e+00       1.937662869348e-03      -6.606515944039e-08      -8.448809470556e-01      -3.333343802744e-02      -8.448809430051e-01      -3.689518218653e-02 
       1.782661416417e+00      -1.417927861605e-03      -5.058110984574e+02      -7.093157177626e+02      -1.415566273686e-03      -6.579715590899e+02       1.095496553192e-03       1.095496553192e-03       1.418631435525e+03       1.706600045682e+00       1.837101211281e-03      -6.263596852703e-08      -8.533000266815e-01      -3.366370022557e-02      -8.533000228411e-01      -3.726254823847e-02 
       1.842323209855e+00      -1.341204726706e-03      -5.110020645496e+02      -7.165949359558e+02      -1.338970922616e-03      -6.647238917961e+02       1.036218311981e-03       1.036218311981e-03       1.433189871912e+03       1.724112472772e+00       1.737693603994e-03      -5.924616805187e-08      -8.620562400185e-01      -3.400716264364e-02      -8.620562363860e-01      -3.764462134630e-02 
       1.906570961143e+00      -1.265652911889e-03      -5.164411149021e+02      -7.242126484416e+02      -1.263544942166e-03      -6.717912413368e+02       9.778449742420e-04       9.778449742420e-04       1.448425296883e+03       1.742441727823e+00       1.639803458020e-03      -5.590820787868e-08      -8.712208673395e-01      -3.436692752274e-02      -8.712208639115e-01      -3.804455814933e-02 
       1.975790075473e+00      -1.191461783832e-03      -5.221172168921e+02      -7.321593535479e+02      -1.189477381284e-03      -6.791641433015e+02       9.205232589926e-04       9.205232589926e-04       1.464318707096e+03       1.761563597534e+00       1.543676949207e-03      -5.263039979008e-08      -8.807818019942e-01      -3.474214127071e-02      -8.807817987672e-01      -3.846177305625e-02 
       2.050353823144e+00      -1.118819496499e-03      -5.279872412791e+02      -7.403903872190e+02      -1.116956081733e-03      -6.867994430233e+02       8.643983392912e-04       8.643983392912e-04       1.480780774438e+03       1.781365992108e+00       1.449557463302e-03      -4.942108882826e-08      -8.906829990841e-01      -3.513081650344e-02      -8.906829960538e-01      -3.889385250996e-02 
       2.130608069751e+00      -1.048117957531e-03      -5.341057995373e+02      -7.489605894927e+02      -1.046372298573e-03      -6.947503803280e+02       8.097729590591e-04       8.097729590591e-04       1.497921178985e+03       1.801986952498e+00       1.357952674435e-03      -4.629758146607e-08      -9.009934790876e-01      -3.553570800975e-02      -9.009934762488e-01      -3.934381536943e-02 
       2.216856723667e+00      -9.795391949968e-04      -5.403810142635e+02      -7.577724998362e+02      -9.779077558647e-04      -7.029231296751e+02       7.567879238549e-04       7.567879238549e-04       1.515544999672e+03       1.823183307552e+00       1.269098762819e-03      -4.326791018347e-08      -9.115916564290e-01      -3.595190282044e-02      -9.115916537760e-01      -3.980633454484e-02 
       2.309350833013e+00      -9.135792720978e-04      -5.469369997795e+02      -7.669478761502e+02      -9.120576915833e-04      -7.114363337444e+02       7.058262711501e-04       7.058262711501e-04       1.533895752300e+03       1.845262547999e+00       1.183637993990e-03      -4.035398799627e-08      -9.226312764737e-01      -3.638563631804e-02      -9.226312739994e-01      -4.028814962794e-02 
       2.408284166381e+00      -8.503437315004e-04      -5.536326246900e+02      -7.763344390373e+02      -8.489274717898e-04      -7.201437632075e+02       6.569697145101e-04       6.569697145101e-04       1.552668878075e+03       1.867845610785e+00       1.101707453734e-03      -3.756047139804e-08      -9.339228076957e-01      -3.682932123139e-02      -9.339228053926e-01      -4.078096735972e-02 
       2.513796969118e+00      -7.901426785958e-04      -5.605076387103e+02      -7.859653918370e+02      -7.888266858220e-04      -7.290786740662e+02       6.104577382474e-04       6.104577382474e-04       1.571930783674e+03       1.891018644930e+00       1.023708713498e-03      -3.490105729054e-08      -9.455093246053e-01      -3.728476390146e-02      -9.455093224652e-01      -4.128668494647e-02 
       2.625987629569e+00      -7.331147550641e-04      -5.675132211133e+02      -7.957811115219e+02      -7.318937440054e-04      -7.381847958505e+02       5.663975254639e-04       5.663975254639e-04       1.591562223044e+03       1.914635829252e+00       9.498215370950e-04      -3.238185655355e-08      -9.573179166116e-01      -3.774898646151e-02      -9.573179146260e-01      -4.180210311671e-02 
       2.744929960642e+00      -6.793646938232e-04      -5.746269008244e+02      -8.057508152968e+02      -6.782332055979e-04      -7.474334945418e+02       5.248698453436e-04       5.248698453436e-04       1.611501630594e+03       1.938622690756e+00       8.801813232783e-04      -3.000750993393e-08      -9.693113472181e-01      -3.822080994087e-02      -9.693113453781e-01      -4.232563970355e-02 
       2.870692567079e+00      -6.288712632984e-04      -5.817622701200e+02      -8.157760032537e+02      -6.278238737284e-04      -7.567309295572e+02       4.858584001542e-04       4.858584001542e-04       1.631552006507e+03       1.962736036759e+00       8.147607760097e-04      -2.777706146811e-08      -9.813680200830e-01      -3.869527129924e-02      -9.813680183797e-01      -4.285195963213e-02 
       3.003356777944e+00      -5.817650344588e-04      -5.890919378696e+02      -8.260285307607e+02      -5.807961019474e-04      -7.662441661570e+02       4.494640152574e-04       4.494640152574e-04       1.652057061521e+03       1.987409134662e+00       7.537289578113e-04      -2.569625992384e-08      -9.937045689066e-01      -3.918086410284e-02      -9.937045673309e-01      -4.339051501962e-02 
       3.143030673842e+00      -5.377840931258e-04      -5.963770193925e+02      -8.362551703679e+02      -5.368884126637e-04      -7.757293965064e+02       4.154842912335e-04       4.154842912335e-04       1.672510340736e+03       2.012009553349e+00       6.967464394472e-04      -2.375355578754e-08      -1.006004778131e+00      -3.966540347367e-02      -1.006004776675e+00      -4.392754105472e-02 
       3.289858202671e+00      -4.969909997307e-04      -6.038637410678e+02      -8.467069096301e+02      -4.961632616839e-04      -7.854297166694e+02       3.839675885249e-04       3.839675885249e-04       1.693413819260e+03       2.037167907277e+00       6.438943280124e-04      -2.195168015212e-08      -1.018583954984e+00      -4.016104737394e-02      -1.018583953638e+00      -4.447676423343e-02 
       3.444023643325e+00      -4.590053113030e-04      -6.111870112271e+02      -8.570005602875e+02      -4.582408399742e-04      -7.949756410952e+02       3.546199539097e-04       3.546199539097e-04       1.714001120575e+03       2.061925837704e+00       5.946796694961e-04      -2.027385124113e-08      -1.030962920095e+00      -4.064922626069e-02      -1.030962918852e+00      -4.501731004684e-02 
       3.605752430110e+00      -4.238627744402e-04      -6.186553469628e+02      -8.674542686796e+02      -4.231568344738e-04      -8.046747638158e+02       3.274689795307e-04       3.274689795307e-04       1.734908537359e+03       2.087081121933e+00       5.491487265763e-04      -1.872162345914e-08      -1.043540562115e+00      -4.114551397031e-02      -1.043540560967e+00      -4.556657282234e-02 
       3.775309589662e+00      -3.913114572548e-04      -6.261301690472e+02      -8.779219576029e+02      -3.906597328719e-04      -8.143863228842e+02       3.023200307580e-04       3.023200307580e-04       1.755843915206e+03       2.112268716985e+00       5.069751081990e-04      -1.728387118901e-08      -1.056134359553e+00      -4.164278681433e-02      -1.056134358493e+00      -4.611659373023e-02 
       3.952996932004e+00      -3.611425545235e-04      -6.335161577623e+02      -8.883021566419e+02      -3.605410777412e-04      -8.240126840519e+02       2.790117774085e-04       2.790117774085e-04       1.776604313284e+03       2.137235401987e+00       4.678882684622e-04      -1.595137144377e-08      -1.068617701972e+00      -4.213613939298e-02      -1.068617700993e+00      -4.666185740338e-02 
       4.139149865523e+00      -3.333194544604e-04      -6.411010510071e+02      -8.988954968567e+02      -3.327643182605e-04      -8.338439272365e+02       2.575159068426e-04       2.575159068426e-04       1.797790993713e+03       2.162733501471e+00       4.318407198773e-04      -1.472249331287e-08      -1.081366751638e+00      -4.264032641601e-02      -1.081366750735e+00      -4.721877746084e-02 
       4.334134407024e+00      -3.075730252805e-04      -6.486421809179e+02      -9.094473860500e+02      -3.070607709404e-04      -8.436345492403e+02       2.376244905147e-04       2.376244905147e-04       1.818894772100e+03       2.188126281139e+00       3.984837763075e-04      -1.358535642152e-08      -1.094063141403e+00      -4.314297531100e-02      -1.094063140570e+00      -4.777347957186e-02 
       4.538344703503e+00      -2.837132830514e-04      -6.560060196048e+02      -9.198167299442e+02      -2.832407682070e-04      -8.532486392710e+02       2.191907576632e-04       2.191907576632e-04       1.839633459888e+03       2.213061307684e+00       3.675713131903e-04      -1.253156779951e-08      -1.106530654610e+00      -4.363717622004e-02      -1.106530653842e+00      -4.831827494798e-02 
       4.752201195312e+00      -2.616959106367e-04      -6.634566376843e+02      -9.302803065541e+02      -2.612600667197e-04      -8.629531334238e+02       2.021804517595e-04       2.021804517595e-04       1.860560613108e+03       2.238230899506e+00       3.390458783556e-04      -1.155916005636e-08      -1.119115450462e+00      -4.413651584141e-02      -1.119115449753e+00      -4.886826938015e-02 
       4.976149428769e+00      -2.412735280139e-04      -6.706137351782e+02      -9.404377935695e+02      -2.408716985668e-04      -8.723621954366e+02       1.864024433278e-04       1.864024433278e-04       1.880875587139e+03       2.262634316468e+00       3.125869548805e-04      -1.065721516109e-08      -1.131317158887e+00      -4.462155091062e-02      -1.131317158234e+00      -4.940165727791e-02 
       5.210659457381e+00      -2.225904043396e-04      -6.784408309250e+02      -9.513036305485e+02      -2.222196925672e-04      -8.824535284188e+02       1.719681631521e-04       1.719681631521e-04       1.902607261097e+03       2.288807283723e+00       2.883813971604e-04      -9.832083729788e-09      -1.144403642464e+00      -4.514197590533e-02      -1.144403641862e+00      -4.997375554307e-02 
       5.456225739813e+00      -2.052689779476e-04      -6.860178996186e+02      -9.619091283845e+02      -2.049271159163e-04      -8.922935289663e+02       1.585859371688e-04       1.585859371688e-04       1.923818256769e+03       2.314328483940e+00       2.659400903105e-04      -9.067106656601e-09      -1.157164242526e+00      -4.565046098975e-02      -1.157164241970e+00      -5.053176162760e-02 
       5.713367436630e+00      -1.892626898150e-04      -6.935476954438e+02      -9.724677732798e+02      -1.889474870872e-04      -9.020879497607e+02       1.462197915214e-04       1.462197915214e-04       1.944935546560e+03       2.339731603553e+00       2.452027070261e-04      -8.360220793175e-09      -1.169865802289e+00      -4.615747471757e-02      -1.169865801777e+00      -5.108731935276e-02 
       5.982629016144e+00      -1.744880416611e-04      -7.010966550095e+02      -9.830494746206e+02      -1.741974469305e-04      -9.119041740797e+02       1.348052004480e-04       1.348052004480e-04       1.966098949241e+03       2.365191330528e+00       2.260610355941e-04      -7.707737513913e-09      -1.182595665736e+00      -4.666662865354e-02      -1.182595665264e+00      -5.164426800939e-02 
       6.264581095054e+00      -1.608633224745e-04      -7.087290391068e+02      -9.937223623212e+02      -1.605954204705e-04      -9.218077959536e+02       1.242790412376e-04       1.242790412376e-04       1.987444724642e+03       2.390877874844e+00       2.084092243565e-04      -7.106044923349e-09      -1.195438937858e+00      -4.718127532191e-02      -1.195438937422e+00      -5.220632327489e-02 
       6.559821456700e+00      -1.482552882526e-04      -7.161744344596e+02      -1.004199640656e+03      -1.480083856481e-04      -9.315227091030e+02       1.145383696333e-04       1.145383696333e-04       2.008399281311e+03       2.416075124236e+00       1.920746403319e-04      -6.549260267296e-09      -1.208037562520e+00      -4.768750862958e-02      -1.208037562118e+00      -5.275788253287e-02 
       6.868976205922e+00      -1.366437881436e-04      -7.237744164097e+02      -1.014843558525e+03      -1.364162251857e-04      -9.413976635842e+02       1.055676077236e-04       1.055676077236e-04       2.029687117051e+03       2.441687571512e+00       1.770311570302e-04      -6.036489874259e-09      -1.220843786126e+00      -4.820323079045e-02      -1.220843785756e+00      -5.331870398630e-02 
       7.192701032936e+00      -1.259015637402e-04      -7.311782660229e+02      -1.025281715740e+03      -1.256918926033e-04      -9.510742017852e+02       9.726844453923e-05       9.726844453923e-05       2.050563431480e+03       2.466785594551e+00       1.631139141457e-04      -5.562114605796e-09      -1.233392797617e+00      -4.871027210113e-02      -1.233392797276e+00      -5.386851529322e-02 
       7.531682569088e+00      -1.159982739529e-04      -7.386323756286e+02      -1.035775862697e+03      -1.158050973656e-04      -9.608042560582e+02       8.961743091430e-05       8.961743091430e-05       2.071551725394e+03       2.492022575627e+00       1.502835859898e-04      -5.124792424890e-09      -1.246011288127e+00      -4.922165677489e-02      -1.246011287813e+00      -5.442160321349e-02 
       7.886639824861e+00      -1.069026217375e-04      -7.464362588525e+02      -1.046644331954e+03      -1.067245945655e-04      -9.708941970297e+02       8.259038250882e-05       8.259038250882e-05       2.093288663909e+03       2.518193110664e+00       1.384996151177e-04      -4.723139632948e-09      -1.259096555622e+00      -4.975321164533e-02      -1.259096555332e+00      -5.499534040735e-02 
       8.258325705669e+00      -9.848952815315e-05      -7.540431652315e+02      -1.057306400360e+03      -9.832551356528e-05      -9.807850685709e+02       7.609067167717e-05       7.609067167717e-05       2.114612800721e+03       2.543847555203e+00       1.275999639054e-04      -4.351633951317e-09      -1.271923777868e+00      -5.027658812364e-02      -1.271923777602e+00      -5.555811210700e-02 
       8.647528604335e+00      -9.073775783603e-05      -7.617378036475e+02      -1.068065049155e+03      -9.058665436993e-05      -9.907684116855e+02       7.010188947383e-05       7.010188947383e-05       2.136130098310e+03       2.569742077307e+00       1.175571144665e-04      -4.009335828020e-09      -1.284871038899e+00      -5.080685627079e-02      -1.284871038653e+00      -5.612645211215e-02 
       9.055074071264e+00      -8.356465724174e-05      -7.691627743538e+02      -1.078538557065e+03      -8.342550109272e-05      -1.000477117200e+03       6.456017989035e-05       6.456017989035e-05       2.157077114130e+03       2.594924564036e+00       1.082639837611e-04      -3.692595355961e-09      -1.297462282244e+00      -5.132548546930e-02      -1.297462282018e+00      -5.667960953070e-02 
       9.481826564591e+00      -7.697547498800e-05      -7.768937360027e+02      -1.089341757210e+03      -7.684729363506e-05      -1.010502482706e+03       5.946959166398e-05       5.946959166398e-05       2.178683514420e+03       2.620928582930e+00       9.972735929209e-05      -3.401643234068e-09      -1.310464291673e+00      -5.186301643238e-02      -1.310464291465e+00      -5.725111277935e-02 
       9.928691283402e+00      -7.088889016883e-05      -7.844827654986e+02      -1.099996120976e+03      -7.077084650985e-05      -1.020384315135e+03       5.476730184759e-05       5.476730184759e-05       2.199992241953e+03       2.646560653341e+00       9.184189154097e-05      -3.132888112894e-09      -1.323280326863e+00      -5.239613877463e-02      -1.323280326671e+00      -5.781493803041e-02 
       1.039661608762e+01      -6.523588202741e-05      -7.914321318857e+02      -1.109968721036e+03      -6.512725389183e-05      -1.029610276946e+03       5.039998879794e-05       5.039998879794e-05       2.219937442072e+03       2.670492046958e+00       8.451816368081e-05      -2.883281016358e-09      -1.335246023655e+00      -5.289879806144e-02      -1.335246023479e+00      -5.834209687173e-02 
       1.088659350847e+01      -6.007786704721e-05      -7.992035757608e+02      -1.120824241538e+03      -5.997783004409e-05      -1.039684660451e+03       4.641509111070e-05       4.641509111070e-05       2.241648483077e+03       2.696624221063e+00       7.783572433901e-05      -2.655534765786e-09      -1.348312110694e+00      -5.344863596879e-02      -1.348312110531e+00      -5.891787859522e-02 
       1.139966285374e+01      -5.533080605875e-05      -8.071255375353e+02      -1.131844846790e+03      -5.523867573547e-05      -1.049917190706e+03       4.274768664900e-05       4.274768664900e-05       2.263689693580e+03       2.723166972360e+00       7.168570405218e-05      -2.445937811944e-09      -1.361583486330e+00      -5.401062101517e-02      -1.361583486180e+00      -5.950323781613e-02 
       1.193691241231e+01      -5.093986962284e-05      -8.147598927661e+02      -1.142560614250e+03      -5.085505282473e-05      -1.059856217312e+03       3.935541733373e-05       3.935541733373e-05       2.285121228499e+03       2.748948977483e+00       6.599707119931e-05      -2.252067901407e-09      -1.374474488880e+00      -5.456188970729e-02      -1.374474488742e+00      -6.007263598473e-02 
       1.249948176251e+01      -4.689217781841e-05      -8.223677361780e+02      -1.153251500807e+03      -4.681410285672e-05      -1.069770823975e+03       3.622833034305e-05       3.622833034305e-05       2.306503001615e+03       2.774668155939e+00       6.075313475197e-05      -2.073356356985e-09      -1.387334078096e+00      -5.511675434239e-02      -1.387334077970e+00      -6.064139430045e-02 
       1.308856418936e+01      -4.316288619837e-05      -8.299843673557e+02      -1.163955816104e+03      -4.309102276760e-05      -1.079697766890e+03       3.334723060661e-05       3.334723060661e-05       2.327911632208e+03       2.800419874708e+00       5.592170533664e-05      -1.908705978098e-09      -1.400209937471e+00      -5.567763878058e-02      -1.400209937354e+00      -6.121167719068e-02 
       1.370540921568e+01      -3.971927751295e-05      -8.373982139680e+02      -1.174445725658e+03      -3.965314978894e-05      -1.089418199714e+03       3.068684188576e-05       3.068684188576e-05       2.348891451317e+03       2.825636595184e+00       5.146039616929e-05      -1.756671238894e-09      -1.412818297700e+00      -5.623375706862e-02      -1.412818297592e+00      -6.177115472849e-02 
       1.435132525246e+01      -3.654081717940e-05      -8.446147731806e+02      -1.184727736522e+03      -3.647998353579e-05      -1.098938289444e+03       2.823129982719e-05       2.823129982719e-05       2.369455473045e+03       2.850334397670e+00       4.734260364036e-05      -1.616345004137e-09      -1.425167198934e+00      -5.678595604575e-02      -1.425167198835e+00      -6.232025819188e-02 
       1.502768237421e+01      -3.362530502149e-05      -8.521830781291e+02      -1.195392646149e+03      -3.356932752468e-05      -1.108825588291e+03       2.597890298889e-05       2.597890298889e-05       2.390785292299e+03       2.875985333795e+00       4.356547398744e-05      -1.487631629255e-09      -1.437992666988e+00      -5.736442932004e-02      -1.437992666897e+00      -6.289130397597e-02 
       1.573591522508e+01      -3.096675812104e-05      -8.606842917251e+02      -1.207067913447e+03      -3.091520882387e-05      -1.119682570993e+03       2.392502973499e-05       2.392502973499e-05       2.414135826894e+03       2.904152140728e+00       4.012125717229e-05      -1.370268763927e-09      -1.452076070448e+00      -5.800145152875e-02      -1.452076070364e+00      -6.351863277028e-02 
       1.647752606189e+01      -2.847989170922e-05      -8.678101097974e+02      -1.217265441154e+03      -2.843248461253e-05      -1.129119632688e+03       2.200379177719e-05       2.200379177719e-05       2.434530882307e+03       2.928637073038e+00       3.689946232430e-05      -1.260483037401e-09      -1.464318536596e+00      -5.857328733850e-02      -1.464318536519e+00      -6.406669646580e-02 
       1.725408794066e+01      -2.620310328116e-05      -8.754434650974e+02      -1.228016553909e+03      -2.615948851403e-05      -1.139087441773e+03       2.024485316162e-05       2.024485316162e-05       2.456033107819e+03       2.954499591660e+00       3.394983413016e-05      -1.159975869964e-09      -1.477249795901e+00      -5.918258061907e-02      -1.477249795830e+00      -6.464639559138e-02 
       1.806724805324e+01      -2.407815450312e-05      -8.817714876488e+02      -1.237362859708e+03      -2.403807911471e-05      -1.147705742219e+03       1.860321996690e-05       1.860321996690e-05       2.474725719416e+03       2.976862983618e+00       3.119692010098e-05      -1.066169125533e-09      -1.488431491874e+00      -5.973166846518e-02      -1.488431491809e+00      -6.515102811886e-02 
       1.891873122127e+01      -2.218986658441e-05      -8.913965202725e+02      -1.250281889145e+03      -2.215293654572e-05      -1.159752657555e+03       1.714442572880e-05       1.714442572880e-05       2.500563778290e+03       3.008120515257e+00       2.875061727565e-05      -9.828249612738e-10      -1.504060257689e+00      -6.047311606477e-02      -1.504060257629e+00      -6.585241951557e-02 
       1.981034355469e+01      -2.039729404765e-05      -8.982495739959e+02      -1.260207940203e+03      -2.036334982392e-05      -1.168925794599e+03       1.575957523400e-05       1.575957523400e-05       2.520415880405e+03       3.031925580785e+00       2.642831297386e-05      -9.036972878518e-10      -1.515962790448e+00      -6.107628858878e-02      -1.515962790393e+00      -6.639241234252e-02 
       2.074397628281e+01      -1.877055488247e-05      -9.064372722988e+02      -1.271588502165e+03      -1.873932032763e-05      -1.179493609361e+03       1.450284338307e-05       1.450284338307e-05       2.543177004330e+03       3.059349634877e+00       2.432085665218e-05      -8.318975969380e-10      -1.529674817489e+00      -6.176780885208e-02      -1.529674817439e+00      -6.701399098417e-02 
       2.172160976582e+01      -1.724933112579e-05      -9.131074100100e+02      -1.281331864173e+03      -1.722063043576e-05      -1.188489237173e+03       1.332762662080e-05       1.332762662080e-05       2.562663728346e+03       3.082697399538e+00       2.235009560580e-05      -7.647512508187e-10      -1.541348699816e+00      -6.239168805683e-02      -1.541348699769e+00      -6.754849885349e-02 
       2.274531769542e+01      -1.587584421696e-05      -9.216109918448e+02      -1.293075029004e+03      -1.584943140726e-05      -1.199402165730e+03       1.226654883066e-05       1.226654883066e-05       2.586150058008e+03       3.111020162367e+00       2.057073978695e-05      -7.041359643377e-10      -1.555510081226e+00      -6.313563823704e-02      -1.555510081183e+00      -6.819495326725e-02 
       2.381727149336e+01      -1.458084906111e-05      -9.277504253779e+02      -1.302259468346e+03      -1.455659330127e-05      -1.207859136353e+03       1.126610646831e-05       1.126610646831e-05       2.604518936691e+03       3.132974503872e+00       1.889306459240e-05      -6.469769410077e-10      -1.566487251975e+00      -6.376723483551e-02      -1.566487251936e+00      -6.870436549832e-02 
       2.493974491737e+01      -1.339300375264e-05      -9.340729321784e+02      -1.311652757884e+03      -1.337072658837e-05      -1.216515056925e+03       1.034844391050e-05       1.034844391050e-05       2.623305515768e+03       3.155447026916e+00       1.735420615807e-05      -5.945499425807e-10      -1.577723513494e+00      -6.443031409567e-02      -1.577723513458e+00      -6.922831029149e-02 
       2.611511888409e+01      -1.234594179357e-05      -9.446480819683e+02      -1.325685455027e+03      -1.232540892197e-05      -1.229618859969e+03       9.539554120118e-06       9.539554120118e-06       2.651370910055e+03       3.189459676129e+00       1.599775599642e-05      -5.483575520896e-10      -1.594729838098e+00      -6.535884330730e-02      -1.594729838065e+00      -7.000995060717e-02 
       2.734588651927e+01      -1.133655610157e-05      -9.507267903103e+02      -1.334837660941e+03      -1.131770458374e-05      -1.238040163310e+03       8.759761727160e-06       8.759761727160e-06       2.669675321881e+03       3.211328757654e+00       1.469009729722e-05      -5.038096318120e-10      -1.605664378858e+00      -6.605884350687e-02      -1.605664378827e+00      -7.052811033533e-02 
       2.863465844609e+01      -1.040650814574e-05      -9.564876022400e+02      -1.343655782114e+03      -1.038920582820e-05      -1.246139391476e+03       8.041261447409e-06       8.041261447409e-06       2.687311564227e+03       3.232365212222e+00       1.348522142842e-05      -4.627634385948e-10      -1.616182606139e+00      -6.676887670316e-02      -1.616182606111e+00      -7.103209507787e-02 
       2.998416832259e+01      -9.581324607429e-06      -9.658758644776e+02      -1.356446364772e+03      -9.565396985798e-06      -1.258044973085e+03       7.403783715549e-06       7.403783715549e-06       2.712892729544e+03       3.263279011478e+00       1.241621817679e-05      -4.263635671258e-10      -1.631639505765e+00      -6.772131307629e-02      -1.631639505739e+00      -7.175894583156e-02 
       3.139727864015e+01      -8.811545269796e-06      -9.739793464469e+02      -1.367854969904e+03      -8.796900012493e-06      -1.268622875924e+03       6.809105975466e-06       6.809105975466e-06       2.735709939808e+03       3.290752443260e+00       1.141898694121e-05      -3.924045238029e-10      -1.645376221654e+00      -6.863622129075e-02      -1.645376221630e+00      -7.241527025156e-02 
       3.287698679520e+01      -8.086311745143e-06      -9.795474147245e+02      -1.376512243916e+03      -8.072874553988e-06      -1.276560973810e+03       6.248835856125e-06       6.248835856125e-06       2.753024487832e+03       3.311381617452e+00       1.047945306823e-05      -3.604010644913e-10      -1.655690808748e+00      -6.944112075214e-02      -1.655690808726e+00      -7.292593866521e-02 
       3.442643144715e+01      -7.442998489908e-06      -9.888212297171e+02      -1.389243986660e+03      -7.430633077770e-06      -1.288400897468e+03       5.751863490242e-06       5.751863490242e-06       2.778487973321e+03       3.342137676714e+00       9.646068706399e-06      -3.320315196834e-10      -1.671068838377e+00      -7.051007466927e-02      -1.671068838357e+00      -7.366745397010e-02 
       3.604889917583e+01      -6.830850677674e-06      -9.945621124781e+02      -1.398132024096e+03      -6.819504990638e-06      -1.296554316770e+03       5.278958710125e-06       5.278958710125e-06       2.796264048191e+03       3.363334567163e+00       8.853041168700e-06      -3.050220998569e-10      -1.681667283600e+00      -7.141546778450e-02      -1.681667283581e+00      -7.420403505648e-02 
       3.774783145282e+01      -6.277004539259e-06      -1.001912861240e+03      -1.408810467797e+03      -6.266581540724e-06      -1.306419449929e+03       4.851099528955e-06       4.851099528955e-06       2.817620935594e+03       3.388977659472e+00       8.135553669466e-06      -2.805943047958e-10      -1.694488829753e+00      -7.247093086487e-02      -1.694488829736e+00      -7.484713676382e-02 
       3.952683194126e+01      -5.775771389094e-06      -1.010991855405e+03      -1.421412593450e+03      -5.766183522264e-06      -1.318123492201e+03       4.463891658075e-06       4.463891658075e-06       2.842825186900e+03       3.419397998464e+00       7.486237432842e-06      -2.584976273970e-10      -1.709698999248e+00      -7.369287899747e-02      -1.709698999232e+00      -7.560548358344e-02 
       4.138967413970e+01      -5.317284728080e-06      -1.020791667751e+03      -1.434846635444e+03      -5.308460827074e-06      -1.330618728213e+03       4.109709972697e-06       4.109709972697e-06       2.869693270888e+03       3.451878244508e+00       6.892304736319e-06      -2.382918626340e-10      -1.725939122268e+00      -7.502865941490e-02      -1.725939122254e+00      -7.641988766058e-02 
       4.334030938621e+01      -4.877071816272e-06      -1.025957644760e+03      -1.443220072644e+03      -4.868981253481e-06      -1.338263020078e+03       3.769632534171e-06       3.769632534171e-06       2.886440145288e+03       3.471778964355e+00       6.322019753040e-06      -2.188715047638e-10      -1.735889482191e+00      -7.614366642600e-02      -1.735889482178e+00      -7.696376801106e-02 
       4.538287523966e+01      -4.473015491863e-06      -1.031061947219e+03      -1.451559413589e+03      -4.465598045112e-06      -1.345869974589e+03       3.457487677405e-06       3.457487677405e-06       2.903118827179e+03       3.491590286469e+00       5.798575841913e-06      -2.010473265190e-10      -1.745795143247e+00      -7.732960981947e-02      -1.745795143234e+00      -7.751670126623e-02 
       4.752170425608e+01      -4.113110317796e-06      -1.039520119034e+03      -1.463638169988e+03      -4.106292591238e-06      -1.357050694068e+03       3.179461749478e-06       3.179461749478e-06       2.927276339976e+03       3.520684161862e+00       5.332350349788e-06      -1.851882844100e-10      -1.760342080942e+00      -7.882094500425e-02      -1.760342080931e+00      -7.829082446543e-02 
       4.976133317857e+01      -3.781844278362e-06      -1.047926031014e+03      -1.475707719489e+03      -3.775578570966e-06      -1.368215890410e+03       2.923560996622e-06       2.923560996622e-06       2.951415438978e+03       3.549747903601e+00       4.903227349360e-06      -1.705936505370e-10      -1.774873951811e+00      -8.040815769596e-02      -1.774873951800e+00      -7.907889303692e-02 
       5.210651256035e+01      -3.471827102678e-06      -1.054345556057e+03      -1.485636181689e+03      -3.466077941881e-06      -1.377324752695e+03       2.684070245631e-06       2.684070245631e-06       2.971272363378e+03       3.573485789719e+00       4.501621004835e-06      -1.569279745446e-10      -1.786742894869e+00      -8.196780679559e-02      -1.786742894859e+00      -7.976240514629e-02 
       5.456221684132e+01      -3.199441852778e-06      -1.065804453183e+03      -1.501206354858e+03      -3.194146770889e-06      -1.391822249532e+03       2.473667342126e-06       2.473667342126e-06       3.002412709716e+03       3.611222081169e+00       4.148797990723e-06      -1.449535940166e-10      -1.805611040593e+00      -8.399915913245e-02      -1.805611040585e+00      -8.078116883624e-02 
       5.713365489949e+01      -2.927021250924e-06      -1.067728422539e+03      -1.506270938971e+03      -2.922179912377e-06      -1.396262347779e+03       2.263208380093e-06       2.263208380093e-06       3.012541877943e+03       3.622866252484e+00       3.795871781417e-06      -1.329210373893e-10      -1.811433126250e+00      -8.548417306383e-02      -1.811433126242e+00      -8.122543551458e-02 
       5.982628109974e+01      -2.685167437039e-06      -1.073266100790e+03      -1.515404448159e+03      -2.680729082572e-06      -1.404585668940e+03       2.076374770787e-06       2.076374770787e-06       3.030808896318e+03       3.644603544845e+00       3.482567270365e-06      -1.222611124836e-10      -1.822301772430e+00      -8.736202888054e-02      -1.822301772422e+00      -8.191940772467e-02 
       6.264580686326e+01      -2.452767988099e-06      -1.073126657508e+03      -1.518285832584e+03      -2.448716636950e-06      -1.406923187589e+03       1.896827737492e-06       1.896827737492e-06       3.036571665167e+03       3.650815271379e+00       3.181476315273e-06      -1.119918273369e-10      -1.825407635696e+00      -8.895794656586e-02      -1.825407635689e+00      -8.227806923612e-02 
       6.559821278220e+01      -2.261280177023e-06      -1.085238446874e+03      -1.534897921892e+03      -2.257548198233e-06      -1.422373413353e+03       1.748924750607e-06       1.748924750607e-06       3.069795843783e+03       3.691088072912e+00       2.933462451256e-06      -1.035871334969e-10      -1.845544036462e+00      -9.165791577421e-02      -1.845544036456e+00      -8.344585326532e-02 
       6.868976130536e+01      -2.074567395508e-06      -1.090856592555e+03      -1.544363719940e+03      -2.071146568402e-06      -1.430981057354e+03       1.604690847635e-06       1.604690847635e-06       3.088727439881e+03       3.713614268198e+00       2.691595052834e-06      -9.536263941105e-11      -1.856807134105e+00      -9.404691285911e-02      -1.856807134099e+00      -8.423206846953e-02 
       7.192701002165e+01      -1.914445849903e-06      -1.104369205051e+03      -1.562778226584e+03      -1.911292214446e-06      -1.448120885331e+03       1.481024695047e-06       1.481024695047e-06       3.125556453167e+03       3.758320036398e+00       2.484226336199e-06      -8.835351396881e-11      -1.879160018204e+00      -9.730035470917e-02      -1.879160018199e+00      -8.556718825339e-02 
       7.531682556961e+01      -1.748086026493e-06      -1.103573220124e+03      -1.565263491518e+03      -1.745209381588e-06      -1.450033795160e+03       1.352494783519e-06       1.352494783519e-06       3.130526983037e+03       3.763502692473e+00       2.268687221404e-06      -8.099399333987e-11      -1.881751346241e+00      -9.958545898104e-02      -1.881751346237e+00      -8.601077820749e-02 
       7.886639820251e+01      -1.608724773076e-06      -1.113358821854e+03      -1.579758044935e+03      -1.606080591956e-06      -1.463395041235e+03       1.244855791879e-06       1.244855791879e-06       3.159516089869e+03       3.798446270320e+00       2.088191435569e-06      -7.488073474479e-11      -1.899223135164e+00      -1.030304048657e-01      -1.899223135160e+00      -8.719088465791e-02 
       8.258325703979e+01      -1.487144918891e-06      -1.129343930095e+03      -1.601417997222e+03      -1.484703844979e-06      -1.483569563469e+03       1.150973620011e-06       1.150973620011e-06       3.202835994443e+03       3.851123637988e+00       1.930771278608e-06      -6.958333890133e-11      -1.925561818998e+00      -1.073581790907e-01      -1.925561818994e+00      -8.883888243546e-02 
       8.647528603739e+01      -1.364508918780e-06      -1.135048806805e+03      -1.611649235650e+03      -1.362272287487e-06      -1.492817084467e+03       1.056243478470e-06       1.056243478470e-06       3.223298471299e+03       3.875445482313e+00       1.771918884926e-06      -6.418952814639e-11      -1.937722741160e+00      -1.110707181960e-01      -1.937722741157e+00      -8.985929242776e-02 
       9.055074071062e+01      -1.250143473154e-06      -1.138660581522e+03      -1.619665616487e+03      -1.248097425517e-06      -1.499931572403e+03       9.678964086811e-07       9.678964086811e-07       3.239331232975e+03       3.894257526295e+00       1.623768460863e-06      -5.915145475985e-11      -1.947128763151e+00      -1.149114669196e-01      -1.947128763148e+00      -9.079525887756e-02 
       9.481826564525e+01      -1.146248831931e-06      -1.143271673285e+03      -1.628996125174e+03      -1.144375972644e-06      -1.508274571931e+03       8.876419680698e-07       8.876419680698e-07       3.257992250349e+03       3.916298769496e+00       1.489189942878e-06      -5.458063925858e-11      -1.958149384751e+00      -1.192152167857e-01      -1.958149384748e+00      -9.186217693922e-02 
       9.928691283381e+01      -1.064408208633e-06      -1.165608500112e+03      -1.658834614410e+03      -1.062672544764e-06      -1.536115029847e+03       8.244819308810e-07       8.244819308810e-07       3.317669228821e+03       3.989079306821e+00       1.383295725485e-06      -5.106802463441e-11      -1.994539653413e+00      -1.258960939210e-01      -1.994539653410e+00      -9.424528608438e-02 
       1.039661608761e+02      -9.692872345550e-07      -1.160425367786e+03      -1.657403520683e+03      -9.677097463548e-07      -1.534151423294e+03       7.509752345676e-07       7.509752345676e-07       3.314807041367e+03       3.984410909289e+00       1.260023032475e-06      -4.683867076139e-11      -1.992205454647e+00      -1.300038295643e-01      -1.992205454645e+00      -9.477909784287e-02 
       1.088659350846e+02      -8.827008596837e-07      -1.155213427364e+03      -1.656090412900e+03      -8.812673347826e-07      -1.532280003060e+03       6.840620608644e-07       6.840620608644e-07       3.312180825800e+03       3.980017816651e+00       1.147807287973e-06      -4.298694194016e-11      -1.990008908328e+00      -1.344893650633e-01      -1.990008908326e+00      -9.537528763966e-02 
       1.139966285374e+02      -8.168032361970e-07      -1.172341257121e+03      -1.680890284031e+03      -8.154801490912e-07      -1.555199624110e+03       6.332037733775e-07       6.332037733775e-07       3.361780568062e+03       4.040178800682e+00       1.062537509431e-06      -4.015526436076e-11      -2.020089400343e+00      -1.422931490641e-01      -2.020089400341e+00      -9.769051665986e-02 
       1.193691241231e+02      -7.422522963791e-07      -1.163818985444e+03      -1.676198262725e+03      -7.410529978295e-07      -1.550056215067e+03       5.755787872057e-07       5.755787872057e-07       3.352396525449e+03       4.027368944168e+00       9.658943249111e-07      -3.681964114091e-11      -2.013684472086e+00      -1.473607255777e-01      -2.013684472084e+00      -9.821616946528e-02 
       1.249948176251e+02      -6.788477149246e-07      -1.164187741685e+03      -1.682116358164e+03      -6.777540147502e-07      -1.554957379333e+03       5.265938686955e-07       5.265938686955e-07       3.364232716327e+03       4.040757267176e+00       8.837492336675e-07      -3.401936713990e-11      -2.020378633590e+00      -1.541811959152e-01      -2.020378633588e+00      -9.950095914638e-02 
       1.308856418936e+02      -6.246539809073e-07      -1.172934473241e+03      -1.698253972847e+03      -6.236508925040e-07      -1.569504955473e+03       4.847524080663e-07       4.847524080663e-07       3.396507945694e+03       4.079339176202e+00       8.135920929760e-07      -3.166626497518e-11      -2.039669588103e+00      -1.629553667276e-01      -2.039669588101e+00      -1.015563475791e-01 
       1.370540921568e+02      -5.680019672128e-07      -1.164827209402e+03      -1.694817520282e+03      -5.670928885344e-07      -1.565452829184e+03       4.409580171207e-07       4.409580171207e-07       3.389635040563e+03       4.069538113278e+00       7.401428120821e-07      -2.912515801780e-11      -2.034769056641e+00      -1.698502158768e-01      -2.034769056639e+00      -1.024153126937e-01 
       1.435132525246e+02      -5.304028758413e-07      -1.193887471800e+03      -1.736209212952e+03      -5.295576313089e-07      -1.603778676760e+03       4.120042188340e-07       4.120042188340e-07       3.472418425904e+03       4.170285463483e+00       6.916190298186e-07      -2.760429583357e-11      -2.085142731743e+00      -1.838872618255e-01      -2.085142731741e+00      -1.064390836104e-01 
       1.502768237421e+02      -4.869667314644e-07      -1.198818937866e+03      -1.749425827458e+03      -4.861940441538e-07      -1.615351971697e+03       3.784638149107e-07       3.784638149107e-07       3.498851654916e+03       4.201415160201e+00       6.353791187640e-07      -2.571105333541e-11      -2.100707580102e+00      -1.949774853550e-01      -2.100707580101e+00      -1.087045991976e-01 
       1.573591522508e+02      -4.432232712572e-07      -1.191163325227e+03      -1.747898285493e+03      -4.425231342930e-07      -1.612931582171e+03       3.446458932607e-07       3.446458932607e-07       3.495796570987e+03       4.196135794230e+00       5.786610029322e-07      -2.374416345962e-11      -2.098067897116e+00      -2.046781804481e-01      -2.098067897115e+00      -1.100735229789e-01 
       1.647752606189e+02      -4.007667877371e-07      -1.174137250909e+03      -1.735212415459e+03      -4.001366786916e-07      -1.599944566067e+03       3.117899126472e-07       3.117899126472e-07       3.470424830919e+03       4.163330083410e+00       5.235456556081e-07      -2.179006162254e-11      -2.081665041706e+00      -2.132558303202e-01      -2.081665041705e+00      -1.107536188789e-01 
       1.725408794066e+02      -3.660225680975e-07      -1.170869796349e+03      -1.739851049103e+03      -3.654502166209e-07      -1.603242647111e+03       2.849419167499e-07       2.849419167499e-07       3.479702098207e+03       4.173156938026e+00       4.785212793333e-07      -2.024406937104e-11      -2.086578469014e+00      -2.256984043765e-01      -2.086578469013e+00      -1.128223197090e-01 
       1.806724805324e+02      -3.419640951504e-07      -1.198664767716e+03      -1.784253546599e+03      -3.414330286233e-07      -1.643839919460e+03       2.664505149304e-07       2.664505149304e-07       3.568507093198e+03       4.280608978312e+00       4.475427726952e-07      -1.932506159113e-11      -2.140304489157e+00      -2.470720204353e-01      -2.140304489156e+00      -1.180830287622e-01 
       1.891873122127e+02      -3.175090213206e-07      -1.217512486046e+03      -1.818917844001e+03      -3.170195357631e-07      -1.675097816117e+03       2.476265271483e-07       2.476265271483e-07       3.637835688002e+03       4.363898507640e+00       4.159981703474e-07      -1.834538714463e-11      -2.181949253821e+00      -2.686000443097e-01      -2.181949253820e+00      -1.229116849472e-01 
       1.981034355469e+02      -2.701888782271e-07      -1.117213497928e+03      -1.700870734667e+03      -2.697740309709e-07      -1.563132271012e+03       2.107427625456e-07       2.107427625456e-07       3.401741469333e+03       4.072392665797e+00       3.540420173419e-07      -1.576573305994e-11      -2.036196332899e+00      -2.581592479473e-01      -2.036196332898e+00      -1.158367942036e-01 
       2.074397628281e+02      -2.633335677636e-07      -1.199418107943e+03      -1.819952031441e+03      -2.629336975725e-07      -1.673179394134e+03       2.057308383761e-07       2.057308383761e-07       3.639904062882e+03       4.362402608271e+00       3.457282523530e-07      -1.588084889921e-11      -2.181201304136e+00      -3.020080806381e-01      -2.181201304135e+00      -1.279405915993e-01 
       2.172160976582e+02      -2.356608607384e-07      -1.166227940591e+03      -1.789360080867e+03      -2.353057657537e-07      -1.643063590395e+03       1.842515709151e-07       1.842515709151e-07       3.578720161733e+03       4.285389582448e+00       3.096767003867e-07      -1.450696736590e-11      -2.142694791225e+00      -3.129288369199e-01      -2.142694791224e+00      -1.281421348237e-01 
       2.274531769542e+02      -2.186810241058e-07      -1.181298617146e+03      -1.824268119394e+03      -2.183549638542e-07      -1.673943843541e+03       1.711975909519e-07       1.711975909519e-07       3.648536238788e+03       4.368549758311e+00       2.878064409359e-07      -1.384635596780e-11      -2.184274879156e+00      -3.420276753859e-01      -2.184274879155e+00      -1.341143757609e-01 
       2.381727149336e+02      -1.995119186726e-07      -1.172977784994e+03      -1.828982654046e+03      -1.992175601791e-07      -1.676531839775e+03       1.563754244740e-07       1.563754244740e-07       3.657965308093e+03       4.377689755409e+00       2.629464588995e-07      -1.297544584958e-11      -2.188844877705e+00      -3.652629507459e-01      -2.188844877704e+00      -1.378038634154e-01 
       2.493974491737e+02      -1.728960719367e-07      -1.099031898896e+03      -1.741682579690e+03      -1.726430158912e-07      -1.593764269309e+03       1.355753394737e-07       1.355753394737e-07       3.483365159380e+03       4.162424313334e+00       2.279899249716e-07      -1.144619197635e-11      -2.081212156667e+00      -3.622637145826e-01      -2.081212156667e+00      -1.332924445629e-01 
       2.611511888409e+02      -1.670485695131e-07      -1.161842110892e+03      -1.850393174368e+03      -1.668081248276e-07      -1.692357762349e+03       1.312951613202e-07       1.312951613202e-07       3.700786348737e+03       4.424666665618e+00       2.208882914308e-07      -1.152936709419e-11      -2.212333332809e+00      -4.214762283154e-01      -2.212333332809e+00      -1.471985257651e-01 
       2.734588651927e+02      -1.516756338003e-07      -1.145230017063e+03      -1.847305634247e+03      -1.514602692891e-07      -1.687291624929e+03       1.193841329370e-07       1.193841329370e-07       3.694611268493e+03       4.414332797843e+00       2.009031985493e-07      -1.079202144220e-11      -2.207166398922e+00      -4.483600801920e-01      -2.207166398922e+00      -1.510732614130e-01 
       2.863465844609e+02      -1.388270196707e-07      -1.137835882472e+03      -1.859646642825e+03      -1.386329528575e-07      -1.696264599951e+03       1.094586201301e-07       1.094586201301e-07       3.719293285649e+03       4.441296066185e+00       1.842590020437e-07      -1.021589050175e-11      -2.220648033093e+00      -4.828739355253e-01      -2.220648033092e+00      -1.568059719747e-01 
       2.998416832259e+02      -1.217925453402e-07      -1.079566653371e+03      -1.793571839074e+03      -1.216245468965e-07      -1.633268568255e+03       9.612002384563e-08       9.612002384563e-08       3.587143678148e+03       4.278219963027e+00       1.618339109654e-07      -9.194006401097e-12      -2.139109981514e+00      -4.896420015828e-01      -2.139109981513e+00      -1.547567549846e-01 
       3.139727864015e+02      -1.178759767002e-07      -1.135431312194e+03      -1.912136537024e+03      -1.177172269838e-07      -1.738867690346e+03       9.333031266738e-08       9.333031266738e-08       3.824273074047e+03       4.561562952614e+00       1.572313185872e-07      -9.347782040674e-12      -2.280781476307e+00      -5.717448585765e-01      -2.280781476307e+00      -1.725255457550e-01 
       3.287698679520e+02      -1.092030701354e-07      -1.138005648718e+03      -1.950634085009e+03      -1.090591937343e-07      -1.770776869497e+03       8.668020401302e-08       8.668020401302e-08       3.901268170019e+03       4.650558120128e+00       1.460956095911e-07      -9.020989597708e-12      -2.325279060064e+00      -6.269328919539e-01      -2.325279060064e+00      -1.825569889370e-01 
